{
  "year": 2023,
  "n_total": 4922,
  "accuracy": 0.6162129215765949,
  "sensitivity": 0.7937743190661478,
  "precision": 0.7705382436260623,
  "r2_phase3plus": 0.5234287255339712
}