{
  "year": 2022,
  "n_total": 4154,
  "accuracy": 0.5045739046701974,
  "sensitivity": 0.547269524368761,
  "precision": 0.7367588932806324,
  "r2_phase3plus": 0.3054844215217193
}