{
  "year": 2024,
  "n_total": 4295,
  "accuracy": 0.6833527357392316,
  "sensitivity": 0.8528281164195497,
  "precision": 0.7325471698113207,
  "r2_phase3plus": 0.46463645787797414
}