source_key,path,bytes,sha256,role,decision,excluded_family_mentions
somalia_oracle_v1,results/experiments/somalia_oracle/v1/manifest.json,10511,7b5531e2077fb79a3e1abe1928cb71b64c433d13651defaef9dec75b9f35d4ac,ledger_or_check,archive:ledgers,
somalia_oracle_v1,results/experiments/somalia_oracle/v1/diagnostics/calibrated_d_vs_benchmarks.csv,8268,8248e0e6829b3c47fde896f49cf9841d5ec26d5a76ecf07c1950b7c8e2e0f2bf,ledger_or_check,archive:ledgers,
somalia_oracle_v1,results/experiments/somalia_oracle/v1/diagnostics/calibrated_d_vs_benchmarks_contrasts.csv,3926,f85e662caedbcd2e7df41106315f22aeb4a2a2c2c54ec8f7e495116dbd92a3c9,ledger_or_check,archive:ledgers,
somalia_oracle_v1,results/experiments/somalia_oracle/v1/diagnostics/calibration_threshold_metrics.csv,41837,576916aa74daf4ea07f661f7eb30a3baf026a16aea82838eb3b3662daa730da1,ledger_or_check,archive:ledgers,
somalia_oracle_v1,results/experiments/somalia_oracle/v1/diagnostics/calibration_thresholds.csv,41991,00a54ec5246861cec852f697d6db4914b1f83bc9ffae66ac86bc9d7c171c92d5,ledger_or_check,archive:ledgers,
somalia_oracle_v1,results/experiments/somalia_oracle/v1/diagnostics/discrimination_auc.csv,1183,654d933a7b4ac2ad8f45a240be2c98fa3436f7bae41edf3bc10a332f97f1c04b,ledger_or_check,archive:ledgers,
somalia_oracle_v1,results/experiments/somalia_oracle/v1/features/feature_matrix_h00.csv.gz,8457078,1b25f451f2bc43cae0c8747c843ed4567e74cf35cf98be417b8d9b37c1770939,feature_matrix,archive:features,
somalia_oracle_v1,results/experiments/somalia_oracle/v1/features/feature_matrix_h03.csv.gz,8538203,b59e5c8631077d96544bd5c67536c25a3a891d5e7d9b8b6f27c3a271c01c8419,feature_matrix,archive:features,
somalia_oracle_v1,results/experiments/somalia_oracle/v1/features/feature_matrix_h06.csv.gz,8683157,0a3e01e220411d4c37d0800eabb362f86350f4f09e539f55fb19297d82e385da,feature_matrix,archive:features,
somalia_oracle_v1,results/experiments/somalia_oracle/v1/features/feature_matrix_h12.csv.gz,6353728,cad7ecf8071be3da93f3fe5697529027e2cca46a645d940872c2236a9530a9bd,feature_matrix,archive:features,
somalia_oracle_v1,results/experiments/somalia_oracle/v1/features/feature_schema.json,374004,39e292b50e33b3dc15b56db996f89365e57a3492bc1faa9ae28efb0cef5055d5,model_recipe_member,bundle:models.tar,
somalia_oracle_v1,results/experiments/somalia_oracle/v1/fits/arm_job_status.csv,4403,c8d2969556856216a0ea558be2cc73ff1e46c8eb2f67b1e35aac4043c579141d,fit_selection_calibration,bundle:models.tar (calibration/selection members),
somalia_oracle_v1,results/experiments/somalia_oracle/v1/fits/candidate_scores.csv,26854,3d4aa13c4c4ebe6b94849c6d5ffb5652673644f26414ec756ac527184a394bb9,fit_selection_calibration,bundle:models.tar (calibration/selection members),
somalia_oracle_v1,results/experiments/somalia_oracle/v1/fits/final_fit_ledger.csv.gz,722691,84c26aa0d91aa151585b0cd1c827abb30463a7c6c9446b016aeb771bd8f81c33,fit_selection_calibration,bundle:models.tar (calibration/selection members),
somalia_oracle_v1,results/experiments/somalia_oracle/v1/fits/inner_folds.csv,14451,bdbde99e47da021cefb2a248576c5d506fd3a75185034f82ef4e6ab17f38713d,fit_selection_calibration,bundle:models.tar (calibration/selection members),
somalia_oracle_v1,results/experiments/somalia_oracle/v1/fits/validation_predictions.csv.gz,21081610,3cfe8b31a7a83c2e49de989cd16cdd793ff5b467071b48ca05aab65b280c4c10,fit_selection_calibration,bundle:models.tar (calibration/selection members),
somalia_oracle_v1,results/experiments/somalia_oracle/v1/ledgers/cohort_ledger.csv.gz,33248,851e8cdab4dda44fe1a6684f13958f96da7650a9d747528a7f7d5aacf6a3ee1e,ledger_or_check,archive:ledgers,
somalia_oracle_v1,results/experiments/somalia_oracle/v1/ledgers/coverage_summary.csv,384,0eadbba075f2e8f92caa652cd62504cbfc13bfae6b88cc2c86b9a2b279c89417,ledger_or_check,archive:ledgers,
somalia_oracle_v1,results/experiments/somalia_oracle/v1/ledgers/jobs.csv,1913,32d4c7e4904d42b95d333b8d9c632a81bf546bf6704198f36a08d936da3de7e9,ledger_or_check,archive:ledgers,
somalia_oracle_v1,results/experiments/somalia_oracle/v1/ledgers/label_ledger.csv.gz,100154,71ec24c8a52b6ca6544b1a279e905f98718142912c9cd8b38d8e4b7fed1a6e07,ledger_or_check,archive:ledgers,
somalia_oracle_v1,results/experiments/somalia_oracle/v1/ledgers/oracle_weather_ledger_h00.csv.gz,106,5f40a08c336c523919699ccec9beaaf63f45416b08e91ce2248aa5502248e6c2,ledger_or_check,archive:ledgers,
somalia_oracle_v1,results/experiments/somalia_oracle/v1/ledgers/oracle_weather_ledger_h03.csv.gz,49890,b58a867ecab4ce27e7781f10618d5317cbdcf224bfb8413ce9173c0cd319c89b,ledger_or_check,archive:ledgers,
somalia_oracle_v1,results/experiments/somalia_oracle/v1/ledgers/oracle_weather_ledger_h06.csv.gz,99159,10ca2e80abc9040e21fdd7c944fb3d2c617ae40f49772a106a9ce44ccd844102,ledger_or_check,archive:ledgers,
somalia_oracle_v1,results/experiments/somalia_oracle/v1/ledgers/oracle_weather_ledger_h12.csv.gz,97262,2845e04e80d35714ef546733a8cbe8283b9da4296f51f21b11d62c6b71eace23,ledger_or_check,archive:ledgers,
somalia_oracle_v1,results/experiments/somalia_oracle/v1/ledgers/row_provenance_h00.csv.gz,51492,891dfec52a55eae22f0c3703c68a4c3937ed4d1fcf07174c5c86c0729271ce2e,ledger_or_check,archive:ledgers,
somalia_oracle_v1,results/experiments/somalia_oracle/v1/ledgers/row_provenance_h03.csv.gz,51975,3cf63932e26b2f185912b6f38f7806df772b21621d39ef9e295e6e8ebb95b5bf,ledger_or_check,archive:ledgers,
somalia_oracle_v1,results/experiments/somalia_oracle/v1/ledgers/row_provenance_h06.csv.gz,50670,8401c37450e67eceb5bbca60885d2650e1b85d4f7d490be5ae0a8cb46638864c,ledger_or_check,archive:ledgers,
somalia_oracle_v1,results/experiments/somalia_oracle/v1/ledgers/row_provenance_h12.csv.gz,47305,21670468e040e0a9d72d383283f51a8fc25b5764408407d801778dd18ee9f8eb,ledger_or_check,archive:ledgers,
somalia_oracle_v1,results/experiments/somalia_oracle/v1/ledgers/weather_ledger.csv.gz,1522922,de314f47e39dd4d2e14a6722d5966a9123213af4131b4785322023e88a4f8a64,ledger_or_check,archive:ledgers,
somalia_oracle_v1,results/experiments/somalia_oracle/v1/metrics/bootstrap_draws.npz,6567446,504934b2a45f786df9160c135de42fd23a5ba84b5a15fe126dbe6a9eae812b37,metric_or_report,archive:metrics (values extracted by explicit field selection),
somalia_oracle_v1,results/experiments/somalia_oracle/v1/metrics/contrasts.csv,20317,8c0208b5dc9fd5d05f6d994afec8035ca003a35297fe65623b9ac44ddeddd877,metric_or_report,archive:metrics (values extracted by explicit field selection),
somalia_oracle_v1,results/experiments/somalia_oracle/v1/metrics/metrics.csv,30152,7f0eee3f83e0534a699f1148422aaf3951724b68835c45af69b8f0609f72f7a2,metric_or_report,archive:metrics (values extracted by explicit field selection),
somalia_oracle_v1,results/experiments/somalia_oracle/v1/metrics/replay_checks.csv,36795,ed7221b62935660cb339ae40fa4e237b5dd0ac063aac3857534c7c20afff47fb,metric_or_report,archive:metrics (values extracted by explicit field selection),
somalia_oracle_v1,results/experiments/somalia_oracle/v1/metrics/replayed_metrics.csv,7185,e4292296ddc19ba3c8ea51b3bc4aa2ba5b3992c1b28ef32cbe5116ccff838775,metric_or_report,archive:metrics (values extracted by explicit field selection),
somalia_oracle_v1,results/experiments/somalia_oracle/v1/models/model_inventory.csv,41642,1fe2a175cad2aeb5436ac329f3f97cf94c346579becdf85ca783d2335e5a62c3,model_recipe_member,bundle:models.tar,
somalia_oracle_v1,results/experiments/somalia_oracle/v1/models/y2025_h00_o2025-04_A_q2.ubj,406677,bfa42e4a1f8ec12abd3b23891e30271762f764396c6c669b49114a1cff4716df,booster,bundle:models.tar,
somalia_oracle_v1,results/experiments/somalia_oracle/v1/models/y2025_h00_o2025-04_A_q3.ubj,211117,d225547a03358384b22e66f1768181754fae68f2d90f974222c50d78c235c34c,booster,bundle:models.tar,
somalia_oracle_v1,results/experiments/somalia_oracle/v1/models/y2025_h00_o2025-04_A_q4.ubj,415109,fd47bd8477434e7a85abb0a9042d1d85232318a776c23819c74c72ead5aa909b,booster,bundle:models.tar,
somalia_oracle_v1,results/experiments/somalia_oracle/v1/models/y2025_h00_o2025-04_A_q5.ubj,350713,7f2bffb493fb1f3911a08357c96bb198da2abcdf192c63625fe2a838fcb40d73,booster,bundle:models.tar,
somalia_oracle_v1,results/experiments/somalia_oracle/v1/models/y2025_h00_o2025-04_B_q2.ubj,1627392,e094b90676574013b81aca268476079f382fc29906f26a18a20e3a1f7a60af66,booster,bundle:models.tar,
somalia_oracle_v1,results/experiments/somalia_oracle/v1/models/y2025_h00_o2025-04_B_q3.ubj,436583,1fe065b2b126b5255aec2ef152aa0f79b62887e1029d1173ebf1864d09536308,booster,bundle:models.tar,
somalia_oracle_v1,results/experiments/somalia_oracle/v1/models/y2025_h00_o2025-04_B_q4.ubj,1682682,95f78cb818ad8a7a30feb1af73cfccc2ec30eda181eb43d28385af049b3eb600,booster,bundle:models.tar,
somalia_oracle_v1,results/experiments/somalia_oracle/v1/models/y2025_h00_o2025-04_B_q5.ubj,1229353,1427939fbc34e7a5883bc3ce2dae923deb03307f43d1e50273afd65db22db084,booster,bundle:models.tar,
somalia_oracle_v1,results/experiments/somalia_oracle/v1/models/y2025_h00_o2025-04_D_q2.ubj,698802,2eed3ee9ad2d649637b1df393876c2834fe8ec66bb5dd632a22bb486570984f9,booster,bundle:models.tar,
somalia_oracle_v1,results/experiments/somalia_oracle/v1/models/y2025_h00_o2025-04_D_q3.ubj,195317,23de0944efdbc004cc5007ac2e50e74efdc978730f077b443dae7ed1b5d504e4,booster,bundle:models.tar,
somalia_oracle_v1,results/experiments/somalia_oracle/v1/models/y2025_h00_o2025-04_D_q4.ubj,662754,34d05d899d4a6cb9197258d241bb10f3482793add7efee69c865cb5916e969b6,booster,bundle:models.tar,
somalia_oracle_v1,results/experiments/somalia_oracle/v1/models/y2025_h00_o2025-04_D_q5.ubj,371453,a26ded35aa2a10fef9e2bb5a07bb34a8959affe65a8dfa139605dc7099b9dc67,booster,bundle:models.tar,
somalia_oracle_v1,results/experiments/somalia_oracle/v1/models/y2025_h00_o2025-07_A_q2.ubj,397769,325adee1bdad4b9334fc7488614bbb090a430bf5d27c59e3a4da5ea44d97ba5e,booster,bundle:models.tar,
somalia_oracle_v1,results/experiments/somalia_oracle/v1/models/y2025_h00_o2025-07_A_q3.ubj,203020,2dc2d68c072aeacc130597b7b52d81446afa0c265b721c3e0118f1238ef21c2f,booster,bundle:models.tar,
somalia_oracle_v1,results/experiments/somalia_oracle/v1/models/y2025_h00_o2025-07_A_q4.ubj,409669,74fc958a03a1c0d086760e1b7cb86804f38057be4bc25770b4daebec99bfc8c3,booster,bundle:models.tar,
somalia_oracle_v1,results/experiments/somalia_oracle/v1/models/y2025_h00_o2025-07_A_q5.ubj,354385,d586fde700ac25032f9a3b62cc3300f626257dd0809fc176a11663efc920991c,booster,bundle:models.tar,
somalia_oracle_v1,results/experiments/somalia_oracle/v1/models/y2025_h00_o2025-07_B_q2.ubj,1621067,f1fe603cb476a39d59f7a245f4caa318c4d5a1ff9c781e5f9852fe75a3326eec,booster,bundle:models.tar,
somalia_oracle_v1,results/experiments/somalia_oracle/v1/models/y2025_h00_o2025-07_B_q3.ubj,425905,6dc22a872f3ab90c3484679ab3075cdb0069e46cf510a8065c4427a445f380a4,booster,bundle:models.tar,
somalia_oracle_v1,results/experiments/somalia_oracle/v1/models/y2025_h00_o2025-07_B_q4.ubj,1604949,dc5c68c7aae0cca408a51e5ca5832e81b882f3c00c4e6b2d18480230ca6c183b,booster,bundle:models.tar,
somalia_oracle_v1,results/experiments/somalia_oracle/v1/models/y2025_h00_o2025-07_B_q5.ubj,1201543,a4a1d3568affbc7e71cc0d8fb9425acd579d339d430ed9d281b786160e62f2dd,booster,bundle:models.tar,
somalia_oracle_v1,results/experiments/somalia_oracle/v1/models/y2025_h00_o2025-07_D_q2.ubj,661192,821bb208136d2acf1ccff5a975a2902d83088ddad5d3c0c319b0e2bbb4f3597c,booster,bundle:models.tar,
somalia_oracle_v1,results/experiments/somalia_oracle/v1/models/y2025_h00_o2025-07_D_q3.ubj,190695,f380944e073cf345acc6b708668ce7c55d95c659acaec37f80ff4baf61181f23,booster,bundle:models.tar,
somalia_oracle_v1,results/experiments/somalia_oracle/v1/models/y2025_h00_o2025-07_D_q4.ubj,643431,afa337b3f72b2e64dda8247b3b884e3cb994cd9095551ae4e88e5c9799c99343,booster,bundle:models.tar,
somalia_oracle_v1,results/experiments/somalia_oracle/v1/models/y2025_h00_o2025-07_D_q5.ubj,369005,0d4298e1c75369b5ff00d4e7cb4faeda47b0f726702313fe0261e7d2f5499744,booster,bundle:models.tar,
somalia_oracle_v1,results/experiments/somalia_oracle/v1/models/y2025_h00_o2025-09_A_q2.ubj,394981,e3333f8a29fe7f0009b124fa1541f63b00e7e307743171fffd97871ed60d6f5a,booster,bundle:models.tar,
somalia_oracle_v1,results/experiments/somalia_oracle/v1/models/y2025_h00_o2025-09_A_q3.ubj,197167,aa78397372af0230e3c7b82766d67d8175b8cbea53f305120847a3dd1e0c293d,booster,bundle:models.tar,
somalia_oracle_v1,results/experiments/somalia_oracle/v1/models/y2025_h00_o2025-09_A_q4.ubj,414021,ea044298737d365aa92fecc14451844e9f416628b7d4d3de305288242a7f611a,booster,bundle:models.tar,
somalia_oracle_v1,results/experiments/somalia_oracle/v1/models/y2025_h00_o2025-09_A_q5.ubj,343505,db9395971ca8441e3184226fb3d561839171937a6f9a90b72b9b68a360e29842,booster,bundle:models.tar,
somalia_oracle_v1,results/experiments/somalia_oracle/v1/models/y2025_h00_o2025-09_B_q2.ubj,1583186,8e7f0508b89e2fce865b6229c09f4b75210a2fc10df4590e433bae5b72599f13,booster,bundle:models.tar,
somalia_oracle_v1,results/experiments/somalia_oracle/v1/models/y2025_h00_o2025-09_B_q3.ubj,418965,c188c7324802ec06dbf76448bb89b5fba06302f662751acd0942aa028ec60d8b,booster,bundle:models.tar,
somalia_oracle_v1,results/experiments/somalia_oracle/v1/models/y2025_h00_o2025-09_B_q4.ubj,1576438,6f8405fc90f8058dace104c7001e419cc777338bf32763035243ab9588914d25,booster,bundle:models.tar,
somalia_oracle_v1,results/experiments/somalia_oracle/v1/models/y2025_h00_o2025-09_B_q5.ubj,1200589,b2d90f9cc321eb541c84485ad951bd004872ea8964ffee04c764d8b2b716ea13,booster,bundle:models.tar,
somalia_oracle_v1,results/experiments/somalia_oracle/v1/models/y2025_h00_o2025-09_D_q2.ubj,671863,d8ae766ee915d8c1bb48a0df2bf8582f746376a96f9a982e4717cdc699b106d4,booster,bundle:models.tar,
somalia_oracle_v1,results/experiments/somalia_oracle/v1/models/y2025_h00_o2025-09_D_q3.ubj,186405,83e691889b068d5f9b834713f91b2214d7ebec20913a7f9faff71a7bb97a81c1,booster,bundle:models.tar,
somalia_oracle_v1,results/experiments/somalia_oracle/v1/models/y2025_h00_o2025-09_D_q4.ubj,648195,904b2d1faef51c7526ab333bdc96e21ed2631232333a988cecab416132780c33,booster,bundle:models.tar,
somalia_oracle_v1,results/experiments/somalia_oracle/v1/models/y2025_h00_o2025-09_D_q5.ubj,364245,0b2953cf9a3f1d0bebebce379a45a9be09b3cb48d90c6e4f33299aee5a676eb7,booster,bundle:models.tar,
somalia_oracle_v1,results/experiments/somalia_oracle/v1/models/y2025_h00_o2025-10_A_q2.ubj,389881,88a961c5c77812a9bf9845b3509317d5556adfff8575c056ed18e5751fd3b994,booster,bundle:models.tar,
somalia_oracle_v1,results/experiments/somalia_oracle/v1/models/y2025_h00_o2025-10_A_q3.ubj,195259,34aad52dd0e509589e65f1f12d18eeb4b09e1b5a043058239cd6341f74b70ad6,booster,bundle:models.tar,
somalia_oracle_v1,results/experiments/somalia_oracle/v1/models/y2025_h00_o2025-10_A_q4.ubj,406813,1087c4a12413778d55eb39dde1a39bf76ad4b7668e7dbfa4dc12b6e12024fd56,booster,bundle:models.tar,
somalia_oracle_v1,results/experiments/somalia_oracle/v1/models/y2025_h00_o2025-10_A_q5.ubj,342757,effbe329198c199aa53add32cacdcecab0acf4f2a91bfb3642187bd4dabeab14,booster,bundle:models.tar,
somalia_oracle_v1,results/experiments/somalia_oracle/v1/models/y2025_h00_o2025-10_B_q2.ubj,1566789,913d2510af6960655f7f076ef82ebdef17c3160e51dde36803124db6600ec8d7,booster,bundle:models.tar,
somalia_oracle_v1,results/experiments/somalia_oracle/v1/models/y2025_h00_o2025-10_B_q3.ubj,415496,5dabf310623f32f4c5145c4dd64acac909d5006efd699d0fe7b03f4e36eddd40,booster,bundle:models.tar,
somalia_oracle_v1,results/experiments/somalia_oracle/v1/models/y2025_h00_o2025-10_B_q4.ubj,1566580,cea5786bacf38b479fba7d7ed6f58745f542b72fc9b581acdee200764d0e2fb5,booster,bundle:models.tar,
somalia_oracle_v1,results/experiments/somalia_oracle/v1/models/y2025_h00_o2025-10_B_q5.ubj,1196237,989cc88ba8752509bbfc33953205a4c5fb0c456de98665e305a49f0c9fbc0e77,booster,bundle:models.tar,
somalia_oracle_v1,results/experiments/somalia_oracle/v1/models/y2025_h00_o2025-10_D_q2.ubj,653638,251430c433b212f68b4ef96276ed11459f0532bf34479b00197861bd721b2b14,booster,bundle:models.tar,
somalia_oracle_v1,results/experiments/somalia_oracle/v1/models/y2025_h00_o2025-10_D_q3.ubj,185043,00d247a23ee6ab6cdccbb1d42ff34969812e4be219ab1621e0c61d348e00d29a,booster,bundle:models.tar,
somalia_oracle_v1,results/experiments/somalia_oracle/v1/models/y2025_h00_o2025-10_D_q4.ubj,611745,8d20aa91127e9e1f76acb2f5bc18ed602e79bb2f58b4d21429fb76d41e35a08c,booster,bundle:models.tar,
somalia_oracle_v1,results/experiments/somalia_oracle/v1/models/y2025_h00_o2025-10_D_q5.ubj,362613,1948d8f54ac9d0395d1f1b50b033bff588f8fdcb3c783967e2f198436d3135c9,booster,bundle:models.tar,
somalia_oracle_v1,results/experiments/somalia_oracle/v1/models/y2025_h03_o2025-01_A_q2.ubj,701914,54107726d564d316e89bbacb3d6070b856062075fe32c216a2fa02f386a84482,booster,bundle:models.tar,
somalia_oracle_v1,results/experiments/somalia_oracle/v1/models/y2025_h03_o2025-01_A_q3.ubj,215256,c628177f7f89d9902af7ea23751579cde81f2c7f5d35928afa51689f30cd3149,booster,bundle:models.tar,
somalia_oracle_v1,results/experiments/somalia_oracle/v1/models/y2025_h03_o2025-01_A_q4.ubj,729065,75d2848b93f44b04d0aac27a8056b75e216c4bdd14c565c74bd66e8c4e364a05,booster,bundle:models.tar,
somalia_oracle_v1,results/experiments/somalia_oracle/v1/models/y2025_h03_o2025-01_A_q5.ubj,513097,808b7575f34de6677b1c6a87d2f86c16fe19d2414e31149e099b0f85e3918475,booster,bundle:models.tar,
somalia_oracle_v1,results/experiments/somalia_oracle/v1/models/y2025_h03_o2025-01_B_q2.ubj,224146,f88e868b8995c8ee4cfaa5d7cf6d94c1993bc9ad457eae500b9bfc3f0850b523,booster,bundle:models.tar,
somalia_oracle_v1,results/experiments/somalia_oracle/v1/models/y2025_h03_o2025-01_B_q3.ubj,196456,224e768e80246122e7260ff0a43628328e31f8a3e623a7b50963c45b01fad6a0,booster,bundle:models.tar,
somalia_oracle_v1,results/experiments/somalia_oracle/v1/models/y2025_h03_o2025-01_B_q4.ubj,225919,1f8b6969e38db48d8967af53d27ce8c1cb4fc09147a1c139039f865f4100ff99,booster,bundle:models.tar,
somalia_oracle_v1,results/experiments/somalia_oracle/v1/models/y2025_h03_o2025-01_B_q5.ubj,217816,e0aefea77c5a2ec101649215c6bd698c4fc7003e916120015ef6f4339c87ed16,booster,bundle:models.tar,
somalia_oracle_v1,results/experiments/somalia_oracle/v1/models/y2025_h03_o2025-01_C_q2.ubj,394029,2c5d4eb6010297e98ca39d911958d5ce3d2cc54ca5f3f9c801004742a43f575e,booster,bundle:models.tar,
somalia_oracle_v1,results/experiments/somalia_oracle/v1/models/y2025_h03_o2025-01_C_q3.ubj,209226,3bc5664358ba0d83d51fb011943db45628e5e6d4477c877019018efbcdcf0448,booster,bundle:models.tar,
somalia_oracle_v1,results/experiments/somalia_oracle/v1/models/y2025_h03_o2025-01_C_q4.ubj,410893,cb461516285bc47b6bf8ceaef64398568828d09114bd09126752c1dc334e47df,booster,bundle:models.tar,
somalia_oracle_v1,results/experiments/somalia_oracle/v1/models/y2025_h03_o2025-01_C_q5.ubj,331469,97169606b861b42e9bee9274e40aade6c0edee719adb5160326b048c41d8230b,booster,bundle:models.tar,
somalia_oracle_v1,results/experiments/somalia_oracle/v1/models/y2025_h03_o2025-01_D_q2.ubj,2302643,91320fb750b79a11e219a048ca8d414888ef0a25c5831f0cf63ecfce375677cd,booster,bundle:models.tar,
somalia_oracle_v1,results/experiments/somalia_oracle/v1/models/y2025_h03_o2025-01_D_q3.ubj,174350,1d54f928642e5331ba49ba83786fc7216f70ef0af7fbb6b7d72f74838fe5fd52,booster,bundle:models.tar,
somalia_oracle_v1,results/experiments/somalia_oracle/v1/models/y2025_h03_o2025-01_D_q4.ubj,1928458,13b443ff7a260d0fdfab8ee5a963d5ae8d7aa31407300fff25717d1ecbf7cb87,booster,bundle:models.tar,
somalia_oracle_v1,results/experiments/somalia_oracle/v1/models/y2025_h03_o2025-01_D_q5.ubj,490219,15fb4db0087254f647cb629bdd5e60a8d725cbc72d2563d7d1daa8e2017afafa,booster,bundle:models.tar,
somalia_oracle_v1,results/experiments/somalia_oracle/v1/models/y2025_h03_o2025-04_A_q2.ubj,695722,2db536e365b7e8d10310b7eeb4b0921f877cd4da70788a70a36766ca865f9c08,booster,bundle:models.tar,
somalia_oracle_v1,results/experiments/somalia_oracle/v1/models/y2025_h03_o2025-04_A_q3.ubj,206347,f045d4b555663ffc298607fbdb70c0c71807fc4c791bfcfe72e4a233bece4134,booster,bundle:models.tar,
somalia_oracle_v1,results/experiments/somalia_oracle/v1/models/y2025_h03_o2025-04_A_q4.ubj,719059,f8759bc52fef37bc478b76a4775e21ec1bd6ba6f7b1b9abd2d9c29dcecd13fe4,booster,bundle:models.tar,
somalia_oracle_v1,results/experiments/somalia_oracle/v1/models/y2025_h03_o2025-04_A_q5.ubj,494193,7a008f136e5f70800940d91f1eb6351416a459643091f7825fa05bace82b6be8,booster,bundle:models.tar,
somalia_oracle_v1,results/experiments/somalia_oracle/v1/models/y2025_h03_o2025-04_B_q2.ubj,223669,80ce315b0b03bd32d3edbde1d2b8f1ff42996db2e05a276400992d6f91310bd4,booster,bundle:models.tar,
somalia_oracle_v1,results/experiments/somalia_oracle/v1/models/y2025_h03_o2025-04_B_q3.ubj,189163,16eb735831b12d39dbf9c07a8d585e9e5902c21084bdefdc88d7e3b4fa078859,booster,bundle:models.tar,
somalia_oracle_v1,results/experiments/somalia_oracle/v1/models/y2025_h03_o2025-04_B_q4.ubj,227353,5ea78b58fe6f0bc8c705a6fb7b07906e135be0b60a0e502479d949101fd2f76e,booster,bundle:models.tar,
somalia_oracle_v1,results/experiments/somalia_oracle/v1/models/y2025_h03_o2025-04_B_q5.ubj,217750,5239f21d9e52dfcbf768360894e6cc6cf1879df2146e793c51fb8d4faf11ecaf,booster,bundle:models.tar,
somalia_oracle_v1,results/experiments/somalia_oracle/v1/models/y2025_h03_o2025-04_C_q2.ubj,388045,6235f77d2ef0db473c222c8e0206fbacff8e8f01cf5e9d9f8810eca8af72bd47,booster,bundle:models.tar,
somalia_oracle_v1,results/experiments/somalia_oracle/v1/models/y2025_h03_o2025-04_C_q3.ubj,200103,475312fba00334a7ac5f51930b445970f2099e01a72abf6bb895449259398f2c,booster,bundle:models.tar,
somalia_oracle_v1,results/experiments/somalia_oracle/v1/models/y2025_h03_o2025-04_C_q4.ubj,403141,230d04e9f06e32ee3bb683eb691124659a4c89bee5705d7b986e823d712e2c2c,booster,bundle:models.tar,
somalia_oracle_v1,results/experiments/somalia_oracle/v1/models/y2025_h03_o2025-04_C_q5.ubj,325009,865cf1254f4c67c3d4e44cb393d875cf17bf4b631b4dab968b80817d1cf6e489,booster,bundle:models.tar,
somalia_oracle_v1,results/experiments/somalia_oracle/v1/models/y2025_h03_o2025-04_D_q2.ubj,2217916,a7c8ef299c1131a4e188a9d848fdb839797cb4d6e460907cf7025484fc364215,booster,bundle:models.tar,
somalia_oracle_v1,results/experiments/somalia_oracle/v1/models/y2025_h03_o2025-04_D_q3.ubj,170336,b35108ec271037e9e3d3d5c8099a058ba23456db12ca5b496be25dfcf257fe36,booster,bundle:models.tar,
somalia_oracle_v1,results/experiments/somalia_oracle/v1/models/y2025_h03_o2025-04_D_q4.ubj,1907552,a9fdeb1ad8f353ab32c23f61475f876c7b7fd58099d9c50171671961b36ad0ad,booster,bundle:models.tar,
somalia_oracle_v1,results/experiments/somalia_oracle/v1/models/y2025_h03_o2025-04_D_q5.ubj,489199,9f5fa7760ea2edca5020dc87dc2a1f384f9b57caafb81d140db035e7e2eab97c,booster,bundle:models.tar,
somalia_oracle_v1,results/experiments/somalia_oracle/v1/models/y2025_h03_o2025-06_A_q2.ubj,658044,38ccb279744b0fc9e9a1687e3d4bcdddb957011ceafc999464bb1d769a7ebbfa,booster,bundle:models.tar,
somalia_oracle_v1,results/experiments/somalia_oracle/v1/models/y2025_h03_o2025-06_A_q3.ubj,201036,b525132f89397513676758178eee0bdca7b4d930f45dd8a543344b9552897ef1,booster,bundle:models.tar,
somalia_oracle_v1,results/experiments/somalia_oracle/v1/models/y2025_h03_o2025-06_A_q4.ubj,708991,cf5d4c774ee9ece958daac680dd91a6ef5c14fbb71d5cfcb2c0e5ff6845a0aa3,booster,bundle:models.tar,
somalia_oracle_v1,results/experiments/somalia_oracle/v1/models/y2025_h03_o2025-06_A_q5.ubj,470937,148aac5a2497a46d50fcaa034d5f75690176e811f58eb879489aa0cabb754196,booster,bundle:models.tar,
somalia_oracle_v1,results/experiments/somalia_oracle/v1/models/y2025_h03_o2025-06_B_q2.ubj,222917,a4a0797c8426a8001a84b604767baa05f4ecad231f30dec4bc4325e360238faf,booster,bundle:models.tar,
somalia_oracle_v1,results/experiments/somalia_oracle/v1/models/y2025_h03_o2025-06_B_q3.ubj,184594,67af99ed29a75f8193d2b95408e25c25f3068243ff190e08844262eda2a8e1e1,booster,bundle:models.tar,
somalia_oracle_v1,results/experiments/somalia_oracle/v1/models/y2025_h03_o2025-06_B_q4.ubj,224763,7326400d752c26824d8cf6c767a29ae2eb871ec9063f70612be4315604391707,booster,bundle:models.tar,
somalia_oracle_v1,results/experiments/somalia_oracle/v1/models/y2025_h03_o2025-06_B_q5.ubj,216518,7e7f7553d3fa6d7105fcab85c711f62f95b92be70feea685d5aa73b7bfe81c1d,booster,bundle:models.tar,
somalia_oracle_v1,results/experiments/somalia_oracle/v1/models/y2025_h03_o2025-06_C_q2.ubj,386481,a94cef9112b99ef6c35d7d323fa34ed7a83c3fec04774ccae7fb8c9cd898461e,booster,bundle:models.tar,
somalia_oracle_v1,results/experiments/somalia_oracle/v1/models/y2025_h03_o2025-06_C_q3.ubj,196629,d50384138968dd51fa598c31eb1015b55260ff0240568c4ee394ae3be6646f4e,booster,bundle:models.tar,
somalia_oracle_v1,results/experiments/somalia_oracle/v1/models/y2025_h03_o2025-06_C_q4.ubj,402597,11ac4f8fc3ea95bdd928fec21a609199eaeade8e1166d76b369c083f7540765a,booster,bundle:models.tar,
somalia_oracle_v1,results/experiments/somalia_oracle/v1/models/y2025_h03_o2025-06_C_q5.ubj,325553,766e9f97f9a97e95d650ec7a13dab0a1c1320cbfefd69276cf45623549f02e1d,booster,bundle:models.tar,
somalia_oracle_v1,results/experiments/somalia_oracle/v1/models/y2025_h03_o2025-06_D_q2.ubj,2377989,14ed256ebe64e4c8a8f58375ca7811cf86e4b679c1be1e176d4bd2f62511a446,booster,bundle:models.tar,
somalia_oracle_v1,results/experiments/somalia_oracle/v1/models/y2025_h03_o2025-06_D_q3.ubj,168566,805dbd54f93c1e8c6b27a3bff4630203ada99a0793567aad07b8839d152e6494,booster,bundle:models.tar,
somalia_oracle_v1,results/experiments/somalia_oracle/v1/models/y2025_h03_o2025-06_D_q4.ubj,1917430,d1462e77652166012de177cac51d5de6843bc99d98f578bcc253b59bd8dd4a0f,booster,bundle:models.tar,
somalia_oracle_v1,results/experiments/somalia_oracle/v1/models/y2025_h03_o2025-06_D_q5.ubj,489405,6ff18c836478aa7c1a634dc55dd2f25f0bef17e7ec85e40265b7dc481246039b,booster,bundle:models.tar,
somalia_oracle_v1,results/experiments/somalia_oracle/v1/models/y2025_h03_o2025-07_A_q2.ubj,656546,75121fea219fd84ada2b3a47c688bc96931435a7f6f7e40ddaa783f0536b7d60,booster,bundle:models.tar,
somalia_oracle_v1,results/experiments/somalia_oracle/v1/models/y2025_h03_o2025-07_A_q3.ubj,198045,c62c2e978fe7c7896fc86b74e46148a01f3d7775ffb88a0a34c6ffaa0ac7528e,booster,bundle:models.tar,
somalia_oracle_v1,results/experiments/somalia_oracle/v1/models/y2025_h03_o2025-07_A_q4.ubj,696474,9b8ccb38c497b9b6b6512a306006d05a869ae71254ad55870e1277bfa1f06792,booster,bundle:models.tar,
somalia_oracle_v1,results/experiments/somalia_oracle/v1/models/y2025_h03_o2025-07_A_q5.ubj,468217,d36b07a885c0dd65a47458c04420a3d5a954c549e0d94b7d2b1b7b036429ba12,booster,bundle:models.tar,
somalia_oracle_v1,results/experiments/somalia_oracle/v1/models/y2025_h03_o2025-07_B_q2.ubj,222578,8348b3332c6f348bac4985a8b9189b7c7a6c3dcfef55fdfdb3309eb151aa1e5e,booster,bundle:models.tar,
somalia_oracle_v1,results/experiments/somalia_oracle/v1/models/y2025_h03_o2025-07_B_q3.ubj,183029,5d8d1c53dc5da5a61e3d4a5c4915ea6f233ef8c7cefd9df38e73d0c0a71ce2e8,booster,bundle:models.tar,
somalia_oracle_v1,results/experiments/somalia_oracle/v1/models/y2025_h03_o2025-07_B_q4.ubj,226809,83e5108ef2dbc9f473d88aa497b93c1a504fdd56984e0b857e029529298e9292,booster,bundle:models.tar,
somalia_oracle_v1,results/experiments/somalia_oracle/v1/models/y2025_h03_o2025-07_B_q5.ubj,215014,47dfdd8d942ed5a92c09b33acafba2bff6041ea1376068bec8d04adf8bf08a68,booster,bundle:models.tar,
somalia_oracle_v1,results/experiments/somalia_oracle/v1/models/y2025_h03_o2025-07_C_q2.ubj,386073,8152374b8b1956087515c65b7965795fa2e2975bd1ebeed0c861e1b0019f69a7,booster,bundle:models.tar,
somalia_oracle_v1,results/experiments/somalia_oracle/v1/models/y2025_h03_o2025-07_C_q3.ubj,194657,a4695b80f9540516423678550e01ca0977c571f206a97eb21a4365e839e6331d,booster,bundle:models.tar,
somalia_oracle_v1,results/experiments/somalia_oracle/v1/models/y2025_h03_o2025-07_C_q4.ubj,400285,c2f07a887c72df924ad4d40fc0c3f982a7cb269ab516da2f7dd4c3c50aff3027,booster,bundle:models.tar,
somalia_oracle_v1,results/experiments/somalia_oracle/v1/models/y2025_h03_o2025-07_C_q5.ubj,327185,48807b55d86c109345bb7a5f56016ec0812b614227fc7d2c00d42486b2addee7,booster,bundle:models.tar,
somalia_oracle_v1,results/experiments/somalia_oracle/v1/models/y2025_h03_o2025-07_D_q2.ubj,2348067,3ae7c6efbaa06f95d036f241e1bc154ceb26b72124f641caecaccdeb5a8905ee,booster,bundle:models.tar,
somalia_oracle_v1,results/experiments/somalia_oracle/v1/models/y2025_h03_o2025-07_D_q3.ubj,167954,6bf01bb505f27dafb66025c9b933d56f386d6452587f49b696a2286acf64b990,booster,bundle:models.tar,
somalia_oracle_v1,results/experiments/somalia_oracle/v1/models/y2025_h03_o2025-07_D_q4.ubj,1898813,96d0a2818d42d044d4d8212b24a9465da94c4f36d88dbdea69590601344c4360,booster,bundle:models.tar,
somalia_oracle_v1,results/experiments/somalia_oracle/v1/models/y2025_h03_o2025-07_D_q5.ubj,491173,d95801aff4964eccff3872c2b6fa5d012d9fea1f58c2ab75a16e6614f70cc210,booster,bundle:models.tar,
somalia_oracle_v1,results/experiments/somalia_oracle/v1/models/y2025_h06_o2024-10_A_q2.ubj,721372,28eb30546578a63976650732f5b081393368d613fd9c6da7c9ebc874804af43e,booster,bundle:models.tar,
somalia_oracle_v1,results/experiments/somalia_oracle/v1/models/y2025_h06_o2024-10_A_q3.ubj,230832,437037ae9849265ffc1c112da0081029a2c62c56bae1534fd63578ad4ad8a5d6,booster,bundle:models.tar,
somalia_oracle_v1,results/experiments/somalia_oracle/v1/models/y2025_h06_o2024-10_A_q4.ubj,779669,7eca9959b0b5b44eff3f06a44262d6d9bd5471271ef51866f97d5f39f2449dcb,booster,bundle:models.tar,
somalia_oracle_v1,results/experiments/somalia_oracle/v1/models/y2025_h06_o2024-10_A_q5.ubj,451965,71f6532a083ee2cf149f8b953de1a9bf4de49e73dcd377f9b90f54b37482965c,booster,bundle:models.tar,
somalia_oracle_v1,results/experiments/somalia_oracle/v1/models/y2025_h06_o2024-10_B_q2.ubj,1681204,53068dfecf6d26ccb01851f3244cf67f912ed4118c44d97528f5cf66ea0e74fd,booster,bundle:models.tar,
somalia_oracle_v1,results/experiments/somalia_oracle/v1/models/y2025_h06_o2024-10_B_q3.ubj,452371,9d7d72d9cdbee8d19d5dae77be8d6544893a70428330a4f4603fe585570a08d0,booster,bundle:models.tar,
somalia_oracle_v1,results/experiments/somalia_oracle/v1/models/y2025_h06_o2024-10_B_q4.ubj,1632684,30f4ca959b1c8bbb7d7901ed7ceac84073bfb56977e56f730cf2ea1d162f78ee,booster,bundle:models.tar,
somalia_oracle_v1,results/experiments/somalia_oracle/v1/models/y2025_h06_o2024-10_B_q5.ubj,994685,8eb8bbb944f8e3ea8345688dd38edc96b908b171a9905a2ae4ef81d99be6e590,booster,bundle:models.tar,
somalia_oracle_v1,results/experiments/somalia_oracle/v1/models/y2025_h06_o2024-10_C_q2.ubj,1672017,cb1927cbe58f63537fae75dbe4a8d3822787777393d92cccd96814d1c36cef41,booster,bundle:models.tar,
somalia_oracle_v1,results/experiments/somalia_oracle/v1/models/y2025_h06_o2024-10_C_q3.ubj,452168,e48f00a912d0d9ac6a57852a2a34168edc981fe51f5ba542d730e96baa4ccbb4,booster,bundle:models.tar,
somalia_oracle_v1,results/experiments/somalia_oracle/v1/models/y2025_h06_o2024-10_C_q4.ubj,1693912,9140826642b5da002944d646cd81a1595377824b6e38a454973d69aa2a8a5432,booster,bundle:models.tar,
somalia_oracle_v1,results/experiments/somalia_oracle/v1/models/y2025_h06_o2024-10_C_q5.ubj,1017669,485717ab2c108d7672d4f7d5400f1900df9cf92e36e7651c578fd2111f8427e9,booster,bundle:models.tar,
somalia_oracle_v1,results/experiments/somalia_oracle/v1/models/y2025_h06_o2024-10_D_q2.ubj,698862,74216d4bf842da1f8686fa0acdb0cb1f3653b556039f46998e50233c5ff4ed2a,booster,bundle:models.tar,
somalia_oracle_v1,results/experiments/somalia_oracle/v1/models/y2025_h06_o2024-10_D_q3.ubj,222671,f6976c71aeb13bd66d6ba55b2e894626a63c94914651f513fbe17789483edee0,booster,bundle:models.tar,
somalia_oracle_v1,results/experiments/somalia_oracle/v1/models/y2025_h06_o2024-10_D_q4.ubj,727287,feea98f6d2ecf884f3b57c4494200e884e5bd02aca6c69425f1411f87a58e864,booster,bundle:models.tar,
somalia_oracle_v1,results/experiments/somalia_oracle/v1/models/y2025_h06_o2024-10_D_q5.ubj,423878,86a903e7727e97374c1ff3a3a9668d2816f9802ad5adc5be4d6dbeeb0691a275,booster,bundle:models.tar,
somalia_oracle_v1,results/experiments/somalia_oracle/v1/models/y2025_h06_o2025-01_A_q2.ubj,726956,6308f0ed06fad537da0c30e5a941c9bde5a029ae0b93e093f82cf81978703b47,booster,bundle:models.tar,
somalia_oracle_v1,results/experiments/somalia_oracle/v1/models/y2025_h06_o2025-01_A_q3.ubj,221990,3aafdca66174175fe3ddd1cb88d12b030e982a98937055b67923c4b344c06d52,booster,bundle:models.tar,
somalia_oracle_v1,results/experiments/somalia_oracle/v1/models/y2025_h06_o2025-01_A_q4.ubj,780078,971a2485f251fcb12f2f3147184df702284fd4eb63ec02b431408c84b831b542,booster,bundle:models.tar,
somalia_oracle_v1,results/experiments/somalia_oracle/v1/models/y2025_h06_o2025-01_A_q5.ubj,440473,545696430efdabaa4bfde62fee229f23f5bf9eb369f919c60a12f01824d19267,booster,bundle:models.tar,
somalia_oracle_v1,results/experiments/somalia_oracle/v1/models/y2025_h06_o2025-01_B_q2.ubj,1608973,3435a52a33cb7c67ca15ee21c65ba2e5813ef36a080dbdcb5eab9f004814d1b5,booster,bundle:models.tar,
somalia_oracle_v1,results/experiments/somalia_oracle/v1/models/y2025_h06_o2025-01_B_q3.ubj,440396,d3282658751e2666387262698142adedf0c71b125f87e7bc710b77a6469c0286,booster,bundle:models.tar,
somalia_oracle_v1,results/experiments/somalia_oracle/v1/models/y2025_h06_o2025-01_B_q4.ubj,1644390,9eceec9c8e9c8654562fd63396e12fcddefa0dd88c15b0fd760d1e3658c77fa8,booster,bundle:models.tar,
somalia_oracle_v1,results/experiments/somalia_oracle/v1/models/y2025_h06_o2025-01_B_q5.ubj,988225,5786f17446e355925c9d1438b9df2e1dab06a6e2d74088d1a2448679feb4cde9,booster,bundle:models.tar,
somalia_oracle_v1,results/experiments/somalia_oracle/v1/models/y2025_h06_o2025-01_C_q2.ubj,1656373,cf979fdfb44f851d1b80c1ce3a37cca5b5d38f6d1dc2973049ea387d75dd6de0,booster,bundle:models.tar,
somalia_oracle_v1,results/experiments/somalia_oracle/v1/models/y2025_h06_o2025-01_C_q3.ubj,440743,7d6ade3572b2bf986d1c0f7b47a09ca10c9b191ec88ff03a52d72452908ee08b,booster,bundle:models.tar,
somalia_oracle_v1,results/experiments/somalia_oracle/v1/models/y2025_h06_o2025-01_C_q4.ubj,1658401,2f3579370e5663d403e136acb8d53155635c726a164e67fd18f25eaa6cca488f,booster,bundle:models.tar,
somalia_oracle_v1,results/experiments/somalia_oracle/v1/models/y2025_h06_o2025-01_C_q5.ubj,1014269,877745f95a9d13c5016ad340a8a8d0c1adb39929a766bfa7f7b3d0ab4ed53f5b,booster,bundle:models.tar,
somalia_oracle_v1,results/experiments/somalia_oracle/v1/models/y2025_h06_o2025-01_D_q2.ubj,670230,076121560450db68cf8aced2593fe83e9ffc08aa5b38dc8942cb63b9f783a582,booster,bundle:models.tar,
somalia_oracle_v1,results/experiments/somalia_oracle/v1/models/y2025_h06_o2025-01_D_q3.ubj,214167,c8669521ff5e83d33623e75c7383b635f4676929925a1ad2cbfb6fe92bd4e1f3,booster,bundle:models.tar,
somalia_oracle_v1,results/experiments/somalia_oracle/v1/models/y2025_h06_o2025-01_D_q4.ubj,721506,3dd2e99702888a25fe2c7b176146b69e834ee026d78f73f1d56fc81b06d0a5bb,booster,bundle:models.tar,
somalia_oracle_v1,results/experiments/somalia_oracle/v1/models/y2025_h06_o2025-01_D_q5.ubj,408238,28c9f39e869aba887b01c094fe10550a176593692ed6a2cac11e86de73f2c224,booster,bundle:models.tar,
somalia_oracle_v1,results/experiments/somalia_oracle/v1/models/y2025_h06_o2025-03_A_q2.ubj,715875,c4e56a7792070bb5c80f47f257c6e92a2ad8eb6d8c82eef3c0f9d78f6c3f20c9,booster,bundle:models.tar,
somalia_oracle_v1,results/experiments/somalia_oracle/v1/models/y2025_h06_o2025-03_A_q3.ubj,214170,986cae21684bab1510bb554d72dcf0c1223093c8cbcec92f211ce709ab9d169b,booster,bundle:models.tar,
somalia_oracle_v1,results/experiments/somalia_oracle/v1/models/y2025_h06_o2025-03_A_q4.ubj,753616,3d8681832a40e70e9c9a3bf6e97fb8bc3eca7f7fcc2698ae6cd926436f843071,booster,bundle:models.tar,
somalia_oracle_v1,results/experiments/somalia_oracle/v1/models/y2025_h06_o2025-03_A_q5.ubj,436393,4fba3455ac75bedff67acce8dfffc6aa0ba0b1b14ad3001bb13dcef734114f6a,booster,bundle:models.tar,
somalia_oracle_v1,results/experiments/somalia_oracle/v1/models/y2025_h06_o2025-03_B_q2.ubj,1614539,8f9f595b2fc34fb159664d0ff3a80948d587c9867c2372ccac25393926fa1fbf,booster,bundle:models.tar,
somalia_oracle_v1,results/experiments/somalia_oracle/v1/models/y2025_h06_o2025-03_B_q3.ubj,432844,534bb1e899941a4e15133823b38492ba9f9a2f6459ccb1f128f61f1ca75a1af4,booster,bundle:models.tar,
somalia_oracle_v1,results/experiments/somalia_oracle/v1/models/y2025_h06_o2025-03_B_q4.ubj,1602765,4765f53d4415879991fb1d2218633e174cf16f6944014305fd3ba884203b8443,booster,bundle:models.tar,
somalia_oracle_v1,results/experiments/somalia_oracle/v1/models/y2025_h06_o2025-03_B_q5.ubj,996793,dc7218030af15d96bc3c98bf7d5d19a77bb973e7b7e6b3c44776036c4415f064,booster,bundle:models.tar,
somalia_oracle_v1,results/experiments/somalia_oracle/v1/models/y2025_h06_o2025-03_C_q2.ubj,1621339,33cae6beadc399dde400492db0ea69beadfb4eadff1cd95a393ebf36b44e4d57,booster,bundle:models.tar,
somalia_oracle_v1,results/experiments/somalia_oracle/v1/models/y2025_h06_o2025-03_C_q3.ubj,430946,d714844061dfb615d8eec7d182919b91e4ae450c376a6bdc3e861ad304fc0114,booster,bundle:models.tar,
somalia_oracle_v1,results/experiments/somalia_oracle/v1/models/y2025_h06_o2025-03_C_q4.ubj,1626089,1e422ab079c2f59c521504135f7f0687168d39a49968d8b009f759b1969e67f6,booster,bundle:models.tar,
somalia_oracle_v1,results/experiments/somalia_oracle/v1/models/y2025_h06_o2025-03_C_q5.ubj,987681,df42d35922fef799cd79602899833e508a02b73b415c4aef25332fa4b97bfe66,booster,bundle:models.tar,
somalia_oracle_v1,results/experiments/somalia_oracle/v1/models/y2025_h06_o2025-03_D_q2.ubj,654925,ea3675a7c29f6f147f3c0564911ce02f4d1a582ccf0955c91c8b07562b17c58e,booster,bundle:models.tar,
somalia_oracle_v1,results/experiments/somalia_oracle/v1/models/y2025_h06_o2025-03_D_q3.ubj,208450,ffdb3d3b10d5fce93f34e27e37a796b808a36216d0eefe0cf1e346af44545993,booster,bundle:models.tar,
somalia_oracle_v1,results/experiments/somalia_oracle/v1/models/y2025_h06_o2025-03_D_q4.ubj,683486,dbc65a8cd16f2689cc8cd6c5980696f1b740aa800e31b2c2caec8462dc562049,booster,bundle:models.tar,
somalia_oracle_v1,results/experiments/somalia_oracle/v1/models/y2025_h06_o2025-03_D_q5.ubj,399466,fef0bbad6ebc2753d66594d1f8cac7bacde7a676ecb8250d661b78b02cbc5adf,booster,bundle:models.tar,
somalia_oracle_v1,results/experiments/somalia_oracle/v1/models/y2025_h06_o2025-04_A_q2.ubj,690294,15d4a5ed684a6ec6fbe1676d3fc5901efb83c3ef84f81b0da9558d5450c58372,booster,bundle:models.tar,
somalia_oracle_v1,results/experiments/somalia_oracle/v1/models/y2025_h06_o2025-04_A_q3.ubj,210764,d446c8330ffaad2bae52ef3b374570b8281e26936cab982f78f9e680e0d8ad7f,booster,bundle:models.tar,
somalia_oracle_v1,results/experiments/somalia_oracle/v1/models/y2025_h06_o2025-04_A_q4.ubj,760759,2a919dffa5057089241a82639d09f8f01a46f847305e6fd39ec7831e0ae5a4a9,booster,bundle:models.tar,
somalia_oracle_v1,results/experiments/somalia_oracle/v1/models/y2025_h06_o2025-04_A_q5.ubj,446661,55428d27cbd64685719607e3679854028f6c9d581f2b90379f9107d1595dae9f,booster,bundle:models.tar,
somalia_oracle_v1,results/experiments/somalia_oracle/v1/models/y2025_h06_o2025-04_B_q2.ubj,1592694,15e675cbf1cd580251c4d15afdb0d3690fcf9a48fce4ca625ac6c75f80895f09,booster,bundle:models.tar,
somalia_oracle_v1,results/experiments/somalia_oracle/v1/models/y2025_h06_o2025-04_B_q3.ubj,428825,c28e3c761bcfdc11b3677a673fadee8ad1638968f2d8f80e1e5f4b5d12d0a59a,booster,bundle:models.tar,
somalia_oracle_v1,results/experiments/somalia_oracle/v1/models/y2025_h06_o2025-04_B_q4.ubj,1593716,2b24937468d5956a62856d9ad8c3dcfd680df150a14a7ca077b3f8dc2d68f7ec,booster,bundle:models.tar,
somalia_oracle_v1,results/experiments/somalia_oracle/v1/models/y2025_h06_o2025-04_B_q5.ubj,976053,99e0bb8ac2f2d110bce35d4207419094d2966053d120956f36e1dbc6f4e32eec,booster,bundle:models.tar,
somalia_oracle_v1,results/experiments/somalia_oracle/v1/models/y2025_h06_o2025-04_C_q2.ubj,1595291,8155976ade10ea14b8ca93d0c4c39120f3fe274690dcac9dd59eca026a11bc48,booster,bundle:models.tar,
somalia_oracle_v1,results/experiments/somalia_oracle/v1/models/y2025_h06_o2025-04_C_q3.ubj,427884,8a4c79785b14e7bf1de4892ab09f3ff322515ba6984d472b1a4244ce86fa7f22,booster,bundle:models.tar,
somalia_oracle_v1,results/experiments/somalia_oracle/v1/models/y2025_h06_o2025-04_C_q4.ubj,1574679,97201a228d759eaaf6b3d0676cb033b4f137a2fb4430c173efee0e69ac33077b,booster,bundle:models.tar,
somalia_oracle_v1,results/experiments/somalia_oracle/v1/models/y2025_h06_o2025-04_C_q5.ubj,981833,327e8ca7f734d604d67d24cc080f653d62de1ac66d789bdfac97647e9d1af15b,booster,bundle:models.tar,
somalia_oracle_v1,results/experiments/somalia_oracle/v1/models/y2025_h06_o2025-04_D_q2.ubj,669411,fb2277a39c8c15f686a80a7b8fb8624bf2f4d5bde8d011021a0323db174fd039,booster,bundle:models.tar,
somalia_oracle_v1,results/experiments/somalia_oracle/v1/models/y2025_h06_o2025-04_D_q3.ubj,205865,09436902f08006926c9c725da8f383e2144994efc2496978fe4ac4323149fcaf,booster,bundle:models.tar,
somalia_oracle_v1,results/experiments/somalia_oracle/v1/models/y2025_h06_o2025-04_D_q4.ubj,678860,0c25d7a75df2bb36ae3125090e0acddc1e1af399866ccdb19832c4f228b13f4a,booster,bundle:models.tar,
somalia_oracle_v1,results/experiments/somalia_oracle/v1/models/y2025_h06_o2025-04_D_q5.ubj,407422,5a74b1deef4f778922b79045c4f1094e14324764df67969ae3199cde505662bd,booster,bundle:models.tar,
somalia_oracle_v1,results/experiments/somalia_oracle/v1/models/y2025_h12_o2024-04_A_q2.ubj,2951189,2d9ea39297cac31ad1c1f3c7ced383bd9ad25055f61af61578b7109ae0a66789,booster,bundle:models.tar,
somalia_oracle_v1,results/experiments/somalia_oracle/v1/models/y2025_h12_o2024-04_A_q3.ubj,202249,8fe53a9287daf8f354a05a339e5097e7673d914719de511d0dc10d463c0cc77f,booster,bundle:models.tar,
somalia_oracle_v1,results/experiments/somalia_oracle/v1/models/y2025_h12_o2024-04_A_q4.ubj,2251348,7a364722a8e07542872ca3e90bcdc7bde4df7d17d51046b24ed02df31c010c26,booster,bundle:models.tar,
somalia_oracle_v1,results/experiments/somalia_oracle/v1/models/y2025_h12_o2024-04_A_q5.ubj,592890,a36088c38da90bb7c3e9f9ae18078a455760497191c024c6b08e38c037cf59b6,booster,bundle:models.tar,
somalia_oracle_v1,results/experiments/somalia_oracle/v1/models/y2025_h12_o2024-04_B_q2.ubj,1737180,d03bae5fb961b261a75b15c405e8a19c410a846bec084e59c8875bbc3228112e,booster,bundle:models.tar,
somalia_oracle_v1,results/experiments/somalia_oracle/v1/models/y2025_h12_o2024-04_B_q3.ubj,468021,8346031b85ffaee7998317a94caa6b7ca0ff7118b8ddd990378cf433f8c3205a,booster,bundle:models.tar,
somalia_oracle_v1,results/experiments/somalia_oracle/v1/models/y2025_h12_o2024-04_B_q4.ubj,1720775,d23620cc5c2e9fb532db7945edf2fcbd3d435ee5959145c5b58e0cd2dbc8f1a4,booster,bundle:models.tar,
somalia_oracle_v1,results/experiments/somalia_oracle/v1/models/y2025_h12_o2024-04_B_q5.ubj,1327007,5206f3101f4bddcc00529a8dc135773c8207ddb45bb6ce0aff4edb59c63ee063,booster,bundle:models.tar,
somalia_oracle_v1,results/experiments/somalia_oracle/v1/models/y2025_h12_o2024-04_C_q2.ubj,406474,bf9ad7c54bc14dc971dc0bd195ba7ca225971fb15030150dfda5a9623508cc07,booster,bundle:models.tar,
somalia_oracle_v1,results/experiments/somalia_oracle/v1/models/y2025_h12_o2024-04_C_q3.ubj,241683,f78eb160a121544ab3e0f2c5f3afd3fc6a909411d6bb9d1496604ffdfd7a77e6,booster,bundle:models.tar,
somalia_oracle_v1,results/experiments/somalia_oracle/v1/models/y2025_h12_o2024-04_C_q4.ubj,425854,4c909289e223c0768a8aa3de0c946c3658896e90ac67f5901cf311ed949d99f4,booster,bundle:models.tar,
somalia_oracle_v1,results/experiments/somalia_oracle/v1/models/y2025_h12_o2024-04_C_q5.ubj,339561,07533c81dbe8ac162749642491024f327a818d4b80081d8f805bde314971c89a,booster,bundle:models.tar,
somalia_oracle_v1,results/experiments/somalia_oracle/v1/models/y2025_h12_o2024-04_D_q2.ubj,1628016,176e511ff2ad32b9eab5cb4c1e03e9ea21910cb62eea4177d2bc999bb9d029ee,booster,bundle:models.tar,
somalia_oracle_v1,results/experiments/somalia_oracle/v1/models/y2025_h12_o2024-04_D_q3.ubj,459583,2c6506887fabe717761e1b8ce454a28cb7c5851c7fa83b1a799dbed8a9f1f597,booster,bundle:models.tar,
somalia_oracle_v1,results/experiments/somalia_oracle/v1/models/y2025_h12_o2024-04_D_q4.ubj,1663783,07c9c151d6fe1b9cc27d3507483ce54aa0deb7f7ea373aef0745f0997405a7c3,booster,bundle:models.tar,
somalia_oracle_v1,results/experiments/somalia_oracle/v1/models/y2025_h12_o2024-04_D_q5.ubj,1321904,6b3ccde3e3cb66a906a031ec282ef1e56ed4b385312692f5b51d0a1649fe91fc,booster,bundle:models.tar,
somalia_oracle_v1,results/experiments/somalia_oracle/v1/models/y2025_h12_o2024-07_A_q2.ubj,1836284,294a3c5d163ba3a9e6ddbc99d6ff9b67798c18fef5a78e0d68ca34e0df3c9ecb,booster,bundle:models.tar,
somalia_oracle_v1,results/experiments/somalia_oracle/v1/models/y2025_h12_o2024-07_A_q3.ubj,469037,a58049ac3fc61822cd13a9b85463837c90f90366eedc9c8e971b2940ce9c188c,booster,bundle:models.tar,
somalia_oracle_v1,results/experiments/somalia_oracle/v1/models/y2025_h12_o2024-07_A_q4.ubj,1817645,adc48b255627e61638f7241d69003c69441dfac46dc5b4d63a17e9e8c7e40779,booster,bundle:models.tar,
somalia_oracle_v1,results/experiments/somalia_oracle/v1/models/y2025_h12_o2024-07_A_q5.ubj,1272946,0dd7326d336656fe5b8ded33bb78806bb15152c4fdc4ff04933cce92b16d8e60,booster,bundle:models.tar,
somalia_oracle_v1,results/experiments/somalia_oracle/v1/models/y2025_h12_o2024-07_B_q2.ubj,1801744,900fc476729521bc9b2f4351b8b03e3d6e4872b3e9a9e7600364e79e30728869,booster,bundle:models.tar,
somalia_oracle_v1,results/experiments/somalia_oracle/v1/models/y2025_h12_o2024-07_B_q3.ubj,472922,72ab5ebe4d9ee37b6b91db7d39b1cc1f7c16d6bcbc656c91c161b8734ecebf1e,booster,bundle:models.tar,
somalia_oracle_v1,results/experiments/somalia_oracle/v1/models/y2025_h12_o2024-07_B_q4.ubj,1736758,99ae096e85ed667b715c39c766739cf96908de83c36d5ca03bab86bf2421ed66,booster,bundle:models.tar,
somalia_oracle_v1,results/experiments/somalia_oracle/v1/models/y2025_h12_o2024-07_B_q5.ubj,1197258,22dbb5349debf070f4055ac0d5dd605c2db308a5c0d008ae91b8c774ab03245e,booster,bundle:models.tar,
somalia_oracle_v1,results/experiments/somalia_oracle/v1/models/y2025_h12_o2024-07_C_q2.ubj,416129,cf2bbe78835c47ae38b38d7846033f20e3de3b60bbe24156035d8b5163e58ccc,booster,bundle:models.tar,
somalia_oracle_v1,results/experiments/somalia_oracle/v1/models/y2025_h12_o2024-07_C_q3.ubj,238826,4a8aa4ac8e444b9ac5942ce5b28eaf69f73b13fcef6f362e8f31dd224827619c,booster,bundle:models.tar,
somalia_oracle_v1,results/experiments/somalia_oracle/v1/models/y2025_h12_o2024-07_C_q4.ubj,412661,02de4b79bb53e22351f306eeca86d17cc102cf27d4959d5f55edaa09a6795982,booster,bundle:models.tar,
somalia_oracle_v1,results/experiments/somalia_oracle/v1/models/y2025_h12_o2024-07_C_q5.ubj,341669,3f56d15902fc42804c90d44f2d343347e94c2e2cca854f36dbed9e531cb88a75,booster,bundle:models.tar,
somalia_oracle_v1,results/experiments/somalia_oracle/v1/models/y2025_h12_o2024-07_D_q2.ubj,1736029,65047f287b662ab0f77a12ef516f35a904ee03dd27dec62ab21000ca619dd930,booster,bundle:models.tar,
somalia_oracle_v1,results/experiments/somalia_oracle/v1/models/y2025_h12_o2024-07_D_q3.ubj,454342,36982ce3ec59296a0a5f252eccf2c874c90370e175d62c86122bf7db374293b2,booster,bundle:models.tar,
somalia_oracle_v1,results/experiments/somalia_oracle/v1/models/y2025_h12_o2024-07_D_q4.ubj,1685622,ad75e02a203ccc17ade85f022706874badf861b552be132e06734afe125f2797,booster,bundle:models.tar,
somalia_oracle_v1,results/experiments/somalia_oracle/v1/models/y2025_h12_o2024-07_D_q5.ubj,1292801,c395fc2b1a4b0217757c54ba9ca2296a7451c1e8914f2d37bbdf4f276b0ba6c5,booster,bundle:models.tar,
somalia_oracle_v1,results/experiments/somalia_oracle/v1/models/y2025_h12_o2024-09_A_q2.ubj,1780923,b57ea0e52353d8bf9211f71d270879b8013957f4521f17823006e5702a379903,booster,bundle:models.tar,
somalia_oracle_v1,results/experiments/somalia_oracle/v1/models/y2025_h12_o2024-09_A_q3.ubj,461286,965221d6a20f60e53a81bc5e86a41e382fa1e807441169aa41b98c8da28737ee,booster,bundle:models.tar,
somalia_oracle_v1,results/experiments/somalia_oracle/v1/models/y2025_h12_o2024-09_A_q4.ubj,1720381,37089ff579927b5dd01a4451961b8657daee82745aaef80f6ebade1f9108e33c,booster,bundle:models.tar,
somalia_oracle_v1,results/experiments/somalia_oracle/v1/models/y2025_h12_o2024-09_A_q5.ubj,1240237,eb15d009b27a9812bf7cfe6034aeb9bc05db320c4cd8c4f0e1c53ed94ff1b514,booster,bundle:models.tar,
somalia_oracle_v1,results/experiments/somalia_oracle/v1/models/y2025_h12_o2024-09_B_q2.ubj,1788197,a8c5aa91b54c0b4db1c275e6636ee8bf1812db1ad215d5640a9ea16f8de79af9,booster,bundle:models.tar,
somalia_oracle_v1,results/experiments/somalia_oracle/v1/models/y2025_h12_o2024-09_B_q3.ubj,462167,4bf6bbf1ea917848bc6f6bfb3c4e727cbeac03bed1c913db854c503cc499ba73,booster,bundle:models.tar,
somalia_oracle_v1,results/experiments/somalia_oracle/v1/models/y2025_h12_o2024-09_B_q4.ubj,1742824,9d3b6bab423a071b53f664914d4af157b9fee3a03bd14d70092a05ab38b20ed0,booster,bundle:models.tar,
somalia_oracle_v1,results/experiments/somalia_oracle/v1/models/y2025_h12_o2024-09_B_q5.ubj,1202630,5e7f57610a456887cfda2a20fc5451fa3eb8a8d31e0e0abf6e383bb0f5064769,booster,bundle:models.tar,
somalia_oracle_v1,results/experiments/somalia_oracle/v1/models/y2025_h12_o2024-09_C_q2.ubj,408445,54af46db4d77dc3d5d7da6effc3c7e7baeac606c5f728094e29649122fd58c03,booster,bundle:models.tar,
somalia_oracle_v1,results/experiments/somalia_oracle/v1/models/y2025_h12_o2024-09_C_q3.ubj,232566,db1f5d717a3cc34dd0f1daf4cc638ddbfa7fc7d33dc1a4e2a818906ea6d636c1,booster,bundle:models.tar,
somalia_oracle_v1,results/experiments/somalia_oracle/v1/models/y2025_h12_o2024-09_C_q4.ubj,419665,d7568c3ee41ece2d63e882b9a38edc322840baff74bf47673a59f5d06bdb321c,booster,bundle:models.tar,
somalia_oracle_v1,results/experiments/somalia_oracle/v1/models/y2025_h12_o2024-09_C_q5.ubj,342213,13b2d334795ffc80ae999f96e3851d62c791f96e10d6fe11f35decbc8c5498db,booster,bundle:models.tar,
somalia_oracle_v1,results/experiments/somalia_oracle/v1/models/y2025_h12_o2024-09_D_q2.ubj,1644180,818b727c76b9f665b39253fc0bfbb45623246b041b1e4d0a7aca577527897879,booster,bundle:models.tar,
somalia_oracle_v1,results/experiments/somalia_oracle/v1/models/y2025_h12_o2024-09_D_q3.ubj,446110,daefbdeffbcc54c03ab6ee7b5b5ffec565c5dd7e85406fa3fcb72cf535bcf3eb,booster,bundle:models.tar,
somalia_oracle_v1,results/experiments/somalia_oracle/v1/models/y2025_h12_o2024-09_D_q4.ubj,1654196,bd52ad9235df6f06b84e0099f84b89ed7a93d5fee246345c155b1866b4f1d1e7,booster,bundle:models.tar,
somalia_oracle_v1,results/experiments/somalia_oracle/v1/models/y2025_h12_o2024-09_D_q5.ubj,1277092,55576258d6b38723180c5a021d371e0e01268ab4572cbc12f332fe85371b048b,booster,bundle:models.tar,
somalia_oracle_v1,results/experiments/somalia_oracle/v1/models/y2025_h12_o2024-10_A_q2.ubj,1773437,bdaedd898fb8b49403eb6c1e8d81aa95287adf7449bc05e3a0eef64aad43ebf9,booster,bundle:models.tar,
somalia_oracle_v1,results/experiments/somalia_oracle/v1/models/y2025_h12_o2024-10_A_q3.ubj,457817,edf04616923696a5e1594ddaf04e7bb100ae662f724f50169e794d364e65f061,booster,bundle:models.tar,
somalia_oracle_v1,results/experiments/somalia_oracle/v1/models/y2025_h12_o2024-10_A_q4.ubj,1765526,0ba88b430f1807b5bfd63a896692e7b5068948ddeb625fecbfec8f40df13666b,booster,bundle:models.tar,
somalia_oracle_v1,results/experiments/somalia_oracle/v1/models/y2025_h12_o2024-10_A_q5.ubj,1218136,a06629037820d83f42c5fe98dda2df8678dede97422f1f7b61f195d3232b4a24,booster,bundle:models.tar,
somalia_oracle_v1,results/experiments/somalia_oracle/v1/models/y2025_h12_o2024-10_B_q2.ubj,1802339,d706da04df386ca611a7466ed51bb0f842da85b0fa9916ae72a671b5980c3aa8,booster,bundle:models.tar,
somalia_oracle_v1,results/experiments/somalia_oracle/v1/models/y2025_h12_o2024-10_B_q3.ubj,458093,25914ee994f783ef94e9c06df6d7cd2a470528927f85dec463c21c0fb6a744fe,booster,bundle:models.tar,
somalia_oracle_v1,results/experiments/somalia_oracle/v1/models/y2025_h12_o2024-10_B_q4.ubj,1743167,626128dbd2b631561d2ff0b5280e0dcb3c3e40d6806460f02cd1e790f81508d1,booster,bundle:models.tar,
somalia_oracle_v1,results/experiments/somalia_oracle/v1/models/y2025_h12_o2024-10_B_q5.ubj,1181277,d576c69d2a0e2d8c7090baafab40380a27f43c4d387eb1e391f5f5bab5c5c386,booster,bundle:models.tar,
somalia_oracle_v1,results/experiments/somalia_oracle/v1/models/y2025_h12_o2024-10_C_q2.ubj,410417,33ccf2b1579f069a21fb924ff124fbc5e9d04fb1580d76beeff9021237e8462b,booster,bundle:models.tar,
somalia_oracle_v1,results/experiments/somalia_oracle/v1/models/y2025_h12_o2024-10_C_q3.ubj,229227,306a74d38a47685c30f2fd54e648d21a4805722338650d57120a6a6b062a83c9,booster,bundle:models.tar,
somalia_oracle_v1,results/experiments/somalia_oracle/v1/models/y2025_h12_o2024-10_C_q4.ubj,415177,b3cbe522fbd4e39c55a7e5d26450bd41f4067f790b49f04ef1922a567937eb02,booster,bundle:models.tar,
somalia_oracle_v1,results/experiments/somalia_oracle/v1/models/y2025_h12_o2024-10_C_q5.ubj,336705,f8fb870bce42bd7b559b0a0ecde55f87db7e96255ebe15302fd9ac9af6112e63,booster,bundle:models.tar,
somalia_oracle_v1,results/experiments/somalia_oracle/v1/models/y2025_h12_o2024-10_D_q2.ubj,1708205,4981cf35c90d3037d15c6d6f727062855d984addf11bcc0e46de5a0a0d1e4990,booster,bundle:models.tar,
somalia_oracle_v1,results/experiments/somalia_oracle/v1/models/y2025_h12_o2024-10_D_q3.ubj,443047,7de54f2bde796c18f3feb95b8bc652e1869770fc4beab3bb7ae2be315f37cd5f,booster,bundle:models.tar,
somalia_oracle_v1,results/experiments/somalia_oracle/v1/models/y2025_h12_o2024-10_D_q4.ubj,1647056,c030c728dcd620b3ffd21901720d4768f932c10b5c5c314ce419b0f38e7612fa,booster,bundle:models.tar,
somalia_oracle_v1,results/experiments/somalia_oracle/v1/models/y2025_h12_o2024-10_D_q5.ubj,1299328,8c53598efd74ca67bfb5dedbf4a06a5d7bc5fddeea43958ac55579d56644de7a,booster,bundle:models.tar,
somalia_oracle_v1,results/experiments/somalia_oracle/v1/models/y2026_h00_o2026-04_A_q2.ubj,226879,b03c922295eec52c36b962251c612d850d2e5a1b31d49e7a5853090bc32c81a5,booster,bundle:models.tar,
somalia_oracle_v1,results/experiments/somalia_oracle/v1/models/y2026_h00_o2026-04_A_q3.ubj,181875,eda47d35fa80d86bc2bba5edd0c55f9b4b202e574c3e2ee90bf02ebb4ccb2125,booster,bundle:models.tar,
somalia_oracle_v1,results/experiments/somalia_oracle/v1/models/y2026_h00_o2026-04_A_q4.ubj,227290,77b163467c8e2de6533325178c48c2b5b3758aed8da58d5aeee727f2cb22a669,booster,bundle:models.tar,
somalia_oracle_v1,results/experiments/somalia_oracle/v1/models/y2026_h00_o2026-04_A_q5.ubj,213782,e868c0647dc6fbc0e4802d8f5e7e57b47986a617e3cca1eda494c25b00d0728b,booster,bundle:models.tar,
somalia_oracle_v1,results/experiments/somalia_oracle/v1/models/y2026_h00_o2026-04_B_q2.ubj,774221,d6bc78fcf799cbf63c892715b26b06a37fe12b1b97459a41b1b865df7ea8cd50,booster,bundle:models.tar,
somalia_oracle_v1,results/experiments/somalia_oracle/v1/models/y2026_h00_o2026-04_B_q3.ubj,197091,b526420cedf71472443cc5e6e784893d4dab836920ccf4c8ab215188b4c64103,booster,bundle:models.tar,
somalia_oracle_v1,results/experiments/somalia_oracle/v1/models/y2026_h00_o2026-04_B_q4.ubj,709887,dbf6a7ba3257e71a9e59fcd50071d00bee4694819fbf9d3e76d8d83a42e267a4,booster,bundle:models.tar,
somalia_oracle_v1,results/experiments/somalia_oracle/v1/models/y2026_h00_o2026-04_B_q5.ubj,385258,e085967a4e19adce2ac0b2b6323194df5d9953dc59b65df1b327546ec8fd28d1,booster,bundle:models.tar,
somalia_oracle_v1,results/experiments/somalia_oracle/v1/models/y2026_h00_o2026-04_D_q2.ubj,227900,b9a84bc2ad90fb9dc42554f2a9b7dfd5fb411f89093b744d5bf792f221d6ad74,booster,bundle:models.tar,
somalia_oracle_v1,results/experiments/somalia_oracle/v1/models/y2026_h00_o2026-04_D_q3.ubj,175741,16b447462d2d5643eb6e53d23f2adffb0452a088d55f7ab32b2245dd1dc1d388,booster,bundle:models.tar,
somalia_oracle_v1,results/experiments/somalia_oracle/v1/models/y2026_h00_o2026-04_D_q4.ubj,221688,8cd275ece16a5963ac56ffd76f887cad7411800749c9fcabf0747e3e56a6c028,booster,bundle:models.tar,
somalia_oracle_v1,results/experiments/somalia_oracle/v1/models/y2026_h00_o2026-04_D_q5.ubj,197451,768edc0e516fe00cc77e15ca77710edd5e4155024699c5481292dedb04e75ff4,booster,bundle:models.tar,
somalia_oracle_v1,results/experiments/somalia_oracle/v1/models/y2026_h03_o2026-01_A_q2.ubj,229464,f86df9a6bdefb897f0e20c0e915b022671ddb55e92201f6e020144dbe8d2fea6,booster,bundle:models.tar,
somalia_oracle_v1,results/experiments/somalia_oracle/v1/models/y2026_h03_o2026-01_A_q3.ubj,186923,9428d654ad60ada137b70574bdb01eedcda767919f031dc1e99c1fe521b09716,booster,bundle:models.tar,
somalia_oracle_v1,results/experiments/somalia_oracle/v1/models/y2026_h03_o2026-01_A_q4.ubj,226741,1cd0e061467e91872948b144e1a1214b4ab96bf0f0acc573a2aa76473f2ee560,booster,bundle:models.tar,
somalia_oracle_v1,results/experiments/somalia_oracle/v1/models/y2026_h03_o2026-01_A_q5.ubj,217347,624f9c231a32812c4d8ff71ab8c82a4bc49576e7fb8b0a6b2539def5db5d9de6,booster,bundle:models.tar,
somalia_oracle_v1,results/experiments/somalia_oracle/v1/models/y2026_h03_o2026-01_B_q2.ubj,3312249,9943ba2c6a63668fa604fb3fe0b28c279551ce8eb411e4241b500d8fdc730f8f,booster,bundle:models.tar,
somalia_oracle_v1,results/experiments/somalia_oracle/v1/models/y2026_h03_o2026-01_B_q3.ubj,175783,d5d248c291f2bb54f7b3fa9b2dc6b8d2e99acc6c0a89894f5ee5c3c3dd67030b,booster,bundle:models.tar,
somalia_oracle_v1,results/experiments/somalia_oracle/v1/models/y2026_h03_o2026-01_B_q4.ubj,2558701,50ec7dc47707c680418db51b6a1085486f35eb28afa8ee9a8f472566b907e8d4,booster,bundle:models.tar,
somalia_oracle_v1,results/experiments/somalia_oracle/v1/models/y2026_h03_o2026-01_B_q5.ubj,251916,54341488d60b7a054708fd4b6c4a105d22918a1d898c3c18f9073f0120d93f15,booster,bundle:models.tar,
somalia_oracle_v1,results/experiments/somalia_oracle/v1/models/y2026_h03_o2026-01_C_q2.ubj,782103,ec6804c51794ca4c36a559f7d18b0c2176e09620ae11406f65bb0a937e7c25bc,booster,bundle:models.tar,
somalia_oracle_v1,results/experiments/somalia_oracle/v1/models/y2026_h03_o2026-01_C_q3.ubj,203895,88f803f51e077c7123e893a8c31031d8c94d9787f01a1d2260a7cb4c081324f0,booster,bundle:models.tar,
somalia_oracle_v1,results/experiments/somalia_oracle/v1/models/y2026_h03_o2026-01_C_q4.ubj,696195,1c4ed02819e109f2a85170a35f530f5b6a4774e4d81707f58429a1276a908697,booster,bundle:models.tar,
somalia_oracle_v1,results/experiments/somalia_oracle/v1/models/y2026_h03_o2026-01_C_q5.ubj,386958,718429dc5fa27da9aae2068281b9ed040d0f4edc4657e1f1625a5789c8494892,booster,bundle:models.tar,
somalia_oracle_v1,results/experiments/somalia_oracle/v1/models/y2026_h03_o2026-01_D_q2.ubj,229045,9eff6812b76d682677c6b3560871c981a4c4f0e9f41c1c0f1a831ae2eaf7a35a,booster,bundle:models.tar,
somalia_oracle_v1,results/experiments/somalia_oracle/v1/models/y2026_h03_o2026-01_D_q3.ubj,178941,92e6806f522b27a0d47090065ab65b696293ccd25b312b83a20b516b70c04d0a,booster,bundle:models.tar,
somalia_oracle_v1,results/experiments/somalia_oracle/v1/models/y2026_h03_o2026-01_D_q4.ubj,223731,b9eb5c19b525b0522c3051473c320485f9e811e9fd4f9a0d950e4fddcfff2d46,booster,bundle:models.tar,
somalia_oracle_v1,results/experiments/somalia_oracle/v1/models/y2026_h03_o2026-01_D_q5.ubj,196499,d101276a7f2c9030d7aeeb3ca1c9f83a2130e67924338ee6e72be3f4eea9aa14,booster,bundle:models.tar,
somalia_oracle_v1,results/experiments/somalia_oracle/v1/models/y2026_h06_o2025-10_A_q2.ubj,437005,4de7fe15127f4e9c777a592947f34af810aff2e0d0dca01a7573ff7b3225008b,booster,bundle:models.tar,
somalia_oracle_v1,results/experiments/somalia_oracle/v1/models/y2026_h06_o2025-10_A_q3.ubj,197986,4933e83cc6a6dd820609685e9d3947fecde655a02e90ad46947c48423c24a76e,booster,bundle:models.tar,
somalia_oracle_v1,results/experiments/somalia_oracle/v1/models/y2026_h06_o2025-10_A_q4.ubj,423813,0ca0c1ef28318418472f0a730db6b9653a157f58f41363c2302e66dcedd45c69,booster,bundle:models.tar,
somalia_oracle_v1,results/experiments/somalia_oracle/v1/models/y2026_h06_o2025-10_A_q5.ubj,312770,43375999e78d5f517e9f113997f1fb61b0301601a79d494f2bda4e9bd4cd90a2,booster,bundle:models.tar,
somalia_oracle_v1,results/experiments/somalia_oracle/v1/models/y2026_h06_o2025-10_B_q2.ubj,228648,760e3ba93342031526689183e359e4a954a1747ef6aa4786aede5c869435bb96,booster,bundle:models.tar,
somalia_oracle_v1,results/experiments/somalia_oracle/v1/models/y2026_h06_o2025-10_B_q3.ubj,186100,0116d19bcbf2366fc264c3c975c535b252ae2d5cb3fe875f4b23bf1479fd8853,booster,bundle:models.tar,
somalia_oracle_v1,results/experiments/somalia_oracle/v1/models/y2026_h06_o2025-10_B_q4.ubj,228925,289f54447a85805364622247a75661b15a9adf19c0ee1e8e1809e02f735e2749,booster,bundle:models.tar,
somalia_oracle_v1,results/experiments/somalia_oracle/v1/models/y2026_h06_o2025-10_B_q5.ubj,219184,a7a0727edd145fd69293c69855293c3c1751b823f71fd152650f2f5b4b3211d7,booster,bundle:models.tar,
somalia_oracle_v1,results/experiments/somalia_oracle/v1/models/y2026_h06_o2025-10_C_q2.ubj,228647,3875dfcc8fd28ed9b7e5305fa218ca0d6345c25b1e6986006a2870c7314889e6,booster,bundle:models.tar,
somalia_oracle_v1,results/experiments/somalia_oracle/v1/models/y2026_h06_o2025-10_C_q3.ubj,188077,70a8bd41f026119110c1fbc7e9dde2f389d5af9a3c4494615d39c045e64c2268,booster,bundle:models.tar,
somalia_oracle_v1,results/experiments/somalia_oracle/v1/models/y2026_h06_o2025-10_C_q4.ubj,229265,12da42a08c6aec49c3e60ccc92bdfb2643de389cfdd485c0e8eaf804249f31b8,booster,bundle:models.tar,
somalia_oracle_v1,results/experiments/somalia_oracle/v1/models/y2026_h06_o2025-10_C_q5.ubj,218427,ef6bd425fed9f59836e488b16d1ed9066d7512b13d292c39a3dbb59c709d6d09,booster,bundle:models.tar,
somalia_oracle_v1,results/experiments/somalia_oracle/v1/models/y2026_h06_o2025-10_D_q2.ubj,985122,d2349c7195dd00fe034bb453bee895674d0a7f3fd7692b10545c8eadc8b089e9,booster,bundle:models.tar,
somalia_oracle_v1,results/experiments/somalia_oracle/v1/models/y2026_h06_o2025-10_D_q3.ubj,407638,7e5095f5a2b8e1f11bbacf653f40358ce86e42016cc5f9b2cce07adbd3623999,booster,bundle:models.tar,
somalia_oracle_v1,results/experiments/somalia_oracle/v1/models/y2026_h06_o2025-10_D_q4.ubj,928478,16d934627425e4ca409d18f4d84ac4655863cebbf6d8bafb72161b3352af8f58,booster,bundle:models.tar,
somalia_oracle_v1,results/experiments/somalia_oracle/v1/models/y2026_h06_o2025-10_D_q5.ubj,726723,46f1acab1f07f1be8f83bcb25c25c634c1c7bbc8381176e66f003c5e63c38c0e,booster,bundle:models.tar,
somalia_oracle_v1,results/experiments/somalia_oracle/v1/models/y2026_h12_o2025-04_A_q2.ubj,3081313,7d86a1ba4ab52ce18136a84ca5c7524ba50040103c707ff34ed8ff9a35a0020c,booster,bundle:models.tar,
somalia_oracle_v1,results/experiments/somalia_oracle/v1/models/y2026_h12_o2025-04_A_q3.ubj,183811,626595b5fd14bf489e12db67b9fc5e9e647a363abd0a5b8d911521953d0336a6,booster,bundle:models.tar,
somalia_oracle_v1,results/experiments/somalia_oracle/v1/models/y2026_h12_o2025-04_A_q4.ubj,2241343,b92d47c0cb51eaf2cc25032c814b8d9a599d9d947a772b1fabb1f30f04772bcf,booster,bundle:models.tar,
somalia_oracle_v1,results/experiments/somalia_oracle/v1/models/y2026_h12_o2025-04_A_q5.ubj,271434,1b67e9286b7456fda3bffa50bf4da6eee91ea2bc981dd50dc60c363e8ab3d683,booster,bundle:models.tar,
somalia_oracle_v1,results/experiments/somalia_oracle/v1/models/y2026_h12_o2025-04_B_q2.ubj,230349,04e5516f297e0bca1ec269a10bee5ea20c084ad16dd14e84d6aaa47610aae5bc,booster,bundle:models.tar,
somalia_oracle_v1,results/experiments/somalia_oracle/v1/models/y2026_h12_o2025-04_B_q3.ubj,197415,55bbc1f7f7490b7ef9883a776b86e8c4d569391955f87abbe66bd591eefd765f,booster,bundle:models.tar,
somalia_oracle_v1,results/experiments/somalia_oracle/v1/models/y2026_h12_o2025-04_B_q4.ubj,226667,25eed1827b79aa88991ea7ba2c6b939efc34f200dca158a0c91d47c1429778d2,booster,bundle:models.tar,
somalia_oracle_v1,results/experiments/somalia_oracle/v1/models/y2026_h12_o2025-04_B_q5.ubj,205856,f1297992343109cc7c6ad0b5edcd52bc6f352e6b5fb6e8a4f61e1a14829ad37d,booster,bundle:models.tar,
somalia_oracle_v1,results/experiments/somalia_oracle/v1/models/y2026_h12_o2025-04_C_q2.ubj,808785,2df3f7704093efbf558a0144a1f555941a17d87a40884fc773d1849ab8ceb82b,booster,bundle:models.tar,
somalia_oracle_v1,results/experiments/somalia_oracle/v1/models/y2026_h12_o2025-04_C_q3.ubj,218731,e387815b17891dda53c28266656d6de6e6daaf5f15dbe8b6047dbb8aa83d2800,booster,bundle:models.tar,
somalia_oracle_v1,results/experiments/somalia_oracle/v1/models/y2026_h12_o2025-04_C_q4.ubj,747433,1a39b985debd5470c792d990e5ddb10dd22a3a58b4afa7fc05d5500a70d7c91b,booster,bundle:models.tar,
somalia_oracle_v1,results/experiments/somalia_oracle/v1/models/y2026_h12_o2025-04_C_q5.ubj,360573,8b827e4fc217843a1b5153b38bd6d703769d88ddd1e2c4d28a253c4d15acbfc1,booster,bundle:models.tar,
somalia_oracle_v1,results/experiments/somalia_oracle/v1/models/y2026_h12_o2025-04_D_q2.ubj,227082,06a87d0f44861def0df832bb2feb45cd12c6066304b0d8e42f344ed2dd57e171,booster,bundle:models.tar,
somalia_oracle_v1,results/experiments/somalia_oracle/v1/models/y2026_h12_o2025-04_D_q3.ubj,191823,a11908d5b451b4046eece4813bbc6aa9f16c98944d9684a5eb94a57186465e04,booster,bundle:models.tar,
somalia_oracle_v1,results/experiments/somalia_oracle/v1/models/y2026_h12_o2025-04_D_q4.ubj,224282,f219d855fe6672db4dc6b5b21451e9efd653018416d4843c0bb397c34d8a57fa,booster,bundle:models.tar,
somalia_oracle_v1,results/experiments/somalia_oracle/v1/models/y2026_h12_o2025-04_D_q5.ubj,205032,73cd12d927e34dcd9e8573ade79c226d1b2645903535680c589af5166730486f,booster,bundle:models.tar,
somalia_oracle_v1,results/experiments/somalia_oracle/v1/predictions/predictions.csv.gz,1762226,124a701a83954df257a6413aa89487f9442a0212bb42935aa318a6a79dca223f,predictions,archive:predictions,
somalia_oracle_v2_q3,results/experiments/somalia_oracle/v2_q3/manifest.json,9862,5466822f09a31580033ac286aee3b79e6011a8b838b1467f477293bc8868f229,ledger_or_check,archive:ledgers,
somalia_oracle_v2_q3,results/experiments/somalia_oracle/v2_q3/features/feature_matrix_h00.csv.gz,8457078,011a225c32aa79bf7696786aae106a6efcd4dd8deba14a09b8e84fdaf2784e39,feature_matrix,archive:features,
somalia_oracle_v2_q3,results/experiments/somalia_oracle/v2_q3/features/feature_matrix_h03.csv.gz,8538203,9cab3449d000b66e25102cf4382a73a53eb54dc8ce0b1bb7a74321d4dfddb571,feature_matrix,archive:features,
somalia_oracle_v2_q3,results/experiments/somalia_oracle/v2_q3/features/feature_matrix_h06.csv.gz,8683157,79afd1839b761825c832827641595fef7b15cef11a76ba0b91c9d6ef827ec8bc,feature_matrix,archive:features,
somalia_oracle_v2_q3,results/experiments/somalia_oracle/v2_q3/features/feature_matrix_h12.csv.gz,6353728,f7bca9277a4c6afaed44a19fe84a87e6c825b2d84a4a0a7bec6bdbf023fb4a33,feature_matrix,archive:features,
somalia_oracle_v2_q3,results/experiments/somalia_oracle/v2_q3/features/feature_schema.json,374004,39e292b50e33b3dc15b56db996f89365e57a3492bc1faa9ae28efb0cef5055d5,model_recipe_member,bundle:models.tar,
somalia_oracle_v2_q3,results/experiments/somalia_oracle/v2_q3/fits/calibration_mappings.csv,709465,01b2a1e3ab778cbf1cc1a4fc09d89e633be9e34a10983741f34d8796a68fb7ac,fit_selection_calibration,bundle:models.tar (calibration/selection members),
somalia_oracle_v2_q3,results/experiments/somalia_oracle/v2_q3/fits/final_fit_ledger.csv.gz,827168,a92496980c407795d309213fab9990d7e836d1819293349e8a74610e4eb9ba4c,fit_selection_calibration,bundle:models.tar (calibration/selection members),
somalia_oracle_v2_q3,results/experiments/somalia_oracle/v2_q3/fits/final_status.csv,14057,27970cfac283ab024775761f52c225dc59bb5dfe668024f790ec32e441aa4134,fit_selection_calibration,bundle:models.tar (calibration/selection members),
somalia_oracle_v2_q3,results/experiments/somalia_oracle/v2_q3/ledgers/cohort_ledger.csv.gz,32541,9bd76cffbfacd71b56f15b3fcc1fc19b7e77332ac98810e918db0fc7009eb95a,ledger_or_check,archive:ledgers,
somalia_oracle_v2_q3,results/experiments/somalia_oracle/v2_q3/ledgers/label_ledger.csv.gz,33479,ae512fb6db95afe81059107109c2548e08b0f37e8c5137b9ba422814571b50a2,ledger_or_check,archive:ledgers,
somalia_oracle_v2_q3,results/experiments/somalia_oracle/v2_q3/ledgers/row_provenance_h00.csv.gz,21104,01c02e9e6a159d7640b501b1da460fbad602eb286a75904b2fd4b5cba72e3ffb,ledger_or_check,archive:ledgers,
somalia_oracle_v2_q3,results/experiments/somalia_oracle/v2_q3/ledgers/row_provenance_h03.csv.gz,21095,a484672c1a80d32bb30277c2403401fcedf48a8111777c9de7f8db95c2025b03,ledger_or_check,archive:ledgers,
somalia_oracle_v2_q3,results/experiments/somalia_oracle/v2_q3/ledgers/row_provenance_h06.csv.gz,20613,137b94efd46915ca7ad027311d1485933c2adf145c53535db3ae2a5ce2a915bc,ledger_or_check,archive:ledgers,
somalia_oracle_v2_q3,results/experiments/somalia_oracle/v2_q3/ledgers/row_provenance_h12.csv.gz,20573,d0631c73db5ec34772ede35fa69942f2f0821549f925077f8af5a208cbbd61ec,ledger_or_check,archive:ledgers,
somalia_oracle_v2_q3,results/experiments/somalia_oracle/v2_q3/metrics/bootstrap_draws.npz,8963270,b0bb0fa68803c4bb3d12fe938339a2e0cccf99cea6487cb5a2fc39c82ca585ab,metric_or_report,archive:metrics (values extracted by explicit field selection),
somalia_oracle_v2_q3,results/experiments/somalia_oracle/v2_q3/metrics/contrasts.csv,6796,d9fbfa989e1b071ec2db8f149fb404aaab814ee5f17c1a7dbc41e20eea032ca9,metric_or_report,archive:metrics (values extracted by explicit field selection),
somalia_oracle_v2_q3,results/experiments/somalia_oracle/v2_q3/metrics/metrics.csv,76132,987d6c543aff6fbadbbdc0f5c40b66c0250800373e68f38b85fe66ac14aefbf9,metric_or_report,archive:metrics (values extracted by explicit field selection),
somalia_oracle_v2_q3,results/experiments/somalia_oracle/v2_q3/metrics/replay_checks.csv,67763,01c108ed9a47b2a069bef8ecac1c8a562ff151e25db02f7df6915046a8520938,metric_or_report,archive:metrics (values extracted by explicit field selection),
somalia_oracle_v2_q3,results/experiments/somalia_oracle/v2_q3/models/model_inventory.csv,84117,f0760e3db6936bdd551aaf493a6167cc06dd17ca93532df7f0005fd23061587c,model_recipe_member,bundle:models.tar,
somalia_oracle_v2_q3,results/experiments/somalia_oracle/v2_q3/models/y2025_h00_o2025-04_A_q2.ubj,988905,90da69f932c96472a447798237002ccec63276d8c1f9195bae0592eda2c18e58,booster,bundle:models.tar,
somalia_oracle_v2_q3,results/experiments/somalia_oracle/v2_q3/models/y2025_h00_o2025-04_A_q3_direct.ubj,428505,de5a0bbabdc81a24b42695c6c91c1305052a5babd67e014308ace2c574eef1f1,booster,bundle:models.tar,
somalia_oracle_v2_q3,results/experiments/somalia_oracle/v2_q3/models/y2025_h00_o2025-04_A_q4.ubj,967077,245e944882db432b3ea1e90c2a4e1d5f9381668e0bb5bfea2486d6e4805c9fd5,booster,bundle:models.tar,
somalia_oracle_v2_q3,results/experiments/somalia_oracle/v2_q3/models/y2025_h00_o2025-04_A_q5.ubj,871877,8f2dcd6b54b059704cbe1a257a78dc7ba53570ff68abe5a0891b2cd33da55ae0,booster,bundle:models.tar,
somalia_oracle_v2_q3,results/experiments/somalia_oracle/v2_q3/models/y2025_h00_o2025-04_B_q2.ubj,220192,f13dc46b335192bca8b2f5977a34acc0cd716942a0d91be124880da57bb0c77d,booster,bundle:models.tar,
somalia_oracle_v2_q3,results/experiments/somalia_oracle/v2_q3/models/y2025_h00_o2025-04_B_q3_direct.ubj,195433,d98a870f44a116fc97934592a1d0706425f3c0e56dfb22679c3f4ba9be315543,booster,bundle:models.tar,
somalia_oracle_v2_q3,results/experiments/somalia_oracle/v2_q3/models/y2025_h00_o2025-04_B_q4.ubj,221413,e01061c9b7f3a3836d47521dcede05710f9c546bfe35f89dbb5755fafb2ae55f,booster,bundle:models.tar,
somalia_oracle_v2_q3,results/experiments/somalia_oracle/v2_q3/models/y2025_h00_o2025-04_B_q5.ubj,218626,237739ea33e6ebc548185b45b49ba9c18c7301169ef5910f8f26525c3d0ba464,booster,bundle:models.tar,
somalia_oracle_v2_q3,results/experiments/somalia_oracle/v2_q3/models/y2025_h00_o2025-04_D_direct_q2.ubj,223940,ee24aab30f6e5107a4b664e2296c9078a6f7dac23fa4b4ef36805d2eaafa0997,booster,bundle:models.tar,
somalia_oracle_v2_q3,results/experiments/somalia_oracle/v2_q3/models/y2025_h00_o2025-04_D_direct_q3_direct.ubj,177245,769d88a4846a5081dd58b84b9feb4e19347adcedde40924493e4a89c739f484d,booster,bundle:models.tar,
somalia_oracle_v2_q3,results/experiments/somalia_oracle/v2_q3/models/y2025_h00_o2025-04_D_direct_q4.ubj,222157,8ce795ac3697da2f6efc8e1b5c8628118e8c2d4df1d6202c9515d96098152052,booster,bundle:models.tar,
somalia_oracle_v2_q3,results/experiments/somalia_oracle/v2_q3/models/y2025_h00_o2025-04_D_direct_q5.ubj,213512,77fb598287bb2658c43a3bae29fd63a372d247f9151d5a38d8e65fce0977d49b,booster,bundle:models.tar,
somalia_oracle_v2_q3,results/experiments/somalia_oracle/v2_q3/models/y2025_h00_o2025-04_D_residual_q2.ubj,2329304,b5566b1b1dd9fa7b6a3650ba10ae99d71d2922d6b9c692428f1e810f437a5693,booster,bundle:models.tar,
somalia_oracle_v2_q3,results/experiments/somalia_oracle/v2_q3/models/y2025_h00_o2025-04_D_residual_q3_direct.ubj,169862,78d4600a6931833c206edba2475335003a75e410f6584ae0b9e5c053ca350d8b,booster,bundle:models.tar,
somalia_oracle_v2_q3,results/experiments/somalia_oracle/v2_q3/models/y2025_h00_o2025-04_D_residual_q3_residual_delta.ubj,157956,bafd55345eaad640c80a9911077b10cbf354ee9ee5a5d97e1a79aff8f42d7dd9,booster,bundle:models.tar,
somalia_oracle_v2_q3,results/experiments/somalia_oracle/v2_q3/models/y2025_h00_o2025-04_D_residual_q4.ubj,1926330,f80f24aee0c1308a20212ef8842df300f4030df598654988cff964a584b310a2,booster,bundle:models.tar,
somalia_oracle_v2_q3,results/experiments/somalia_oracle/v2_q3/models/y2025_h00_o2025-04_D_residual_q5.ubj,496743,30cd0a6105db39dea24176e78eb96b1bb74f32559573d9a726a0f0e1c3de827a,booster,bundle:models.tar,
somalia_oracle_v2_q3,results/experiments/somalia_oracle/v2_q3/models/y2025_h00_o2025-07_A_q2.ubj,984757,4773e1a0a4733dd24f1a238bea840b68c63b861fd914a7b60e4cee72e919dd8f,booster,bundle:models.tar,
somalia_oracle_v2_q3,results/experiments/somalia_oracle/v2_q3/models/y2025_h00_o2025-07_A_q3_direct.ubj,418705,c50a5b07406ec1e8ef40546a8b6122950c5dd68d101f0308191f3ec6084a2043,booster,bundle:models.tar,
somalia_oracle_v2_q3,results/experiments/somalia_oracle/v2_q3/models/y2025_h00_o2025-07_A_q4.ubj,975101,dcb53100df43042d41473c286e32bb0862fbd8a7367501ab2b4dfa790d18f727,booster,bundle:models.tar,
somalia_oracle_v2_q3,results/experiments/somalia_oracle/v2_q3/models/y2025_h00_o2025-07_A_q5.ubj,864873,095d307cec5473792bc5f558ee787f7cf4f1739b017e6a39baf64f97f3ee3a52,booster,bundle:models.tar,
somalia_oracle_v2_q3,results/experiments/somalia_oracle/v2_q3/models/y2025_h00_o2025-07_B_q2.ubj,220741,c8f927a32f1b810866d30fec7baf426fe821377b2a96f1773e41b5b057c5967b,booster,bundle:models.tar,
somalia_oracle_v2_q3,results/experiments/somalia_oracle/v2_q3/models/y2025_h00_o2025-07_B_q3_direct.ubj,190120,a20b8e45dd62180de7bcd7642921e6597103865c83b9425d90273f0f83d78419,booster,bundle:models.tar,
somalia_oracle_v2_q3,results/experiments/somalia_oracle/v2_q3/models/y2025_h00_o2025-07_B_q4.ubj,222782,fcfe930df7415ac93bc5df00cfb8ef1b3d0e9f1538b0e70d02b71be10481e3e5,booster,bundle:models.tar,
somalia_oracle_v2_q3,results/experiments/somalia_oracle/v2_q3/models/y2025_h00_o2025-07_B_q5.ubj,218078,ded53734feba59219d7de87550642310512b53306ee6f79e0ad1f7e1fef64f05,booster,bundle:models.tar,
somalia_oracle_v2_q3,results/experiments/somalia_oracle/v2_q3/models/y2025_h00_o2025-07_D_direct_q2.ubj,223528,05f49c9a7f705b5cb1c3e5f9724273c2c0e4332c7a815f970079b67f8a33a8d4,booster,bundle:models.tar,
somalia_oracle_v2_q3,results/experiments/somalia_oracle/v2_q3/models/y2025_h00_o2025-07_D_direct_q3_direct.ubj,174997,de6745f1301b6b2db5c6a375d3ef2b7c341d045620666318dde016bedb0296a1,booster,bundle:models.tar,
somalia_oracle_v2_q3,results/experiments/somalia_oracle/v2_q3/models/y2025_h00_o2025-07_D_direct_q4.ubj,222910,93233eae72b63130fc3f2aa5fc1a0bd96b6e835061463da6e6d6a76f74d565ba,booster,bundle:models.tar,
somalia_oracle_v2_q3,results/experiments/somalia_oracle/v2_q3/models/y2025_h00_o2025-07_D_direct_q5.ubj,210839,1a79ca94f9eaf0447e47aef3119fb327aabc52d5c21df2ce43076330619af52f,booster,bundle:models.tar,
somalia_oracle_v2_q3,results/experiments/somalia_oracle/v2_q3/models/y2025_h00_o2025-07_D_residual_q2.ubj,2336987,064bb72fbf4f659f317d6631c48f546079785335e2d885213d58a249b22ebf06,booster,bundle:models.tar,
somalia_oracle_v2_q3,results/experiments/somalia_oracle/v2_q3/models/y2025_h00_o2025-07_D_residual_q3_direct.ubj,166461,e559ce3de3b123b6722b3abf299a4164bfd835eb2a20b3f2c0b87d4b631692b1,booster,bundle:models.tar,
somalia_oracle_v2_q3,results/experiments/somalia_oracle/v2_q3/models/y2025_h00_o2025-07_D_residual_q3_residual_delta.ubj,156529,32426d5090e4a72473f03011fda022101b5ec393033d00c70edc96c520d1d0ba,booster,bundle:models.tar,
somalia_oracle_v2_q3,results/experiments/somalia_oracle/v2_q3/models/y2025_h00_o2025-07_D_residual_q4.ubj,1895588,e3b84ffd7bdbc906004185650fea0693e18f33097a0352cd33171e4bcc3d7480,booster,bundle:models.tar,
somalia_oracle_v2_q3,results/experiments/somalia_oracle/v2_q3/models/y2025_h00_o2025-07_D_residual_q5.ubj,489538,b2096b02ff17becffbdeb6ae79d84822372b8a9014f1fdf8d7ef85ac05a3969d,booster,bundle:models.tar,
somalia_oracle_v2_q3,results/experiments/somalia_oracle/v2_q3/models/y2025_h00_o2025-09_A_q2.ubj,959597,9c0b96d53241899b869b6a35e73e799166e9e1c6be9c1fe21ff5cc918a20d544,booster,bundle:models.tar,
somalia_oracle_v2_q3,results/experiments/somalia_oracle/v2_q3/models/y2025_h00_o2025-09_A_q3_direct.ubj,412104,6cebc474f8b51fc715e6634cd42b5f63083fc819bb6ad30fee764a0230963e5a,booster,bundle:models.tar,
somalia_oracle_v2_q3,results/experiments/somalia_oracle/v2_q3/models/y2025_h00_o2025-09_A_q4.ubj,975645,13e1bb12c84de271988b61c5da47ce906635710c5317487ed6c108ac5985ca6c,booster,bundle:models.tar,
somalia_oracle_v2_q3,results/experiments/somalia_oracle/v2_q3/models/y2025_h00_o2025-09_A_q5.ubj,851273,cdc216907bd1c4e7304a514d127a7002d3ace3f68f31d98acf490a8e12d77668,booster,bundle:models.tar,
somalia_oracle_v2_q3,results/experiments/somalia_oracle/v2_q3/models/y2025_h00_o2025-09_B_q2.ubj,219921,e262208c8c3dce8a19ad505e50ae073a74bb61b2549f9b4dd6cc944740f827d1,booster,bundle:models.tar,
somalia_oracle_v2_q3,results/experiments/somalia_oracle/v2_q3/models/y2025_h00_o2025-09_B_q3_direct.ubj,185826,caf18d48793e90cc894f05a1e475fe0daee2237c79e5709245a9fa6581bc2fa8,booster,bundle:models.tar,
somalia_oracle_v2_q3,results/experiments/somalia_oracle/v2_q3/models/y2025_h00_o2025-09_B_q4.ubj,221891,4f1fd4a607e1b7e8050a76f12c6c4361bee99bd88c79b65f21f8fa59ca037a9b,booster,bundle:models.tar,
somalia_oracle_v2_q3,results/experiments/somalia_oracle/v2_q3/models/y2025_h00_o2025-09_B_q5.ubj,217121,a18739312160ba64a247b5cd100edb0647198101773eedee86afefd933850519,booster,bundle:models.tar,
somalia_oracle_v2_q3,results/experiments/somalia_oracle/v2_q3/models/y2025_h00_o2025-09_D_direct_q2.ubj,223113,0e92de986c8cc7749a928adf6034b4e0ca0689987ff2a4ac8d098621b4f2150d,booster,bundle:models.tar,
somalia_oracle_v2_q3,results/experiments/somalia_oracle/v2_q3/models/y2025_h00_o2025-09_D_direct_q3_direct.ubj,172951,a303a0de052067f863547505b0371541561368ed01269090efbb17ef3e68c04e,booster,bundle:models.tar,
somalia_oracle_v2_q3,results/experiments/somalia_oracle/v2_q3/models/y2025_h00_o2025-09_D_direct_q4.ubj,220726,3de5b3f9cc28f7ccb3014673fb371811cae90bbd52d8aad68a4d03cfbb7ea51f,booster,bundle:models.tar,
somalia_oracle_v2_q3,results/experiments/somalia_oracle/v2_q3/models/y2025_h00_o2025-09_D_direct_q5.ubj,210836,060a9b95fb2d5621335024e0c0de989e36552412ccc9442a572387fb08b498fd,booster,bundle:models.tar,
somalia_oracle_v2_q3,results/experiments/somalia_oracle/v2_q3/models/y2025_h00_o2025-09_D_residual_q2.ubj,2273680,4b5c89cefad8eae73f6780c20237dfda07aa81caf16bef39c90cdd471e99afb8,booster,bundle:models.tar,
somalia_oracle_v2_q3,results/experiments/somalia_oracle/v2_q3/models/y2025_h00_o2025-09_D_residual_q3_direct.ubj,164830,cfd66c65085ba0bf248424391b08e5b839517d3f784db03e7152b980ebbe5d98,booster,bundle:models.tar,
somalia_oracle_v2_q3,results/experiments/somalia_oracle/v2_q3/models/y2025_h00_o2025-09_D_residual_q3_residual_delta.ubj,155101,fd9c29ce863334eaed6f0f9f559572dc349101f540095f1c0c46c532514ef7fb,booster,bundle:models.tar,
somalia_oracle_v2_q3,results/experiments/somalia_oracle/v2_q3/models/y2025_h00_o2025-09_D_residual_q4.ubj,1911295,55cc8de6972759936a9fc87ea369c83a8666b0c3bddc6c5be65e74ce73c4089c,booster,bundle:models.tar,
somalia_oracle_v2_q3,results/experiments/somalia_oracle/v2_q3/models/y2025_h00_o2025-09_D_residual_q5.ubj,490828,ec275475bc616acb4dd660478c7946284b52ca18817ca544505507f1faa43699,booster,bundle:models.tar,
somalia_oracle_v2_q3,results/experiments/somalia_oracle/v2_q3/models/y2025_h00_o2025-10_A_q2.ubj,977005,43b50347e2d126e6e55503dc92eaef9ab86919a817149098421e877eb83f356c,booster,bundle:models.tar,
somalia_oracle_v2_q3,results/experiments/somalia_oracle/v2_q3/models/y2025_h00_o2025-10_A_q3_direct.ubj,410197,639ada93561ac3785246c07edf40b2c503b9b9f036c2c8b19f78ecc5e779f614,booster,bundle:models.tar,
somalia_oracle_v2_q3,results/experiments/somalia_oracle/v2_q3/models/y2025_h00_o2025-10_A_q4.ubj,949601,f18fd0d6eec5f36e9e7b82d65a6199277dcc6ca1e048081a9d80f8bc53d3d5bd,booster,bundle:models.tar,
somalia_oracle_v2_q3,results/experiments/somalia_oracle/v2_q3/models/y2025_h00_o2025-10_A_q5.ubj,859161,c6858a276d497600b90b430d8c91bc1913b522914db6b6aa398561e40a7212a9,booster,bundle:models.tar,
somalia_oracle_v2_q3,results/experiments/somalia_oracle/v2_q3/models/y2025_h00_o2025-10_B_q2.ubj,219104,b2c43591916cd6289d237cf2d3d8def161f3d3ce681aa389cc8ecb744aea732f,booster,bundle:models.tar,
somalia_oracle_v2_q3,results/experiments/somalia_oracle/v2_q3/models/y2025_h00_o2025-10_B_q3_direct.ubj,185622,7397e483be66d0a9f2a4bb401c99cf587083c5fd0233f8662ffdd4a964c3aa66,booster,bundle:models.tar,
somalia_oracle_v2_q3,results/experiments/somalia_oracle/v2_q3/models/y2025_h00_o2025-10_B_q4.ubj,221891,1e925701f41e8ce3d01aa6540deba98a36641904ce311f2f6bb51573c283ac82,booster,bundle:models.tar,
somalia_oracle_v2_q3,results/experiments/somalia_oracle/v2_q3/models/y2025_h00_o2025-10_B_q5.ubj,217872,ee5c62aced44f0b3960bbdb1bc6268b763d5ecfc1a4f2802f2760fd6f2473712,booster,bundle:models.tar,
somalia_oracle_v2_q3,results/experiments/somalia_oracle/v2_q3/models/y2025_h00_o2025-10_D_direct_q2.ubj,223320,c560bbc4f4ab8b2cc64306868e4dc7680bdec1efaa40a1479fd7dfa1f2fc7f2d,booster,bundle:models.tar,
somalia_oracle_v2_q3,results/experiments/somalia_oracle/v2_q3/models/y2025_h00_o2025-10_D_direct_q3_direct.ubj,172067,607b3b8573acee79656f6b0d3fa51813fbb655a12194340f743e2846d83b86b2,booster,bundle:models.tar,
somalia_oracle_v2_q3,results/experiments/somalia_oracle/v2_q3/models/y2025_h00_o2025-10_D_direct_q4.ubj,222503,09598e9b1d6b4cf7f0dba04808723877530aba652229e910bfe32a533b0e382e,booster,bundle:models.tar,
somalia_oracle_v2_q3,results/experiments/somalia_oracle/v2_q3/models/y2025_h00_o2025-10_D_direct_q5.ubj,209880,6ca4192c868046bb1b1d1eba7373381fe37d70b55f41370a15f2ebc8d7c32733,booster,bundle:models.tar,
somalia_oracle_v2_q3,results/experiments/somalia_oracle/v2_q3/models/y2025_h00_o2025-10_D_residual_q2.ubj,2355075,aa12d3891b87a793cf462394996004c4541c2cf6eecc881deafbb4e8247fa167,booster,bundle:models.tar,
somalia_oracle_v2_q3,results/experiments/somalia_oracle/v2_q3/models/y2025_h00_o2025-10_D_residual_q3_direct.ubj,163876,8b405f0b370f96b6074f2b8ae8c27adff8d17c9eeac3d6c2e1ea5286bee5b52a,booster,bundle:models.tar,
somalia_oracle_v2_q3,results/experiments/somalia_oracle/v2_q3/models/y2025_h00_o2025-10_D_residual_q3_residual_delta.ubj,154146,7f1e0af117a00d877589dededf72ea9842715a9c10a97f92af83c00a80425e87,booster,bundle:models.tar,
somalia_oracle_v2_q3,results/experiments/somalia_oracle/v2_q3/models/y2025_h00_o2025-10_D_residual_q4.ubj,1908169,7ca4d2543bd79296182acdee6b221881388343e84eb04beb9fe6ada35f906a4d,booster,bundle:models.tar,
somalia_oracle_v2_q3,results/experiments/somalia_oracle/v2_q3/models/y2025_h00_o2025-10_D_residual_q5.ubj,501097,dc14386381003e42045f99efe4b4075e0efbfc4f726fcab2e235757cf2efa70f,booster,bundle:models.tar,
somalia_oracle_v2_q3,results/experiments/somalia_oracle/v2_q3/models/y2025_h03_o2025-01_A_q2.ubj,958237,36a5bebd62c695f96100e9219a162b440ee0ee7db7f70023ff01a30783fdbe0c,booster,bundle:models.tar,
somalia_oracle_v2_q3,results/experiments/somalia_oracle/v2_q3/models/y2025_h03_o2025-01_A_q3_direct.ubj,425321,f0c5200527664e7dc1e5283ace37b4a12f0e085670aa627def32b4ab586cfc2c,booster,bundle:models.tar,
somalia_oracle_v2_q3,results/experiments/somalia_oracle/v2_q3/models/y2025_h03_o2025-01_A_q4.ubj,979861,c7a29a1b51970620a51019b517d87b4f88688387079a13b79ed160992c1f5be6,booster,bundle:models.tar,
somalia_oracle_v2_q3,results/experiments/somalia_oracle/v2_q3/models/y2025_h03_o2025-01_A_q5.ubj,880989,fc5f1760ce9bdc746784e8d025a8ea70c270501d1107921a3eb2204703bf0e05,booster,bundle:models.tar,
somalia_oracle_v2_q3,results/experiments/somalia_oracle/v2_q3/models/y2025_h03_o2025-01_B_q2.ubj,224146,f88e868b8995c8ee4cfaa5d7cf6d94c1993bc9ad457eae500b9bfc3f0850b523,booster,bundle:models.tar,
somalia_oracle_v2_q3,results/experiments/somalia_oracle/v2_q3/models/y2025_h03_o2025-01_B_q3_direct.ubj,196456,224e768e80246122e7260ff0a43628328e31f8a3e623a7b50963c45b01fad6a0,booster,bundle:models.tar,
somalia_oracle_v2_q3,results/experiments/somalia_oracle/v2_q3/models/y2025_h03_o2025-01_B_q4.ubj,225919,1f8b6969e38db48d8967af53d27ce8c1cb4fc09147a1c139039f865f4100ff99,booster,bundle:models.tar,
somalia_oracle_v2_q3,results/experiments/somalia_oracle/v2_q3/models/y2025_h03_o2025-01_B_q5.ubj,217816,e0aefea77c5a2ec101649215c6bd698c4fc7003e916120015ef6f4339c87ed16,booster,bundle:models.tar,
somalia_oracle_v2_q3,results/experiments/somalia_oracle/v2_q3/models/y2025_h03_o2025-01_C_q2.ubj,224552,fe92252f4046b6c1a3312be9d85b056353938f728677c6f1f4ad6de22e99447c,booster,bundle:models.tar,
somalia_oracle_v2_q3,results/experiments/somalia_oracle/v2_q3/models/y2025_h03_o2025-01_C_q3_direct.ubj,196653,278585b954aa46ddf4f9519502706e1b97f902f05483ddf3e8bb80dc81f59b1d,booster,bundle:models.tar,
somalia_oracle_v2_q3,results/experiments/somalia_oracle/v2_q3/models/y2025_h03_o2025-01_C_q4.ubj,227830,b8a716f0f3fc1a84c3b7d37b55cb7381bbd456260270149042fe8c29eed3c149,booster,bundle:models.tar,
somalia_oracle_v2_q3,results/experiments/somalia_oracle/v2_q3/models/y2025_h03_o2025-01_C_q5.ubj,218977,800c1c562747430ac16b6ff03d29afb5a87906d8476b75648d8833f3fbf386d7,booster,bundle:models.tar,
somalia_oracle_v2_q3,results/experiments/somalia_oracle/v2_q3/models/y2025_h03_o2025-01_D_direct_q2.ubj,223931,89a93dbc43c291312ca1c212aed9debc94ea7c82900b7947cc7b2a5c5dab74f6,booster,bundle:models.tar,
somalia_oracle_v2_q3,results/experiments/somalia_oracle/v2_q3/models/y2025_h03_o2025-01_D_direct_q3_direct.ubj,182688,7ffdadd6800340130c1892cc8b9b2ab513c8845bbba0516022005c79fac0eb63,booster,bundle:models.tar,
somalia_oracle_v2_q3,results/experiments/somalia_oracle/v2_q3/models/y2025_h03_o2025-01_D_direct_q4.ubj,222782,afe7e21826adddf6c39cafc8208d75e532f88d807ad6f7d4f8997c7d4fb48c84,booster,bundle:models.tar,
somalia_oracle_v2_q3,results/experiments/somalia_oracle/v2_q3/models/y2025_h03_o2025-01_D_direct_q5.ubj,211998,8fedc0da81a387f2a0d453da969141400a278dd053acf3895a9f84a46bd18981,booster,bundle:models.tar,
somalia_oracle_v2_q3,results/experiments/somalia_oracle/v2_q3/models/y2025_h03_o2025-01_D_residual_q2.ubj,2302643,91320fb750b79a11e219a048ca8d414888ef0a25c5831f0cf63ecfce375677cd,booster,bundle:models.tar,
somalia_oracle_v2_q3,results/experiments/somalia_oracle/v2_q3/models/y2025_h03_o2025-01_D_residual_q3_direct.ubj,174350,1d54f928642e5331ba49ba83786fc7216f70ef0af7fbb6b7d72f74838fe5fd52,booster,bundle:models.tar,
somalia_oracle_v2_q3,results/experiments/somalia_oracle/v2_q3/models/y2025_h03_o2025-01_D_residual_q3_residual_delta.ubj,161220,7d28a16f1809ee2a9e25503b16548480da856dae09edb49baf5bbd1b8aaa2952,booster,bundle:models.tar,
somalia_oracle_v2_q3,results/experiments/somalia_oracle/v2_q3/models/y2025_h03_o2025-01_D_residual_q4.ubj,1928458,13b443ff7a260d0fdfab8ee5a963d5ae8d7aa31407300fff25717d1ecbf7cb87,booster,bundle:models.tar,
somalia_oracle_v2_q3,results/experiments/somalia_oracle/v2_q3/models/y2025_h03_o2025-01_D_residual_q5.ubj,490219,15fb4db0087254f647cb629bdd5e60a8d725cbc72d2563d7d1daa8e2017afafa,booster,bundle:models.tar,
somalia_oracle_v2_q3,results/experiments/somalia_oracle/v2_q3/models/y2025_h03_o2025-04_A_q2.ubj,942189,a0c7146d7b1547d70e5838fcd0c78e2cf2794c5f1f5d1b1bb2510be0f3b21c16,booster,bundle:models.tar,
somalia_oracle_v2_q3,results/experiments/somalia_oracle/v2_q3/models/y2025_h03_o2025-04_A_q3_direct.ubj,415860,e601c9b2a4fbe8a09a066b410d700313632cde736febf233b1a594bb5ca998f9,booster,bundle:models.tar,
somalia_oracle_v2_q3,results/experiments/somalia_oracle/v2_q3/models/y2025_h03_o2025-04_A_q4.ubj,972041,bba2d5294222d6516d7c59e033d41e38051c57a88336f1251e18fa64e9a2e9b1,booster,bundle:models.tar,
somalia_oracle_v2_q3,results/experiments/somalia_oracle/v2_q3/models/y2025_h03_o2025-04_A_q5.ubj,867117,844c95366b06d86ca12b875e8efe98b399b78afa27a103fdafb6ca13dfffd454,booster,bundle:models.tar,
somalia_oracle_v2_q3,results/experiments/somalia_oracle/v2_q3/models/y2025_h03_o2025-04_B_q2.ubj,223669,80ce315b0b03bd32d3edbde1d2b8f1ff42996db2e05a276400992d6f91310bd4,booster,bundle:models.tar,
somalia_oracle_v2_q3,results/experiments/somalia_oracle/v2_q3/models/y2025_h03_o2025-04_B_q3_direct.ubj,189163,16eb735831b12d39dbf9c07a8d585e9e5902c21084bdefdc88d7e3b4fa078859,booster,bundle:models.tar,
somalia_oracle_v2_q3,results/experiments/somalia_oracle/v2_q3/models/y2025_h03_o2025-04_B_q4.ubj,227353,5ea78b58fe6f0bc8c705a6fb7b07906e135be0b60a0e502479d949101fd2f76e,booster,bundle:models.tar,
somalia_oracle_v2_q3,results/experiments/somalia_oracle/v2_q3/models/y2025_h03_o2025-04_B_q5.ubj,217750,5239f21d9e52dfcbf768360894e6cc6cf1879df2146e793c51fb8d4faf11ecaf,booster,bundle:models.tar,
somalia_oracle_v2_q3,results/experiments/somalia_oracle/v2_q3/models/y2025_h03_o2025-04_C_q2.ubj,223671,12c62d45d203d8341e3f8d86b6affa3dd89ee3d4ed81af0e290dcde6dc19509c,booster,bundle:models.tar,
somalia_oracle_v2_q3,results/experiments/somalia_oracle/v2_q3/models/y2025_h03_o2025-04_C_q3_direct.ubj,188615,9b405d108df8e6ddb32fe70c15099ff1db493ab3c5bddc5f956311555561ba36,booster,bundle:models.tar,
somalia_oracle_v2_q3,results/experiments/somalia_oracle/v2_q3/models/y2025_h03_o2025-04_C_q4.ubj,226943,4013c42951451dc1626326831aecc08c5003cc1a629bad58abce3ffa4da11b39,booster,bundle:models.tar,
somalia_oracle_v2_q3,results/experiments/somalia_oracle/v2_q3/models/y2025_h03_o2025-04_C_q5.ubj,217620,b6cd2252007a4ed9787e93ec4bd746dd381ea5b4de78d5b060947a1a1035584d,booster,bundle:models.tar,
somalia_oracle_v2_q3,results/experiments/somalia_oracle/v2_q3/models/y2025_h03_o2025-04_D_direct_q2.ubj,223801,6d0afd3f2c3dc2cc9881a4a33d4b3939126ea09de9108e0e55f377cb991b816e,booster,bundle:models.tar,
somalia_oracle_v2_q3,results/experiments/somalia_oracle/v2_q3/models/y2025_h03_o2025-04_D_direct_q3_direct.ubj,178120,e5b96f064419a586fe2019a36dc077b54a6a3b6e8526379c31a41d42ed36c41b,booster,bundle:models.tar,
somalia_oracle_v2_q3,results/experiments/somalia_oracle/v2_q3/models/y2025_h03_o2025-04_D_direct_q4.ubj,221959,3a7f101f8221fa75979073da79a7c38cbee31d558f0a1be16d9d95e5e2aab59a,booster,bundle:models.tar,
somalia_oracle_v2_q3,results/experiments/somalia_oracle/v2_q3/models/y2025_h03_o2025-04_D_direct_q5.ubj,211185,d2a0107bd510a6890f8fb0ed068189ea47b0f7a3f091ad661862cf5085131e62,booster,bundle:models.tar,
somalia_oracle_v2_q3,results/experiments/somalia_oracle/v2_q3/models/y2025_h03_o2025-04_D_residual_q2.ubj,2217916,a7c8ef299c1131a4e188a9d848fdb839797cb4d6e460907cf7025484fc364215,booster,bundle:models.tar,
somalia_oracle_v2_q3,results/experiments/somalia_oracle/v2_q3/models/y2025_h03_o2025-04_D_residual_q3_direct.ubj,170336,b35108ec271037e9e3d3d5c8099a058ba23456db12ca5b496be25dfcf257fe36,booster,bundle:models.tar,
somalia_oracle_v2_q3,results/experiments/somalia_oracle/v2_q3/models/y2025_h03_o2025-04_D_residual_q3_residual_delta.ubj,158905,81d1c74778c7c9d7ac760cc483466758428b4cec8b7938210c2846bbb378c84a,booster,bundle:models.tar,
somalia_oracle_v2_q3,results/experiments/somalia_oracle/v2_q3/models/y2025_h03_o2025-04_D_residual_q4.ubj,1907552,a9fdeb1ad8f353ab32c23f61475f876c7b7fd58099d9c50171671961b36ad0ad,booster,bundle:models.tar,
somalia_oracle_v2_q3,results/experiments/somalia_oracle/v2_q3/models/y2025_h03_o2025-04_D_residual_q5.ubj,489199,9f5fa7760ea2edca5020dc87dc2a1f384f9b57caafb81d140db035e7e2eab97c,booster,bundle:models.tar,
somalia_oracle_v2_q3,results/experiments/somalia_oracle/v2_q3/models/y2025_h03_o2025-06_A_q2.ubj,960005,f3033ac99092dcd5e85d4d765095631b05c472d48f0d6dfc03cf4a1a887f5aca,booster,bundle:models.tar,
somalia_oracle_v2_q3,results/experiments/somalia_oracle/v2_q3/models/y2025_h03_o2025-06_A_q3_direct.ubj,410484,1cc0ea904414b5735e380b0fc3e0ff868bf7a204f3c6bd5b8a281cb6637aafa2,booster,bundle:models.tar,
somalia_oracle_v2_q3,results/experiments/somalia_oracle/v2_q3/models/y2025_h03_o2025-06_A_q4.ubj,968505,cf8ffb5e5f04697be0d89ea21a6c3d598a61d36ee0a09b0adca5dab6f05b026d,booster,bundle:models.tar,
somalia_oracle_v2_q3,results/experiments/somalia_oracle/v2_q3/models/y2025_h03_o2025-06_A_q5.ubj,868341,101be6daed680d57239003d4edbce111a185bc6ee085205bfcd118326c52f858,booster,bundle:models.tar,
somalia_oracle_v2_q3,results/experiments/somalia_oracle/v2_q3/models/y2025_h03_o2025-06_B_q2.ubj,222917,a4a0797c8426a8001a84b604767baa05f4ecad231f30dec4bc4325e360238faf,booster,bundle:models.tar,
somalia_oracle_v2_q3,results/experiments/somalia_oracle/v2_q3/models/y2025_h03_o2025-06_B_q3_direct.ubj,184594,67af99ed29a75f8193d2b95408e25c25f3068243ff190e08844262eda2a8e1e1,booster,bundle:models.tar,
somalia_oracle_v2_q3,results/experiments/somalia_oracle/v2_q3/models/y2025_h03_o2025-06_B_q4.ubj,224763,7326400d752c26824d8cf6c767a29ae2eb871ec9063f70612be4315604391707,booster,bundle:models.tar,
somalia_oracle_v2_q3,results/experiments/somalia_oracle/v2_q3/models/y2025_h03_o2025-06_B_q5.ubj,216518,7e7f7553d3fa6d7105fcab85c711f62f95b92be70feea685d5aa73b7bfe81c1d,booster,bundle:models.tar,
somalia_oracle_v2_q3,results/experiments/somalia_oracle/v2_q3/models/y2025_h03_o2025-06_C_q2.ubj,222370,fa02fe847fee34a543e0dbc8101b324d51e802ceae6927660a764588fadc8be4,booster,bundle:models.tar,
somalia_oracle_v2_q3,results/experiments/somalia_oracle/v2_q3/models/y2025_h03_o2025-06_C_q3_direct.ubj,185410,46444a80bbf33226ad7db4fb5059eddb9661af1d014ed9b6ab479a81db3c06c2,booster,bundle:models.tar,
somalia_oracle_v2_q3,results/experiments/somalia_oracle/v2_q3/models/y2025_h03_o2025-06_C_q4.ubj,225922,3e27cf1ccca24bace0c2c59dbee7216bd1e498343f5b82fcd8f43eda52764c55,booster,bundle:models.tar,
somalia_oracle_v2_q3,results/experiments/somalia_oracle/v2_q3/models/y2025_h03_o2025-06_C_q5.ubj,216652,b4055d06cb2799798ac001e489ee33a3c69312c086800c3c0f8aca465af58db5,booster,bundle:models.tar,
somalia_oracle_v2_q3,results/experiments/somalia_oracle/v2_q3/models/y2025_h03_o2025-06_D_direct_q2.ubj,223046,1a30ffeb999515a1f6bf6f2dcce26d3e304ee4b73a5e7f39bc42b1bf9273c790,booster,bundle:models.tar,
somalia_oracle_v2_q3,results/experiments/somalia_oracle/v2_q3/models/y2025_h03_o2025-06_D_direct_q3_direct.ubj,176285,06de4fe41e9d7db3c1b77b6ed81429e68ddfc9f2793f61bd113ca5128919f2fc,booster,bundle:models.tar,
somalia_oracle_v2_q3,results/experiments/somalia_oracle/v2_q3/models/y2025_h03_o2025-06_D_direct_q4.ubj,222303,948459218c49be8335517a59f9956f39aec462ef8033c79601496641687780e3,booster,bundle:models.tar,
somalia_oracle_v2_q3,results/experiments/somalia_oracle/v2_q3/models/y2025_h03_o2025-06_D_direct_q5.ubj,207222,0c7f5f29bbb14b85b3151314cdecd08a2eb6dfb890f4c6a50a7b33fe51b63872,booster,bundle:models.tar,
somalia_oracle_v2_q3,results/experiments/somalia_oracle/v2_q3/models/y2025_h03_o2025-06_D_residual_q2.ubj,2377989,14ed256ebe64e4c8a8f58375ca7811cf86e4b679c1be1e176d4bd2f62511a446,booster,bundle:models.tar,
somalia_oracle_v2_q3,results/experiments/somalia_oracle/v2_q3/models/y2025_h03_o2025-06_D_residual_q3_direct.ubj,168566,805dbd54f93c1e8c6b27a3bff4630203ada99a0793567aad07b8839d152e6494,booster,bundle:models.tar,
somalia_oracle_v2_q3,results/experiments/somalia_oracle/v2_q3/models/y2025_h03_o2025-06_D_residual_q3_residual_delta.ubj,157408,5598966558ea3c662456c5e9e64a55ea7845e86554d6acc5d517f13b52fe0c79,booster,bundle:models.tar,
somalia_oracle_v2_q3,results/experiments/somalia_oracle/v2_q3/models/y2025_h03_o2025-06_D_residual_q4.ubj,1917430,d1462e77652166012de177cac51d5de6843bc99d98f578bcc253b59bd8dd4a0f,booster,bundle:models.tar,
somalia_oracle_v2_q3,results/experiments/somalia_oracle/v2_q3/models/y2025_h03_o2025-06_D_residual_q5.ubj,489405,6ff18c836478aa7c1a634dc55dd2f25f0bef17e7ec85e40265b7dc481246039b,booster,bundle:models.tar,
somalia_oracle_v2_q3,results/experiments/somalia_oracle/v2_q3/models/y2025_h03_o2025-07_A_q2.ubj,943685,030c09e958fb65354c67232c63f27d09596de24d78c84ef6f5bd11817ddb3363,booster,bundle:models.tar,
somalia_oracle_v2_q3,results/experiments/somalia_oracle/v2_q3/models/y2025_h03_o2025-07_A_q3_direct.ubj,408097,a204ef0200fcd72f6d0073c8b2e0fc609d0a18d7d645ebddc279321034312ac1,booster,bundle:models.tar,
somalia_oracle_v2_q3,results/experiments/somalia_oracle/v2_q3/models/y2025_h03_o2025-07_A_q4.ubj,968777,6b767f29b2a2807a1124200c4b0933016fbb467547c5d600a20756417f17b5ee,booster,bundle:models.tar,
somalia_oracle_v2_q3,results/experiments/somalia_oracle/v2_q3/models/y2025_h03_o2025-07_A_q5.ubj,857597,17e2980cf0aa5c9712a4af7ecf39ea3a64981d8b371fdc5d23f1bedd90ff3a07,booster,bundle:models.tar,
somalia_oracle_v2_q3,results/experiments/somalia_oracle/v2_q3/models/y2025_h03_o2025-07_B_q2.ubj,222578,8348b3332c6f348bac4985a8b9189b7c7a6c3dcfef55fdfdb3309eb151aa1e5e,booster,bundle:models.tar,
somalia_oracle_v2_q3,results/experiments/somalia_oracle/v2_q3/models/y2025_h03_o2025-07_B_q3_direct.ubj,183029,5d8d1c53dc5da5a61e3d4a5c4915ea6f233ef8c7cefd9df38e73d0c0a71ce2e8,booster,bundle:models.tar,
somalia_oracle_v2_q3,results/experiments/somalia_oracle/v2_q3/models/y2025_h03_o2025-07_B_q4.ubj,226809,83e5108ef2dbc9f473d88aa497b93c1a504fdd56984e0b857e029529298e9292,booster,bundle:models.tar,
somalia_oracle_v2_q3,results/experiments/somalia_oracle/v2_q3/models/y2025_h03_o2025-07_B_q5.ubj,215014,47dfdd8d942ed5a92c09b33acafba2bff6041ea1376068bec8d04adf8bf08a68,booster,bundle:models.tar,
somalia_oracle_v2_q3,results/experiments/somalia_oracle/v2_q3/models/y2025_h03_o2025-07_C_q2.ubj,222575,0863e0d4ed2cbf7271bb7999101ea4f9b31537fad8edc02da623eaaa61e12f9b,booster,bundle:models.tar,
somalia_oracle_v2_q3,results/experiments/somalia_oracle/v2_q3/models/y2025_h03_o2025-07_C_q3_direct.ubj,183503,431a7bd1d28a0786606eb0fd5a838b4b823d3a424c01a85b167bf3134609c538,booster,bundle:models.tar,
somalia_oracle_v2_q3,results/experiments/somalia_oracle/v2_q3/models/y2025_h03_o2025-07_C_q4.ubj,225650,0728bf6a718d0f7cc2060c1f2afb7f9c0a1763b3758b31b7c19cc995f7e19324,booster,bundle:models.tar,
somalia_oracle_v2_q3,results/experiments/somalia_oracle/v2_q3/models/y2025_h03_o2025-07_C_q5.ubj,215904,c4cc774e8c61e170c81350c59e004cb1f5b406d8f7dd3fb4dc9d24e4b8feee7b,booster,bundle:models.tar,
somalia_oracle_v2_q3,results/experiments/somalia_oracle/v2_q3/models/y2025_h03_o2025-07_D_direct_q2.ubj,222222,b640d76f3e7ebbd93f1dbfb8aab0c9a406ed59448668eda737d3597aebe9aca2,booster,bundle:models.tar,
somalia_oracle_v2_q3,results/experiments/somalia_oracle/v2_q3/models/y2025_h03_o2025-07_D_direct_q3_direct.ubj,175123,3b0404ec332afef7cb45aa0ad266619b670910edcb79adc014cf9b0a97db1d4c,booster,bundle:models.tar,
somalia_oracle_v2_q3,results/experiments/somalia_oracle/v2_q3/models/y2025_h03_o2025-07_D_direct_q4.ubj,222567,28fb2e08a33c68365a62e4d3b07847a4401b1acbf2aa57b005fd85d0376ab803,booster,bundle:models.tar,
somalia_oracle_v2_q3,results/experiments/somalia_oracle/v2_q3/models/y2025_h03_o2025-07_D_direct_q5.ubj,208649,20781c83dbc2c9b65bed423604f89392dbffc23155cdc7ed1a30d91f0f62adc1,booster,bundle:models.tar,
somalia_oracle_v2_q3,results/experiments/somalia_oracle/v2_q3/models/y2025_h03_o2025-07_D_residual_q2.ubj,2348067,3ae7c6efbaa06f95d036f241e1bc154ceb26b72124f641caecaccdeb5a8905ee,booster,bundle:models.tar,
somalia_oracle_v2_q3,results/experiments/somalia_oracle/v2_q3/models/y2025_h03_o2025-07_D_residual_q3_direct.ubj,167954,6bf01bb505f27dafb66025c9b933d56f386d6452587f49b696a2286acf64b990,booster,bundle:models.tar,
somalia_oracle_v2_q3,results/experiments/somalia_oracle/v2_q3/models/y2025_h03_o2025-07_D_residual_q3_residual_delta.ubj,157001,b6af3b3f43c689fb3c65e15b2c50bb85923d6230560154d3d8f5e8eaba733c7b,booster,bundle:models.tar,
somalia_oracle_v2_q3,results/experiments/somalia_oracle/v2_q3/models/y2025_h03_o2025-07_D_residual_q4.ubj,1898813,96d0a2818d42d044d4d8212b24a9465da94c4f36d88dbdea69590601344c4360,booster,bundle:models.tar,
somalia_oracle_v2_q3,results/experiments/somalia_oracle/v2_q3/models/y2025_h03_o2025-07_D_residual_q5.ubj,491173,d95801aff4964eccff3872c2b6fa5d012d9fea1f58c2ab75a16e6614f70cc210,booster,bundle:models.tar,
somalia_oracle_v2_q3,results/experiments/somalia_oracle/v2_q3/models/y2025_h06_o2024-10_A_q2.ubj,1004205,1fda7a5f8e3b752e561ee3a18cf64b568305ea68850bbbb904a1ef5d7574e6e1,booster,bundle:models.tar,
somalia_oracle_v2_q3,results/experiments/somalia_oracle/v2_q3/models/y2025_h06_o2024-10_A_q3_direct.ubj,442535,dc81767e8d529493dbff09c5b5cede7f3aba793e6b7d0cb0af4351e5a1f5f182,booster,bundle:models.tar,
somalia_oracle_v2_q3,results/experiments/somalia_oracle/v2_q3/models/y2025_h06_o2024-10_A_q4.ubj,996113,7fe26772bab9616e58f09a09e1ad89a6bf19330e9ad1bccb57a56cb07c44db99,booster,bundle:models.tar,
somalia_oracle_v2_q3,results/experiments/somalia_oracle/v2_q3/models/y2025_h06_o2024-10_A_q5.ubj,866029,1bcdf8728c598df5b2d0f13db5fae2b4622969c3d04a54d586ed7e945c54b22c,booster,bundle:models.tar,
somalia_oracle_v2_q3,results/experiments/somalia_oracle/v2_q3/models/y2025_h06_o2024-10_B_q2.ubj,222985,7078cdcd11b75d2346440ccbe9a9705d86290fedcb9825330479f48f048e6b71,booster,bundle:models.tar,
somalia_oracle_v2_q3,results/experiments/somalia_oracle/v2_q3/models/y2025_h06_o2024-10_B_q3_direct.ubj,205251,ae4aa19c1c5aab6861b11785d9df4aa012ecfe5a2137cfdddd3976ccf730dd1b,booster,bundle:models.tar,
somalia_oracle_v2_q3,results/experiments/somalia_oracle/v2_q3/models/y2025_h06_o2024-10_B_q4.ubj,226059,01671e61a721b943cae8ed600a1f93af6f2052826bb6ed4a45d419d9c72503ae,booster,bundle:models.tar,
somalia_oracle_v2_q3,results/experiments/somalia_oracle/v2_q3/models/y2025_h06_o2024-10_B_q5.ubj,214597,3dd5b738c201dc29ba4723cec84b9b1963be185a728a04b43c07e9c01b963c83,booster,bundle:models.tar,
somalia_oracle_v2_q3,results/experiments/somalia_oracle/v2_q3/models/y2025_h06_o2024-10_C_q2.ubj,223398,3519a73112a44f9eef72de4b1c33277887fc10a883d2eb903ac8c74c9587c6ad,booster,bundle:models.tar,
somalia_oracle_v2_q3,results/experiments/somalia_oracle/v2_q3/models/y2025_h06_o2024-10_C_q3_direct.ubj,202933,010c04c028b3ab725c8e9fd33d2292a1ed04bac89b46d8e6bff0922b6b581666,booster,bundle:models.tar,
somalia_oracle_v2_q3,results/experiments/somalia_oracle/v2_q3/models/y2025_h06_o2024-10_C_q4.ubj,226262,0274b8f751b79b902ddce74584430bca83b3f2a248f1e3a81f673b9a12cbc104,booster,bundle:models.tar,
somalia_oracle_v2_q3,results/experiments/somalia_oracle/v2_q3/models/y2025_h06_o2024-10_C_q5.ubj,215210,0456d1da9f5ebdbe57c3bf51676ca59458f42ea8bf6950dc1f189f3427761a94,booster,bundle:models.tar,
somalia_oracle_v2_q3,results/experiments/somalia_oracle/v2_q3/models/y2025_h06_o2024-10_D_direct_q2.ubj,224483,3fd6ea937d20e13fd3d956a35dc53066b04c72dd4ea761d92d86b049b7604e0d,booster,bundle:models.tar,
somalia_oracle_v2_q3,results/experiments/somalia_oracle/v2_q3/models/y2025_h06_o2024-10_D_direct_q3_direct.ubj,196182,ab3d5891116ae5b0e3601e51f24977597c9fe9b078daea8fe33b7078b72e8a55,booster,bundle:models.tar,
somalia_oracle_v2_q3,results/experiments/somalia_oracle/v2_q3/models/y2025_h06_o2024-10_D_direct_q4.ubj,221610,b4f1a8e6ae65d186e18da400c027a1569d25dcb22f3b13e7de40c44e644f97f7,booster,bundle:models.tar,
somalia_oracle_v2_q3,results/experiments/somalia_oracle/v2_q3/models/y2025_h06_o2024-10_D_direct_q5.ubj,211454,d74b6da5d3676e05f316bffe730e6bfc2efbf300fa415f8a1f2006b0e18444cc,booster,bundle:models.tar,
somalia_oracle_v2_q3,results/experiments/somalia_oracle/v2_q3/models/y2025_h06_o2024-10_D_residual_q2.ubj,2658354,1d3f2708d7ccca2770f67a3cffb2bb83deabc687daf2e7ead27c66e8f9460bf5,booster,bundle:models.tar,
somalia_oracle_v2_q3,results/experiments/somalia_oracle/v2_q3/models/y2025_h06_o2024-10_D_residual_q3_direct.ubj,187208,fbf4e3ff335aaf0b93b50dbf8e31e42ef55aed8a2c7f1bf329966277f7d490d7,booster,bundle:models.tar,
somalia_oracle_v2_q3,results/experiments/somalia_oracle/v2_q3/models/y2025_h06_o2024-10_D_residual_q3_residual_delta.ubj,164487,3f02cd0a31d4c7c0ed1a4b8ad9fb74ac3b9e99d69fe62b25452468a901f8e141,booster,bundle:models.tar,
somalia_oracle_v2_q3,results/experiments/somalia_oracle/v2_q3/models/y2025_h06_o2024-10_D_residual_q4.ubj,2186159,80bdfc0cf787f356b6d82d28d342807c86cdf8fa8627ad5df1d7fbc6df50c771,booster,bundle:models.tar,
somalia_oracle_v2_q3,results/experiments/somalia_oracle/v2_q3/models/y2025_h06_o2024-10_D_residual_q5.ubj,564481,93da640022d2a8c41efe858785c89e9c36ab1582fe99bd827efacae2122c3bbd,booster,bundle:models.tar,
somalia_oracle_v2_q3,results/experiments/somalia_oracle/v2_q3/models/y2025_h06_o2025-01_A_q2.ubj,1003457,9f2189829e0a8360dc2c88435e72db6896f73fa92ae522fe6e9e4ad36c02b81d,booster,bundle:models.tar,
somalia_oracle_v2_q3,results/experiments/somalia_oracle/v2_q3/models/y2025_h06_o2025-01_A_q3_direct.ubj,430483,7dde6203463a92396b20ea0b0d5e7fbba6b879c1b959dbf7eb88eab2f46ddd4a,booster,bundle:models.tar,
somalia_oracle_v2_q3,results/experiments/somalia_oracle/v2_q3/models/y2025_h06_o2025-01_A_q4.ubj,993053,ab1c5e9f20ab8ca85fcacaf89eddc657d1aa8b5d8ce8419bdebdef8d324f0d0b,booster,bundle:models.tar,
somalia_oracle_v2_q3,results/experiments/somalia_oracle/v2_q3/models/y2025_h06_o2025-01_A_q5.ubj,855421,d93ac5cacedec10a0cdfe6c7ad79a734801d4b9289ddb11ae7fd7f4d63f0b098,booster,bundle:models.tar,
somalia_oracle_v2_q3,results/experiments/somalia_oracle/v2_q3/models/y2025_h06_o2025-01_B_q2.ubj,223052,94c9aa2805cba608a5acef10a2913bcc3cc79f00d8d04735f3551665be293d4b,booster,bundle:models.tar,
somalia_oracle_v2_q3,results/experiments/somalia_oracle/v2_q3/models/y2025_h06_o2025-01_B_q3_direct.ubj,198839,03bbdeefa14e2cbb68b3498c3748d06919fa4832c2cc20cd88b598bfb3d869ed,booster,bundle:models.tar,
somalia_oracle_v2_q3,results/experiments/somalia_oracle/v2_q3/models/y2025_h06_o2025-01_B_q4.ubj,225586,c5f6af3512549a84ade5ba890c1e0f290401dfcfe34809e12cb3087c0872234c,booster,bundle:models.tar,
somalia_oracle_v2_q3,results/experiments/somalia_oracle/v2_q3/models/y2025_h06_o2025-01_B_q5.ubj,211597,c35b93c950425e07ad43e3f97442828d921b58233f9d5d48841f9743f65be776,booster,bundle:models.tar,
somalia_oracle_v2_q3,results/experiments/somalia_oracle/v2_q3/models/y2025_h06_o2025-01_C_q2.ubj,223329,5dc6d91c473167e6493397051a70f0c333e4664af303bc710aee96711e0dc941,booster,bundle:models.tar,
somalia_oracle_v2_q3,results/experiments/somalia_oracle/v2_q3/models/y2025_h06_o2025-01_C_q3_direct.ubj,197620,c97db6e78089d6a8f42d9fe97e2e7270ac63764d1d790a7c62c9aecf63d178d4,booster,bundle:models.tar,
somalia_oracle_v2_q3,results/experiments/somalia_oracle/v2_q3/models/y2025_h06_o2025-01_C_q4.ubj,226201,6f495f0731c218f448b77b03e55599f81daa14ed72c805e76883e23ad86ff966,booster,bundle:models.tar,
somalia_oracle_v2_q3,results/experiments/somalia_oracle/v2_q3/models/y2025_h06_o2025-01_C_q5.ubj,214190,1d94d2d6ea040dde82ee82bdcf6459c9305c46bec40f76c75cf59a925c4a24ee,booster,bundle:models.tar,
somalia_oracle_v2_q3,results/experiments/somalia_oracle/v2_q3/models/y2025_h06_o2025-01_D_direct_q2.ubj,223802,e18c0da07a75a467a26337f71882da8764ad640117db7fab1b3b2413bb5a10f7,booster,bundle:models.tar,
somalia_oracle_v2_q3,results/experiments/somalia_oracle/v2_q3/models/y2025_h06_o2025-01_D_direct_q3_direct.ubj,191408,d4d8ac76cf4676a1a2aea99528d08b2d8f6f98b9e0c5217854f8185d3d63a4cd,booster,bundle:models.tar,
somalia_oracle_v2_q3,results/experiments/somalia_oracle/v2_q3/models/y2025_h06_o2025-01_D_direct_q4.ubj,220384,b89bf1affcd820b984b1c8fd1f852f8aeb7e60480c26cdb88451cdc2f76564ff,booster,bundle:models.tar,
somalia_oracle_v2_q3,results/experiments/somalia_oracle/v2_q3/models/y2025_h06_o2025-01_D_direct_q5.ubj,213165,ff9dab2f4f60e5ea5bb7af3862310ede66e54bfb2212eee10a63b560ef26be72,booster,bundle:models.tar,
somalia_oracle_v2_q3,results/experiments/somalia_oracle/v2_q3/models/y2025_h06_o2025-01_D_residual_q2.ubj,2601642,bb3638f7d69b0ee31bc00ad9ece610f919b0330cad4ca12527f8f2b73216ed20,booster,bundle:models.tar,
somalia_oracle_v2_q3,results/experiments/somalia_oracle/v2_q3/models/y2025_h06_o2025-01_D_residual_q3_direct.ubj,181015,327f167f6e787e7b8d0b00da09750745daa75aeac51b22477ec58e1d57442937,booster,bundle:models.tar,
somalia_oracle_v2_q3,results/experiments/somalia_oracle/v2_q3/models/y2025_h06_o2025-01_D_residual_q3_residual_delta.ubj,162582,579a9ff81bc95627b004e350313b1fc44b2d682d8485118c28f6466005690ab2,booster,bundle:models.tar,
somalia_oracle_v2_q3,results/experiments/somalia_oracle/v2_q3/models/y2025_h06_o2025-01_D_residual_q4.ubj,2189816,a0bb972ff3b7d434d8a2188f7845e41f8c34a7305547c28927e93873a31c5b3d,booster,bundle:models.tar,
somalia_oracle_v2_q3,results/experiments/somalia_oracle/v2_q3/models/y2025_h06_o2025-01_D_residual_q5.ubj,563872,49e7fe8dc0814e165fb90512ecb8d6c6eb49b5b5834a8d138f89821844af2caa,booster,bundle:models.tar,
somalia_oracle_v2_q3,results/experiments/somalia_oracle/v2_q3/models/y2025_h06_o2025-03_A_q2.ubj,983873,9984b7a9a62d8d8dec7482ec513e3a68072e85f54b98e92c54a9a485384a00b7,booster,bundle:models.tar,
somalia_oracle_v2_q3,results/experiments/somalia_oracle/v2_q3/models/y2025_h06_o2025-03_A_q3_direct.ubj,423947,04f89a757c97eebba7a9456b8d01850d7df6a5f4fa8899ab1b94a13d800cfa98,booster,bundle:models.tar,
somalia_oracle_v2_q3,results/experiments/somalia_oracle/v2_q3/models/y2025_h06_o2025-03_A_q4.ubj,984417,3b81917c51a3f221b0772b24674c60a97709a45903a419f1756e3ebd213b7ac3,booster,bundle:models.tar,
somalia_oracle_v2_q3,results/experiments/somalia_oracle/v2_q3/models/y2025_h06_o2025-03_A_q5.ubj,865893,288b119a7bc6491c7559fd099e9fe48ec1e34dc4a533368d6b5dae7c19ac7250,booster,bundle:models.tar,
somalia_oracle_v2_q3,results/experiments/somalia_oracle/v2_q3/models/y2025_h06_o2025-03_B_q2.ubj,223261,3eb24b912e3efe3a120db3e1ddc841ec743d50b5dc874e672dfeb4a5a28188e7,booster,bundle:models.tar,
somalia_oracle_v2_q3,results/experiments/somalia_oracle/v2_q3/models/y2025_h06_o2025-03_B_q3_direct.ubj,194888,5175fb24c0f64cd9a25e4e670a0eb3b32be306d7ca0c790b3ce787d9e47c825e,booster,bundle:models.tar,
somalia_oracle_v2_q3,results/experiments/somalia_oracle/v2_q3/models/y2025_h06_o2025-03_B_q4.ubj,224835,bb85ec94391f54eb40cb57cdd735525e9419cc8fb0bf57edb41524e3704ae36a,booster,bundle:models.tar,
somalia_oracle_v2_q3,results/experiments/somalia_oracle/v2_q3/models/y2025_h06_o2025-03_B_q5.ubj,210906,f541e969186b3e34f5fa2525b76ec08b41ec3656f4d9b5511d9e65d8478c9d47,booster,bundle:models.tar,
somalia_oracle_v2_q3,results/experiments/somalia_oracle/v2_q3/models/y2025_h06_o2025-03_C_q2.ubj,223125,0f7146eae8739595fc49eb72bc64d833877306be1bc679e6727640c96c40ea13,booster,bundle:models.tar,
somalia_oracle_v2_q3,results/experiments/somalia_oracle/v2_q3/models/y2025_h06_o2025-03_C_q3_direct.ubj,194141,af69c164a905d433f5c1cb7aa6813de970df8e2b0a76e81b44e553b388c3e4d2,booster,bundle:models.tar,
somalia_oracle_v2_q3,results/experiments/somalia_oracle/v2_q3/models/y2025_h06_o2025-03_C_q4.ubj,225246,580561461e0c2f2497b927c207a42023ab476ffec6405c55cb8de84bdd424aed,booster,bundle:models.tar,
somalia_oracle_v2_q3,results/experiments/somalia_oracle/v2_q3/models/y2025_h06_o2025-03_C_q5.ubj,209066,0b0f7409ff4db3546f4b27b03bde189128eeb6cfe0b0e1e4df88c3820515c031,booster,bundle:models.tar,
somalia_oracle_v2_q3,results/experiments/somalia_oracle/v2_q3/models/y2025_h06_o2025-03_D_direct_q2.ubj,224895,b51cef6abd059026444d4249eed7f8c9d54f3c4234a8edf29efd7199d82d19e0,booster,bundle:models.tar,
somalia_oracle_v2_q3,results/experiments/somalia_oracle/v2_q3/models/y2025_h06_o2025-03_D_direct_q3_direct.ubj,188956,a040c1bce7a50f190dc1f401ea2580b01187e0d7de6053ae2b5510590607b2b2,booster,bundle:models.tar,
somalia_oracle_v2_q3,results/experiments/somalia_oracle/v2_q3/models/y2025_h06_o2025-03_D_direct_q4.ubj,220046,8025105f338d2244f026675194934c16f1be203573a794f91064abea44808752,booster,bundle:models.tar,
somalia_oracle_v2_q3,results/experiments/somalia_oracle/v2_q3/models/y2025_h06_o2025-03_D_direct_q5.ubj,209746,c8c20732eb776cc796007cf9927ef64af8879bf8b9600e3ab174379b2fadf781,booster,bundle:models.tar,
somalia_oracle_v2_q3,results/experiments/somalia_oracle/v2_q3/models/y2025_h06_o2025-03_D_residual_q2.ubj,2638021,867b30e7e491b8bffb45589288943a42caf9f1e066b65ec3348062913c2da976,booster,bundle:models.tar,
somalia_oracle_v2_q3,results/experiments/somalia_oracle/v2_q3/models/y2025_h06_o2025-03_D_residual_q3_direct.ubj,177480,313c32e75452dbedf03be0f91b05ecd03c4c4ba6bbdc6cb73f99077fb70680d7,booster,bundle:models.tar,
somalia_oracle_v2_q3,results/experiments/somalia_oracle/v2_q3/models/y2025_h06_o2025-03_D_residual_q3_residual_delta.ubj,160948,5f5538b9bf544fb5b34694eee405bbc15602acfec609ad0e42bb69b51967bec1,booster,bundle:models.tar,
somalia_oracle_v2_q3,results/experiments/somalia_oracle/v2_q3/models/y2025_h06_o2025-03_D_residual_q4.ubj,2216792,c277010181754e8e5df10c1f1ec3b01d14e4f6a441ed0775771bc9f5ecd37e1e,booster,bundle:models.tar,
somalia_oracle_v2_q3,results/experiments/somalia_oracle/v2_q3/models/y2025_h06_o2025-03_D_residual_q5.ubj,564274,3f67538f39b00fd136da797f653fc4e274571ec38cb5854f174c168c9a1bb4cf,booster,bundle:models.tar,
somalia_oracle_v2_q3,results/experiments/somalia_oracle/v2_q3/models/y2025_h06_o2025-04_A_q2.ubj,978569,f0c1940ba7a7f5847f336111004b5d0e44ee6a2e41daa06273e8b90adbe2c7dd,booster,bundle:models.tar,
somalia_oracle_v2_q3,results/experiments/somalia_oracle/v2_q3/models/y2025_h06_o2025-04_A_q3_direct.ubj,420274,99ecce78972375f78e267270e3b19a12a3fbca68f909ad32eeb05d134dae38a8,booster,bundle:models.tar,
somalia_oracle_v2_q3,results/experiments/somalia_oracle/v2_q3/models/y2025_h06_o2025-04_A_q4.ubj,979249,b5731da0b4f96aee160255180e16538f373d8208fece73bc21e41fabef243a36,booster,bundle:models.tar,
somalia_oracle_v2_q3,results/experiments/somalia_oracle/v2_q3/models/y2025_h06_o2025-04_A_q5.ubj,850865,24760557b62696e2d28c389c17b044c5a88d933def5d86f72ae5f6bb5157c2b3,booster,bundle:models.tar,
somalia_oracle_v2_q3,results/experiments/somalia_oracle/v2_q3/models/y2025_h06_o2025-04_B_q2.ubj,222649,0e9d2810c95c550817e6ed91f691238515f6dfc00dc3eeec67a8150c27ffb1e1,booster,bundle:models.tar,
somalia_oracle_v2_q3,results/experiments/somalia_oracle/v2_q3/models/y2025_h06_o2025-04_B_q3_direct.ubj,193118,dfcb4316d3fade591cea84380ec10dc7ae847c239bc5226aa161b47353eeca71,booster,bundle:models.tar,
somalia_oracle_v2_q3,results/experiments/somalia_oracle/v2_q3/models/y2025_h06_o2025-04_B_q4.ubj,223679,4887d80a79981dd3d907be4873b4fb85e1f63c010671f94b397d3b8bf251bd24,booster,bundle:models.tar,
somalia_oracle_v2_q3,results/experiments/somalia_oracle/v2_q3/models/y2025_h06_o2025-04_B_q5.ubj,214117,71b5f72ea91033c8f49b289212587da03a55fbaaeecf63bbcef88955bdddcf9d,booster,bundle:models.tar,
somalia_oracle_v2_q3,results/experiments/somalia_oracle/v2_q3/models/y2025_h06_o2025-04_C_q2.ubj,222921,5f823beb113a557c636b16c26a8906d0b2861c90db6ea07c43967e32a489ef13,booster,bundle:models.tar,
somalia_oracle_v2_q3,results/experiments/somalia_oracle/v2_q3/models/y2025_h06_o2025-04_C_q3_direct.ubj,191961,6e895387cbd764af5419f346c6014244318d67d29e09587174af3eb2e22a20bc,booster,bundle:models.tar,
somalia_oracle_v2_q3,results/experiments/somalia_oracle/v2_q3/models/y2025_h06_o2025-04_C_q4.ubj,223743,957e609fec8a97a6b071caa80d145a3be59ab3e9ebdd283559802e1495bba172,booster,bundle:models.tar,
somalia_oracle_v2_q3,results/experiments/somalia_oracle/v2_q3/models/y2025_h06_o2025-04_C_q5.ubj,213785,056bea299c36c4eef9c637b68be0f3f319f959503d62b3b43c0ade3af3d81991,booster,bundle:models.tar,
somalia_oracle_v2_q3,results/experiments/somalia_oracle/v2_q3/models/y2025_h06_o2025-04_D_direct_q2.ubj,223735,8acd9e1bdccd75dab24dc9110274a93109b92e2cf370e3b5f13a5d77dd803fa5,booster,bundle:models.tar,
somalia_oracle_v2_q3,results/experiments/somalia_oracle/v2_q3/models/y2025_h06_o2025-04_D_direct_q3_direct.ubj,187388,5618744b1e0b50089343c7bf10588c886d574d488e5e503f05cc0c39f87ae225,booster,bundle:models.tar,
somalia_oracle_v2_q3,results/experiments/somalia_oracle/v2_q3/models/y2025_h06_o2025-04_D_direct_q4.ubj,218337,d8ac364db0fd98ee51eef4b276024630b062ca1fe0d2bba58b0a262420db6d73,booster,bundle:models.tar,
somalia_oracle_v2_q3,results/experiments/somalia_oracle/v2_q3/models/y2025_h06_o2025-04_D_direct_q5.ubj,210025,0894566ba5eec267f618e22167b0e96faa59a8c520929a3f71e949116bd828a3,booster,bundle:models.tar,
somalia_oracle_v2_q3,results/experiments/somalia_oracle/v2_q3/models/y2025_h06_o2025-04_D_residual_q2.ubj,2832365,2d03fa93afbf5e9b7799d113cf82f53e799766f8f2836f00df63f8a2252434c4,booster,bundle:models.tar,
somalia_oracle_v2_q3,results/experiments/somalia_oracle/v2_q3/models/y2025_h06_o2025-04_D_residual_q3_direct.ubj,176456,1494f4f819bc78e64dfd6b208e69c1ac002305633d0fcaec158c279e8a9e9355,booster,bundle:models.tar,
somalia_oracle_v2_q3,results/experiments/somalia_oracle/v2_q3/models/y2025_h06_o2025-04_D_residual_q3_residual_delta.ubj,160746,8c422d0464f71a1075c85856f00d588d459e9e8426541ff94edfc787189f98be,booster,bundle:models.tar,
somalia_oracle_v2_q3,results/experiments/somalia_oracle/v2_q3/models/y2025_h06_o2025-04_D_residual_q4.ubj,2231147,0fa6ee50da6164d9587351f4841b821a3e85d8111006a381ae093dbea85d716d,booster,bundle:models.tar,
somalia_oracle_v2_q3,results/experiments/somalia_oracle/v2_q3/models/y2025_h06_o2025-04_D_residual_q5.ubj,558982,f1e5b9f2be8a6bb45442e059efa3f675c829e72339d1d8a3da2942538c0c6bfc,booster,bundle:models.tar,
somalia_oracle_v2_q3,results/experiments/somalia_oracle/v2_q3/models/y2025_h12_o2024-04_A_q2.ubj,997134,7983c0b1a256ad25f8cef4c07cdf6c52aff0b6d56efda60917261347d577ec88,booster,bundle:models.tar,
somalia_oracle_v2_q3,results/experiments/somalia_oracle/v2_q3/models/y2025_h12_o2024-04_A_q3_direct.ubj,463020,438a27481a5f5242879bd76a44038ac8cff9ca8472019c9d9ac1ce3171142c98,booster,bundle:models.tar,
somalia_oracle_v2_q3,results/experiments/somalia_oracle/v2_q3/models/y2025_h12_o2024-04_A_q4.ubj,1024606,f6639b4fbe00d872c65a92b4424ca94a8042fdf4aa87cf9e061f7c2e9aa935b8,booster,bundle:models.tar,
somalia_oracle_v2_q3,results/experiments/somalia_oracle/v2_q3/models/y2025_h12_o2024-04_A_q5.ubj,893025,a1b3c320d493a5cc201acc1e433dfb47cd0af21f354c8397f37292b7ddc83e3d,booster,bundle:models.tar,
somalia_oracle_v2_q3,results/experiments/somalia_oracle/v2_q3/models/y2025_h12_o2024-04_B_q2.ubj,221684,abe2247461bd0dcf30cd76bc187c6a9d6dc0a422d386f3e30c0772aef9f0640f,booster,bundle:models.tar,
somalia_oracle_v2_q3,results/experiments/somalia_oracle/v2_q3/models/y2025_h12_o2024-04_B_q3_direct.ubj,211804,e9bca08fdac581c8eb2f42488bad8372c1d9daa21b4c24d11349f3624c6ed66e,booster,bundle:models.tar,
somalia_oracle_v2_q3,results/experiments/somalia_oracle/v2_q3/models/y2025_h12_o2024-04_B_q4.ubj,223185,15291db7b94fd723f7b9de672b1134ca0383884387667554a34f7c9c7f1a17b5,booster,bundle:models.tar,
somalia_oracle_v2_q3,results/experiments/somalia_oracle/v2_q3/models/y2025_h12_o2024-04_B_q5.ubj,216908,3ebc85ef19effa52b450baf67a592d1f6c152bbef354fde18fbd4c8ddeb65bfe,booster,bundle:models.tar,
somalia_oracle_v2_q3,results/experiments/somalia_oracle/v2_q3/models/y2025_h12_o2024-04_C_q2.ubj,222434,c74a9f0740dd1dd0677ef8a26f90768f22a57ef9e552dd623bbe063dd041adc7,booster,bundle:models.tar,
somalia_oracle_v2_q3,results/experiments/somalia_oracle/v2_q3/models/y2025_h12_o2024-04_C_q3_direct.ubj,210909,0028c940ce8fba7d59526c137a5e66bb77e102ad2586a4ccafe96e882ce461d5,booster,bundle:models.tar,
somalia_oracle_v2_q3,results/experiments/somalia_oracle/v2_q3/models/y2025_h12_o2024-04_C_q4.ubj,224344,d81f9088fc8736ebf3bc0475165b87457aac0169fe7d6f15f83973363498a443,booster,bundle:models.tar,
somalia_oracle_v2_q3,results/experiments/somalia_oracle/v2_q3/models/y2025_h12_o2024-04_C_q5.ubj,218827,148aa1ec6877251152a937b0b8a5f55905e35af539857ebb3fc6bbef9af05bbb,booster,bundle:models.tar,
somalia_oracle_v2_q3,results/experiments/somalia_oracle/v2_q3/models/y2025_h12_o2024-04_D_direct_q2.ubj,221281,31a7cb00e5321ad5cc6f6f067b1de38308df3a4e3769e7f5c648beedf105f31c,booster,bundle:models.tar,
somalia_oracle_v2_q3,results/experiments/somalia_oracle/v2_q3/models/y2025_h12_o2024-04_D_direct_q3_direct.ubj,207366,191f7af70a5be73f2b9a3e071cd9d110585d7856522f2e05848bffd5d4cafd06,booster,bundle:models.tar,
somalia_oracle_v2_q3,results/experiments/somalia_oracle/v2_q3/models/y2025_h12_o2024-04_D_direct_q4.ubj,222910,256b1334c9c6779ff1cd0203d26417d9fba6eb931cfd616c49470cd2b27e2a8a,booster,bundle:models.tar,
somalia_oracle_v2_q3,results/experiments/somalia_oracle/v2_q3/models/y2025_h12_o2024-04_D_direct_q5.ubj,218621,2a567f2efd107dd316f4657fb316c3bd04c9ef0df86e1e320311476500aed20c,booster,bundle:models.tar,
somalia_oracle_v2_q3,results/experiments/somalia_oracle/v2_q3/models/y2025_h12_o2024-04_D_residual_q2.ubj,2711126,c61cb99d2979b06e2e72870e2bd9b1377d6174937df9fe3c47450a515e05af78,booster,bundle:models.tar,
somalia_oracle_v2_q3,results/experiments/somalia_oracle/v2_q3/models/y2025_h12_o2024-04_D_residual_q3_direct.ubj,198165,f1b5d3f44b62dcd159d73760dce95dbd93b8e583040e5bdc072cbbe22fff8e28,booster,bundle:models.tar,
somalia_oracle_v2_q3,results/experiments/somalia_oracle/v2_q3/models/y2025_h12_o2024-04_D_residual_q3_residual_delta.ubj,148904,72d58911fcbcc8404219ee9ea251c913d9cddfd11e3bc2f8c5846dd92e087723,booster,bundle:models.tar,
somalia_oracle_v2_q3,results/experiments/somalia_oracle/v2_q3/models/y2025_h12_o2024-04_D_residual_q4.ubj,2215147,ebd373dc932eb506d79b485ca6dbc990de7f8fb2f0928eacf8209e5bd38e506e,booster,bundle:models.tar,
somalia_oracle_v2_q3,results/experiments/somalia_oracle/v2_q3/models/y2025_h12_o2024-04_D_residual_q5.ubj,565753,49e559d6bafa77e0ca5786636cd2fa578f83cb86a6456c505ce889d0fd66394a,booster,bundle:models.tar,
somalia_oracle_v2_q3,results/experiments/somalia_oracle/v2_q3/models/y2025_h12_o2024-07_A_q2.ubj,1011141,8cfa4c4d8c3d0554be5b0bccdffebb209e8527b648c061e2c4a93e30c3bfe0db,booster,bundle:models.tar,
somalia_oracle_v2_q3,results/experiments/somalia_oracle/v2_q3/models/y2025_h12_o2024-07_A_q3_direct.ubj,460019,a19b58728dd5a01a8848f28cc951e3d132f255128bcf80ade43a7fe97bd16607,booster,bundle:models.tar,
somalia_oracle_v2_q3,results/experiments/somalia_oracle/v2_q3/models/y2025_h12_o2024-07_A_q4.ubj,1008965,2b3d9a5bfd5198d6e5f9b1b2dc86643bcd459b1404db07f23894325f41a03b30,booster,bundle:models.tar,
somalia_oracle_v2_q3,results/experiments/somalia_oracle/v2_q3/models/y2025_h12_o2024-07_A_q5.ubj,902069,52853530d8c33f120a6cfce7bbab9aacd9da6939af58ce3de7a6fc35f7c609ee,booster,bundle:models.tar,
somalia_oracle_v2_q3,results/experiments/somalia_oracle/v2_q3/models/y2025_h12_o2024-07_B_q2.ubj,224143,b4293726f3a2c5d2b60940a757eee1640f4b088f72a60d22252227d9007286fe,booster,bundle:models.tar,
somalia_oracle_v2_q3,results/experiments/somalia_oracle/v2_q3/models/y2025_h12_o2024-07_B_q3_direct.ubj,211317,55d1899c960c2e9d5287348790e3d9d68fb5356e1fbdcb89ad65d84708460e53,booster,bundle:models.tar,
somalia_oracle_v2_q3,results/experiments/somalia_oracle/v2_q3/models/y2025_h12_o2024-07_B_q4.ubj,222916,ed7e399014e1c16ecacfbb297e86773e59b2e65dc6641ea8c5971f33bc522d37,booster,bundle:models.tar,
somalia_oracle_v2_q3,results/experiments/somalia_oracle/v2_q3/models/y2025_h12_o2024-07_B_q5.ubj,215281,0e9981996ccdcaea42e3148baebd3ed10c8b984422e8df527f9bdbfd299abd56,booster,bundle:models.tar,
somalia_oracle_v2_q3,results/experiments/somalia_oracle/v2_q3/models/y2025_h12_o2024-07_C_q2.ubj,225372,4d511298af34ce426a86a281256889892d4508af89e53b1cb085f4f46ebf129e,booster,bundle:models.tar,
somalia_oracle_v2_q3,results/experiments/somalia_oracle/v2_q3/models/y2025_h12_o2024-07_C_q3_direct.ubj,211459,0cb973dbecfd56a183a9d1b192ab0ba8d55543fb2850535f74ca2695c445675f,booster,bundle:models.tar,
somalia_oracle_v2_q3,results/experiments/somalia_oracle/v2_q3/models/y2025_h12_o2024-07_C_q4.ubj,222775,ac1b37b61e3ad059eac3f1749b10c27320cb5b454289fb884bd621dd2e3d65e8,booster,bundle:models.tar,
somalia_oracle_v2_q3,results/experiments/somalia_oracle/v2_q3/models/y2025_h12_o2024-07_C_q5.ubj,218227,bfdca4998f27eae56f30ba5bc45107f20585067d50e320eb7f8f41d2152c2849,booster,bundle:models.tar,
somalia_oracle_v2_q3,results/experiments/somalia_oracle/v2_q3/models/y2025_h12_o2024-07_D_direct_q2.ubj,222435,6f221258bba7ac27d7f90d6124a6d6692d7ebc4b4d82a912ea003850171f537b,booster,bundle:models.tar,
somalia_oracle_v2_q3,results/experiments/somalia_oracle/v2_q3/models/y2025_h12_o2024-07_D_direct_q3_direct.ubj,205046,c3ca0dc4b993227d1243f216cb229c4c43c8262ee29e2be4dba1ad983fbf9dab,booster,bundle:models.tar,
somalia_oracle_v2_q3,results/experiments/somalia_oracle/v2_q3/models/y2025_h12_o2024-07_D_direct_q4.ubj,223395,9e7fe4ab549371fc6d86d8c57d0f9ca3d8634e8dff42854170f6d2cfb0f7616a,booster,bundle:models.tar,
somalia_oracle_v2_q3,results/experiments/somalia_oracle/v2_q3/models/y2025_h12_o2024-07_D_direct_q5.ubj,217955,2ad49af12f82bd328f9b50cd1ba9401a3628fa4bde55b22996c766f74b0771c0,booster,bundle:models.tar,
somalia_oracle_v2_q3,results/experiments/somalia_oracle/v2_q3/models/y2025_h12_o2024-07_D_residual_q2.ubj,2966601,40a058e5d94cd54923754a7434a4c7f066c1609b01bb28f0ad32461764e1d1f2,booster,bundle:models.tar,
somalia_oracle_v2_q3,results/experiments/somalia_oracle/v2_q3/models/y2025_h12_o2024-07_D_residual_q3_direct.ubj,196600,8b7596e32351f1bcdfe1dacb34cc6622430f840b35c462d8478a33e9ff86660f,booster,bundle:models.tar,
somalia_oracle_v2_q3,results/experiments/somalia_oracle/v2_q3/models/y2025_h12_o2024-07_D_residual_q3_residual_delta.ubj,154012,da1cfece71976b4c14f7fad93110a123f771eced58b3977876915423389db36b,booster,bundle:models.tar,
somalia_oracle_v2_q3,results/experiments/somalia_oracle/v2_q3/models/y2025_h12_o2024-07_D_residual_q4.ubj,2449481,b409ae90282d00877add198727671bcc68586cef3885eb52eed0ceac0d6aab04,booster,bundle:models.tar,
somalia_oracle_v2_q3,results/experiments/somalia_oracle/v2_q3/models/y2025_h12_o2024-07_D_residual_q5.ubj,575959,29c47752d6d0bf269511e9a6117935339d1c03ac9738606aaae2154afd72765f,booster,bundle:models.tar,
somalia_oracle_v2_q3,results/experiments/somalia_oracle/v2_q3/models/y2025_h12_o2024-09_A_q2.ubj,1014609,a387a041ae7b2486ad9c5b69c87822ed10571b838ffacb7078e18447c9074400,booster,bundle:models.tar,
somalia_oracle_v2_q3,results/experiments/somalia_oracle/v2_q3/models/y2025_h12_o2024-09_A_q3_direct.ubj,453897,9ef939cdbe6860e7bbfb7221c08aa051fde2a7702324d13399b6fa6073804df5,booster,bundle:models.tar,
somalia_oracle_v2_q3,results/experiments/somalia_oracle/v2_q3/models/y2025_h12_o2024-09_A_q4.ubj,1025013,cf3a75d4c036a1db56e3f35cc57e883ff08fdfc9036989a59093cbb367082c99,booster,bundle:models.tar,
somalia_oracle_v2_q3,results/experiments/somalia_oracle/v2_q3/models/y2025_h12_o2024-09_A_q5.ubj,897581,72099075a02dba13544e4fe0890e5ca778c5e67c05f4adc9c5a6653f6463d4c4,booster,bundle:models.tar,
somalia_oracle_v2_q3,results/experiments/somalia_oracle/v2_q3/models/y2025_h12_o2024-09_B_q2.ubj,222161,0255be5ed5eb6957f727a5c1006d2956dd1c8387e4cd031bdf2f13a218731ef3,booster,bundle:models.tar,
somalia_oracle_v2_q3,results/experiments/somalia_oracle/v2_q3/models/y2025_h12_o2024-09_B_q3_direct.ubj,207431,44565580b5d5ee46b5814f1e94b485ca7a3af205f2fd42720cc8c17c156a6327,booster,bundle:models.tar,
somalia_oracle_v2_q3,results/experiments/somalia_oracle/v2_q3/models/y2025_h12_o2024-09_B_q4.ubj,221830,f8ccbcfb3a8a60bf4ee367dbe90f576b41232e5532621da05262d39630961fc9,booster,bundle:models.tar,
somalia_oracle_v2_q3,results/experiments/somalia_oracle/v2_q3/models/y2025_h12_o2024-09_B_q5.ubj,214049,b90761a00d9b8a080369135ec6d59d045a418a75d849bc3564e36c9be7936c26,booster,bundle:models.tar,
somalia_oracle_v2_q3,results/experiments/somalia_oracle/v2_q3/models/y2025_h12_o2024-09_C_q2.ubj,223600,45746489e0febb43720ae5973bb0595b75187cbaf4e44e77e01fe1cea2acf02c,booster,bundle:models.tar,
somalia_oracle_v2_q3,results/experiments/somalia_oracle/v2_q3/models/y2025_h12_o2024-09_C_q3_direct.ubj,207572,a21da418545e22b7ee880d3ea08a864237a0337ef9c549e3b6e2b9fb56e7d100,booster,bundle:models.tar,
somalia_oracle_v2_q3,results/experiments/somalia_oracle/v2_q3/models/y2025_h12_o2024-09_C_q4.ubj,222713,2052ed36011ec69bfc896aab83d621d40512bc2edb4a86919e8eec9bdaf28003,booster,bundle:models.tar,
somalia_oracle_v2_q3,results/experiments/somalia_oracle/v2_q3/models/y2025_h12_o2024-09_C_q5.ubj,215624,3492e6af741207716e16d4bee085783563fcc4730951cdc223cf3e10f316b950,booster,bundle:models.tar,
somalia_oracle_v2_q3,results/experiments/somalia_oracle/v2_q3/models/y2025_h12_o2024-09_D_direct_q2.ubj,222509,5f3de033920ed4f6ec497e0bf277a0d1954c89565762c778e5a1fbb61c124481,booster,bundle:models.tar,
somalia_oracle_v2_q3,results/experiments/somalia_oracle/v2_q3/models/y2025_h12_o2024-09_D_direct_q3_direct.ubj,201428,3321fd402a7e9da7ac672bdea058ea6fec19003a4bea3231968d562ad54947d9,booster,bundle:models.tar,
somalia_oracle_v2_q3,results/experiments/somalia_oracle/v2_q3/models/y2025_h12_o2024-09_D_direct_q4.ubj,220732,47eccd58d8de2c7c6c03dcf066e5b622c7ff8826e1543991b3559790705d410e,booster,bundle:models.tar,
somalia_oracle_v2_q3,results/experiments/somalia_oracle/v2_q3/models/y2025_h12_o2024-09_D_direct_q5.ubj,217745,f2e04f7d8833752d97f2782b7f98154df73f9bf3f5d511260326c03717bb671d,booster,bundle:models.tar,
somalia_oracle_v2_q3,results/experiments/somalia_oracle/v2_q3/models/y2025_h12_o2024-09_D_residual_q2.ubj,2985231,1d3e688bcd86ffd9f2dc086ad1d284ed262a0a17dd042ef389235377a964db2e,booster,bundle:models.tar,
somalia_oracle_v2_q3,results/experiments/somalia_oracle/v2_q3/models/y2025_h12_o2024-09_D_residual_q3_direct.ubj,191970,c118d8fd6b30f77a9be76d65dccd9c94b01a6aeb6aac949681f90ab5111319b4,booster,bundle:models.tar,
somalia_oracle_v2_q3,results/experiments/somalia_oracle/v2_q3/models/y2025_h12_o2024-09_D_residual_q3_residual_delta.ubj,153261,b118080bb6a107b0e9399ba1dc7b264c8fafc5f9d04b053b1dbf70ea4a3db0b0,booster,bundle:models.tar,
somalia_oracle_v2_q3,results/experiments/somalia_oracle/v2_q3/models/y2025_h12_o2024-09_D_residual_q4.ubj,2430067,a88f255b1abb7d1038c3e12a51498b04d956f669c80f4ff34d3a80c642159b6f,booster,bundle:models.tar,
somalia_oracle_v2_q3,results/experiments/somalia_oracle/v2_q3/models/y2025_h12_o2024-09_D_residual_q5.ubj,580587,52c2ae8c658258ee9eb00f71c864e35c901114f91a9689c98d0a1bb19ab36cfc,booster,bundle:models.tar,
somalia_oracle_v2_q3,results/experiments/somalia_oracle/v2_q3/models/y2025_h12_o2024-10_A_q2.ubj,998901,bd2b5656ddfaf9247dd382a2b50587275b0df6d22ca7c9881f42ea9733ac5c2d,booster,bundle:models.tar,
somalia_oracle_v2_q3,results/experiments/somalia_oracle/v2_q3/models/y2025_h12_o2024-10_A_q3_direct.ubj,450015,9eeb1398515b2d62515f60e88235b4b164d802b08fc7759ce2fb3f09884f30aa,booster,bundle:models.tar,
somalia_oracle_v2_q3,results/experiments/somalia_oracle/v2_q3/models/y2025_h12_o2024-10_A_q4.ubj,1017465,ec1fe6f351119ebf7bb137ec69f61c543c14c7530c6500913638540d49037ac7,booster,bundle:models.tar,
somalia_oracle_v2_q3,results/experiments/somalia_oracle/v2_q3/models/y2025_h12_o2024-10_A_q5.ubj,891869,c58a021728039c4337a5199541fb523529ce43e58b4ad0980742d03af495dd4b,booster,bundle:models.tar,
somalia_oracle_v2_q3,results/experiments/somalia_oracle/v2_q3/models/y2025_h12_o2024-10_B_q2.ubj,222501,49bdd8d0e6e761d083ab9e61c22939d1571c85c6fd00e7a996652bd21bd1e36a,booster,bundle:models.tar,
somalia_oracle_v2_q3,results/experiments/somalia_oracle/v2_q3/models/y2025_h12_o2024-10_B_q3_direct.ubj,205525,67bce61481b70b5e34fe4b4b97c375933a7839bd17a0029dc7252b59d88f0874,booster,bundle:models.tar,
somalia_oracle_v2_q3,results/experiments/somalia_oracle/v2_q3/models/y2025_h12_o2024-10_B_q4.ubj,224141,82a896781c26e7c2b1a7f51b06ebd57b605ea54c957373961e8d00585ca401b1,booster,bundle:models.tar,
somalia_oracle_v2_q3,results/experiments/somalia_oracle/v2_q3/models/y2025_h12_o2024-10_B_q5.ubj,216437,f52ff59464b2181b96e9b84ecf02b2286f81881c831da2157dd341197c101e1b,booster,bundle:models.tar,
somalia_oracle_v2_q3,results/experiments/somalia_oracle/v2_q3/models/y2025_h12_o2024-10_C_q2.ubj,224617,d503b4891709bf014bf91e726bec7468cebb802c99cd156ac7cc2c534a841bc1,booster,bundle:models.tar,
somalia_oracle_v2_q3,results/experiments/somalia_oracle/v2_q3/models/y2025_h12_o2024-10_C_q3_direct.ubj,206003,9e85f0b3725d009b45ef992f66b2fd09a9fd51aa1dbffea7bf6883ac09a0d80f,booster,bundle:models.tar,
somalia_oracle_v2_q3,results/experiments/somalia_oracle/v2_q3/models/y2025_h12_o2024-10_C_q4.ubj,224008,2d46c00f92be5e21af930988745593f65d64900e3f41f966092c023f299b7540,booster,bundle:models.tar,
somalia_oracle_v2_q3,results/experiments/somalia_oracle/v2_q3/models/y2025_h12_o2024-10_C_q5.ubj,217610,8c374076d80f67ecc9349c922d660122278c0f3963c1ba40f299973fd76479be,booster,bundle:models.tar,
somalia_oracle_v2_q3,results/experiments/somalia_oracle/v2_q3/models/y2025_h12_o2024-10_D_direct_q2.ubj,221553,119e6031c770313256533bd114df66e6f108d0a76b456bc34fcb9a6e772509a3,booster,bundle:models.tar,
somalia_oracle_v2_q3,results/experiments/somalia_oracle/v2_q3/models/y2025_h12_o2024-10_D_direct_q3_direct.ubj,200063,e255e6ed1f0ec47d2a7a29c3c80f2826962742f11adb48cbd1bc973f4ea76576,booster,bundle:models.tar,
somalia_oracle_v2_q3,results/experiments/somalia_oracle/v2_q3/models/y2025_h12_o2024-10_D_direct_q4.ubj,220935,b2650ded5232070bc2a335b83f553f9786845b6a7cb7f5231d789bddbc61901e,booster,bundle:models.tar,
somalia_oracle_v2_q3,results/experiments/somalia_oracle/v2_q3/models/y2025_h12_o2024-10_D_direct_q5.ubj,217467,8b20827dcf5005c34a144059d881d31af637383972090612363a143891e9ceba,booster,bundle:models.tar,
somalia_oracle_v2_q3,results/experiments/somalia_oracle/v2_q3/models/y2025_h12_o2024-10_D_residual_q2.ubj,2956945,afa44aa3afb2425c0cf917156da62ded9708d4d1ea54180db6de4845a6c75512,booster,bundle:models.tar,
somalia_oracle_v2_q3,results/experiments/somalia_oracle/v2_q3/models/y2025_h12_o2024-10_D_residual_q3_direct.ubj,190139,5e85b87e02cdbf9598216040835b048a5b7ca506d19a1cf6831fd3559563e23d,booster,bundle:models.tar,
somalia_oracle_v2_q3,results/experiments/somalia_oracle/v2_q3/models/y2025_h12_o2024-10_D_residual_q3_residual_delta.ubj,152990,1b7dccedd6c88e481485e220bda366acb47161c96ab3672f19bd7028a548bb61,booster,bundle:models.tar,
somalia_oracle_v2_q3,results/experiments/somalia_oracle/v2_q3/models/y2025_h12_o2024-10_D_residual_q4.ubj,2436621,8c80d6d953b4aad420d07f171a61126b9c9ffccc1f39dbd57144b898daf89ce3,booster,bundle:models.tar,
somalia_oracle_v2_q3,results/experiments/somalia_oracle/v2_q3/models/y2025_h12_o2024-10_D_residual_q5.ubj,582084,cfa3f444d20228eef1dae4acc4907d3eae08f4680d86c756f8dfed3e6638d77e,booster,bundle:models.tar,
somalia_oracle_v2_q3,results/experiments/somalia_oracle/v2_q3/models/y2026_h00_o2026-04_A_q2.ubj,424833,62401d3b1fbe9c76149f6b16c40a8a1d0b64997167da299dd9144bb5f5494ccb,booster,bundle:models.tar,
somalia_oracle_v2_q3,results/experiments/somalia_oracle/v2_q3/models/y2026_h00_o2026-04_A_q3_direct.ubj,191181,807490f870ed2bce7a75a3a6896f3b5089793596eae60f99f4b6552903114f21,booster,bundle:models.tar,
somalia_oracle_v2_q3,results/experiments/somalia_oracle/v2_q3/models/y2026_h00_o2026-04_A_q4.ubj,403141,55f38066b965e2063e4adfc91202f5d558f493b647adcb3d4fe95ae8e801986c,booster,bundle:models.tar,
somalia_oracle_v2_q3,results/experiments/somalia_oracle/v2_q3/models/y2026_h00_o2026-04_A_q5.ubj,298898,4f85d8b264fad00cd6b97161e10e37e5c0d09fc2247216c0606e7ac8e6a47145,booster,bundle:models.tar,
somalia_oracle_v2_q3,results/experiments/somalia_oracle/v2_q3/models/y2026_h00_o2026-04_B_q2.ubj,3310487,13407ac841ca5e1933a2175b433377b623f3828b9e468e9bcbd2255d77f44d19,booster,bundle:models.tar,
somalia_oracle_v2_q3,results/experiments/somalia_oracle/v2_q3/models/y2026_h00_o2026-04_B_q3_direct.ubj,172379,2c59d58c4cf7224cab043484aeac8911b39fc4696fbb5f2bfac6e470eceb24e6,booster,bundle:models.tar,
somalia_oracle_v2_q3,results/experiments/somalia_oracle/v2_q3/models/y2026_h00_o2026-04_B_q4.ubj,2558613,39e35b5f25ab6550780de3cfeb40d379d7cd826015f609922c07ec7c31496c37,booster,bundle:models.tar,
somalia_oracle_v2_q3,results/experiments/somalia_oracle/v2_q3/models/y2026_h00_o2026-04_B_q5.ubj,260218,24defc30410f8895c34cff1f99643bf8744d913b51908bc8acb670ebdf870f42,booster,bundle:models.tar,
somalia_oracle_v2_q3,results/experiments/somalia_oracle/v2_q3/models/y2026_h00_o2026-04_D_direct_q2.ubj,227900,b9a84bc2ad90fb9dc42554f2a9b7dfd5fb411f89093b744d5bf792f221d6ad74,booster,bundle:models.tar,
somalia_oracle_v2_q3,results/experiments/somalia_oracle/v2_q3/models/y2026_h00_o2026-04_D_direct_q3_direct.ubj,175741,16b447462d2d5643eb6e53d23f2adffb0452a088d55f7ab32b2245dd1dc1d388,booster,bundle:models.tar,
somalia_oracle_v2_q3,results/experiments/somalia_oracle/v2_q3/models/y2026_h00_o2026-04_D_direct_q4.ubj,221688,8cd275ece16a5963ac56ffd76f887cad7411800749c9fcabf0747e3e56a6c028,booster,bundle:models.tar,
somalia_oracle_v2_q3,results/experiments/somalia_oracle/v2_q3/models/y2026_h00_o2026-04_D_direct_q5.ubj,197451,768edc0e516fe00cc77e15ca77710edd5e4155024699c5481292dedb04e75ff4,booster,bundle:models.tar,
somalia_oracle_v2_q3,results/experiments/somalia_oracle/v2_q3/models/y2026_h00_o2026-04_D_residual_q2.ubj,227900,b9a84bc2ad90fb9dc42554f2a9b7dfd5fb411f89093b744d5bf792f221d6ad74,booster,bundle:models.tar,
somalia_oracle_v2_q3,results/experiments/somalia_oracle/v2_q3/models/y2026_h00_o2026-04_D_residual_q3_direct.ubj,175741,16b447462d2d5643eb6e53d23f2adffb0452a088d55f7ab32b2245dd1dc1d388,booster,bundle:models.tar,
somalia_oracle_v2_q3,results/experiments/somalia_oracle/v2_q3/models/y2026_h00_o2026-04_D_residual_q3_residual_delta.ubj,175337,40fd16eb94fa22445d67901a9c229ae5f13deb574d153e5fad9aebaa3adf89f0,booster,bundle:models.tar,
somalia_oracle_v2_q3,results/experiments/somalia_oracle/v2_q3/models/y2026_h00_o2026-04_D_residual_q4.ubj,221688,8cd275ece16a5963ac56ffd76f887cad7411800749c9fcabf0747e3e56a6c028,booster,bundle:models.tar,
somalia_oracle_v2_q3,results/experiments/somalia_oracle/v2_q3/models/y2026_h00_o2026-04_D_residual_q5.ubj,197451,768edc0e516fe00cc77e15ca77710edd5e4155024699c5481292dedb04e75ff4,booster,bundle:models.tar,
somalia_oracle_v2_q3,results/experiments/somalia_oracle/v2_q3/models/y2026_h03_o2026-01_A_q2.ubj,422997,f0468916c3515232c009722e06ed7d0c46fd839059fe5abde4e67a0de35e1108,booster,bundle:models.tar,
somalia_oracle_v2_q3,results/experiments/somalia_oracle/v2_q3/models/y2026_h03_o2026-01_A_q3_direct.ubj,198123,8a0527ec7746f434da522ca4e204d17cbd603d8a55233b17fa49bd1936927356,booster,bundle:models.tar,
somalia_oracle_v2_q3,results/experiments/somalia_oracle/v2_q3/models/y2026_h03_o2026-01_A_q4.ubj,395729,a10278802e0547bb651ef9670a688446db73bd473615603608f31049779edbdd,booster,bundle:models.tar,
somalia_oracle_v2_q3,results/experiments/somalia_oracle/v2_q3/models/y2026_h03_o2026-01_A_q5.ubj,306378,bbb00c9c6077256eca197189b0090d14a8173b886d8ed0da01f2aa1c6f6a57a7,booster,bundle:models.tar,
somalia_oracle_v2_q3,results/experiments/somalia_oracle/v2_q3/models/y2026_h03_o2026-01_B_q2.ubj,3312249,9943ba2c6a63668fa604fb3fe0b28c279551ce8eb411e4241b500d8fdc730f8f,booster,bundle:models.tar,
somalia_oracle_v2_q3,results/experiments/somalia_oracle/v2_q3/models/y2026_h03_o2026-01_B_q3_direct.ubj,175783,d5d248c291f2bb54f7b3fa9b2dc6b8d2e99acc6c0a89894f5ee5c3c3dd67030b,booster,bundle:models.tar,
somalia_oracle_v2_q3,results/experiments/somalia_oracle/v2_q3/models/y2026_h03_o2026-01_B_q4.ubj,2558701,50ec7dc47707c680418db51b6a1085486f35eb28afa8ee9a8f472566b907e8d4,booster,bundle:models.tar,
somalia_oracle_v2_q3,results/experiments/somalia_oracle/v2_q3/models/y2026_h03_o2026-01_B_q5.ubj,251916,54341488d60b7a054708fd4b6c4a105d22918a1d898c3c18f9073f0120d93f15,booster,bundle:models.tar,
somalia_oracle_v2_q3,results/experiments/somalia_oracle/v2_q3/models/y2026_h03_o2026-01_C_q2.ubj,3229767,472ce3d1cf777aa442a42ee09d5e7236451f7352d4900b6460e555356e53eca5,booster,bundle:models.tar,
somalia_oracle_v2_q3,results/experiments/somalia_oracle/v2_q3/models/y2026_h03_o2026-01_C_q3_direct.ubj,176601,de6fb613ce5ac6f424382ecd2181ee88e23bb11ed09a76b8b36c05ee1cdea09e,booster,bundle:models.tar,
somalia_oracle_v2_q3,results/experiments/somalia_oracle/v2_q3/models/y2026_h03_o2026-01_C_q4.ubj,2572088,ed210f781a955a26daff71ae7c0963bb0710513749aec6a90ae43568b23f851b,booster,bundle:models.tar,
somalia_oracle_v2_q3,results/experiments/somalia_oracle/v2_q3/models/y2026_h03_o2026-01_C_q5.ubj,255792,fe95b7ac70bc5a1692d2a57dbd65af398e76ec2f24207106a77d241d2447c563,booster,bundle:models.tar,
somalia_oracle_v2_q3,results/experiments/somalia_oracle/v2_q3/models/y2026_h03_o2026-01_D_direct_q2.ubj,229045,9eff6812b76d682677c6b3560871c981a4c4f0e9f41c1c0f1a831ae2eaf7a35a,booster,bundle:models.tar,
somalia_oracle_v2_q3,results/experiments/somalia_oracle/v2_q3/models/y2026_h03_o2026-01_D_direct_q3_direct.ubj,178941,92e6806f522b27a0d47090065ab65b696293ccd25b312b83a20b516b70c04d0a,booster,bundle:models.tar,
somalia_oracle_v2_q3,results/experiments/somalia_oracle/v2_q3/models/y2026_h03_o2026-01_D_direct_q4.ubj,223731,b9eb5c19b525b0522c3051473c320485f9e811e9fd4f9a0d950e4fddcfff2d46,booster,bundle:models.tar,
somalia_oracle_v2_q3,results/experiments/somalia_oracle/v2_q3/models/y2026_h03_o2026-01_D_direct_q5.ubj,196499,d101276a7f2c9030d7aeeb3ca1c9f83a2130e67924338ee6e72be3f4eea9aa14,booster,bundle:models.tar,
somalia_oracle_v2_q3,results/experiments/somalia_oracle/v2_q3/models/y2026_h03_o2026-01_D_residual_q2.ubj,229045,9eff6812b76d682677c6b3560871c981a4c4f0e9f41c1c0f1a831ae2eaf7a35a,booster,bundle:models.tar,
somalia_oracle_v2_q3,results/experiments/somalia_oracle/v2_q3/models/y2026_h03_o2026-01_D_residual_q3_direct.ubj,178941,92e6806f522b27a0d47090065ab65b696293ccd25b312b83a20b516b70c04d0a,booster,bundle:models.tar,
somalia_oracle_v2_q3,results/experiments/somalia_oracle/v2_q3/models/y2026_h03_o2026-01_D_residual_q3_residual_delta.ubj,180108,bdb1f5293adad9bcaabb892fc7dc2cf82775f05b1a610034e71d3d5ca527f275,booster,bundle:models.tar,
somalia_oracle_v2_q3,results/experiments/somalia_oracle/v2_q3/models/y2026_h03_o2026-01_D_residual_q4.ubj,223731,b9eb5c19b525b0522c3051473c320485f9e811e9fd4f9a0d950e4fddcfff2d46,booster,bundle:models.tar,
somalia_oracle_v2_q3,results/experiments/somalia_oracle/v2_q3/models/y2026_h03_o2026-01_D_residual_q5.ubj,196499,d101276a7f2c9030d7aeeb3ca1c9f83a2130e67924338ee6e72be3f4eea9aa14,booster,bundle:models.tar,
somalia_oracle_v2_q3,results/experiments/somalia_oracle/v2_q3/models/y2026_h06_o2025-10_A_q2.ubj,437005,4de7fe15127f4e9c777a592947f34af810aff2e0d0dca01a7573ff7b3225008b,booster,bundle:models.tar,
somalia_oracle_v2_q3,results/experiments/somalia_oracle/v2_q3/models/y2026_h06_o2025-10_A_q3_direct.ubj,197986,4933e83cc6a6dd820609685e9d3947fecde655a02e90ad46947c48423c24a76e,booster,bundle:models.tar,
somalia_oracle_v2_q3,results/experiments/somalia_oracle/v2_q3/models/y2026_h06_o2025-10_A_q4.ubj,423813,0ca0c1ef28318418472f0a730db6b9653a157f58f41363c2302e66dcedd45c69,booster,bundle:models.tar,
somalia_oracle_v2_q3,results/experiments/somalia_oracle/v2_q3/models/y2026_h06_o2025-10_A_q5.ubj,312770,43375999e78d5f517e9f113997f1fb61b0301601a79d494f2bda4e9bd4cd90a2,booster,bundle:models.tar,
somalia_oracle_v2_q3,results/experiments/somalia_oracle/v2_q3/models/y2026_h06_o2025-10_B_q2.ubj,3290623,d54eb046b7ce55d7eedc30f70dff405e92f7c70715106eaee0ab9bfbbfcc9a2b,booster,bundle:models.tar,
somalia_oracle_v2_q3,results/experiments/somalia_oracle/v2_q3/models/y2026_h06_o2025-10_B_q3_direct.ubj,177075,3f4694fe94c1af08ecc2a8b9a4226c5a9fffe8129725d730d035d2c02eafa516,booster,bundle:models.tar,
somalia_oracle_v2_q3,results/experiments/somalia_oracle/v2_q3/models/y2026_h06_o2025-10_B_q4.ubj,2494464,ed49e2ff41802a76d337e9fdcc12da3abaccd73e3310691274e418d133ec6e76,booster,bundle:models.tar,
somalia_oracle_v2_q3,results/experiments/somalia_oracle/v2_q3/models/y2026_h06_o2025-10_B_q5.ubj,272796,c1276fdc1807ad700b3d3de868e5215c1808ace468d0b4ff2473a38e9813e91c,booster,bundle:models.tar,
somalia_oracle_v2_q3,results/experiments/somalia_oracle/v2_q3/models/y2026_h06_o2025-10_C_q2.ubj,3306744,1e009586c5d56d70ff4bf7cc4edf5e21d0f8cf298b67919281e9f5709c4eac8b,booster,bundle:models.tar,
somalia_oracle_v2_q3,results/experiments/somalia_oracle/v2_q3/models/y2026_h06_o2025-10_C_q3_direct.ubj,177552,b36c10a9c557d132486be40f763a7f409f90f5aa40332d76f28f015772dac27a,booster,bundle:models.tar,
somalia_oracle_v2_q3,results/experiments/somalia_oracle/v2_q3/models/y2026_h06_o2025-10_C_q4.ubj,2519425,9f052b5062b26bd4067997f8370eec9df5feb6aafbc7bc12cacec5d6c459ccc9,booster,bundle:models.tar,
somalia_oracle_v2_q3,results/experiments/somalia_oracle/v2_q3/models/y2026_h06_o2025-10_C_q5.ubj,268784,1d0f99aaf763548486505919d4fbd40c46de70db590ebfcd1d3e96e2609b8b61,booster,bundle:models.tar,
somalia_oracle_v2_q3,results/experiments/somalia_oracle/v2_q3/models/y2026_h06_o2025-10_D_direct_q2.ubj,229937,3f9f33d6440eabf3fad35d7035e3258326565d2e7d2c47a06bfb187eb1a16e92,booster,bundle:models.tar,
somalia_oracle_v2_q3,results/experiments/somalia_oracle/v2_q3/models/y2026_h06_o2025-10_D_direct_q3_direct.ubj,185421,28c2b8456081793e2866bf21f825c85996978b6b49d834a8651eb69a7ccc42cf,booster,bundle:models.tar,
somalia_oracle_v2_q3,results/experiments/somalia_oracle/v2_q3/models/y2026_h06_o2025-10_D_direct_q4.ubj,223939,c2ed8d07d3b960412c12cb94498abe15e76510e6cf4ad178d14d5435cdebcb5b,booster,bundle:models.tar,
somalia_oracle_v2_q3,results/experiments/somalia_oracle/v2_q3/models/y2026_h06_o2025-10_D_direct_q5.ubj,206692,4b7fb33a3b791acd18f13739de2b8b33ab8941998dfd75f2c3d9f34f838f3589,booster,bundle:models.tar,
somalia_oracle_v2_q3,results/experiments/somalia_oracle/v2_q3/models/y2026_h06_o2025-10_D_residual_q2.ubj,229937,3f9f33d6440eabf3fad35d7035e3258326565d2e7d2c47a06bfb187eb1a16e92,booster,bundle:models.tar,
somalia_oracle_v2_q3,results/experiments/somalia_oracle/v2_q3/models/y2026_h06_o2025-10_D_residual_q3_direct.ubj,185421,28c2b8456081793e2866bf21f825c85996978b6b49d834a8651eb69a7ccc42cf,booster,bundle:models.tar,
somalia_oracle_v2_q3,results/experiments/somalia_oracle/v2_q3/models/y2026_h06_o2025-10_D_residual_q3_residual_delta.ubj,185003,c741f0d49f922f34ef530ed00109af0863304206c4724f358f41eb7d54efa648,booster,bundle:models.tar,
somalia_oracle_v2_q3,results/experiments/somalia_oracle/v2_q3/models/y2026_h06_o2025-10_D_residual_q4.ubj,223939,c2ed8d07d3b960412c12cb94498abe15e76510e6cf4ad178d14d5435cdebcb5b,booster,bundle:models.tar,
somalia_oracle_v2_q3,results/experiments/somalia_oracle/v2_q3/models/y2026_h06_o2025-10_D_residual_q5.ubj,206692,4b7fb33a3b791acd18f13739de2b8b33ab8941998dfd75f2c3d9f34f838f3589,booster,bundle:models.tar,
somalia_oracle_v2_q3,results/experiments/somalia_oracle/v2_q3/models/y2026_h12_o2025-04_A_q2.ubj,440743,a29e35b956fc07249af08e0dab151cef574cad4797f18162efdb78804a0e0476,booster,bundle:models.tar,
somalia_oracle_v2_q3,results/experiments/somalia_oracle/v2_q3/models/y2026_h12_o2025-04_A_q3_direct.ubj,208809,ad04151548b6435e2f4d078e9034ba1cf3844322cf1c8e4649db795d6eab141b,booster,bundle:models.tar,
somalia_oracle_v2_q3,results/experiments/somalia_oracle/v2_q3/models/y2026_h12_o2025-04_A_q4.ubj,412049,5643cbe6fba797ed4a037801b00230bb539a0382d1150144a9b757983605a978,booster,bundle:models.tar,
somalia_oracle_v2_q3,results/experiments/somalia_oracle/v2_q3/models/y2026_h12_o2025-04_A_q5.ubj,282373,c2d6a9949119ba1e874801c53783691d439df562aacf1ea23b6b31e49bda7752,booster,bundle:models.tar,
somalia_oracle_v2_q3,results/experiments/somalia_oracle/v2_q3/models/y2026_h12_o2025-04_B_q2.ubj,3032075,93d1cd30fd5cf0409b82f67a7450a93304264f5bc075f4bf6c9e10a90fb9eebb,booster,bundle:models.tar,
somalia_oracle_v2_q3,results/experiments/somalia_oracle/v2_q3/models/y2026_h12_o2025-04_B_q3_direct.ubj,185035,930171203bc7c97d0b10004bdf61da8ef7c4bb33197dac8076998c6ce19bcaa6,booster,bundle:models.tar,
somalia_oracle_v2_q3,results/experiments/somalia_oracle/v2_q3/models/y2026_h12_o2025-04_B_q4.ubj,2182728,8df0c5404ea885ba56699ce5b7849e2835f6a25e111e3c99649c67960a68707a,booster,bundle:models.tar,
somalia_oracle_v2_q3,results/experiments/somalia_oracle/v2_q3/models/y2026_h12_o2025-04_B_q5.ubj,264290,795c7a83f2f6e200a9954371c2c4d0cd529e60b90bbb2b27aed8f0d7e5c473f6,booster,bundle:models.tar,
somalia_oracle_v2_q3,results/experiments/somalia_oracle/v2_q3/models/y2026_h12_o2025-04_C_q2.ubj,3069057,db0c885dff6bc4b910318df34f0e273a347406fab40b4911ea6d313b8ca7a09f,booster,bundle:models.tar,
somalia_oracle_v2_q3,results/experiments/somalia_oracle/v2_q3/models/y2026_h12_o2025-04_C_q3_direct.ubj,185240,d06ac00cdd3cdb1f77603f37a41be4dc409323d4c86f92d043f0ad69595b47a4,booster,bundle:models.tar,
somalia_oracle_v2_q3,results/experiments/somalia_oracle/v2_q3/models/y2026_h12_o2025-04_C_q4.ubj,2177630,5d02dc94766a71ef57ef8224750859cc60037de24c51659dab7529c5b817acbe,booster,bundle:models.tar,
somalia_oracle_v2_q3,results/experiments/somalia_oracle/v2_q3/models/y2026_h12_o2025-04_C_q5.ubj,260484,6b988aaa625114ae50994b9012f2a532a8a324ac4bf0c8388192ce845a6d261b,booster,bundle:models.tar,
somalia_oracle_v2_q3,results/experiments/somalia_oracle/v2_q3/models/y2026_h12_o2025-04_D_direct_q2.ubj,227082,06a87d0f44861def0df832bb2feb45cd12c6066304b0d8e42f344ed2dd57e171,booster,bundle:models.tar,
somalia_oracle_v2_q3,results/experiments/somalia_oracle/v2_q3/models/y2026_h12_o2025-04_D_direct_q3_direct.ubj,191823,a11908d5b451b4046eece4813bbc6aa9f16c98944d9684a5eb94a57186465e04,booster,bundle:models.tar,
somalia_oracle_v2_q3,results/experiments/somalia_oracle/v2_q3/models/y2026_h12_o2025-04_D_direct_q4.ubj,224282,f219d855fe6672db4dc6b5b21451e9efd653018416d4843c0bb397c34d8a57fa,booster,bundle:models.tar,
somalia_oracle_v2_q3,results/experiments/somalia_oracle/v2_q3/models/y2026_h12_o2025-04_D_direct_q5.ubj,205032,73cd12d927e34dcd9e8573ade79c226d1b2645903535680c589af5166730486f,booster,bundle:models.tar,
somalia_oracle_v2_q3,results/experiments/somalia_oracle/v2_q3/models/y2026_h12_o2025-04_D_residual_q2.ubj,227082,06a87d0f44861def0df832bb2feb45cd12c6066304b0d8e42f344ed2dd57e171,booster,bundle:models.tar,
somalia_oracle_v2_q3,results/experiments/somalia_oracle/v2_q3/models/y2026_h12_o2025-04_D_residual_q3_direct.ubj,191823,a11908d5b451b4046eece4813bbc6aa9f16c98944d9684a5eb94a57186465e04,booster,bundle:models.tar,
somalia_oracle_v2_q3,results/experiments/somalia_oracle/v2_q3/models/y2026_h12_o2025-04_D_residual_q3_residual_delta.ubj,177043,9fd21016495c1e2477217f448127d8935a2777f5b48536cbe87dbf7cf2de0a79,booster,bundle:models.tar,
somalia_oracle_v2_q3,results/experiments/somalia_oracle/v2_q3/models/y2026_h12_o2025-04_D_residual_q4.ubj,224282,f219d855fe6672db4dc6b5b21451e9efd653018416d4843c0bb397c34d8a57fa,booster,bundle:models.tar,
somalia_oracle_v2_q3,results/experiments/somalia_oracle/v2_q3/models/y2026_h12_o2025-04_D_residual_q5.ubj,205032,73cd12d927e34dcd9e8573ade79c226d1b2645903535680c589af5166730486f,booster,bundle:models.tar,
somalia_oracle_v2_q3,results/experiments/somalia_oracle/v2_q3/predictions/final_predictions.csv.gz,3628488,db9abf8eb8837cc90d661413fdd0bd08dfdea407e91e319280dd51fd81b2470e,predictions,archive:predictions,
somalia_oracle_v2_q3,results/experiments/somalia_oracle/v2_q3/selection/candidate_scores.csv,13444,9dd7b29973ce1bd4c7ef52dff8ba95fe4dc8d4d880496797427f101e8068e082,fit_selection_calibration,bundle:models.tar (calibration/selection members),
somalia_oracle_v2_q3,results/experiments/somalia_oracle/v2_q3/selection/oof_fit_ledger.csv,24049,65f7e70ed9e143c87e981387fe5ea6098f34679c6888d5788aa3f69eb4c2fe1c,fit_selection_calibration,bundle:models.tar (calibration/selection members),
somalia_oracle_v2_q3,results/experiments/somalia_oracle/v2_q3/selection/oof_predictions.csv.gz,2255776,bf294ba580f48fc8c42f55d43ee6e2c1f90f2d4a2678ccfa771ec6e09eb0ca99,fit_selection_calibration,bundle:models.tar (calibration/selection members),
somalia_oracle_v2_q3,results/experiments/somalia_oracle/v2_q3/selection/scoring_plan.csv,351,30a76b12ed03f36f80153b25b7ec152f1b40a38509214c64a6e5fcf96802509a,fit_selection_calibration,bundle:models.tar (calibration/selection members),
somalia_oracle_v2_q3,results/experiments/somalia_oracle/v2_q3/selection/scoring_predictions.csv.gz,2479041,188747fd9ed8bd510f05f1d01ab85d3c7da5998d94a53fcc40a471bf605485a2,fit_selection_calibration,bundle:models.tar (calibration/selection members),
somalia_oracle_v2_q3,results/experiments/somalia_oracle/v2_q3/selection/selected_recipes.csv,1100,253403f2bf9c52603922d3b267229c6b306452ca049f8910df6e103774fb9324,fit_selection_calibration,bundle:models.tar (calibration/selection members),
somalia_oracle_v3_validity,results/experiments/somalia_oracle/v3_validity/manifest.json,14023,f2ca0a5292cd867a2ea79f81d5acf00fb5a55cfc4ea65c859a5f186ac1afc0f0,ledger_or_check,archive:ledgers,
somalia_oracle_v3_validity,results/experiments/somalia_oracle/v3_validity/features/feature_matrix_h00.csv.gz,12443573,9ada876234e2fe8e5beddbdfc685ce4303d4ee50c7e17d261fa763f1b7a26572,feature_matrix,archive:features,
somalia_oracle_v3_validity,results/experiments/somalia_oracle/v3_validity/features/feature_matrix_h03.csv.gz,12619868,eaaf894e84cf40e2634a6c695c1cf4bd5be43672b38fc9904202461252cde61f,feature_matrix,archive:features,
somalia_oracle_v3_validity,results/experiments/somalia_oracle/v3_validity/features/feature_matrix_h06.csv.gz,12728030,9138b02bd0e0e90fc79eee551768c74158a76f741776d911b070bb9079e9d185,feature_matrix,archive:features,
somalia_oracle_v3_validity,results/experiments/somalia_oracle/v3_validity/features/feature_matrix_h12.csv.gz,8649765,8bee1791692f2844437bc445d5fa93fcce60698a63bc4152099dd42a3fa021a1,feature_matrix,archive:features,
somalia_oracle_v3_validity,results/experiments/somalia_oracle/v3_validity/features/feature_schema.json,136094,e6528523bf538b46316a7b9e60ae6aec332ed053884c0fe2efed86964919ba26,model_recipe_member,bundle:models.tar,
somalia_oracle_v3_validity,results/experiments/somalia_oracle/v3_validity/fits/calibration_mappings.csv,1324397,7a6632508a78d9ffba0633584d9565e35283f297655e719b37617fa710c658e4,fit_selection_calibration,bundle:models.tar (calibration/selection members),
somalia_oracle_v3_validity,results/experiments/somalia_oracle/v3_validity/fits/final_fit_ledger.csv.gz,2860898,53845fdafa54694a43940788573f9625f38a13c580c78a61fabf6c6f7ca577d4,fit_selection_calibration,bundle:models.tar (calibration/selection members),
somalia_oracle_v3_validity,results/experiments/somalia_oracle/v3_validity/fits/final_status.csv,19140,8a2fe5f1eebeff881b96869aa053f76e6778fbfa1e6ab7b08655b2ea21d6ffbe,fit_selection_calibration,bundle:models.tar (calibration/selection members),
somalia_oracle_v3_validity,results/experiments/somalia_oracle/v3_validity/ledgers/api_rounds.csv,1074,2d5d0a5ba4662dc7b0438eb3d931429b4d7938615f8c17d258829b88037e90cb,ledger_or_check,archive:ledgers,
somalia_oracle_v3_validity,results/experiments/somalia_oracle/v3_validity/ledgers/augmentation_decisions.csv.gz,17551,05a64b2e4b929f68ec368c0d565dd79e78e171efda47aa3b77abc44c7bcb6231,ledger_or_check,archive:ledgers,
somalia_oracle_v3_validity,results/experiments/somalia_oracle/v3_validity/ledgers/cohort_ledger.csv.gz,32312,0ddd1ed2f8e8f6fd39349a0a3bc8b55f1caab0a841d8df5b2c9e24906e3e9242,ledger_or_check,archive:ledgers,
somalia_oracle_v3_validity,results/experiments/somalia_oracle/v3_validity/ledgers/feature_parity.csv,90813,6857a98654f3faaea28eda79a62c618a82cee141c4befcc0185976be5bcc4fd3,ledger_or_check,archive:ledgers,
somalia_oracle_v3_validity,results/experiments/somalia_oracle/v3_validity/ledgers/jobs.csv,761,04f7bbb4dabe3f162013ffe4dcee3e6ea9f76c48745ea9295c44d8064a9daf8a,ledger_or_check,archive:ledgers,
somalia_oracle_v3_validity,results/experiments/somalia_oracle/v3_validity/ledgers/label_diff_raw_vs_fs.csv.gz,42131,15a51a4ea26323c942b10e0341fc43768e8530da045510463733919d6ae6f3d5,ledger_or_check,archive:ledgers,
somalia_oracle_v3_validity,results/experiments/somalia_oracle/v3_validity/ledgers/label_ledger.csv.gz,132931,1d7a77cc754d1f2091543858dff6d91e12039957d268ef4e6a64a4564441ab6e,ledger_or_check,archive:ledgers,
somalia_oracle_v3_validity,results/experiments/somalia_oracle/v3_validity/ledgers/round_links.csv,863,87830cd8c12be4615b5bb851bd727d7acfcbe5118262f67533a00a3dc850944f,ledger_or_check,archive:ledgers,
somalia_oracle_v3_validity,results/experiments/somalia_oracle/v3_validity/ledgers/row_provenance_h00.csv.gz,43974,35bbd6c1ba178941e61027af0803b5192b148ac158a5574ecdc92a87c67d649f,ledger_or_check,archive:ledgers,
somalia_oracle_v3_validity,results/experiments/somalia_oracle/v3_validity/ledgers/row_provenance_h03.csv.gz,44439,8ef00928a1bb555b8d1cf60895901aeeb4cf44ed1ff97c9eb7d00261ab15a6b7,ledger_or_check,archive:ledgers,
somalia_oracle_v3_validity,results/experiments/somalia_oracle/v3_validity/ledgers/row_provenance_h06.csv.gz,43413,5ce0dfee93945eef4cdf370170f71ffbac8cdccbb0ff5de7136799e7c6e06bc2,ledger_or_check,archive:ledgers,
somalia_oracle_v3_validity,results/experiments/somalia_oracle/v3_validity/ledgers/row_provenance_h12.csv.gz,42552,ab6a2514424671ccbec448076cbc3e92f8171dde88086807df83df0e68f4f1a0,ledger_or_check,archive:ledgers,
somalia_oracle_v3_validity,results/experiments/somalia_oracle/v3_validity/ledgers/source_families.csv,660,137d6ddaacd3e706a1551ee492c8fc552373c327e0d8d6454c37930214c008a3,ledger_or_check,archive:ledgers,
somalia_oracle_v3_validity,results/experiments/somalia_oracle/v3_validity/metrics/bootstrap_draws.npz,14917088,b4636e55d0bb6c491e6b4908c54d2665bc2e44beef0080809876cdf2d407a6b0,metric_or_report,archive:metrics (values extracted by explicit field selection),
somalia_oracle_v3_validity,results/experiments/somalia_oracle/v3_validity/metrics/contrasts.csv,14047,c9c786ae677f5d8757ca7e3640b91544762d1f46459c37f1eecf62073d8974eb,metric_or_report,archive:metrics (values extracted by explicit field selection),
somalia_oracle_v3_validity,results/experiments/somalia_oracle/v3_validity/metrics/metrics.csv,50488,82344116b032883aab94b4569c3d824b7bc4c28f5f0cc3731d482d402deb8f40,metric_or_report,archive:metrics (values extracted by explicit field selection),
somalia_oracle_v3_validity,results/experiments/somalia_oracle/v3_validity/metrics/replay_checks.csv,56905,62db6709c6df1e6101fe0cbcc77d4fdacd15c7d280a1947cd37b2513eb95b6a8,metric_or_report,archive:metrics (values extracted by explicit field selection),
somalia_oracle_v3_validity,results/experiments/somalia_oracle/v3_validity/models/model_inventory.csv,121376,dbddb5b930b91aec3ae668e576d4ec348e6d79f472a1afd73fae3841888d5de3,model_recipe_member,bundle:models.tar,
somalia_oracle_v3_validity,results/experiments/somalia_oracle/v3_validity/models/y2025_h00_o2025-04_augmented_D_direct_q2.ubj,225779,3514bd2455387ef119af3ad9ae5d089a331a1981bc5aa8d3c05f7d7440c730e3,booster,bundle:models.tar,
somalia_oracle_v3_validity,results/experiments/somalia_oracle/v3_validity/models/y2025_h00_o2025-04_augmented_D_direct_q3_direct.ubj,202107,fde0b5abc77b4b8b5a2d1f567ee718479a3e4641c32621b05482e8df9e2173e0,booster,bundle:models.tar,
somalia_oracle_v3_validity,results/experiments/somalia_oracle/v3_validity/models/y2025_h00_o2025-04_augmented_D_direct_q4.ubj,227620,d4c7a2a078e2424d58328cdd8a1e6ea66383184493821cca256696703f424338,booster,bundle:models.tar,
somalia_oracle_v3_validity,results/experiments/somalia_oracle/v3_validity/models/y2025_h00_o2025-04_augmented_D_direct_q5.ubj,224423,417a2e018d76c63dff7c8deb4526c73ef1f51c2b6e3b7576c76d35e637c18f01,booster,bundle:models.tar,
somalia_oracle_v3_validity,results/experiments/somalia_oracle/v3_validity/models/y2025_h00_o2025-04_augmented_D_residual_q2.ubj,1022701,9e3949b6d6725720016b8b31d9701cb0577345a91a42f3af1a5ad8adaa9031cb,booster,bundle:models.tar,
somalia_oracle_v3_validity,results/experiments/somalia_oracle/v3_validity/models/y2025_h00_o2025-04_augmented_D_residual_q3_direct.ubj,439123,1439168883d0d20808bc3bd5e51ff607da5d0951e06dfc681733dd312b953e78,booster,bundle:models.tar,
somalia_oracle_v3_validity,results/experiments/somalia_oracle/v3_validity/models/y2025_h00_o2025-04_augmented_D_residual_q3_residual_delta.ubj,405226,19a7692d89aaacf9cec7774876d61f40623bca55e0c8cbfe75d31ab0ee57a6f1,booster,bundle:models.tar,
somalia_oracle_v3_validity,results/experiments/somalia_oracle/v3_validity/models/y2025_h00_o2025-04_augmented_D_residual_q4.ubj,1024741,fac6d7a6251211fac32415210a1cd135982e57ef0fa8a462b86ff8d6fc46a4cc,booster,bundle:models.tar,
somalia_oracle_v3_validity,results/experiments/somalia_oracle/v3_validity/models/y2025_h00_o2025-04_augmented_D_residual_q5.ubj,944297,42a7fff4f405fdfd0f75e8e17b969c6d1a2fa0d2a0fb4ae50d5a303084ace686,booster,bundle:models.tar,
somalia_oracle_v3_validity,results/experiments/somalia_oracle/v3_validity/models/y2025_h00_o2025-04_augmented_D_selected_q2.ubj,225779,3514bd2455387ef119af3ad9ae5d089a331a1981bc5aa8d3c05f7d7440c730e3,booster,bundle:models.tar,
somalia_oracle_v3_validity,results/experiments/somalia_oracle/v3_validity/models/y2025_h00_o2025-04_augmented_D_selected_q3_direct.ubj,202107,fde0b5abc77b4b8b5a2d1f567ee718479a3e4641c32621b05482e8df9e2173e0,booster,bundle:models.tar,
somalia_oracle_v3_validity,results/experiments/somalia_oracle/v3_validity/models/y2025_h00_o2025-04_augmented_D_selected_q4.ubj,227620,d4c7a2a078e2424d58328cdd8a1e6ea66383184493821cca256696703f424338,booster,bundle:models.tar,
somalia_oracle_v3_validity,results/experiments/somalia_oracle/v3_validity/models/y2025_h00_o2025-04_augmented_D_selected_q5.ubj,224423,417a2e018d76c63dff7c8deb4526c73ef1f51c2b6e3b7576c76d35e637c18f01,booster,bundle:models.tar,
somalia_oracle_v3_validity,results/experiments/somalia_oracle/v3_validity/models/y2025_h00_o2025-04_original_D_direct_q2.ubj,223529,68abeb04e803edaed4f626fe8666b0dfc55be8ca373db3c7c3009653c0a4bfb0,booster,bundle:models.tar,
somalia_oracle_v3_validity,results/experiments/somalia_oracle/v3_validity/models/y2025_h00_o2025-04_original_D_direct_q3_direct.ubj,178736,6f697cefe79656b91f1207855a841f8837736109866e40772105679879554771,booster,bundle:models.tar,
somalia_oracle_v3_validity,results/experiments/somalia_oracle/v3_validity/models/y2025_h00_o2025-04_original_D_direct_q4.ubj,222641,8b769adcd13ec3e03eba131bc6d1413e6baa7af955a9e8c15c30285b233433b2,booster,bundle:models.tar,
somalia_oracle_v3_validity,results/experiments/somalia_oracle/v3_validity/models/y2025_h00_o2025-04_original_D_direct_q5.ubj,216296,11f1966f3d775533fb5d8aaccb9b2c821d3d2da596d05327ec6beabc15af417c,booster,bundle:models.tar,
somalia_oracle_v3_validity,results/experiments/somalia_oracle/v3_validity/models/y2025_h00_o2025-04_original_D_residual_q2.ubj,223529,68abeb04e803edaed4f626fe8666b0dfc55be8ca373db3c7c3009653c0a4bfb0,booster,bundle:models.tar,
somalia_oracle_v3_validity,results/experiments/somalia_oracle/v3_validity/models/y2025_h00_o2025-04_original_D_residual_q3_direct.ubj,178736,6f697cefe79656b91f1207855a841f8837736109866e40772105679879554771,booster,bundle:models.tar,
somalia_oracle_v3_validity,results/experiments/somalia_oracle/v3_validity/models/y2025_h00_o2025-04_original_D_residual_q3_residual_delta.ubj,163278,12e8c8baebb39075ca704c4c1ebb757d14d1ce2f3a5c570338542475c0989481,booster,bundle:models.tar,
somalia_oracle_v3_validity,results/experiments/somalia_oracle/v3_validity/models/y2025_h00_o2025-04_original_D_residual_q4.ubj,222641,8b769adcd13ec3e03eba131bc6d1413e6baa7af955a9e8c15c30285b233433b2,booster,bundle:models.tar,
somalia_oracle_v3_validity,results/experiments/somalia_oracle/v3_validity/models/y2025_h00_o2025-04_original_D_residual_q5.ubj,216296,11f1966f3d775533fb5d8aaccb9b2c821d3d2da596d05327ec6beabc15af417c,booster,bundle:models.tar,
somalia_oracle_v3_validity,results/experiments/somalia_oracle/v3_validity/models/y2025_h00_o2025-04_original_D_selected_q2.ubj,223529,68abeb04e803edaed4f626fe8666b0dfc55be8ca373db3c7c3009653c0a4bfb0,booster,bundle:models.tar,
somalia_oracle_v3_validity,results/experiments/somalia_oracle/v3_validity/models/y2025_h00_o2025-04_original_D_selected_q3_direct.ubj,178736,6f697cefe79656b91f1207855a841f8837736109866e40772105679879554771,booster,bundle:models.tar,
somalia_oracle_v3_validity,results/experiments/somalia_oracle/v3_validity/models/y2025_h00_o2025-04_original_D_selected_q4.ubj,222641,8b769adcd13ec3e03eba131bc6d1413e6baa7af955a9e8c15c30285b233433b2,booster,bundle:models.tar,
somalia_oracle_v3_validity,results/experiments/somalia_oracle/v3_validity/models/y2025_h00_o2025-04_original_D_selected_q5.ubj,216296,11f1966f3d775533fb5d8aaccb9b2c821d3d2da596d05327ec6beabc15af417c,booster,bundle:models.tar,
somalia_oracle_v3_validity,results/experiments/somalia_oracle/v3_validity/models/y2025_h00_o2025-07_augmented_D_direct_q2.ubj,225574,6885a428b5dae08c42d2197cbe4c045ce428bf0e4829c5d1f0f87771d92a90e0,booster,bundle:models.tar,
somalia_oracle_v3_validity,results/experiments/somalia_oracle/v3_validity/models/y2025_h00_o2025-07_augmented_D_direct_q3_direct.ubj,197813,8b4c25542717d8062beefe8a70da52cfd82dcfc2d7ecd3077e174f6466e5f7ac,booster,bundle:models.tar,
somalia_oracle_v3_validity,results/experiments/somalia_oracle/v3_validity/models/y2025_h00_o2025-07_augmented_D_direct_q4.ubj,227484,793efc718e4bf4ec8d48e59453d62ebaf5b422a638adfb6ca89f8b55a4613bf7,booster,bundle:models.tar,
somalia_oracle_v3_validity,results/experiments/somalia_oracle/v3_validity/models/y2025_h00_o2025-07_augmented_D_direct_q5.ubj,223669,b2b300eaee74a9121586f69fe0cb7deaba16e1c1e1293193afee370119a12753,booster,bundle:models.tar,
somalia_oracle_v3_validity,results/experiments/somalia_oracle/v3_validity/models/y2025_h00_o2025-07_augmented_D_residual_q2.ubj,1024061,26d27896adc91737f57dc0debae71b295d589a5b26079486af3528a1b7a4a22c,booster,bundle:models.tar,
somalia_oracle_v3_validity,results/experiments/somalia_oracle/v3_validity/models/y2025_h00_o2025-07_augmented_D_residual_q3_direct.ubj,431221,55418b3a888bb9aab459a8c10edc7a3a37ca9d6312588de730c261b05e76aec8,booster,bundle:models.tar,
somalia_oracle_v3_validity,results/experiments/somalia_oracle/v3_validity/models/y2025_h00_o2025-07_augmented_D_residual_q3_residual_delta.ubj,400599,6f79ff5a4c7b183ce9a2101da00ae9b3a22f9e07bf8b5e2f3fc532d24e680670,booster,bundle:models.tar,
somalia_oracle_v3_validity,results/experiments/somalia_oracle/v3_validity/models/y2025_h00_o2025-07_augmented_D_residual_q4.ubj,1021069,f4457699bcc080c9f682dfef9785eb57c671a6d1d4654445ae841f1114f785ea,booster,bundle:models.tar,
somalia_oracle_v3_validity,results/experiments/somalia_oracle/v3_validity/models/y2025_h00_o2025-07_augmented_D_residual_q5.ubj,929609,06d17dae32a35b6af904ffb8bb4997ebee5fef6c9ab6b6f7277df8b6a3f845df,booster,bundle:models.tar,
somalia_oracle_v3_validity,results/experiments/somalia_oracle/v3_validity/models/y2025_h00_o2025-07_augmented_D_selected_q2.ubj,225574,6885a428b5dae08c42d2197cbe4c045ce428bf0e4829c5d1f0f87771d92a90e0,booster,bundle:models.tar,
somalia_oracle_v3_validity,results/experiments/somalia_oracle/v3_validity/models/y2025_h00_o2025-07_augmented_D_selected_q3_direct.ubj,197813,8b4c25542717d8062beefe8a70da52cfd82dcfc2d7ecd3077e174f6466e5f7ac,booster,bundle:models.tar,
somalia_oracle_v3_validity,results/experiments/somalia_oracle/v3_validity/models/y2025_h00_o2025-07_augmented_D_selected_q4.ubj,227484,793efc718e4bf4ec8d48e59453d62ebaf5b422a638adfb6ca89f8b55a4613bf7,booster,bundle:models.tar,
somalia_oracle_v3_validity,results/experiments/somalia_oracle/v3_validity/models/y2025_h00_o2025-07_augmented_D_selected_q5.ubj,223669,b2b300eaee74a9121586f69fe0cb7deaba16e1c1e1293193afee370119a12753,booster,bundle:models.tar,
somalia_oracle_v3_validity,results/experiments/somalia_oracle/v3_validity/models/y2025_h00_o2025-07_original_D_direct_q2.ubj,221480,2095c79d4cdf35e4196ee963bd21715a4ee641f7ec0d6ac067f5a7f33c0dc343,booster,bundle:models.tar,
somalia_oracle_v3_validity,results/experiments/somalia_oracle/v3_validity/models/y2025_h00_o2025-07_original_D_direct_q3_direct.ubj,175195,ab185ff35e2a50eacf5b565e7b563e2b313d85f15ece92b06a7e0b48848bab0b,booster,bundle:models.tar,
somalia_oracle_v3_validity,results/experiments/somalia_oracle/v3_validity/models/y2025_h00_o2025-07_original_D_direct_q4.ubj,220804,ab3b8d7d7679d473bd1191ec071dd1609246a4be3ce7cbc35de1f62e9e475f96,booster,bundle:models.tar,
somalia_oracle_v3_validity,results/experiments/somalia_oracle/v3_validity/models/y2025_h00_o2025-07_original_D_direct_q5.ubj,213566,37f9d0017b04b8a967e525bf80e111136e474e71dcff631da65091ee8ae633c8,booster,bundle:models.tar,
somalia_oracle_v3_validity,results/experiments/somalia_oracle/v3_validity/models/y2025_h00_o2025-07_original_D_residual_q2.ubj,221480,2095c79d4cdf35e4196ee963bd21715a4ee641f7ec0d6ac067f5a7f33c0dc343,booster,bundle:models.tar,
somalia_oracle_v3_validity,results/experiments/somalia_oracle/v3_validity/models/y2025_h00_o2025-07_original_D_residual_q3_direct.ubj,175195,ab185ff35e2a50eacf5b565e7b563e2b313d85f15ece92b06a7e0b48848bab0b,booster,bundle:models.tar,
somalia_oracle_v3_validity,results/experiments/somalia_oracle/v3_validity/models/y2025_h00_o2025-07_original_D_residual_q3_residual_delta.ubj,161439,6591d74875f513557b9ac4fd784bb7a15801a87ad1e4a4d86a991e4f73adf0cc,booster,bundle:models.tar,
somalia_oracle_v3_validity,results/experiments/somalia_oracle/v3_validity/models/y2025_h00_o2025-07_original_D_residual_q4.ubj,220804,ab3b8d7d7679d473bd1191ec071dd1609246a4be3ce7cbc35de1f62e9e475f96,booster,bundle:models.tar,
somalia_oracle_v3_validity,results/experiments/somalia_oracle/v3_validity/models/y2025_h00_o2025-07_original_D_residual_q5.ubj,213566,37f9d0017b04b8a967e525bf80e111136e474e71dcff631da65091ee8ae633c8,booster,bundle:models.tar,
somalia_oracle_v3_validity,results/experiments/somalia_oracle/v3_validity/models/y2025_h00_o2025-07_original_D_selected_q2.ubj,221480,2095c79d4cdf35e4196ee963bd21715a4ee641f7ec0d6ac067f5a7f33c0dc343,booster,bundle:models.tar,
somalia_oracle_v3_validity,results/experiments/somalia_oracle/v3_validity/models/y2025_h00_o2025-07_original_D_selected_q3_direct.ubj,175195,ab185ff35e2a50eacf5b565e7b563e2b313d85f15ece92b06a7e0b48848bab0b,booster,bundle:models.tar,
somalia_oracle_v3_validity,results/experiments/somalia_oracle/v3_validity/models/y2025_h00_o2025-07_original_D_selected_q4.ubj,220804,ab3b8d7d7679d473bd1191ec071dd1609246a4be3ce7cbc35de1f62e9e475f96,booster,bundle:models.tar,
somalia_oracle_v3_validity,results/experiments/somalia_oracle/v3_validity/models/y2025_h00_o2025-07_original_D_selected_q5.ubj,213566,37f9d0017b04b8a967e525bf80e111136e474e71dcff631da65091ee8ae633c8,booster,bundle:models.tar,
somalia_oracle_v3_validity,results/experiments/somalia_oracle/v3_validity/models/y2025_h00_o2025-09_augmented_D_direct_q2.ubj,226530,4a9b3d4c4fa8cc26720375126003ff76034afaa188cc1fbd5e740e245fa2dadc,booster,bundle:models.tar,
somalia_oracle_v3_validity,results/experiments/somalia_oracle/v3_validity/models/y2025_h00_o2025-09_augmented_D_direct_q3_direct.ubj,194553,63a4dfccafb0002118c7e96927147a10a1cb449dcd2594bc6caa08be34d718be,booster,bundle:models.tar,
somalia_oracle_v3_validity,results/experiments/somalia_oracle/v3_validity/models/y2025_h00_o2025-09_augmented_D_direct_q4.ubj,226525,06c5ce71c6589f1a8ade353f110b0cd3c929f43ce30ad3ee45179f998894c9ef,booster,bundle:models.tar,
somalia_oracle_v3_validity,results/experiments/somalia_oracle/v3_validity/models/y2025_h00_o2025-09_augmented_D_direct_q5.ubj,224082,a503dfa6d5f6ada97da173db93209cd4a4d901ac6b4613bd4810943894941fd8,booster,bundle:models.tar,
somalia_oracle_v3_validity,results/experiments/somalia_oracle/v3_validity/models/y2025_h00_o2025-09_augmented_D_residual_q2.ubj,1020729,4f4aea7e50cb9a97b56291c7d9293585b50ee4528b4c4e5af80b3c4b6e89d99b,booster,bundle:models.tar,
somalia_oracle_v3_validity,results/experiments/somalia_oracle/v3_validity/models/y2025_h00_o2025-09_augmented_D_residual_q3_direct.ubj,427073,4f9f37ce3715d7caae1c23aee9584f8df6db29f4c01ccceb21a71cd71b7d3389,booster,bundle:models.tar,
somalia_oracle_v3_validity,results/experiments/somalia_oracle/v3_validity/models/y2025_h00_o2025-09_augmented_D_residual_q3_residual_delta.ubj,397948,4900400f61c20bbd5bfc046eca2acad4334e074fc3eb8c955eff37e273e890d9,booster,bundle:models.tar,
somalia_oracle_v3_validity,results/experiments/somalia_oracle/v3_validity/models/y2025_h00_o2025-09_augmented_D_residual_q4.ubj,1026713,a2ec2e036efaadb7d79b152ba028211ec08a8f4e1611f8656a4a6c4741cadbe9,booster,bundle:models.tar,
somalia_oracle_v3_validity,results/experiments/somalia_oracle/v3_validity/models/y2025_h00_o2025-09_augmented_D_residual_q5.ubj,933893,51c18001a490046012d78e8184eee5126035d19c8b869c50e7aa3d4ab57a1660,booster,bundle:models.tar,
somalia_oracle_v3_validity,results/experiments/somalia_oracle/v3_validity/models/y2025_h00_o2025-09_augmented_D_selected_q2.ubj,226530,4a9b3d4c4fa8cc26720375126003ff76034afaa188cc1fbd5e740e245fa2dadc,booster,bundle:models.tar,
somalia_oracle_v3_validity,results/experiments/somalia_oracle/v3_validity/models/y2025_h00_o2025-09_augmented_D_selected_q3_direct.ubj,194553,63a4dfccafb0002118c7e96927147a10a1cb449dcd2594bc6caa08be34d718be,booster,bundle:models.tar,
somalia_oracle_v3_validity,results/experiments/somalia_oracle/v3_validity/models/y2025_h00_o2025-09_augmented_D_selected_q4.ubj,226525,06c5ce71c6589f1a8ade353f110b0cd3c929f43ce30ad3ee45179f998894c9ef,booster,bundle:models.tar,
somalia_oracle_v3_validity,results/experiments/somalia_oracle/v3_validity/models/y2025_h00_o2025-09_augmented_D_selected_q5.ubj,224082,a503dfa6d5f6ada97da173db93209cd4a4d901ac6b4613bd4810943894941fd8,booster,bundle:models.tar,
somalia_oracle_v3_validity,results/experiments/somalia_oracle/v3_validity/models/y2025_h00_o2025-09_original_D_direct_q2.ubj,222165,8ff6c650de3aa2512d1469408e022f348ece4362620c24893ea9f4d501d368c2,booster,bundle:models.tar,
somalia_oracle_v3_validity,results/experiments/somalia_oracle/v3_validity/models/y2025_h00_o2025-09_original_D_direct_q3_direct.ubj,173083,80fbf101e2dc51f0142178879684a9d355c3ddf4d48f67883c250106cffca90d,booster,bundle:models.tar,
somalia_oracle_v3_validity,results/experiments/somalia_oracle/v3_validity/models/y2025_h00_o2025-09_original_D_direct_q4.ubj,219236,2e3f73652635830a2f00c10234a4bf520c682c2531508cdc198a55f0580cc960,booster,bundle:models.tar,
somalia_oracle_v3_validity,results/experiments/somalia_oracle/v3_validity/models/y2025_h00_o2025-09_original_D_direct_q5.ubj,213772,8a03d6f48ab319b768ef0e920ee2da88eae60db2b72c61ab0f2f4e7904246880,booster,bundle:models.tar,
somalia_oracle_v3_validity,results/experiments/somalia_oracle/v3_validity/models/y2025_h00_o2025-09_original_D_residual_q2.ubj,222165,8ff6c650de3aa2512d1469408e022f348ece4362620c24893ea9f4d501d368c2,booster,bundle:models.tar,
somalia_oracle_v3_validity,results/experiments/somalia_oracle/v3_validity/models/y2025_h00_o2025-09_original_D_residual_q3_direct.ubj,173083,80fbf101e2dc51f0142178879684a9d355c3ddf4d48f67883c250106cffca90d,booster,bundle:models.tar,
somalia_oracle_v3_validity,results/experiments/somalia_oracle/v3_validity/models/y2025_h00_o2025-09_original_D_residual_q3_residual_delta.ubj,160213,a8cd7c9ae34e7d60d2df40f311ccb0b11e7fd549d337eb7a8e0a9ea40a585510,booster,bundle:models.tar,
somalia_oracle_v3_validity,results/experiments/somalia_oracle/v3_validity/models/y2025_h00_o2025-09_original_D_residual_q4.ubj,219236,2e3f73652635830a2f00c10234a4bf520c682c2531508cdc198a55f0580cc960,booster,bundle:models.tar,
somalia_oracle_v3_validity,results/experiments/somalia_oracle/v3_validity/models/y2025_h00_o2025-09_original_D_residual_q5.ubj,213772,8a03d6f48ab319b768ef0e920ee2da88eae60db2b72c61ab0f2f4e7904246880,booster,bundle:models.tar,
somalia_oracle_v3_validity,results/experiments/somalia_oracle/v3_validity/models/y2025_h00_o2025-09_original_D_selected_q2.ubj,222165,8ff6c650de3aa2512d1469408e022f348ece4362620c24893ea9f4d501d368c2,booster,bundle:models.tar,
somalia_oracle_v3_validity,results/experiments/somalia_oracle/v3_validity/models/y2025_h00_o2025-09_original_D_selected_q3_direct.ubj,173083,80fbf101e2dc51f0142178879684a9d355c3ddf4d48f67883c250106cffca90d,booster,bundle:models.tar,
somalia_oracle_v3_validity,results/experiments/somalia_oracle/v3_validity/models/y2025_h00_o2025-09_original_D_selected_q4.ubj,219236,2e3f73652635830a2f00c10234a4bf520c682c2531508cdc198a55f0580cc960,booster,bundle:models.tar,
somalia_oracle_v3_validity,results/experiments/somalia_oracle/v3_validity/models/y2025_h00_o2025-09_original_D_selected_q5.ubj,213772,8a03d6f48ab319b768ef0e920ee2da88eae60db2b72c61ab0f2f4e7904246880,booster,bundle:models.tar,
somalia_oracle_v3_validity,results/experiments/somalia_oracle/v3_validity/models/y2025_h00_o2025-10_augmented_D_direct_q2.ubj,226122,7f692eda17ce284625e0ecc5a0e43ce74558812c06ff124f8e89122fbb70f578,booster,bundle:models.tar,
somalia_oracle_v3_validity,results/experiments/somalia_oracle/v3_validity/models/y2025_h00_o2025-10_augmented_D_direct_q3_direct.ubj,193390,b56c886b1502bb70ac17d8201a2c1b57b86db25e47d4a445b5411cc67f572b83,booster,bundle:models.tar,
somalia_oracle_v3_validity,results/experiments/somalia_oracle/v3_validity/models/y2025_h00_o2025-10_augmented_D_direct_q4.ubj,226118,5bc2648f4140e4ee1deaa9ff43f1d92a47d1fbc79b188848edf2c672f8f6ceb0,booster,bundle:models.tar,
somalia_oracle_v3_validity,results/experiments/somalia_oracle/v3_validity/models/y2025_h00_o2025-10_augmented_D_direct_q5.ubj,223943,c7d9762b3d04e5d85ac7ab7eedc37e3bead653941dc8bc07ab4ee9ead0589c90,booster,bundle:models.tar,
somalia_oracle_v3_validity,results/experiments/somalia_oracle/v3_validity/models/y2025_h00_o2025-10_augmented_D_residual_q2.ubj,1028617,d71b33cbfe72da2b8b57768c390f78a4e923cd531e8d13624b091e0e74df5972,booster,bundle:models.tar,
somalia_oracle_v3_validity,results/experiments/somalia_oracle/v3_validity/models/y2025_h00_o2025-10_augmented_D_residual_q3_direct.ubj,424689,e549c1d7659ad39403cabd4a87a3526ded0fb6a6464a27d0c808f75603f1b99d,booster,bundle:models.tar,
somalia_oracle_v3_validity,results/experiments/somalia_oracle/v3_validity/models/y2025_h00_o2025-10_augmented_D_residual_q3_residual_delta.ubj,397402,946446ff465a0479ca8c7befb96049d0e9453aa381b10c18cc4909e3c482844f,booster,bundle:models.tar,
somalia_oracle_v3_validity,results/experiments/somalia_oracle/v3_validity/models/y2025_h00_o2025-10_augmented_D_residual_q4.ubj,1040517,cd49a8186bb8812d9a9fad777be54abc38aa29b0d517ed212c1a086e015a0581,booster,bundle:models.tar,
somalia_oracle_v3_validity,results/experiments/somalia_oracle/v3_validity/models/y2025_h00_o2025-10_augmented_D_residual_q5.ubj,918117,744402cee41e466a17f8e614ae1831b12ca2d2794ec3910906bcb8b3cea6357c,booster,bundle:models.tar,
somalia_oracle_v3_validity,results/experiments/somalia_oracle/v3_validity/models/y2025_h00_o2025-10_augmented_D_selected_q2.ubj,226122,7f692eda17ce284625e0ecc5a0e43ce74558812c06ff124f8e89122fbb70f578,booster,bundle:models.tar,
somalia_oracle_v3_validity,results/experiments/somalia_oracle/v3_validity/models/y2025_h00_o2025-10_augmented_D_selected_q3_direct.ubj,193390,b56c886b1502bb70ac17d8201a2c1b57b86db25e47d4a445b5411cc67f572b83,booster,bundle:models.tar,
somalia_oracle_v3_validity,results/experiments/somalia_oracle/v3_validity/models/y2025_h00_o2025-10_augmented_D_selected_q4.ubj,226118,5bc2648f4140e4ee1deaa9ff43f1d92a47d1fbc79b188848edf2c672f8f6ceb0,booster,bundle:models.tar,
somalia_oracle_v3_validity,results/experiments/somalia_oracle/v3_validity/models/y2025_h00_o2025-10_augmented_D_selected_q5.ubj,223943,c7d9762b3d04e5d85ac7ab7eedc37e3bead653941dc8bc07ab4ee9ead0589c90,booster,bundle:models.tar,
somalia_oracle_v3_validity,results/experiments/somalia_oracle/v3_validity/models/y2025_h00_o2025-10_original_D_direct_q2.ubj,221691,1dfee364cb26d61be751be33060053b988898c6273f0d017e16622277d22df3e,booster,bundle:models.tar,
somalia_oracle_v3_validity,results/experiments/somalia_oracle/v3_validity/models/y2025_h00_o2025-10_original_D_direct_q3_direct.ubj,172540,4202cb6759351c642a5d8623e0b2ebd86d08df2ddb0205b4a1e68bcdd62bb2ff,booster,bundle:models.tar,
somalia_oracle_v3_validity,results/experiments/somalia_oracle/v3_validity/models/y2025_h00_o2025-10_original_D_direct_q4.ubj,218685,9ee8b54092546e2c1b2ac4d23de5940ea130232c54f56ece66f6e5db306f45b3,booster,bundle:models.tar,
somalia_oracle_v3_validity,results/experiments/somalia_oracle/v3_validity/models/y2025_h00_o2025-10_original_D_direct_q5.ubj,213295,18f0d9c0a4aaa6a11e1178557cd2dfde65f52ec17b95cb0dc0e23391dfa1e2e9,booster,bundle:models.tar,
somalia_oracle_v3_validity,results/experiments/somalia_oracle/v3_validity/models/y2025_h00_o2025-10_original_D_residual_q2.ubj,221691,1dfee364cb26d61be751be33060053b988898c6273f0d017e16622277d22df3e,booster,bundle:models.tar,
somalia_oracle_v3_validity,results/experiments/somalia_oracle/v3_validity/models/y2025_h00_o2025-10_original_D_residual_q3_direct.ubj,172540,4202cb6759351c642a5d8623e0b2ebd86d08df2ddb0205b4a1e68bcdd62bb2ff,booster,bundle:models.tar,
somalia_oracle_v3_validity,results/experiments/somalia_oracle/v3_validity/models/y2025_h00_o2025-10_original_D_residual_q3_residual_delta.ubj,159875,8ff4fa3b777fe1d57d21adf46a0e34e8f7f68e285e66261cc09dea7fe0d187c2,booster,bundle:models.tar,
somalia_oracle_v3_validity,results/experiments/somalia_oracle/v3_validity/models/y2025_h00_o2025-10_original_D_residual_q4.ubj,218685,9ee8b54092546e2c1b2ac4d23de5940ea130232c54f56ece66f6e5db306f45b3,booster,bundle:models.tar,
somalia_oracle_v3_validity,results/experiments/somalia_oracle/v3_validity/models/y2025_h00_o2025-10_original_D_residual_q5.ubj,213295,18f0d9c0a4aaa6a11e1178557cd2dfde65f52ec17b95cb0dc0e23391dfa1e2e9,booster,bundle:models.tar,
somalia_oracle_v3_validity,results/experiments/somalia_oracle/v3_validity/models/y2025_h00_o2025-10_original_D_selected_q2.ubj,221691,1dfee364cb26d61be751be33060053b988898c6273f0d017e16622277d22df3e,booster,bundle:models.tar,
somalia_oracle_v3_validity,results/experiments/somalia_oracle/v3_validity/models/y2025_h00_o2025-10_original_D_selected_q3_direct.ubj,172540,4202cb6759351c642a5d8623e0b2ebd86d08df2ddb0205b4a1e68bcdd62bb2ff,booster,bundle:models.tar,
somalia_oracle_v3_validity,results/experiments/somalia_oracle/v3_validity/models/y2025_h00_o2025-10_original_D_selected_q4.ubj,218685,9ee8b54092546e2c1b2ac4d23de5940ea130232c54f56ece66f6e5db306f45b3,booster,bundle:models.tar,
somalia_oracle_v3_validity,results/experiments/somalia_oracle/v3_validity/models/y2025_h00_o2025-10_original_D_selected_q5.ubj,213295,18f0d9c0a4aaa6a11e1178557cd2dfde65f52ec17b95cb0dc0e23391dfa1e2e9,booster,bundle:models.tar,
somalia_oracle_v3_validity,results/experiments/somalia_oracle/v3_validity/models/y2025_h03_o2025-01_augmented_D_direct_q2.ubj,224686,5be55f0a1dbf5d9dde7c89e6bf2f45639a85a12093964448e9f9c8f02f0249a5,booster,bundle:models.tar,
somalia_oracle_v3_validity,results/experiments/somalia_oracle/v3_validity/models/y2025_h03_o2025-01_augmented_D_direct_q3_direct.ubj,205994,35bef569d4f1267a567518bc6847e3f7827580238ce01e440fe17c8605028496,booster,bundle:models.tar,
somalia_oracle_v3_validity,results/experiments/somalia_oracle/v3_validity/models/y2025_h03_o2025-01_augmented_D_direct_q4.ubj,224959,1ebc62c28bb344ad02f43a04970068e1e56c5c7235c47ffb5a11619827940cf6,booster,bundle:models.tar,
somalia_oracle_v3_validity,results/experiments/somalia_oracle/v3_validity/models/y2025_h03_o2025-01_augmented_D_direct_q5.ubj,224147,21a68177ad740dddd7612a6d793dc92ac21adf0c5aa56c7836dc663d4b90b403,booster,bundle:models.tar,
somalia_oracle_v3_validity,results/experiments/somalia_oracle/v3_validity/models/y2025_h03_o2025-01_augmented_D_residual_q2.ubj,1017558,9e0312a3af93554c94196f5f9773fb0d6eb8553fa62b777fe8c58de347f5accb,booster,bundle:models.tar,
somalia_oracle_v3_validity,results/experiments/somalia_oracle/v3_validity/models/y2025_h03_o2025-01_augmented_D_residual_q3_direct.ubj,447309,348213d5e0138310259e866b99b920b2e9e9c24d8b02e52a13b349827c00e0fb,booster,bundle:models.tar,
somalia_oracle_v3_validity,results/experiments/somalia_oracle/v3_validity/models/y2025_h03_o2025-01_augmented_D_residual_q3_residual_delta.ubj,410081,8de1af32e42d3f68ed0bf7c49da2925ef36e7b3a4a026ffbb73645f8f3a50ed7,booster,bundle:models.tar,
somalia_oracle_v3_validity,results/experiments/somalia_oracle/v3_validity/models/y2025_h03_o2025-01_augmented_D_residual_q4.ubj,1049110,6de2f0f30198d5bf877d0b71886d235f346cc633f78247323a493ef4a35ab9f3,booster,bundle:models.tar,
somalia_oracle_v3_validity,results/experiments/somalia_oracle/v3_validity/models/y2025_h03_o2025-01_augmented_D_residual_q5.ubj,961118,7ce0ee36ba81a82c523b0da520261ecd0cda3a708fb3c3d110ba3058503c4fe5,booster,bundle:models.tar,
somalia_oracle_v3_validity,results/experiments/somalia_oracle/v3_validity/models/y2025_h03_o2025-01_augmented_D_selected_q2.ubj,224686,5be55f0a1dbf5d9dde7c89e6bf2f45639a85a12093964448e9f9c8f02f0249a5,booster,bundle:models.tar,
somalia_oracle_v3_validity,results/experiments/somalia_oracle/v3_validity/models/y2025_h03_o2025-01_augmented_D_selected_q3_direct.ubj,205994,35bef569d4f1267a567518bc6847e3f7827580238ce01e440fe17c8605028496,booster,bundle:models.tar,
somalia_oracle_v3_validity,results/experiments/somalia_oracle/v3_validity/models/y2025_h03_o2025-01_augmented_D_selected_q4.ubj,224959,1ebc62c28bb344ad02f43a04970068e1e56c5c7235c47ffb5a11619827940cf6,booster,bundle:models.tar,
somalia_oracle_v3_validity,results/experiments/somalia_oracle/v3_validity/models/y2025_h03_o2025-01_augmented_D_selected_q5.ubj,224147,21a68177ad740dddd7612a6d793dc92ac21adf0c5aa56c7836dc663d4b90b403,booster,bundle:models.tar,
somalia_oracle_v3_validity,results/experiments/somalia_oracle/v3_validity/models/y2025_h03_o2025-01_original_D_direct_q2.ubj,223461,7f34102a42ca9a8078ac9484e056c52a6cdb50ba57ae8bf44162a94bdffb947f,booster,bundle:models.tar,
somalia_oracle_v3_validity,results/experiments/somalia_oracle/v3_validity/models/y2025_h03_o2025-01_original_D_direct_q3_direct.ubj,185274,cf6aeb09623ff9d9f201697fb8b586eef3350c0547004c606e73a67ffeb5c09b,booster,bundle:models.tar,
somalia_oracle_v3_validity,results/experiments/somalia_oracle/v3_validity/models/y2025_h03_o2025-01_original_D_direct_q4.ubj,221814,15bd310fb92d8faa61945bc1eeed51384926ca2d0fcf7ae45bf85247555c01e2,booster,bundle:models.tar,
somalia_oracle_v3_validity,results/experiments/somalia_oracle/v3_validity/models/y2025_h03_o2025-01_original_D_direct_q5.ubj,212672,d9d6cec8805c2e6da5c47b6c352aba63b1bb4c75d3ce44cf0eb1fabc0f2fa5ed,booster,bundle:models.tar,
somalia_oracle_v3_validity,results/experiments/somalia_oracle/v3_validity/models/y2025_h03_o2025-01_original_D_residual_q2.ubj,223461,7f34102a42ca9a8078ac9484e056c52a6cdb50ba57ae8bf44162a94bdffb947f,booster,bundle:models.tar,
somalia_oracle_v3_validity,results/experiments/somalia_oracle/v3_validity/models/y2025_h03_o2025-01_original_D_residual_q3_direct.ubj,185274,cf6aeb09623ff9d9f201697fb8b586eef3350c0547004c606e73a67ffeb5c09b,booster,bundle:models.tar,
somalia_oracle_v3_validity,results/experiments/somalia_oracle/v3_validity/models/y2025_h03_o2025-01_original_D_residual_q3_residual_delta.ubj,165590,6e8897faf1db58ee52cfc71a299502ac59bad14fa296e0099798d4e0c413bf48,booster,bundle:models.tar,
somalia_oracle_v3_validity,results/experiments/somalia_oracle/v3_validity/models/y2025_h03_o2025-01_original_D_residual_q4.ubj,221814,15bd310fb92d8faa61945bc1eeed51384926ca2d0fcf7ae45bf85247555c01e2,booster,bundle:models.tar,
somalia_oracle_v3_validity,results/experiments/somalia_oracle/v3_validity/models/y2025_h03_o2025-01_original_D_residual_q5.ubj,212672,d9d6cec8805c2e6da5c47b6c352aba63b1bb4c75d3ce44cf0eb1fabc0f2fa5ed,booster,bundle:models.tar,
somalia_oracle_v3_validity,results/experiments/somalia_oracle/v3_validity/models/y2025_h03_o2025-01_original_D_selected_q2.ubj,223461,7f34102a42ca9a8078ac9484e056c52a6cdb50ba57ae8bf44162a94bdffb947f,booster,bundle:models.tar,
somalia_oracle_v3_validity,results/experiments/somalia_oracle/v3_validity/models/y2025_h03_o2025-01_original_D_selected_q3_direct.ubj,185274,cf6aeb09623ff9d9f201697fb8b586eef3350c0547004c606e73a67ffeb5c09b,booster,bundle:models.tar,
somalia_oracle_v3_validity,results/experiments/somalia_oracle/v3_validity/models/y2025_h03_o2025-01_original_D_selected_q4.ubj,221814,15bd310fb92d8faa61945bc1eeed51384926ca2d0fcf7ae45bf85247555c01e2,booster,bundle:models.tar,
somalia_oracle_v3_validity,results/experiments/somalia_oracle/v3_validity/models/y2025_h03_o2025-01_original_D_selected_q5.ubj,212672,d9d6cec8805c2e6da5c47b6c352aba63b1bb4c75d3ce44cf0eb1fabc0f2fa5ed,booster,bundle:models.tar,
somalia_oracle_v3_validity,results/experiments/somalia_oracle/v3_validity/models/y2025_h03_o2025-04_augmented_D_direct_q2.ubj,225635,0a5c312f224d22e164f25b9b526685943b1526cc222ac828da9af332ee3c08a0,booster,bundle:models.tar,
somalia_oracle_v3_validity,results/experiments/somalia_oracle/v3_validity/models/y2025_h03_o2025-04_augmented_D_direct_q3_direct.ubj,202384,171cd49b5b4608eef3dae8674e4245c9a2fdb62813066fca7fb85b033e0bb538,booster,bundle:models.tar,
somalia_oracle_v3_validity,results/experiments/somalia_oracle/v3_validity/models/y2025_h03_o2025-04_augmented_D_direct_q4.ubj,224749,68c6f1b2f31ee510ae5836389026c9e2afa0fd53f66898d6cd57dab1108aba18,booster,bundle:models.tar,
somalia_oracle_v3_validity,results/experiments/somalia_oracle/v3_validity/models/y2025_h03_o2025-04_augmented_D_direct_q5.ubj,223330,ba4def741251f48a4ca354ab007127c4e38940efd73daf6bfb3e44fdcbf64948,booster,bundle:models.tar,
somalia_oracle_v3_validity,results/experiments/somalia_oracle/v3_validity/models/y2025_h03_o2025-04_augmented_D_residual_q2.ubj,1012526,b51712954890fc91d31e71729e6b88846f61475f7e5fb2dd9b6f295bee3ad0be,booster,bundle:models.tar,
somalia_oracle_v3_validity,results/experiments/somalia_oracle/v3_validity/models/y2025_h03_o2025-04_augmented_D_residual_q3_direct.ubj,439549,1092aba558dcbd4eb86e71630011d18ed533d6c29c4f690d05c9318257d2bb00,booster,bundle:models.tar,
somalia_oracle_v3_validity,results/experiments/somalia_oracle/v3_validity/models/y2025_h03_o2025-04_augmented_D_residual_q3_residual_delta.ubj,405251,9dab479b4f0148ef7cf79a480f522399083ed154543552d27c66033a02fa6f81,booster,bundle:models.tar,
somalia_oracle_v3_validity,results/experiments/somalia_oracle/v3_validity/models/y2025_h03_o2025-04_augmented_D_residual_q4.ubj,1027622,77ef4d88402a44da5a9f5b4621bbb288ae874dc1fef6242210fa05b5efdec9aa,booster,bundle:models.tar,
somalia_oracle_v3_validity,results/experiments/somalia_oracle/v3_validity/models/y2025_h03_o2025-04_augmented_D_residual_q5.ubj,961662,eed9dcc6e19e397d71dc63130df2bbb73f834547c4ee26b2312758da015a0234,booster,bundle:models.tar,
somalia_oracle_v3_validity,results/experiments/somalia_oracle/v3_validity/models/y2025_h03_o2025-04_augmented_D_selected_q2.ubj,225635,0a5c312f224d22e164f25b9b526685943b1526cc222ac828da9af332ee3c08a0,booster,bundle:models.tar,
somalia_oracle_v3_validity,results/experiments/somalia_oracle/v3_validity/models/y2025_h03_o2025-04_augmented_D_selected_q3_direct.ubj,202384,171cd49b5b4608eef3dae8674e4245c9a2fdb62813066fca7fb85b033e0bb538,booster,bundle:models.tar,
somalia_oracle_v3_validity,results/experiments/somalia_oracle/v3_validity/models/y2025_h03_o2025-04_augmented_D_selected_q4.ubj,224749,68c6f1b2f31ee510ae5836389026c9e2afa0fd53f66898d6cd57dab1108aba18,booster,bundle:models.tar,
somalia_oracle_v3_validity,results/experiments/somalia_oracle/v3_validity/models/y2025_h03_o2025-04_augmented_D_selected_q5.ubj,223330,ba4def741251f48a4ca354ab007127c4e38940efd73daf6bfb3e44fdcbf64948,booster,bundle:models.tar,
somalia_oracle_v3_validity,results/experiments/somalia_oracle/v3_validity/models/y2025_h03_o2025-04_original_D_direct_q2.ubj,222911,ac474622c5f04bba937e5104099cb72f254f9c3a2f6eb8a926582b66b295c97e,booster,bundle:models.tar,
somalia_oracle_v3_validity,results/experiments/somalia_oracle/v3_validity/models/y2025_h03_o2025-04_original_D_direct_q3_direct.ubj,180228,1622d52c39b73df2605feb91514d40fcb70f1edfc52c618bd281920aee1633c9,booster,bundle:models.tar,
somalia_oracle_v3_validity,results/experiments/somalia_oracle/v3_validity/models/y2025_h03_o2025-04_original_D_direct_q4.ubj,222495,5e98eabb44e48e3f1c65b0e73921748292d9e01318871ca9a5f58d8600b4dd2c,booster,bundle:models.tar,
somalia_oracle_v3_validity,results/experiments/somalia_oracle/v3_validity/models/y2025_h03_o2025-04_original_D_direct_q5.ubj,209185,ab7fb97f4d96501a86abfe1de96cddd04dd1fafd4c989ec87078374aa29027bc,booster,bundle:models.tar,
somalia_oracle_v3_validity,results/experiments/somalia_oracle/v3_validity/models/y2025_h03_o2025-04_original_D_residual_q2.ubj,222911,ac474622c5f04bba937e5104099cb72f254f9c3a2f6eb8a926582b66b295c97e,booster,bundle:models.tar,
somalia_oracle_v3_validity,results/experiments/somalia_oracle/v3_validity/models/y2025_h03_o2025-04_original_D_residual_q3_direct.ubj,180228,1622d52c39b73df2605feb91514d40fcb70f1edfc52c618bd281920aee1633c9,booster,bundle:models.tar,
somalia_oracle_v3_validity,results/experiments/somalia_oracle/v3_validity/models/y2025_h03_o2025-04_original_D_residual_q3_residual_delta.ubj,163478,cc421769d3d812afbef1fc8f5181f5f203fa809ba5671627f8203ff87699699e,booster,bundle:models.tar,
somalia_oracle_v3_validity,results/experiments/somalia_oracle/v3_validity/models/y2025_h03_o2025-04_original_D_residual_q4.ubj,222495,5e98eabb44e48e3f1c65b0e73921748292d9e01318871ca9a5f58d8600b4dd2c,booster,bundle:models.tar,
somalia_oracle_v3_validity,results/experiments/somalia_oracle/v3_validity/models/y2025_h03_o2025-04_original_D_residual_q5.ubj,209185,ab7fb97f4d96501a86abfe1de96cddd04dd1fafd4c989ec87078374aa29027bc,booster,bundle:models.tar,
somalia_oracle_v3_validity,results/experiments/somalia_oracle/v3_validity/models/y2025_h03_o2025-04_original_D_selected_q2.ubj,222911,ac474622c5f04bba937e5104099cb72f254f9c3a2f6eb8a926582b66b295c97e,booster,bundle:models.tar,
somalia_oracle_v3_validity,results/experiments/somalia_oracle/v3_validity/models/y2025_h03_o2025-04_original_D_selected_q3_direct.ubj,180228,1622d52c39b73df2605feb91514d40fcb70f1edfc52c618bd281920aee1633c9,booster,bundle:models.tar,
somalia_oracle_v3_validity,results/experiments/somalia_oracle/v3_validity/models/y2025_h03_o2025-04_original_D_selected_q4.ubj,222495,5e98eabb44e48e3f1c65b0e73921748292d9e01318871ca9a5f58d8600b4dd2c,booster,bundle:models.tar,
somalia_oracle_v3_validity,results/experiments/somalia_oracle/v3_validity/models/y2025_h03_o2025-04_original_D_selected_q5.ubj,209185,ab7fb97f4d96501a86abfe1de96cddd04dd1fafd4c989ec87078374aa29027bc,booster,bundle:models.tar,
somalia_oracle_v3_validity,results/experiments/somalia_oracle/v3_validity/models/y2025_h03_o2025-06_augmented_D_direct_q2.ubj,225638,5bf0043bc406579496c9ac17aab04e54146aace50fc620dbad7c02b10c3880b2,booster,bundle:models.tar,
somalia_oracle_v3_validity,results/experiments/somalia_oracle/v3_validity/models/y2025_h03_o2025-06_augmented_D_direct_q3_direct.ubj,200062,9f07a7ec08bd0e2761efd7145d45df15e807e31204bd026846a687fd90abba49,booster,bundle:models.tar,
somalia_oracle_v3_validity,results/experiments/somalia_oracle/v3_validity/models/y2025_h03_o2025-06_augmented_D_direct_q4.ubj,224274,ccdab9f8eb8577d28d9f5cd469a44103e216fbb4489a6ec589df082d05d0f2e1,booster,bundle:models.tar,
somalia_oracle_v3_validity,results/experiments/somalia_oracle/v3_validity/models/y2025_h03_o2025-06_augmented_D_direct_q5.ubj,221763,018c111da71ef0aaa4cbd4e64d9c970a5ff8399774605baa4a4f1a3795e16a3f,booster,bundle:models.tar,
somalia_oracle_v3_validity,results/experiments/somalia_oracle/v3_validity/models/y2025_h03_o2025-06_augmented_D_residual_q2.ubj,1005046,a47f04f07590b28d51edbb57cab3d8f93973e762217a2794a6d178c6e47f508c,booster,bundle:models.tar,
somalia_oracle_v3_validity,results/experiments/somalia_oracle/v3_validity/models/y2025_h03_o2025-06_augmented_D_residual_q3_direct.ubj,436147,023d14ef26e38d3b79328705560e4f4ef6726ad9ede912ea96b7b404f27acf52,booster,bundle:models.tar,
somalia_oracle_v3_validity,results/experiments/somalia_oracle/v3_validity/models/y2025_h03_o2025-06_augmented_D_residual_q3_residual_delta.ubj,403073,e23aeeff75f6c07c26003d95fb6a5a66cc31a62f78562910283e3f62dfd2e2f6,booster,bundle:models.tar,
somalia_oracle_v3_validity,results/experiments/somalia_oracle/v3_validity/models/y2025_h03_o2025-06_augmented_D_residual_q4.ubj,1029322,7e24b9ffc5429251e8126a30124eb821c6cbf30307f00e9a36ec2d87761c6a0f,booster,bundle:models.tar,
somalia_oracle_v3_validity,results/experiments/somalia_oracle/v3_validity/models/y2025_h03_o2025-06_augmented_D_residual_q5.ubj,938066,b67871325033f748aaa6192135e842034e00ad9f44a72b99c64fb5cfd99e0a07,booster,bundle:models.tar,
somalia_oracle_v3_validity,results/experiments/somalia_oracle/v3_validity/models/y2025_h03_o2025-06_augmented_D_selected_q2.ubj,225638,5bf0043bc406579496c9ac17aab04e54146aace50fc620dbad7c02b10c3880b2,booster,bundle:models.tar,
somalia_oracle_v3_validity,results/experiments/somalia_oracle/v3_validity/models/y2025_h03_o2025-06_augmented_D_selected_q3_direct.ubj,200062,9f07a7ec08bd0e2761efd7145d45df15e807e31204bd026846a687fd90abba49,booster,bundle:models.tar,
somalia_oracle_v3_validity,results/experiments/somalia_oracle/v3_validity/models/y2025_h03_o2025-06_augmented_D_selected_q4.ubj,224274,ccdab9f8eb8577d28d9f5cd469a44103e216fbb4489a6ec589df082d05d0f2e1,booster,bundle:models.tar,
somalia_oracle_v3_validity,results/experiments/somalia_oracle/v3_validity/models/y2025_h03_o2025-06_augmented_D_selected_q5.ubj,221763,018c111da71ef0aaa4cbd4e64d9c970a5ff8399774605baa4a4f1a3795e16a3f,booster,bundle:models.tar,
somalia_oracle_v3_validity,results/experiments/somalia_oracle/v3_validity/models/y2025_h03_o2025-06_original_D_direct_q2.ubj,223255,1c3824f2c56c409bdc7fc73f3a26e5bfea8a6235da00c22ea32ea0ab0f0b526a,booster,bundle:models.tar,
somalia_oracle_v3_validity,results/experiments/somalia_oracle/v3_validity/models/y2025_h03_o2025-06_original_D_direct_q3_direct.ubj,177506,5c4a96c079035fee4b9874219da89f9f0d4ecf4ab0d2031f18d012152d94037c,booster,bundle:models.tar,
somalia_oracle_v3_validity,results/experiments/somalia_oracle/v3_validity/models/y2025_h03_o2025-06_original_D_direct_q4.ubj,220239,3aa2f2cb3a15aed6c70301e06da313d009f3ddd820434cfc81321b37dcfd475c,booster,bundle:models.tar,
somalia_oracle_v3_validity,results/experiments/somalia_oracle/v3_validity/models/y2025_h03_o2025-06_original_D_direct_q5.ubj,210757,9d7a0046f18c4133c6a19027244ea2bf332a7ccc427ea3cc22422437cf2798a2,booster,bundle:models.tar,
somalia_oracle_v3_validity,results/experiments/somalia_oracle/v3_validity/models/y2025_h03_o2025-06_original_D_residual_q2.ubj,223255,1c3824f2c56c409bdc7fc73f3a26e5bfea8a6235da00c22ea32ea0ab0f0b526a,booster,bundle:models.tar,
somalia_oracle_v3_validity,results/experiments/somalia_oracle/v3_validity/models/y2025_h03_o2025-06_original_D_residual_q3_direct.ubj,177506,5c4a96c079035fee4b9874219da89f9f0d4ecf4ab0d2031f18d012152d94037c,booster,bundle:models.tar,
somalia_oracle_v3_validity,results/experiments/somalia_oracle/v3_validity/models/y2025_h03_o2025-06_original_D_residual_q3_residual_delta.ubj,162389,10191081e67f4ff9e89f91b626ce10b1dff77f9280dce707c014d57d906256c9,booster,bundle:models.tar,
somalia_oracle_v3_validity,results/experiments/somalia_oracle/v3_validity/models/y2025_h03_o2025-06_original_D_residual_q4.ubj,220239,3aa2f2cb3a15aed6c70301e06da313d009f3ddd820434cfc81321b37dcfd475c,booster,bundle:models.tar,
somalia_oracle_v3_validity,results/experiments/somalia_oracle/v3_validity/models/y2025_h03_o2025-06_original_D_residual_q5.ubj,210757,9d7a0046f18c4133c6a19027244ea2bf332a7ccc427ea3cc22422437cf2798a2,booster,bundle:models.tar,
somalia_oracle_v3_validity,results/experiments/somalia_oracle/v3_validity/models/y2025_h03_o2025-06_original_D_selected_q2.ubj,223255,1c3824f2c56c409bdc7fc73f3a26e5bfea8a6235da00c22ea32ea0ab0f0b526a,booster,bundle:models.tar,
somalia_oracle_v3_validity,results/experiments/somalia_oracle/v3_validity/models/y2025_h03_o2025-06_original_D_selected_q3_direct.ubj,177506,5c4a96c079035fee4b9874219da89f9f0d4ecf4ab0d2031f18d012152d94037c,booster,bundle:models.tar,
somalia_oracle_v3_validity,results/experiments/somalia_oracle/v3_validity/models/y2025_h03_o2025-06_original_D_selected_q4.ubj,220239,3aa2f2cb3a15aed6c70301e06da313d009f3ddd820434cfc81321b37dcfd475c,booster,bundle:models.tar,
somalia_oracle_v3_validity,results/experiments/somalia_oracle/v3_validity/models/y2025_h03_o2025-06_original_D_selected_q5.ubj,210757,9d7a0046f18c4133c6a19027244ea2bf332a7ccc427ea3cc22422437cf2798a2,booster,bundle:models.tar,
somalia_oracle_v3_validity,results/experiments/somalia_oracle/v3_validity/models/y2025_h03_o2025-07_augmented_D_direct_q2.ubj,224138,1b4e63d0bb3130deec6636c1f7260b21b39e9900042d664016d55c9fb0b9ada3,booster,bundle:models.tar,
somalia_oracle_v3_validity,results/experiments/somalia_oracle/v3_validity/models/y2025_h03_o2025-07_augmented_D_direct_q3_direct.ubj,198970,326d5c5db8c51e3b1051633612b8e785544e13e00d9c64a9037064ae956acf18,booster,bundle:models.tar,
somalia_oracle_v3_validity,results/experiments/somalia_oracle/v3_validity/models/y2025_h03_o2025-07_augmented_D_direct_q4.ubj,223116,e31eb0ff95e9bb729fe495e899231a975f486529ca8b94eeac70979a248171f2,booster,bundle:models.tar,
somalia_oracle_v3_validity,results/experiments/somalia_oracle/v3_validity/models/y2025_h03_o2025-07_augmented_D_direct_q5.ubj,221482,706f34157538285870044666863bea0ee368b897bcb6b623e1f5576d32125cf3,booster,bundle:models.tar,
somalia_oracle_v3_validity,results/experiments/somalia_oracle/v3_validity/models/y2025_h03_o2025-07_augmented_D_residual_q2.ubj,1003958,1acfaf3f61bb26978fab81f51d3a8a592802c9b2d096ec6f3ec334187d02d80c,booster,bundle:models.tar,
somalia_oracle_v3_validity,results/experiments/somalia_oracle/v3_validity/models/y2025_h03_o2025-07_augmented_D_residual_q3_direct.ubj,432269,6ce375eb51c14979dc427e653a64f535a1e975c5871726553edb3ecf45633ce4,booster,bundle:models.tar,
somalia_oracle_v3_validity,results/experiments/somalia_oracle/v3_validity/models/y2025_h03_o2025-07_augmented_D_residual_q3_residual_delta.ubj,401167,c89f53a1833c715f661ca373d6f094325ba51ea9ae18ba3c7ab6530abe388b42,booster,bundle:models.tar,
somalia_oracle_v3_validity,results/experiments/somalia_oracle/v3_validity/models/y2025_h03_o2025-07_augmented_D_residual_q4.ubj,1027078,8f8924deba699f0608526cb3507836a2c5b2a4258a964dc2f4843550b4b31282,booster,bundle:models.tar,
somalia_oracle_v3_validity,results/experiments/somalia_oracle/v3_validity/models/y2025_h03_o2025-07_augmented_D_residual_q5.ubj,937794,f514c4d69737fa1ef6a14b452d4a5d0cf95b412cb5e4e00d3d4e7432f58415d1,booster,bundle:models.tar,
somalia_oracle_v3_validity,results/experiments/somalia_oracle/v3_validity/models/y2025_h03_o2025-07_augmented_D_selected_q2.ubj,224138,1b4e63d0bb3130deec6636c1f7260b21b39e9900042d664016d55c9fb0b9ada3,booster,bundle:models.tar,
somalia_oracle_v3_validity,results/experiments/somalia_oracle/v3_validity/models/y2025_h03_o2025-07_augmented_D_selected_q3_direct.ubj,198970,326d5c5db8c51e3b1051633612b8e785544e13e00d9c64a9037064ae956acf18,booster,bundle:models.tar,
somalia_oracle_v3_validity,results/experiments/somalia_oracle/v3_validity/models/y2025_h03_o2025-07_augmented_D_selected_q4.ubj,223116,e31eb0ff95e9bb729fe495e899231a975f486529ca8b94eeac70979a248171f2,booster,bundle:models.tar,
somalia_oracle_v3_validity,results/experiments/somalia_oracle/v3_validity/models/y2025_h03_o2025-07_augmented_D_selected_q5.ubj,221482,706f34157538285870044666863bea0ee368b897bcb6b623e1f5576d32125cf3,booster,bundle:models.tar,
somalia_oracle_v3_validity,results/experiments/somalia_oracle/v3_validity/models/y2025_h03_o2025-07_original_D_direct_q2.ubj,221756,afd347f9fd54f5c2a05175de0cce6bc4921505364f80105851e44c2c40be13f6,booster,bundle:models.tar,
somalia_oracle_v3_validity,results/experiments/somalia_oracle/v3_validity/models/y2025_h03_o2025-07_original_D_direct_q3_direct.ubj,176073,8cd60ea58e44642e1045f5d0192d4843c529adf160c0ca94ce603b6c5ad74c55,booster,bundle:models.tar,
somalia_oracle_v3_validity,results/experiments/somalia_oracle/v3_validity/models/y2025_h03_o2025-07_original_D_direct_q4.ubj,220172,f195f40c7e1dbe80f5e0205ed274037d27895a4d94010a4da942e730a682ebae,booster,bundle:models.tar,
somalia_oracle_v3_validity,results/experiments/somalia_oracle/v3_validity/models/y2025_h03_o2025-07_original_D_direct_q5.ubj,211168,1b45456637bd7cf9624a1a74f26d5dc14817d523dc9ca0b93bffb8b3f6d85632,booster,bundle:models.tar,
somalia_oracle_v3_validity,results/experiments/somalia_oracle/v3_validity/models/y2025_h03_o2025-07_original_D_residual_q2.ubj,221756,afd347f9fd54f5c2a05175de0cce6bc4921505364f80105851e44c2c40be13f6,booster,bundle:models.tar,
somalia_oracle_v3_validity,results/experiments/somalia_oracle/v3_validity/models/y2025_h03_o2025-07_original_D_residual_q3_direct.ubj,176073,8cd60ea58e44642e1045f5d0192d4843c529adf160c0ca94ce603b6c5ad74c55,booster,bundle:models.tar,
somalia_oracle_v3_validity,results/experiments/somalia_oracle/v3_validity/models/y2025_h03_o2025-07_original_D_residual_q3_residual_delta.ubj,161709,36dad468102498ce8dbcc0aafeb12fd498ee25c79bf4c291a05d00fd84a95cc6,booster,bundle:models.tar,
somalia_oracle_v3_validity,results/experiments/somalia_oracle/v3_validity/models/y2025_h03_o2025-07_original_D_residual_q4.ubj,220172,f195f40c7e1dbe80f5e0205ed274037d27895a4d94010a4da942e730a682ebae,booster,bundle:models.tar,
somalia_oracle_v3_validity,results/experiments/somalia_oracle/v3_validity/models/y2025_h03_o2025-07_original_D_residual_q5.ubj,211168,1b45456637bd7cf9624a1a74f26d5dc14817d523dc9ca0b93bffb8b3f6d85632,booster,bundle:models.tar,
somalia_oracle_v3_validity,results/experiments/somalia_oracle/v3_validity/models/y2025_h03_o2025-07_original_D_selected_q2.ubj,221756,afd347f9fd54f5c2a05175de0cce6bc4921505364f80105851e44c2c40be13f6,booster,bundle:models.tar,
somalia_oracle_v3_validity,results/experiments/somalia_oracle/v3_validity/models/y2025_h03_o2025-07_original_D_selected_q3_direct.ubj,176073,8cd60ea58e44642e1045f5d0192d4843c529adf160c0ca94ce603b6c5ad74c55,booster,bundle:models.tar,
somalia_oracle_v3_validity,results/experiments/somalia_oracle/v3_validity/models/y2025_h03_o2025-07_original_D_selected_q4.ubj,220172,f195f40c7e1dbe80f5e0205ed274037d27895a4d94010a4da942e730a682ebae,booster,bundle:models.tar,
somalia_oracle_v3_validity,results/experiments/somalia_oracle/v3_validity/models/y2025_h03_o2025-07_original_D_selected_q5.ubj,211168,1b45456637bd7cf9624a1a74f26d5dc14817d523dc9ca0b93bffb8b3f6d85632,booster,bundle:models.tar,
somalia_oracle_v3_validity,results/experiments/somalia_oracle/v3_validity/models/y2025_h06_o2024-10_augmented_D_direct_q2.ubj,226519,1b6e8692e94986e70fa58598a9845964efcb188c3a3857ed71a68505cd272d1b,booster,bundle:models.tar,
somalia_oracle_v3_validity,results/experiments/somalia_oracle/v3_validity/models/y2025_h06_o2024-10_augmented_D_direct_q3_direct.ubj,218069,44075d7c3b893b18c9d3e0d804854c93a81054b67e12c3ab0c3885b8535fb2f2,booster,bundle:models.tar,
somalia_oracle_v3_validity,results/experiments/somalia_oracle/v3_validity/models/y2025_h06_o2024-10_augmented_D_direct_q4.ubj,228225,6106d801270ae827e30d6d44fa576dcd9733f6cb1da0dec0c766bbf24f7c4504,booster,bundle:models.tar,
somalia_oracle_v3_validity,results/experiments/somalia_oracle/v3_validity/models/y2025_h06_o2024-10_augmented_D_direct_q5.ubj,226464,9a7736a1c8d57749e42a5f41584bb8112d7a00ecde08e3492dbc16c5d0e43289,booster,bundle:models.tar,
somalia_oracle_v3_validity,results/experiments/somalia_oracle/v3_validity/models/y2025_h06_o2024-10_augmented_D_residual_q2.ubj,1056658,4be86427326219a1258639c39bb338516f9f377979b136fe1e185ef02cf8fa57,booster,bundle:models.tar,
somalia_oracle_v3_validity,results/experiments/somalia_oracle/v3_validity/models/y2025_h06_o2024-10_augmented_D_residual_q3_direct.ubj,489240,12ba969e7c309ff30212b8b8cbf02d2be332a13e8394eb22f2273b6ebef75e8c,booster,bundle:models.tar,
somalia_oracle_v3_validity,results/experiments/somalia_oracle/v3_validity/models/y2025_h06_o2024-10_augmented_D_residual_q3_residual_delta.ubj,417367,6fe2377c096460747898f2ba554028700b16dddb4cb55880a66fc1d9036d34d1,booster,bundle:models.tar,
somalia_oracle_v3_validity,results/experiments/somalia_oracle/v3_validity/models/y2025_h06_o2024-10_augmented_D_residual_q4.ubj,1070530,e9afe21720e713ad7bc2aad3fc7ffe4d0dded0951e6120915cc87bcb0a09f9fd,booster,bundle:models.tar,
somalia_oracle_v3_validity,results/experiments/somalia_oracle/v3_validity/models/y2025_h06_o2024-10_augmented_D_residual_q5.ubj,957446,4e52ffd280052e9e5e14781cf59626f707d339e251e26f328216fe9e4abfb903,booster,bundle:models.tar,
somalia_oracle_v3_validity,results/experiments/somalia_oracle/v3_validity/models/y2025_h06_o2024-10_augmented_D_selected_q2.ubj,226519,1b6e8692e94986e70fa58598a9845964efcb188c3a3857ed71a68505cd272d1b,booster,bundle:models.tar,
somalia_oracle_v3_validity,results/experiments/somalia_oracle/v3_validity/models/y2025_h06_o2024-10_augmented_D_selected_q3_direct.ubj,218069,44075d7c3b893b18c9d3e0d804854c93a81054b67e12c3ab0c3885b8535fb2f2,booster,bundle:models.tar,
somalia_oracle_v3_validity,results/experiments/somalia_oracle/v3_validity/models/y2025_h06_o2024-10_augmented_D_selected_q4.ubj,228225,6106d801270ae827e30d6d44fa576dcd9733f6cb1da0dec0c766bbf24f7c4504,booster,bundle:models.tar,
somalia_oracle_v3_validity,results/experiments/somalia_oracle/v3_validity/models/y2025_h06_o2024-10_augmented_D_selected_q5.ubj,226464,9a7736a1c8d57749e42a5f41584bb8112d7a00ecde08e3492dbc16c5d0e43289,booster,bundle:models.tar,
somalia_oracle_v3_validity,results/experiments/somalia_oracle/v3_validity/models/y2025_h06_o2024-10_original_D_direct_q2.ubj,222720,0a1a7140edf812f2dbe4e35730e1b3ecb7cf5a875456fdb7b8b043f938ea8087,booster,bundle:models.tar,
somalia_oracle_v3_validity,results/experiments/somalia_oracle/v3_validity/models/y2025_h06_o2024-10_original_D_direct_q3_direct.ubj,202581,2acce4bf2db1e1e909158c614485fc339bd382a8a0206322c1c3bdd56cae3f19,booster,bundle:models.tar,
somalia_oracle_v3_validity,results/experiments/somalia_oracle/v3_validity/models/y2025_h06_o2024-10_original_D_direct_q4.ubj,222379,ba5a6bc8d29615534e50bf41df14ef0e9099e8ccece539c2fc2d76d9a95b4bf7,booster,bundle:models.tar,
somalia_oracle_v3_validity,results/experiments/somalia_oracle/v3_validity/models/y2025_h06_o2024-10_original_D_direct_q5.ubj,214184,d4c3ffdebc9bed384febcc2365a086acab0ffde1c090d1a24a39e46123947467,booster,bundle:models.tar,
somalia_oracle_v3_validity,results/experiments/somalia_oracle/v3_validity/models/y2025_h06_o2024-10_original_D_residual_q2.ubj,222720,0a1a7140edf812f2dbe4e35730e1b3ecb7cf5a875456fdb7b8b043f938ea8087,booster,bundle:models.tar,
somalia_oracle_v3_validity,results/experiments/somalia_oracle/v3_validity/models/y2025_h06_o2024-10_original_D_residual_q3_direct.ubj,202581,2acce4bf2db1e1e909158c614485fc339bd382a8a0206322c1c3bdd56cae3f19,booster,bundle:models.tar,
somalia_oracle_v3_validity,results/experiments/somalia_oracle/v3_validity/models/y2025_h06_o2024-10_original_D_residual_q3_residual_delta.ubj,169812,1553dac8e25b6dbafe933be9ab1ba358e824b7b62e28cfd0f7e3fb868876c2ac,booster,bundle:models.tar,
somalia_oracle_v3_validity,results/experiments/somalia_oracle/v3_validity/models/y2025_h06_o2024-10_original_D_residual_q4.ubj,222379,ba5a6bc8d29615534e50bf41df14ef0e9099e8ccece539c2fc2d76d9a95b4bf7,booster,bundle:models.tar,
somalia_oracle_v3_validity,results/experiments/somalia_oracle/v3_validity/models/y2025_h06_o2024-10_original_D_residual_q5.ubj,214184,d4c3ffdebc9bed384febcc2365a086acab0ffde1c090d1a24a39e46123947467,booster,bundle:models.tar,
somalia_oracle_v3_validity,results/experiments/somalia_oracle/v3_validity/models/y2025_h06_o2024-10_original_D_selected_q2.ubj,222720,0a1a7140edf812f2dbe4e35730e1b3ecb7cf5a875456fdb7b8b043f938ea8087,booster,bundle:models.tar,
somalia_oracle_v3_validity,results/experiments/somalia_oracle/v3_validity/models/y2025_h06_o2024-10_original_D_selected_q3_direct.ubj,202581,2acce4bf2db1e1e909158c614485fc339bd382a8a0206322c1c3bdd56cae3f19,booster,bundle:models.tar,
somalia_oracle_v3_validity,results/experiments/somalia_oracle/v3_validity/models/y2025_h06_o2024-10_original_D_selected_q4.ubj,222379,ba5a6bc8d29615534e50bf41df14ef0e9099e8ccece539c2fc2d76d9a95b4bf7,booster,bundle:models.tar,
somalia_oracle_v3_validity,results/experiments/somalia_oracle/v3_validity/models/y2025_h06_o2024-10_original_D_selected_q5.ubj,214184,d4c3ffdebc9bed384febcc2365a086acab0ffde1c090d1a24a39e46123947467,booster,bundle:models.tar,
somalia_oracle_v3_validity,results/experiments/somalia_oracle/v3_validity/models/y2025_h06_o2025-01_augmented_D_direct_q2.ubj,226862,d56cf61192f2cb24fab236ccad581005f4b39c1afe9edd424454c3071098ae92,booster,bundle:models.tar,
somalia_oracle_v3_validity,results/experiments/somalia_oracle/v3_validity/models/y2025_h06_o2025-01_augmented_D_direct_q3_direct.ubj,215479,84a9b98e510949630d7c5a46d2ebc153c62b9c4c91b8651ee9d5b93ce7a25e3d,booster,bundle:models.tar,
somalia_oracle_v3_validity,results/experiments/somalia_oracle/v3_validity/models/y2025_h06_o2025-01_augmented_D_direct_q4.ubj,227748,fe8b145e4a269416e7692b9132caf6bd1c40f21f0112400cf957c8001f45e0c5,booster,bundle:models.tar,
somalia_oracle_v3_validity,results/experiments/somalia_oracle/v3_validity/models/y2025_h06_o2025-01_augmented_D_direct_q5.ubj,224277,a1650e442f0070cd2b5f1a33694360bc240e0f75f531787b5fa579ef28c897f0,booster,bundle:models.tar,
somalia_oracle_v3_validity,results/experiments/somalia_oracle/v3_validity/models/y2025_h06_o2025-01_augmented_D_residual_q2.ubj,1058222,30e1d8508eb3fd8c75f12841cd87dbb9d8028d159e96b926bda550c84574b030,booster,bundle:models.tar,
somalia_oracle_v3_validity,results/experiments/somalia_oracle/v3_validity/models/y2025_h06_o2025-01_augmented_D_residual_q3_direct.ubj,475287,cc133321962bf8600b226b84bf5538b28c5534a58b1cb61391debd551275b7fe,booster,bundle:models.tar,
somalia_oracle_v3_validity,results/experiments/somalia_oracle/v3_validity/models/y2025_h06_o2025-01_augmented_D_residual_q3_residual_delta.ubj,411308,06af8789cc3952a5002103d6bb91d1ba287f6596c39c5232f19777cc323e01ac,booster,bundle:models.tar,
somalia_oracle_v3_validity,results/experiments/somalia_oracle/v3_validity/models/y2025_h06_o2025-01_augmented_D_residual_q4.ubj,1053598,05acae2424bafab694f95378e7adc775d716166823c4f0d0cb8d3b1587c67c8d,booster,bundle:models.tar,
somalia_oracle_v3_validity,results/experiments/somalia_oracle/v3_validity/models/y2025_h06_o2025-01_augmented_D_residual_q5.ubj,929362,e308e2d608206d8c2d2f603f4f06ff82977d92e0f212f2569fb3e17461a4c46f,booster,bundle:models.tar,
somalia_oracle_v3_validity,results/experiments/somalia_oracle/v3_validity/models/y2025_h06_o2025-01_augmented_D_selected_q2.ubj,226862,d56cf61192f2cb24fab236ccad581005f4b39c1afe9edd424454c3071098ae92,booster,bundle:models.tar,
somalia_oracle_v3_validity,results/experiments/somalia_oracle/v3_validity/models/y2025_h06_o2025-01_augmented_D_selected_q3_direct.ubj,215479,84a9b98e510949630d7c5a46d2ebc153c62b9c4c91b8651ee9d5b93ce7a25e3d,booster,bundle:models.tar,
somalia_oracle_v3_validity,results/experiments/somalia_oracle/v3_validity/models/y2025_h06_o2025-01_augmented_D_selected_q4.ubj,227748,fe8b145e4a269416e7692b9132caf6bd1c40f21f0112400cf957c8001f45e0c5,booster,bundle:models.tar,
somalia_oracle_v3_validity,results/experiments/somalia_oracle/v3_validity/models/y2025_h06_o2025-01_augmented_D_selected_q5.ubj,224277,a1650e442f0070cd2b5f1a33694360bc240e0f75f531787b5fa579ef28c897f0,booster,bundle:models.tar,
somalia_oracle_v3_validity,results/experiments/somalia_oracle/v3_validity/models/y2025_h06_o2025-01_original_D_direct_q2.ubj,221420,d490e9dcaffc8ada2d6a01386d6a3652b87c4e0d0504abcfe8f0194c713e45fb,booster,bundle:models.tar,
somalia_oracle_v3_validity,results/experiments/somalia_oracle/v3_validity/models/y2025_h06_o2025-01_original_D_direct_q3_direct.ubj,196316,cad3b89668af61598e30a0ca09a97c519b0cd4b8d9a6e623602cbe58b37595e8,booster,bundle:models.tar,
somalia_oracle_v3_validity,results/experiments/somalia_oracle/v3_validity/models/y2025_h06_o2025-01_original_D_direct_q4.ubj,222310,6f8714628ae4ec7760efaa7ab76c26e1b2b1aa712a07e5507515e88297751008,booster,bundle:models.tar,
somalia_oracle_v3_validity,results/experiments/somalia_oracle/v3_validity/models/y2025_h06_o2025-01_original_D_direct_q5.ubj,211855,8b7438d43599cad5e00460058c39655f7a5895b9b3d0525284d4679179339221,booster,bundle:models.tar,
somalia_oracle_v3_validity,results/experiments/somalia_oracle/v3_validity/models/y2025_h06_o2025-01_original_D_residual_q2.ubj,221420,d490e9dcaffc8ada2d6a01386d6a3652b87c4e0d0504abcfe8f0194c713e45fb,booster,bundle:models.tar,
somalia_oracle_v3_validity,results/experiments/somalia_oracle/v3_validity/models/y2025_h06_o2025-01_original_D_residual_q3_direct.ubj,196316,cad3b89668af61598e30a0ca09a97c519b0cd4b8d9a6e623602cbe58b37595e8,booster,bundle:models.tar,
somalia_oracle_v3_validity,results/experiments/somalia_oracle/v3_validity/models/y2025_h06_o2025-01_original_D_residual_q3_residual_delta.ubj,167085,bd017a7ae0562b658d7de386034de81f4d52c6c83cdfba09524603ca20af5c02,booster,bundle:models.tar,
somalia_oracle_v3_validity,results/experiments/somalia_oracle/v3_validity/models/y2025_h06_o2025-01_original_D_residual_q4.ubj,222310,6f8714628ae4ec7760efaa7ab76c26e1b2b1aa712a07e5507515e88297751008,booster,bundle:models.tar,
somalia_oracle_v3_validity,results/experiments/somalia_oracle/v3_validity/models/y2025_h06_o2025-01_original_D_residual_q5.ubj,211855,8b7438d43599cad5e00460058c39655f7a5895b9b3d0525284d4679179339221,booster,bundle:models.tar,
somalia_oracle_v3_validity,results/experiments/somalia_oracle/v3_validity/models/y2025_h06_o2025-01_original_D_selected_q2.ubj,221420,d490e9dcaffc8ada2d6a01386d6a3652b87c4e0d0504abcfe8f0194c713e45fb,booster,bundle:models.tar,
somalia_oracle_v3_validity,results/experiments/somalia_oracle/v3_validity/models/y2025_h06_o2025-01_original_D_selected_q3_direct.ubj,196316,cad3b89668af61598e30a0ca09a97c519b0cd4b8d9a6e623602cbe58b37595e8,booster,bundle:models.tar,
somalia_oracle_v3_validity,results/experiments/somalia_oracle/v3_validity/models/y2025_h06_o2025-01_original_D_selected_q4.ubj,222310,6f8714628ae4ec7760efaa7ab76c26e1b2b1aa712a07e5507515e88297751008,booster,bundle:models.tar,
somalia_oracle_v3_validity,results/experiments/somalia_oracle/v3_validity/models/y2025_h06_o2025-01_original_D_selected_q5.ubj,211855,8b7438d43599cad5e00460058c39655f7a5895b9b3d0525284d4679179339221,booster,bundle:models.tar,
somalia_oracle_v3_validity,results/experiments/somalia_oracle/v3_validity/models/y2025_h06_o2025-03_augmented_D_direct_q2.ubj,224884,2d4338dfba9548977ab4a1ce61928b5d31979e447d187df4975df01fc4cddfe2,booster,bundle:models.tar,
somalia_oracle_v3_validity,results/experiments/somalia_oracle/v3_validity/models/y2025_h06_o2025-03_augmented_D_direct_q3_direct.ubj,213160,a46b9a692c5d2e2868095754507ac84dfb5677e87784bd8537ea4d67af3c2e51,booster,bundle:models.tar,
somalia_oracle_v3_validity,results/experiments/somalia_oracle/v3_validity/models/y2025_h06_o2025-03_augmented_D_direct_q4.ubj,226863,c4faecff933a5fff6e156965524fceec276cea33a5e2d54a4615e115770f7c22,booster,bundle:models.tar,
somalia_oracle_v3_validity,results/experiments/somalia_oracle/v3_validity/models/y2025_h06_o2025-03_augmented_D_direct_q5.ubj,225439,442460dc405c2adf71b1a4c540f2c05c7c0d3d827e4045bd6d4394864c9cd3e4,booster,bundle:models.tar,
somalia_oracle_v3_validity,results/experiments/somalia_oracle/v3_validity/models/y2025_h06_o2025-03_augmented_D_residual_q2.ubj,1053598,86b2539ead28b47b96e910717fc34ef7b100dc64b08ee9b8fd2e31fa4bd37a0a,booster,bundle:models.tar,
somalia_oracle_v3_validity,results/experiments/somalia_oracle/v3_validity/models/y2025_h06_o2025-03_augmented_D_residual_q3_direct.ubj,466371,82c527e63063266851382929469004c09159b56898395ff799b181771620bda0,booster,bundle:models.tar,
somalia_oracle_v3_validity,results/experiments/somalia_oracle/v3_validity/models/y2025_h06_o2025-03_augmented_D_residual_q3_residual_delta.ubj,408250,f369a29ea6be96900ba6ba549cb14cb9d1c05f77dbf9d773035d0e9be91448e5,booster,bundle:models.tar,
somalia_oracle_v3_validity,results/experiments/somalia_oracle/v3_validity/models/y2025_h06_o2025-03_augmented_D_residual_q4.ubj,1051150,b3311ead3470f0469f1f7048ac6de4ff4a84d00734663c1ce3d7777c140add7c,booster,bundle:models.tar,
somalia_oracle_v3_validity,results/experiments/somalia_oracle/v3_validity/models/y2025_h06_o2025-03_augmented_D_residual_q5.ubj,921338,cfdb6e77cbea7d8b1528f2505a9d71c239489a2e095ba3b8e48e9e86cf68d2e2,booster,bundle:models.tar,
somalia_oracle_v3_validity,results/experiments/somalia_oracle/v3_validity/models/y2025_h06_o2025-03_augmented_D_selected_q2.ubj,224884,2d4338dfba9548977ab4a1ce61928b5d31979e447d187df4975df01fc4cddfe2,booster,bundle:models.tar,
somalia_oracle_v3_validity,results/experiments/somalia_oracle/v3_validity/models/y2025_h06_o2025-03_augmented_D_selected_q3_direct.ubj,213160,a46b9a692c5d2e2868095754507ac84dfb5677e87784bd8537ea4d67af3c2e51,booster,bundle:models.tar,
somalia_oracle_v3_validity,results/experiments/somalia_oracle/v3_validity/models/y2025_h06_o2025-03_augmented_D_selected_q4.ubj,226863,c4faecff933a5fff6e156965524fceec276cea33a5e2d54a4615e115770f7c22,booster,bundle:models.tar,
somalia_oracle_v3_validity,results/experiments/somalia_oracle/v3_validity/models/y2025_h06_o2025-03_augmented_D_selected_q5.ubj,225439,442460dc405c2adf71b1a4c540f2c05c7c0d3d827e4045bd6d4394864c9cd3e4,booster,bundle:models.tar,
somalia_oracle_v3_validity,results/experiments/somalia_oracle/v3_validity/models/y2025_h06_o2025-03_original_D_direct_q2.ubj,221482,bc03c3a939a202f255bf85d0feb5a05586900251cbc608a781287fa8108bec9f,booster,bundle:models.tar,
somalia_oracle_v3_validity,results/experiments/somalia_oracle/v3_validity/models/y2025_h06_o2025-03_original_D_direct_q3_direct.ubj,192974,3f2f8f1127294226a27dd471e3703e0ff62841059853162ef6474a613c29d52b,booster,bundle:models.tar,
somalia_oracle_v3_validity,results/experiments/somalia_oracle/v3_validity/models/y2025_h06_o2025-03_original_D_direct_q4.ubj,220665,4e4e51b12a14440fb348157ec51e35838d1fafa1defb1c7b8aa666df79e36219,booster,bundle:models.tar,
somalia_oracle_v3_validity,results/experiments/somalia_oracle/v3_validity/models/y2025_h06_o2025-03_original_D_direct_q5.ubj,212326,058b0d5009bb1bc176fd79e1fe5a60cec3dd204ad8f5d8ce63da29a90cd95fdc,booster,bundle:models.tar,
somalia_oracle_v3_validity,results/experiments/somalia_oracle/v3_validity/models/y2025_h06_o2025-03_original_D_residual_q2.ubj,221482,bc03c3a939a202f255bf85d0feb5a05586900251cbc608a781287fa8108bec9f,booster,bundle:models.tar,
somalia_oracle_v3_validity,results/experiments/somalia_oracle/v3_validity/models/y2025_h06_o2025-03_original_D_residual_q3_direct.ubj,192974,3f2f8f1127294226a27dd471e3703e0ff62841059853162ef6474a613c29d52b,booster,bundle:models.tar,
somalia_oracle_v3_validity,results/experiments/somalia_oracle/v3_validity/models/y2025_h06_o2025-03_original_D_residual_q3_residual_delta.ubj,165996,d8f07ac3db5d1438a168c1e60198aefadbbb4ff8cc671fd3a6be54def9605f67,booster,bundle:models.tar,
somalia_oracle_v3_validity,results/experiments/somalia_oracle/v3_validity/models/y2025_h06_o2025-03_original_D_residual_q4.ubj,220665,4e4e51b12a14440fb348157ec51e35838d1fafa1defb1c7b8aa666df79e36219,booster,bundle:models.tar,
somalia_oracle_v3_validity,results/experiments/somalia_oracle/v3_validity/models/y2025_h06_o2025-03_original_D_residual_q5.ubj,212326,058b0d5009bb1bc176fd79e1fe5a60cec3dd204ad8f5d8ce63da29a90cd95fdc,booster,bundle:models.tar,
somalia_oracle_v3_validity,results/experiments/somalia_oracle/v3_validity/models/y2025_h06_o2025-03_original_D_selected_q2.ubj,221482,bc03c3a939a202f255bf85d0feb5a05586900251cbc608a781287fa8108bec9f,booster,bundle:models.tar,
somalia_oracle_v3_validity,results/experiments/somalia_oracle/v3_validity/models/y2025_h06_o2025-03_original_D_selected_q3_direct.ubj,192974,3f2f8f1127294226a27dd471e3703e0ff62841059853162ef6474a613c29d52b,booster,bundle:models.tar,
somalia_oracle_v3_validity,results/experiments/somalia_oracle/v3_validity/models/y2025_h06_o2025-03_original_D_selected_q4.ubj,220665,4e4e51b12a14440fb348157ec51e35838d1fafa1defb1c7b8aa666df79e36219,booster,bundle:models.tar,
somalia_oracle_v3_validity,results/experiments/somalia_oracle/v3_validity/models/y2025_h06_o2025-03_original_D_selected_q5.ubj,212326,058b0d5009bb1bc176fd79e1fe5a60cec3dd204ad8f5d8ce63da29a90cd95fdc,booster,bundle:models.tar,
somalia_oracle_v3_validity,results/experiments/somalia_oracle/v3_validity/models/y2025_h06_o2025-04_augmented_D_direct_q2.ubj,224814,406c1acf559662630819f54de44fb4a290e474a64d18e0b9e2632afd0396e3cb,booster,bundle:models.tar,
somalia_oracle_v3_validity,results/experiments/somalia_oracle/v3_validity/models/y2025_h06_o2025-04_augmented_D_direct_q3_direct.ubj,212820,0a24a3986f267840984fce801b778383fba2bdf9fa95c9fbb11d022acef89c30,booster,bundle:models.tar,
somalia_oracle_v3_validity,results/experiments/somalia_oracle/v3_validity/models/y2025_h06_o2025-04_augmented_D_direct_q4.ubj,227207,c60a1ab6e58c9fcbb667eacc38a5a0222e089d5717031950b8cc16fb39b1f1e3,booster,bundle:models.tar,
somalia_oracle_v3_validity,results/experiments/somalia_oracle/v3_validity/models/y2025_h06_o2025-04_augmented_D_direct_q5.ubj,225779,9538c6362ee5f1af199f5792c2ea33f1982fc5e331b80ca89b61f2fcff9e7698,booster,bundle:models.tar,
somalia_oracle_v3_validity,results/experiments/somalia_oracle/v3_validity/models/y2025_h06_o2025-04_augmented_D_residual_q2.ubj,1069714,4f43ffa5a52c4ec8164ae403a77c7c8ff3b03a02f5e728fe8873ba380550b99c,booster,bundle:models.tar,
somalia_oracle_v3_validity,results/experiments/somalia_oracle/v3_validity/models/y2025_h06_o2025-04_augmented_D_residual_q3_direct.ubj,463993,df9146a81d71b4fdac6c7856ed0708550b59d4229dfbf811aabfa54632573b7e,booster,bundle:models.tar,
somalia_oracle_v3_validity,results/experiments/somalia_oracle/v3_validity/models/y2025_h06_o2025-04_augmented_D_residual_q3_residual_delta.ubj,407365,5d142afaa17e8c3d5fc7c6c6c30b4ee30bb28866014e1cb633219bfe8373bdbc,booster,bundle:models.tar,
somalia_oracle_v3_validity,results/experiments/somalia_oracle/v3_validity/models/y2025_h06_o2025-04_augmented_D_residual_q4.ubj,1049382,fb455ce066f206804d87ecf6ad62e159391bfb4681c51e3e1e0aed03f0c172b0,booster,bundle:models.tar,
somalia_oracle_v3_validity,results/experiments/somalia_oracle/v3_validity/models/y2025_h06_o2025-04_augmented_D_residual_q5.ubj,915082,53900610262f26fca65c9c53c619e29f726f09147d440ccd78ecd7436031c55b,booster,bundle:models.tar,
somalia_oracle_v3_validity,results/experiments/somalia_oracle/v3_validity/models/y2025_h06_o2025-04_augmented_D_selected_q2.ubj,224814,406c1acf559662630819f54de44fb4a290e474a64d18e0b9e2632afd0396e3cb,booster,bundle:models.tar,
somalia_oracle_v3_validity,results/experiments/somalia_oracle/v3_validity/models/y2025_h06_o2025-04_augmented_D_selected_q3_direct.ubj,212820,0a24a3986f267840984fce801b778383fba2bdf9fa95c9fbb11d022acef89c30,booster,bundle:models.tar,
somalia_oracle_v3_validity,results/experiments/somalia_oracle/v3_validity/models/y2025_h06_o2025-04_augmented_D_selected_q4.ubj,227207,c60a1ab6e58c9fcbb667eacc38a5a0222e089d5717031950b8cc16fb39b1f1e3,booster,bundle:models.tar,
somalia_oracle_v3_validity,results/experiments/somalia_oracle/v3_validity/models/y2025_h06_o2025-04_augmented_D_selected_q5.ubj,225779,9538c6362ee5f1af199f5792c2ea33f1982fc5e331b80ca89b61f2fcff9e7698,booster,bundle:models.tar,
somalia_oracle_v3_validity,results/experiments/somalia_oracle/v3_validity/models/y2025_h06_o2025-04_original_D_direct_q2.ubj,221343,aee0e8cca96f72dca64d2d8f9952bf54bc9bf17081525faee437345b82c85b91,booster,bundle:models.tar,
somalia_oracle_v3_validity,results/experiments/somalia_oracle/v3_validity/models/y2025_h06_o2025-04_original_D_direct_q3_direct.ubj,190798,4d745bcc2f6a3afec5d61eb0300dbd7edf41000fe56f04f5b7ddafc163276650,booster,bundle:models.tar,
somalia_oracle_v3_validity,results/experiments/somalia_oracle/v3_validity/models/y2025_h06_o2025-04_original_D_direct_q4.ubj,219915,8ddb3125c7b8c0f816691bb6b8b71cb222334f9128e7a01a8253430cd8ee0ccd,booster,bundle:models.tar,
somalia_oracle_v3_validity,results/experiments/somalia_oracle/v3_validity/models/y2025_h06_o2025-04_original_D_direct_q5.ubj,212668,d51c19a064c24d4f4e18a46b6c301fe323853355549f08f258366544af2e2f6b,booster,bundle:models.tar,
somalia_oracle_v3_validity,results/experiments/somalia_oracle/v3_validity/models/y2025_h06_o2025-04_original_D_residual_q2.ubj,221343,aee0e8cca96f72dca64d2d8f9952bf54bc9bf17081525faee437345b82c85b91,booster,bundle:models.tar,
somalia_oracle_v3_validity,results/experiments/somalia_oracle/v3_validity/models/y2025_h06_o2025-04_original_D_residual_q3_direct.ubj,190798,4d745bcc2f6a3afec5d61eb0300dbd7edf41000fe56f04f5b7ddafc163276650,booster,bundle:models.tar,
somalia_oracle_v3_validity,results/experiments/somalia_oracle/v3_validity/models/y2025_h06_o2025-04_original_D_residual_q3_residual_delta.ubj,164841,cbf60aa540deae9fea720d776fa6aa9c020c7613948bc071bb4f329beb772f4e,booster,bundle:models.tar,
somalia_oracle_v3_validity,results/experiments/somalia_oracle/v3_validity/models/y2025_h06_o2025-04_original_D_residual_q4.ubj,219915,8ddb3125c7b8c0f816691bb6b8b71cb222334f9128e7a01a8253430cd8ee0ccd,booster,bundle:models.tar,
somalia_oracle_v3_validity,results/experiments/somalia_oracle/v3_validity/models/y2025_h06_o2025-04_original_D_residual_q5.ubj,212668,d51c19a064c24d4f4e18a46b6c301fe323853355549f08f258366544af2e2f6b,booster,bundle:models.tar,
somalia_oracle_v3_validity,results/experiments/somalia_oracle/v3_validity/models/y2025_h06_o2025-04_original_D_selected_q2.ubj,221343,aee0e8cca96f72dca64d2d8f9952bf54bc9bf17081525faee437345b82c85b91,booster,bundle:models.tar,
somalia_oracle_v3_validity,results/experiments/somalia_oracle/v3_validity/models/y2025_h06_o2025-04_original_D_selected_q3_direct.ubj,190798,4d745bcc2f6a3afec5d61eb0300dbd7edf41000fe56f04f5b7ddafc163276650,booster,bundle:models.tar,
somalia_oracle_v3_validity,results/experiments/somalia_oracle/v3_validity/models/y2025_h06_o2025-04_original_D_selected_q4.ubj,219915,8ddb3125c7b8c0f816691bb6b8b71cb222334f9128e7a01a8253430cd8ee0ccd,booster,bundle:models.tar,
somalia_oracle_v3_validity,results/experiments/somalia_oracle/v3_validity/models/y2025_h06_o2025-04_original_D_selected_q5.ubj,212668,d51c19a064c24d4f4e18a46b6c301fe323853355549f08f258366544af2e2f6b,booster,bundle:models.tar,
somalia_oracle_v3_validity,results/experiments/somalia_oracle/v3_validity/models/y2025_h12_o2024-04_augmented_D_direct_q2.ubj,224488,b2f452bddc078ff98b240947df79ec5c0b899264f57838390daa6ab01b61cc60,booster,bundle:models.tar,
somalia_oracle_v3_validity,results/experiments/somalia_oracle/v3_validity/models/y2025_h12_o2024-04_augmented_D_direct_q3_direct.ubj,222983,d29c02a7c12c245f73e7898bac935739c38538ed9666c4c52f353dbf9122eb51,booster,bundle:models.tar,
somalia_oracle_v3_validity,results/experiments/somalia_oracle/v3_validity/models/y2025_h12_o2024-04_augmented_D_direct_q4.ubj,226113,59e5e9e9fa9d3187a7cc1f3279083fbc911e9c856af34819f82460529f6d8492,booster,bundle:models.tar,
somalia_oracle_v3_validity,results/experiments/somalia_oracle/v3_validity/models/y2025_h12_o2024-04_augmented_D_direct_q5.ubj,228919,99257aa6bda3e79d58654c15b62e663928bda1eb4c2087879fb0179e997f7c48,booster,bundle:models.tar,
somalia_oracle_v3_validity,results/experiments/somalia_oracle/v3_validity/models/y2025_h12_o2024-04_augmented_D_residual_q2.ubj,1056293,4b0996b07afa01d950da3f75045761b234aa71785203dde405082d282f39f21d,booster,bundle:models.tar,
somalia_oracle_v3_validity,results/experiments/somalia_oracle/v3_validity/models/y2025_h12_o2024-04_augmented_D_residual_q3_direct.ubj,540122,5334d847cdc7f0ffc42d1602587013505b8fd469fbffa96e15c51ebf2ba46fa0,booster,bundle:models.tar,
somalia_oracle_v3_validity,results/experiments/somalia_oracle/v3_validity/models/y2025_h12_o2024-04_augmented_D_residual_q3_residual_delta.ubj,367116,abb56356b86c9562696c39b8d0ec4d9dacb17e44bed9c66b47378387c4687111,booster,bundle:models.tar,
somalia_oracle_v3_validity,results/experiments/somalia_oracle/v3_validity/models/y2025_h12_o2024-04_augmented_D_residual_q4.ubj,1068737,560d86585ae8372608b0e354fce21957c89a356a70bf8a7d597bdd478051a99c,booster,bundle:models.tar,
somalia_oracle_v3_validity,results/experiments/somalia_oracle/v3_validity/models/y2025_h12_o2024-04_augmented_D_residual_q5.ubj,1002165,2e75deff062f6c48fe3c7f39e1008a06c54fe897fbfca373f0720dfc47e72ba1,booster,bundle:models.tar,
somalia_oracle_v3_validity,results/experiments/somalia_oracle/v3_validity/models/y2025_h12_o2024-04_augmented_D_selected_q2.ubj,224488,b2f452bddc078ff98b240947df79ec5c0b899264f57838390daa6ab01b61cc60,booster,bundle:models.tar,
somalia_oracle_v3_validity,results/experiments/somalia_oracle/v3_validity/models/y2025_h12_o2024-04_augmented_D_selected_q3_direct.ubj,222983,d29c02a7c12c245f73e7898bac935739c38538ed9666c4c52f353dbf9122eb51,booster,bundle:models.tar,
somalia_oracle_v3_validity,results/experiments/somalia_oracle/v3_validity/models/y2025_h12_o2024-04_augmented_D_selected_q4.ubj,226113,59e5e9e9fa9d3187a7cc1f3279083fbc911e9c856af34819f82460529f6d8492,booster,bundle:models.tar,
somalia_oracle_v3_validity,results/experiments/somalia_oracle/v3_validity/models/y2025_h12_o2024-04_augmented_D_selected_q5.ubj,228919,99257aa6bda3e79d58654c15b62e663928bda1eb4c2087879fb0179e997f7c48,booster,bundle:models.tar,
somalia_oracle_v3_validity,results/experiments/somalia_oracle/v3_validity/models/y2025_h12_o2024-04_original_D_direct_q2.ubj,221140,954704d1549472896906b6dab2f7d2a10858b513348ebf716ce685dcc3a82c65,booster,bundle:models.tar,
somalia_oracle_v3_validity,results/experiments/somalia_oracle/v3_validity/models/y2025_h12_o2024-04_original_D_direct_q3_direct.ubj,213981,d68af90d0b468e350df23a02443f5c4d0afee8e47c396dd76185a374ea1f8a48,booster,bundle:models.tar,
somalia_oracle_v3_validity,results/experiments/somalia_oracle/v3_validity/models/y2025_h12_o2024-04_original_D_direct_q4.ubj,224612,27cdf3358be1245c7a7a2ac369c2ca1572e8599e194fe1ed91cc08a320ca1c79,booster,bundle:models.tar,
somalia_oracle_v3_validity,results/experiments/somalia_oracle/v3_validity/models/y2025_h12_o2024-04_original_D_direct_q5.ubj,221965,9f6ab7c28c0246fdd0e3f925712be859dbc576636f3530b31d5b3f4bad4ba68e,booster,bundle:models.tar,
somalia_oracle_v3_validity,results/experiments/somalia_oracle/v3_validity/models/y2025_h12_o2024-04_original_D_residual_q2.ubj,221140,954704d1549472896906b6dab2f7d2a10858b513348ebf716ce685dcc3a82c65,booster,bundle:models.tar,
somalia_oracle_v3_validity,results/experiments/somalia_oracle/v3_validity/models/y2025_h12_o2024-04_original_D_residual_q3_direct.ubj,213981,d68af90d0b468e350df23a02443f5c4d0afee8e47c396dd76185a374ea1f8a48,booster,bundle:models.tar,
somalia_oracle_v3_validity,results/experiments/somalia_oracle/v3_validity/models/y2025_h12_o2024-04_original_D_residual_q3_residual_delta.ubj,139510,a749181875379e0dca66316d6528e71812eaee3f19cb2b5395bfaffe4f6f7a3c,booster,bundle:models.tar,
somalia_oracle_v3_validity,results/experiments/somalia_oracle/v3_validity/models/y2025_h12_o2024-04_original_D_residual_q4.ubj,224612,27cdf3358be1245c7a7a2ac369c2ca1572e8599e194fe1ed91cc08a320ca1c79,booster,bundle:models.tar,
somalia_oracle_v3_validity,results/experiments/somalia_oracle/v3_validity/models/y2025_h12_o2024-04_original_D_residual_q5.ubj,221965,9f6ab7c28c0246fdd0e3f925712be859dbc576636f3530b31d5b3f4bad4ba68e,booster,bundle:models.tar,
somalia_oracle_v3_validity,results/experiments/somalia_oracle/v3_validity/models/y2025_h12_o2024-04_original_D_selected_q2.ubj,221140,954704d1549472896906b6dab2f7d2a10858b513348ebf716ce685dcc3a82c65,booster,bundle:models.tar,
somalia_oracle_v3_validity,results/experiments/somalia_oracle/v3_validity/models/y2025_h12_o2024-04_original_D_selected_q3_direct.ubj,213981,d68af90d0b468e350df23a02443f5c4d0afee8e47c396dd76185a374ea1f8a48,booster,bundle:models.tar,
somalia_oracle_v3_validity,results/experiments/somalia_oracle/v3_validity/models/y2025_h12_o2024-04_original_D_selected_q4.ubj,224612,27cdf3358be1245c7a7a2ac369c2ca1572e8599e194fe1ed91cc08a320ca1c79,booster,bundle:models.tar,
somalia_oracle_v3_validity,results/experiments/somalia_oracle/v3_validity/models/y2025_h12_o2024-04_original_D_selected_q5.ubj,221965,9f6ab7c28c0246fdd0e3f925712be859dbc576636f3530b31d5b3f4bad4ba68e,booster,bundle:models.tar,
somalia_oracle_v3_validity,results/experiments/somalia_oracle/v3_validity/models/y2025_h12_o2024-07_augmented_D_direct_q2.ubj,227764,4068776e828d6683ef6e056f7324c0c361d6f21f9b01bcaf5cde501a17513aef,booster,bundle:models.tar,
somalia_oracle_v3_validity,results/experiments/somalia_oracle/v3_validity/models/y2025_h12_o2024-07_augmented_D_direct_q3_direct.ubj,223055,613849ab542652e51ad2a8dd6a3085393a715080f7ef2ec049ea82fbbff8e6a5,booster,bundle:models.tar,
somalia_oracle_v3_validity,results/experiments/somalia_oracle/v3_validity/models/y2025_h12_o2024-07_augmented_D_direct_q4.ubj,228644,56f7f6e4cd1c1fc43bc6c7bc845dcea309a4bdf3abee15d03c0638ee4caba1a5,booster,bundle:models.tar,
somalia_oracle_v3_validity,results/experiments/somalia_oracle/v3_validity/models/y2025_h12_o2024-07_augmented_D_direct_q5.ubj,227972,9682c3fb2b2a3526e13f791c6ecc36fb009f216801eae3463a4ef164e5a3d863,booster,bundle:models.tar,
somalia_oracle_v3_validity,results/experiments/somalia_oracle/v3_validity/models/y2025_h12_o2024-07_augmented_D_residual_q2.ubj,1079481,8c99d0433a76bb5211eeccda764c9e310cbd918d0fd21cb315318e989cc6ce2e,booster,bundle:models.tar,
somalia_oracle_v3_validity,results/experiments/somalia_oracle/v3_validity/models/y2025_h12_o2024-07_augmented_D_residual_q3_direct.ubj,527529,5a0f92c7851a2e4750a4d63e6ee37f3891bb3884aa511035a00b2eb35009410b,booster,bundle:models.tar,
somalia_oracle_v3_validity,results/experiments/somalia_oracle/v3_validity/models/y2025_h12_o2024-07_augmented_D_residual_q3_residual_delta.ubj,372901,cf161051ff06bad95fc45eee96d14456f296d70ea456f920718f6360f1caf905,booster,bundle:models.tar,
somalia_oracle_v3_validity,results/experiments/somalia_oracle/v3_validity/models/y2025_h12_o2024-07_augmented_D_residual_q4.ubj,1065950,306de1e989ec36935b7325e93fa9c5754c7ea7cce0a5bd36a7dc193ad7a46d99,booster,bundle:models.tar,
somalia_oracle_v3_validity,results/experiments/somalia_oracle/v3_validity/models/y2025_h12_o2024-07_augmented_D_residual_q5.ubj,993869,288b8901dc282c6d4a67540f151f8616cfe04faab04da1d4e114329c9f8f08b9,booster,bundle:models.tar,
somalia_oracle_v3_validity,results/experiments/somalia_oracle/v3_validity/models/y2025_h12_o2024-07_augmented_D_selected_q2.ubj,227764,4068776e828d6683ef6e056f7324c0c361d6f21f9b01bcaf5cde501a17513aef,booster,bundle:models.tar,
somalia_oracle_v3_validity,results/experiments/somalia_oracle/v3_validity/models/y2025_h12_o2024-07_augmented_D_selected_q3_direct.ubj,223055,613849ab542652e51ad2a8dd6a3085393a715080f7ef2ec049ea82fbbff8e6a5,booster,bundle:models.tar,
somalia_oracle_v3_validity,results/experiments/somalia_oracle/v3_validity/models/y2025_h12_o2024-07_augmented_D_selected_q4.ubj,228644,56f7f6e4cd1c1fc43bc6c7bc845dcea309a4bdf3abee15d03c0638ee4caba1a5,booster,bundle:models.tar,
somalia_oracle_v3_validity,results/experiments/somalia_oracle/v3_validity/models/y2025_h12_o2024-07_augmented_D_selected_q5.ubj,227972,9682c3fb2b2a3526e13f791c6ecc36fb009f216801eae3463a4ef164e5a3d863,booster,bundle:models.tar,
somalia_oracle_v3_validity,results/experiments/somalia_oracle/v3_validity/models/y2025_h12_o2024-07_original_D_direct_q2.ubj,224414,40c3feb34473b76fd2bfab0fcf839e2564f6e46e3e8d8d2c3860603399245b69,booster,bundle:models.tar,
somalia_oracle_v3_validity,results/experiments/somalia_oracle/v3_validity/models/y2025_h12_o2024-07_original_D_direct_q3_direct.ubj,210501,6244b515eee6488f3b29dcd8dd07b57ced6a8f926e715b08b9a24489654a99b9,booster,bundle:models.tar,
somalia_oracle_v3_validity,results/experiments/somalia_oracle/v3_validity/models/y2025_h12_o2024-07_original_D_direct_q4.ubj,223943,f683cb727426e316bdf23b06cab747304fc612ee4b712ffe111ce1db759e74ce,booster,bundle:models.tar,
somalia_oracle_v3_validity,results/experiments/somalia_oracle/v3_validity/models/y2025_h12_o2024-07_original_D_direct_q5.ubj,219838,72a29f318e8f4f9729f97920018d5ee07c72818aa75df2b9b1e07f7ffe195bb5,booster,bundle:models.tar,
somalia_oracle_v3_validity,results/experiments/somalia_oracle/v3_validity/models/y2025_h12_o2024-07_original_D_residual_q2.ubj,224414,40c3feb34473b76fd2bfab0fcf839e2564f6e46e3e8d8d2c3860603399245b69,booster,bundle:models.tar,
somalia_oracle_v3_validity,results/experiments/somalia_oracle/v3_validity/models/y2025_h12_o2024-07_original_D_residual_q3_direct.ubj,210501,6244b515eee6488f3b29dcd8dd07b57ced6a8f926e715b08b9a24489654a99b9,booster,bundle:models.tar,
somalia_oracle_v3_validity,results/experiments/somalia_oracle/v3_validity/models/y2025_h12_o2024-07_original_D_residual_q3_residual_delta.ubj,151627,28f7acb5e6395be2428bafcda67e7be69924e2889d75a576d0e91d0f4d487d99,booster,bundle:models.tar,
somalia_oracle_v3_validity,results/experiments/somalia_oracle/v3_validity/models/y2025_h12_o2024-07_original_D_residual_q4.ubj,223943,f683cb727426e316bdf23b06cab747304fc612ee4b712ffe111ce1db759e74ce,booster,bundle:models.tar,
somalia_oracle_v3_validity,results/experiments/somalia_oracle/v3_validity/models/y2025_h12_o2024-07_original_D_residual_q5.ubj,219838,72a29f318e8f4f9729f97920018d5ee07c72818aa75df2b9b1e07f7ffe195bb5,booster,bundle:models.tar,
somalia_oracle_v3_validity,results/experiments/somalia_oracle/v3_validity/models/y2025_h12_o2024-07_original_D_selected_q2.ubj,224414,40c3feb34473b76fd2bfab0fcf839e2564f6e46e3e8d8d2c3860603399245b69,booster,bundle:models.tar,
somalia_oracle_v3_validity,results/experiments/somalia_oracle/v3_validity/models/y2025_h12_o2024-07_original_D_selected_q3_direct.ubj,210501,6244b515eee6488f3b29dcd8dd07b57ced6a8f926e715b08b9a24489654a99b9,booster,bundle:models.tar,
somalia_oracle_v3_validity,results/experiments/somalia_oracle/v3_validity/models/y2025_h12_o2024-07_original_D_selected_q4.ubj,223943,f683cb727426e316bdf23b06cab747304fc612ee4b712ffe111ce1db759e74ce,booster,bundle:models.tar,
somalia_oracle_v3_validity,results/experiments/somalia_oracle/v3_validity/models/y2025_h12_o2024-07_original_D_selected_q5.ubj,219838,72a29f318e8f4f9729f97920018d5ee07c72818aa75df2b9b1e07f7ffe195bb5,booster,bundle:models.tar,
somalia_oracle_v3_validity,results/experiments/somalia_oracle/v3_validity/models/y2025_h12_o2024-09_augmented_D_direct_q2.ubj,228233,30286b43f21bb0f8296c68861fa1606368cc9872d98b2fc0431079fdaa4a4def,booster,bundle:models.tar,
somalia_oracle_v3_validity,results/experiments/somalia_oracle/v3_validity/models/y2025_h12_o2024-09_augmented_D_direct_q3_direct.ubj,221894,3d27633365126d9bde693ceebc6e48b20c7d39a62737fbb447c284815d92fa02,booster,bundle:models.tar,
somalia_oracle_v3_validity,results/experiments/somalia_oracle/v3_validity/models/y2025_h12_o2024-09_augmented_D_direct_q4.ubj,228159,674364ae51396ff4532dee809e5a18fb72a5191b67c491eed3c73390f1d5b198,booster,bundle:models.tar,
somalia_oracle_v3_validity,results/experiments/somalia_oracle/v3_validity/models/y2025_h12_o2024-09_augmented_D_direct_q5.ubj,227146,d8742d9c228172d55908edbfab3af0856c9f553daab52d327a77aa7fdf28e41d,booster,bundle:models.tar,
somalia_oracle_v3_validity,results/experiments/somalia_oracle/v3_validity/models/y2025_h12_o2024-09_augmented_D_residual_q2.ubj,1074585,ca470631fde35e1550fadcf9c7014720435f6b114132c75e0e8ee0b295285498,booster,bundle:models.tar,
somalia_oracle_v3_validity,results/experiments/somalia_oracle/v3_validity/models/y2025_h12_o2024-09_augmented_D_residual_q3_direct.ubj,520246,69a8823f06418bed24caf236695084cdb0ed4eac9921d625a9277b018334afbd,booster,bundle:models.tar,
somalia_oracle_v3_validity,results/experiments/somalia_oracle/v3_validity/models/y2025_h12_o2024-09_augmented_D_residual_q3_residual_delta.ubj,386784,5a8748c391eb7cf30d7f5460fb77f409542bc2336cd27d528e8bc7e562656ee1,booster,bundle:models.tar,
somalia_oracle_v3_validity,results/experiments/somalia_oracle/v3_validity/models/y2025_h12_o2024-09_augmented_D_residual_q4.ubj,1077577,3af2b22730d91cceb045030e5b189242b874cc7fcb646f442700e9ff06ce3f5c,booster,bundle:models.tar,
somalia_oracle_v3_validity,results/experiments/somalia_oracle/v3_validity/models/y2025_h12_o2024-09_augmented_D_residual_q5.ubj,1001349,a4b5cf0ea3f0efd0c16f990c46707af3f090173dc8bacf96ab04646a7cdca76e,booster,bundle:models.tar,
somalia_oracle_v3_validity,results/experiments/somalia_oracle/v3_validity/models/y2025_h12_o2024-09_augmented_D_selected_q2.ubj,228233,30286b43f21bb0f8296c68861fa1606368cc9872d98b2fc0431079fdaa4a4def,booster,bundle:models.tar,
somalia_oracle_v3_validity,results/experiments/somalia_oracle/v3_validity/models/y2025_h12_o2024-09_augmented_D_selected_q3_direct.ubj,221894,3d27633365126d9bde693ceebc6e48b20c7d39a62737fbb447c284815d92fa02,booster,bundle:models.tar,
somalia_oracle_v3_validity,results/experiments/somalia_oracle/v3_validity/models/y2025_h12_o2024-09_augmented_D_selected_q4.ubj,228159,674364ae51396ff4532dee809e5a18fb72a5191b67c491eed3c73390f1d5b198,booster,bundle:models.tar,
somalia_oracle_v3_validity,results/experiments/somalia_oracle/v3_validity/models/y2025_h12_o2024-09_augmented_D_selected_q5.ubj,227146,d8742d9c228172d55908edbfab3af0856c9f553daab52d327a77aa7fdf28e41d,booster,bundle:models.tar,
somalia_oracle_v3_validity,results/experiments/somalia_oracle/v3_validity/models/y2025_h12_o2024-09_original_D_direct_q2.ubj,222371,6dc671306d213590ab1366661ea9969780ba405e32d81c65df2fae3c681f222a,booster,bundle:models.tar,
somalia_oracle_v3_validity,results/experiments/somalia_oracle/v3_validity/models/y2025_h12_o2024-09_original_D_direct_q3_direct.ubj,206070,11434d8b97099f948170ebdb341c9e1bf86a8bc2bc9acae4702f2794b005ee6d,booster,bundle:models.tar,
somalia_oracle_v3_validity,results/experiments/somalia_oracle/v3_validity/models/y2025_h12_o2024-09_original_D_direct_q4.ubj,224419,23a3b69ad1e4389c5bb2ae04e132b3236cee3697ab64e642b5f82bfb1ad82539,booster,bundle:models.tar,
somalia_oracle_v3_validity,results/experiments/somalia_oracle/v3_validity/models/y2025_h12_o2024-09_original_D_direct_q5.ubj,219704,1d936f319c27322926f1cf4131adfe8a4068092b2a850e20fce1528a9ee99eb6,booster,bundle:models.tar,
somalia_oracle_v3_validity,results/experiments/somalia_oracle/v3_validity/models/y2025_h12_o2024-09_original_D_residual_q2.ubj,222371,6dc671306d213590ab1366661ea9969780ba405e32d81c65df2fae3c681f222a,booster,bundle:models.tar,
somalia_oracle_v3_validity,results/experiments/somalia_oracle/v3_validity/models/y2025_h12_o2024-09_original_D_residual_q3_direct.ubj,206070,11434d8b97099f948170ebdb341c9e1bf86a8bc2bc9acae4702f2794b005ee6d,booster,bundle:models.tar,
somalia_oracle_v3_validity,results/experiments/somalia_oracle/v3_validity/models/y2025_h12_o2024-09_original_D_residual_q3_residual_delta.ubj,151216,8e874000a2100e6f89997a152a00d4c40ecb3a0bcf44ccd64321587ed71d5e2e,booster,bundle:models.tar,
somalia_oracle_v3_validity,results/experiments/somalia_oracle/v3_validity/models/y2025_h12_o2024-09_original_D_residual_q4.ubj,224419,23a3b69ad1e4389c5bb2ae04e132b3236cee3697ab64e642b5f82bfb1ad82539,booster,bundle:models.tar,
somalia_oracle_v3_validity,results/experiments/somalia_oracle/v3_validity/models/y2025_h12_o2024-09_original_D_residual_q5.ubj,219704,1d936f319c27322926f1cf4131adfe8a4068092b2a850e20fce1528a9ee99eb6,booster,bundle:models.tar,
somalia_oracle_v3_validity,results/experiments/somalia_oracle/v3_validity/models/y2025_h12_o2024-09_original_D_selected_q2.ubj,222371,6dc671306d213590ab1366661ea9969780ba405e32d81c65df2fae3c681f222a,booster,bundle:models.tar,
somalia_oracle_v3_validity,results/experiments/somalia_oracle/v3_validity/models/y2025_h12_o2024-09_original_D_selected_q3_direct.ubj,206070,11434d8b97099f948170ebdb341c9e1bf86a8bc2bc9acae4702f2794b005ee6d,booster,bundle:models.tar,
somalia_oracle_v3_validity,results/experiments/somalia_oracle/v3_validity/models/y2025_h12_o2024-09_original_D_selected_q4.ubj,224419,23a3b69ad1e4389c5bb2ae04e132b3236cee3697ab64e642b5f82bfb1ad82539,booster,bundle:models.tar,
somalia_oracle_v3_validity,results/experiments/somalia_oracle/v3_validity/models/y2025_h12_o2024-09_original_D_selected_q5.ubj,219704,1d936f319c27322926f1cf4131adfe8a4068092b2a850e20fce1528a9ee99eb6,booster,bundle:models.tar,
somalia_oracle_v3_validity,results/experiments/somalia_oracle/v3_validity/models/y2025_h12_o2024-10_augmented_D_direct_q2.ubj,227350,b5b8c9a626f59ba264d1bd63188ce1103e3809e8c8eed5ac850b30f01ce7674e,booster,bundle:models.tar,
somalia_oracle_v3_validity,results/experiments/somalia_oracle/v3_validity/models/y2025_h12_o2024-10_augmented_D_direct_q3_direct.ubj,222028,9fffccee430da926f594b2c0fc44d30676521f00ef496b2ae6d7f37b9f218553,booster,bundle:models.tar,
somalia_oracle_v3_validity,results/experiments/somalia_oracle/v3_validity/models/y2025_h12_o2024-10_augmented_D_direct_q4.ubj,227541,8a922cff7c09b24daf5c8e69b2f334601da41f18491cd58070aa68eeb2dd3354,booster,bundle:models.tar,
somalia_oracle_v3_validity,results/experiments/somalia_oracle/v3_validity/models/y2025_h12_o2024-10_augmented_D_direct_q5.ubj,227348,953b281e9e0180be8cc4bdb6134a08bf04217ce62ae313dbe1fb6add747d70eb,booster,bundle:models.tar,
somalia_oracle_v3_validity,results/experiments/somalia_oracle/v3_validity/models/y2025_h12_o2024-10_augmented_D_residual_q2.ubj,1065745,feaaf30f8ffeb5e98f4797c69f36460f8b921e112f01ec71f016415834a21ef1,booster,bundle:models.tar,
somalia_oracle_v3_validity,results/experiments/somalia_oracle/v3_validity/models/y2025_h12_o2024-10_augmented_D_residual_q3_direct.ubj,512826,064e1fdc5d1b7bac94cbfd389acf936b65cc468cc1ae5570a255b10d71d94783,booster,bundle:models.tar,
somalia_oracle_v3_validity,results/experiments/somalia_oracle/v3_validity/models/y2025_h12_o2024-10_augmented_D_residual_q3_residual_delta.ubj,385762,20f289c5203a7611b481ffb21a0cd42230e592d47bde36c93f9776153611e796,booster,bundle:models.tar,
somalia_oracle_v3_validity,results/experiments/somalia_oracle/v3_validity/models/y2025_h12_o2024-10_augmented_D_residual_q4.ubj,1071457,fc19881a5d76e7178959eecc8b007acc9392f96fd474b8564d82f26f0d4dbf83,booster,bundle:models.tar,
somalia_oracle_v3_validity,results/experiments/somalia_oracle/v3_validity/models/y2025_h12_o2024-10_augmented_D_residual_q5.ubj,992509,ec7fdd66291aeeb282b3c5fbc698e9d48749e01665891e57f9a46b36b47dde31,booster,bundle:models.tar,
somalia_oracle_v3_validity,results/experiments/somalia_oracle/v3_validity/models/y2025_h12_o2024-10_augmented_D_selected_q2.ubj,227350,b5b8c9a626f59ba264d1bd63188ce1103e3809e8c8eed5ac850b30f01ce7674e,booster,bundle:models.tar,
somalia_oracle_v3_validity,results/experiments/somalia_oracle/v3_validity/models/y2025_h12_o2024-10_augmented_D_selected_q3_direct.ubj,222028,9fffccee430da926f594b2c0fc44d30676521f00ef496b2ae6d7f37b9f218553,booster,bundle:models.tar,
somalia_oracle_v3_validity,results/experiments/somalia_oracle/v3_validity/models/y2025_h12_o2024-10_augmented_D_selected_q4.ubj,227541,8a922cff7c09b24daf5c8e69b2f334601da41f18491cd58070aa68eeb2dd3354,booster,bundle:models.tar,
somalia_oracle_v3_validity,results/experiments/somalia_oracle/v3_validity/models/y2025_h12_o2024-10_augmented_D_selected_q5.ubj,227348,953b281e9e0180be8cc4bdb6134a08bf04217ce62ae313dbe1fb6add747d70eb,booster,bundle:models.tar,
somalia_oracle_v3_validity,results/experiments/somalia_oracle/v3_validity/models/y2025_h12_o2024-10_original_D_direct_q2.ubj,222373,5edc54084ebe50b25968e69266ae9d87d620b4c9d9e3c8c3b3840477ab2d51dc,booster,bundle:models.tar,
somalia_oracle_v3_validity,results/experiments/somalia_oracle/v3_validity/models/y2025_h12_o2024-10_original_D_direct_q3_direct.ubj,204642,b7fbf197fa2d30f1c579f06de92b5ea13d75c628616046ce00bc0a1f659a4d1e,booster,bundle:models.tar,
somalia_oracle_v3_validity,results/experiments/somalia_oracle/v3_validity/models/y2025_h12_o2024-10_original_D_direct_q4.ubj,222300,128f5837718065caf9a0c2bb24174191a993293385b7badd892839917c24aecf,booster,bundle:models.tar,
somalia_oracle_v3_validity,results/experiments/somalia_oracle/v3_validity/models/y2025_h12_o2024-10_original_D_direct_q5.ubj,220385,289ce1c307b46dbc3f1f8a53a54b6b168bcdf0b0620aabc3af7c9530114098a1,booster,bundle:models.tar,
somalia_oracle_v3_validity,results/experiments/somalia_oracle/v3_validity/models/y2025_h12_o2024-10_original_D_residual_q2.ubj,222373,5edc54084ebe50b25968e69266ae9d87d620b4c9d9e3c8c3b3840477ab2d51dc,booster,bundle:models.tar,
somalia_oracle_v3_validity,results/experiments/somalia_oracle/v3_validity/models/y2025_h12_o2024-10_original_D_residual_q3_direct.ubj,204642,b7fbf197fa2d30f1c579f06de92b5ea13d75c628616046ce00bc0a1f659a4d1e,booster,bundle:models.tar,
somalia_oracle_v3_validity,results/experiments/somalia_oracle/v3_validity/models/y2025_h12_o2024-10_original_D_residual_q3_residual_delta.ubj,150875,82aaa875bb12078113a293607aa43f46e78d5424997a6292368a7f0563b4803e,booster,bundle:models.tar,
somalia_oracle_v3_validity,results/experiments/somalia_oracle/v3_validity/models/y2025_h12_o2024-10_original_D_residual_q4.ubj,222300,128f5837718065caf9a0c2bb24174191a993293385b7badd892839917c24aecf,booster,bundle:models.tar,
somalia_oracle_v3_validity,results/experiments/somalia_oracle/v3_validity/models/y2025_h12_o2024-10_original_D_residual_q5.ubj,220385,289ce1c307b46dbc3f1f8a53a54b6b168bcdf0b0620aabc3af7c9530114098a1,booster,bundle:models.tar,
somalia_oracle_v3_validity,results/experiments/somalia_oracle/v3_validity/models/y2025_h12_o2024-10_original_D_selected_q2.ubj,222373,5edc54084ebe50b25968e69266ae9d87d620b4c9d9e3c8c3b3840477ab2d51dc,booster,bundle:models.tar,
somalia_oracle_v3_validity,results/experiments/somalia_oracle/v3_validity/models/y2025_h12_o2024-10_original_D_selected_q3_direct.ubj,204642,b7fbf197fa2d30f1c579f06de92b5ea13d75c628616046ce00bc0a1f659a4d1e,booster,bundle:models.tar,
somalia_oracle_v3_validity,results/experiments/somalia_oracle/v3_validity/models/y2025_h12_o2024-10_original_D_selected_q4.ubj,222300,128f5837718065caf9a0c2bb24174191a993293385b7badd892839917c24aecf,booster,bundle:models.tar,
somalia_oracle_v3_validity,results/experiments/somalia_oracle/v3_validity/models/y2025_h12_o2024-10_original_D_selected_q5.ubj,220385,289ce1c307b46dbc3f1f8a53a54b6b168bcdf0b0620aabc3af7c9530114098a1,booster,bundle:models.tar,
somalia_oracle_v3_validity,results/experiments/somalia_oracle/v3_validity/models/y2026_h00_o2026-04_augmented_D_direct_q2.ubj,1006858,6493af811d6faa537071be35a7324fbf88f1201afe4ab040c825bc0c9f225add,booster,bundle:models.tar,
somalia_oracle_v3_validity,results/experiments/somalia_oracle/v3_validity/models/y2026_h00_o2026-04_augmented_D_direct_q3_direct.ubj,415576,567aaee731f00c71d1f0f489d45fbdb7f7f5d4f0666a7bd6e0efab2fa908a930,booster,bundle:models.tar,
somalia_oracle_v3_validity,results/experiments/somalia_oracle/v3_validity/models/y2026_h00_o2026-04_augmented_D_direct_q4.ubj,1005022,c767e5fbe89bf3c8c934113d4c77978adb48bcd2cf6b2d4d313c7a6bc33bc511,booster,bundle:models.tar,
somalia_oracle_v3_validity,results/experiments/somalia_oracle/v3_validity/models/y2026_h00_o2026-04_augmented_D_direct_q5.ubj,775249,8f8d16a99f477f32fddd92d0c57fbc0cb193780a226843e158fabe2498bdf28f,booster,bundle:models.tar,
somalia_oracle_v3_validity,results/experiments/somalia_oracle/v3_validity/models/y2026_h00_o2026-04_augmented_D_residual_q2.ubj,422930,d179fdb311feb95823ddb53d7b467f66ed4a871ac0cebc737231417f4a5d9b18,booster,bundle:models.tar,
somalia_oracle_v3_validity,results/experiments/somalia_oracle/v3_validity/models/y2026_h00_o2026-04_augmented_D_residual_q3_direct.ubj,204043,b011baf94363f96d6d0febb37b6344d087e26bd677d7b22ca6f45bc84438200b,booster,bundle:models.tar,
somalia_oracle_v3_validity,results/experiments/somalia_oracle/v3_validity/models/y2026_h00_o2026-04_augmented_D_residual_q3_residual_delta.ubj,203150,3dffd12f2b277e207492ce8b094f9bbde55d0ba1f2cae063571b2c968a3bf59d,booster,bundle:models.tar,
somalia_oracle_v3_validity,results/experiments/somalia_oracle/v3_validity/models/y2026_h00_o2026-04_augmented_D_residual_q4.ubj,422522,acd5553c1dc1649eb1194f47c0cff9516a54740500372178487ee77b473ffed7,booster,bundle:models.tar,
somalia_oracle_v3_validity,results/experiments/somalia_oracle/v3_validity/models/y2026_h00_o2026-04_augmented_D_residual_q5.ubj,301685,4806cf367089cfef754fcac43ce17937c0494efa9def89954ff07fa72658324d,booster,bundle:models.tar,
somalia_oracle_v3_validity,results/experiments/somalia_oracle/v3_validity/models/y2026_h00_o2026-04_augmented_D_selected_q2.ubj,422930,d179fdb311feb95823ddb53d7b467f66ed4a871ac0cebc737231417f4a5d9b18,booster,bundle:models.tar,
somalia_oracle_v3_validity,results/experiments/somalia_oracle/v3_validity/models/y2026_h00_o2026-04_augmented_D_selected_q3_direct.ubj,204043,b011baf94363f96d6d0febb37b6344d087e26bd677d7b22ca6f45bc84438200b,booster,bundle:models.tar,
somalia_oracle_v3_validity,results/experiments/somalia_oracle/v3_validity/models/y2026_h00_o2026-04_augmented_D_selected_q3_residual_delta.ubj,203150,3dffd12f2b277e207492ce8b094f9bbde55d0ba1f2cae063571b2c968a3bf59d,booster,bundle:models.tar,
somalia_oracle_v3_validity,results/experiments/somalia_oracle/v3_validity/models/y2026_h00_o2026-04_augmented_D_selected_q4.ubj,422522,acd5553c1dc1649eb1194f47c0cff9516a54740500372178487ee77b473ffed7,booster,bundle:models.tar,
somalia_oracle_v3_validity,results/experiments/somalia_oracle/v3_validity/models/y2026_h00_o2026-04_augmented_D_selected_q5.ubj,301685,4806cf367089cfef754fcac43ce17937c0494efa9def89954ff07fa72658324d,booster,bundle:models.tar,
somalia_oracle_v3_validity,results/experiments/somalia_oracle/v3_validity/models/y2026_h00_o2026-04_original_D_direct_q2.ubj,2928861,c5541f6a4f220a8460215027a300127588a9e9a4bb400ee285640b03fc6e3052,booster,bundle:models.tar,
somalia_oracle_v3_validity,results/experiments/somalia_oracle/v3_validity/models/y2026_h00_o2026-04_original_D_direct_q3_direct.ubj,167005,5f0f28d05eb0d9cf6706ff2cb9f8a6513361116a0ea8379bb5e83d08916f67d0,booster,bundle:models.tar,
somalia_oracle_v3_validity,results/experiments/somalia_oracle/v3_validity/models/y2026_h00_o2026-04_original_D_direct_q4.ubj,2115793,13c9d3046390dc45d7947afafa0445c9faabcabb460466675c2b9e6b55ba899f,booster,bundle:models.tar,
somalia_oracle_v3_validity,results/experiments/somalia_oracle/v3_validity/models/y2026_h00_o2026-04_original_D_direct_q5.ubj,265048,864df39b40b01d1aa82fa0e5e177e41b76fd95b492c7529795e41635534b9002,booster,bundle:models.tar,
somalia_oracle_v3_validity,results/experiments/somalia_oracle/v3_validity/models/y2026_h00_o2026-04_original_D_residual_q2.ubj,730287,b78716c379965e18c0117ade7f97d8a04df8b6aeaf1aaddd24a1e91a6d821e5a,booster,bundle:models.tar,
somalia_oracle_v3_validity,results/experiments/somalia_oracle/v3_validity/models/y2026_h00_o2026-04_original_D_residual_q3_direct.ubj,188515,adc1d2657463ace702592134b41b54c2df8a07ee1632efc951da38150f5c6165,booster,bundle:models.tar,
somalia_oracle_v3_validity,results/experiments/somalia_oracle/v3_validity/models/y2026_h00_o2026-04_original_D_residual_q3_residual_delta.ubj,183759,9da8db8fcd6cf024d8bda179f11b5c0cc332dac33e12f3378e4f558e0a5d4627,booster,bundle:models.tar,
somalia_oracle_v3_validity,results/experiments/somalia_oracle/v3_validity/models/y2026_h00_o2026-04_original_D_residual_q4.ubj,650169,35206d92b11990d1b841dc846f7cb30bde483f040e694ff2d888284974b2cb7f,booster,bundle:models.tar,
somalia_oracle_v3_validity,results/experiments/somalia_oracle/v3_validity/models/y2026_h00_o2026-04_original_D_residual_q5.ubj,323174,5d0e4859ee38c68b4646995c40cf18b14cb9d6c101f417d3ece57041b4d1b8a6,booster,bundle:models.tar,
somalia_oracle_v3_validity,results/experiments/somalia_oracle/v3_validity/models/y2026_h00_o2026-04_original_D_selected_q2.ubj,2928861,c5541f6a4f220a8460215027a300127588a9e9a4bb400ee285640b03fc6e3052,booster,bundle:models.tar,
somalia_oracle_v3_validity,results/experiments/somalia_oracle/v3_validity/models/y2026_h00_o2026-04_original_D_selected_q3_direct.ubj,167005,5f0f28d05eb0d9cf6706ff2cb9f8a6513361116a0ea8379bb5e83d08916f67d0,booster,bundle:models.tar,
somalia_oracle_v3_validity,results/experiments/somalia_oracle/v3_validity/models/y2026_h00_o2026-04_original_D_selected_q4.ubj,2115793,13c9d3046390dc45d7947afafa0445c9faabcabb460466675c2b9e6b55ba899f,booster,bundle:models.tar,
somalia_oracle_v3_validity,results/experiments/somalia_oracle/v3_validity/models/y2026_h00_o2026-04_original_D_selected_q5.ubj,265048,864df39b40b01d1aa82fa0e5e177e41b76fd95b492c7529795e41635534b9002,booster,bundle:models.tar,
somalia_oracle_v3_validity,results/experiments/somalia_oracle/v3_validity/models/y2026_h03_o2026-01_augmented_D_direct_q2.ubj,1002327,fb505d1c5cd1102fa1c474fa98b175c2a21cd3c86d34ec4625fdf278b66de0e3,booster,bundle:models.tar,
somalia_oracle_v3_validity,results/experiments/somalia_oracle/v3_validity/models/y2026_h03_o2026-01_augmented_D_direct_q3_direct.ubj,422337,bd283274187cc57486a239f4f2b59741f76e70c669f60a2c55f318758aea22e7,booster,bundle:models.tar,
somalia_oracle_v3_validity,results/experiments/somalia_oracle/v3_validity/models/y2026_h03_o2026-01_augmented_D_direct_q4.ubj,1041291,97531b81ca2f97d7508e217da710f4d522a5d9fb52108b642901bc798f21a367,booster,bundle:models.tar,
somalia_oracle_v3_validity,results/experiments/somalia_oracle/v3_validity/models/y2026_h03_o2026-01_augmented_D_direct_q5.ubj,758342,15a31be85a109316818f4d745716e80fa13766bbb17c0126cc8cd401389f79f2,booster,bundle:models.tar,
somalia_oracle_v3_validity,results/experiments/somalia_oracle/v3_validity/models/y2026_h03_o2026-01_augmented_D_residual_q2.ubj,422247,0db9f1d894e035189318942dd9eab7cd5a6c85ab477d79471d6b9f5bfe783aa3,booster,bundle:models.tar,
somalia_oracle_v3_validity,results/experiments/somalia_oracle/v3_validity/models/y2026_h03_o2026-01_augmented_D_residual_q3_direct.ubj,210845,d578212984dc2b865411ef60ea6a97c83fea655a802c127ada1ad84a39ea0965,booster,bundle:models.tar,
somalia_oracle_v3_validity,results/experiments/somalia_oracle/v3_validity/models/y2026_h03_o2026-01_augmented_D_residual_q3_residual_delta.ubj,207571,a120d09a3ea7098063e5db75c3fd4d284da45491457e6ab6df35a7d98e927970,booster,bundle:models.tar,
somalia_oracle_v3_validity,results/experiments/somalia_oracle/v3_validity/models/y2026_h03_o2026-01_augmented_D_residual_q4.ubj,432243,471ff3767eb6546f4cbfa2f0e359cb39583a08a74a2412b28290ee0b126ea4d6,booster,bundle:models.tar,
somalia_oracle_v3_validity,results/experiments/somalia_oracle/v3_validity/models/y2026_h03_o2026-01_augmented_D_residual_q5.ubj,286110,ef04dde9df6bd2be389c7fd2e1d28d6d804ea4ba37f5cfee3599d4f597b17fb8,booster,bundle:models.tar,
somalia_oracle_v3_validity,results/experiments/somalia_oracle/v3_validity/models/y2026_h03_o2026-01_augmented_D_selected_q2.ubj,422247,0db9f1d894e035189318942dd9eab7cd5a6c85ab477d79471d6b9f5bfe783aa3,booster,bundle:models.tar,
somalia_oracle_v3_validity,results/experiments/somalia_oracle/v3_validity/models/y2026_h03_o2026-01_augmented_D_selected_q3_direct.ubj,210845,d578212984dc2b865411ef60ea6a97c83fea655a802c127ada1ad84a39ea0965,booster,bundle:models.tar,
somalia_oracle_v3_validity,results/experiments/somalia_oracle/v3_validity/models/y2026_h03_o2026-01_augmented_D_selected_q3_residual_delta.ubj,207571,a120d09a3ea7098063e5db75c3fd4d284da45491457e6ab6df35a7d98e927970,booster,bundle:models.tar,
somalia_oracle_v3_validity,results/experiments/somalia_oracle/v3_validity/models/y2026_h03_o2026-01_augmented_D_selected_q4.ubj,432243,471ff3767eb6546f4cbfa2f0e359cb39583a08a74a2412b28290ee0b126ea4d6,booster,bundle:models.tar,
somalia_oracle_v3_validity,results/experiments/somalia_oracle/v3_validity/models/y2026_h03_o2026-01_augmented_D_selected_q5.ubj,286110,ef04dde9df6bd2be389c7fd2e1d28d6d804ea4ba37f5cfee3599d4f597b17fb8,booster,bundle:models.tar,
somalia_oracle_v3_validity,results/experiments/somalia_oracle/v3_validity/models/y2026_h03_o2026-01_original_D_direct_q2.ubj,2925934,5137b6a4877e871abdf9d7067d9b4614c2b7306d6dedaa7332076a00b8faa211,booster,bundle:models.tar,
somalia_oracle_v3_validity,results/experiments/somalia_oracle/v3_validity/models/y2026_h03_o2026-01_original_D_direct_q3_direct.ubj,168839,b7f7fe7fa5a6f3cdf536f5043518d83767f47d51747af9fa4ff924297da62d86,booster,bundle:models.tar,
somalia_oracle_v3_validity,results/experiments/somalia_oracle/v3_validity/models/y2026_h03_o2026-01_original_D_direct_q4.ubj,2177287,85859c4b1fc3c8e4df4f392081ac5bf07b78dbf68c8a1839a07938c4c8583607,booster,bundle:models.tar,
somalia_oracle_v3_validity,results/experiments/somalia_oracle/v3_validity/models/y2026_h03_o2026-01_original_D_direct_q5.ubj,263818,28460d7df819ed0eaa47228da627c144ac445624aa0180abd6acaa7cdd4020b3,booster,bundle:models.tar,
somalia_oracle_v3_validity,results/experiments/somalia_oracle/v3_validity/models/y2026_h03_o2026-01_original_D_residual_q2.ubj,744226,96ae6c4c948a593e830d8fb96903e88cf580a633efcd1dd128152e02ea3c6a15,booster,bundle:models.tar,
somalia_oracle_v3_validity,results/experiments/somalia_oracle/v3_validity/models/y2026_h03_o2026-01_original_D_residual_q3_direct.ubj,194975,c7bbdabf57a81810a65f88c89b3b25c6a18f9de5be229ae0c47d5bc070e642c4,booster,bundle:models.tar,
somalia_oracle_v3_validity,results/experiments/somalia_oracle/v3_validity/models/y2026_h03_o2026-01_original_D_residual_q3_residual_delta.ubj,190352,e8a3c9487e5676d191e6daf7eada26f23a6889e9465915e71e17b0af65d79835,booster,bundle:models.tar,
somalia_oracle_v3_validity,results/experiments/somalia_oracle/v3_validity/models/y2026_h03_o2026-01_original_D_residual_q4.ubj,675743,929804e2db08f14ad21e58feabd0705ca3fd60e8f3b8f40685808ba5e02c9f06,booster,bundle:models.tar,
somalia_oracle_v3_validity,results/experiments/somalia_oracle/v3_validity/models/y2026_h03_o2026-01_original_D_residual_q5.ubj,322422,7e5313d75e31d05db770485867b1ddbc9b969610016538a04cf170c566b60119,booster,bundle:models.tar,
somalia_oracle_v3_validity,results/experiments/somalia_oracle/v3_validity/models/y2026_h03_o2026-01_original_D_selected_q2.ubj,2925934,5137b6a4877e871abdf9d7067d9b4614c2b7306d6dedaa7332076a00b8faa211,booster,bundle:models.tar,
somalia_oracle_v3_validity,results/experiments/somalia_oracle/v3_validity/models/y2026_h03_o2026-01_original_D_selected_q3_direct.ubj,168839,b7f7fe7fa5a6f3cdf536f5043518d83767f47d51747af9fa4ff924297da62d86,booster,bundle:models.tar,
somalia_oracle_v3_validity,results/experiments/somalia_oracle/v3_validity/models/y2026_h03_o2026-01_original_D_selected_q4.ubj,2177287,85859c4b1fc3c8e4df4f392081ac5bf07b78dbf68c8a1839a07938c4c8583607,booster,bundle:models.tar,
somalia_oracle_v3_validity,results/experiments/somalia_oracle/v3_validity/models/y2026_h03_o2026-01_original_D_selected_q5.ubj,263818,28460d7df819ed0eaa47228da627c144ac445624aa0180abd6acaa7cdd4020b3,booster,bundle:models.tar,
somalia_oracle_v3_validity,results/experiments/somalia_oracle/v3_validity/models/y2026_h06_o2025-10_augmented_D_direct_q2.ubj,1031091,ec0a0f56df0a9cc301e0f56a80fa3773e5b16c7c8ff9eba1f6be690158913775,booster,bundle:models.tar,
somalia_oracle_v3_validity,results/experiments/somalia_oracle/v3_validity/models/y2026_h06_o2025-10_augmented_D_direct_q3_direct.ubj,433631,2f5bc87ee701a54013f4f96726f9950a4c76910247bcd4d98e53c790e5a9d236,booster,bundle:models.tar,
somalia_oracle_v3_validity,results/experiments/somalia_oracle/v3_validity/models/y2026_h06_o2025-10_augmented_D_direct_q4.ubj,1027691,c3584fdae663a6a9364cfad8b5cf5d1e35b96c98a6a2812b61c1dac72210d359,booster,bundle:models.tar,
somalia_oracle_v3_validity,results/experiments/somalia_oracle/v3_validity/models/y2026_h06_o2025-10_augmented_D_direct_q5.ubj,806078,daae67528efb860e8112aeb72cac5809f68d799172dce119dd471d07f9ea8925,booster,bundle:models.tar,
somalia_oracle_v3_validity,results/experiments/somalia_oracle/v3_validity/models/y2026_h06_o2025-10_augmented_D_residual_q2.ubj,430135,7b87a0dcab42a8677ccae1eb2be98263b01c95789227805c3cc6e98106178c07,booster,bundle:models.tar,
somalia_oracle_v3_validity,results/experiments/somalia_oracle/v3_validity/models/y2026_h06_o2025-10_augmented_D_residual_q3_direct.ubj,219484,1ebade7e005eb04c6de05a5931e573b3fddda7bff4d10c89132ef7fd5d16c69d,booster,bundle:models.tar,
somalia_oracle_v3_validity,results/experiments/somalia_oracle/v3_validity/models/y2026_h06_o2025-10_augmented_D_residual_q3_residual_delta.ubj,214852,f5671334a887160913995b9b7fa8fdfe84fe9ece64f91b62fdb3f112f6bb490e,booster,bundle:models.tar,
somalia_oracle_v3_validity,results/experiments/somalia_oracle/v3_validity/models/y2026_h06_o2025-10_augmented_D_residual_q4.ubj,432991,d7d977b49b6d9d3d48b0d25976d7d256105ed4cfb39b8247bef16a109b4fdd6d,booster,bundle:models.tar,
somalia_oracle_v3_validity,results/experiments/somalia_oracle/v3_validity/models/y2026_h06_o2025-10_augmented_D_residual_q5.ubj,314738,a861e87b31a61926fb6cabeae937a6b97cd0f9175b2a0dc34ab4889bbded8b11,booster,bundle:models.tar,
somalia_oracle_v3_validity,results/experiments/somalia_oracle/v3_validity/models/y2026_h06_o2025-10_augmented_D_selected_q2.ubj,430135,7b87a0dcab42a8677ccae1eb2be98263b01c95789227805c3cc6e98106178c07,booster,bundle:models.tar,
somalia_oracle_v3_validity,results/experiments/somalia_oracle/v3_validity/models/y2026_h06_o2025-10_augmented_D_selected_q3_direct.ubj,219484,1ebade7e005eb04c6de05a5931e573b3fddda7bff4d10c89132ef7fd5d16c69d,booster,bundle:models.tar,
somalia_oracle_v3_validity,results/experiments/somalia_oracle/v3_validity/models/y2026_h06_o2025-10_augmented_D_selected_q3_residual_delta.ubj,214852,f5671334a887160913995b9b7fa8fdfe84fe9ece64f91b62fdb3f112f6bb490e,booster,bundle:models.tar,
somalia_oracle_v3_validity,results/experiments/somalia_oracle/v3_validity/models/y2026_h06_o2025-10_augmented_D_selected_q4.ubj,432991,d7d977b49b6d9d3d48b0d25976d7d256105ed4cfb39b8247bef16a109b4fdd6d,booster,bundle:models.tar,
somalia_oracle_v3_validity,results/experiments/somalia_oracle/v3_validity/models/y2026_h06_o2025-10_augmented_D_selected_q5.ubj,314738,a861e87b31a61926fb6cabeae937a6b97cd0f9175b2a0dc34ab4889bbded8b11,booster,bundle:models.tar,
somalia_oracle_v3_validity,results/experiments/somalia_oracle/v3_validity/models/y2026_h06_o2025-10_original_D_direct_q2.ubj,2914374,9fb8c9d7703b7016426e0343f4dff178999460854d69292d5218902696cc7614,booster,bundle:models.tar,
somalia_oracle_v3_validity,results/experiments/somalia_oracle/v3_validity/models/y2026_h06_o2025-10_original_D_direct_q3_direct.ubj,173330,880653dbaff437f61d919174b648bfddb6bd333fe5b2d1d6ffcb882124b81d2e,booster,bundle:models.tar,
somalia_oracle_v3_validity,results/experiments/somalia_oracle/v3_validity/models/y2026_h06_o2025-10_original_D_direct_q4.ubj,2263994,05087a1f25f78fded704651b99210060d5302d1f2bff5bcce0d8c80c52adb3e8,booster,bundle:models.tar,
somalia_oracle_v3_validity,results/experiments/somalia_oracle/v3_validity/models/y2026_h06_o2025-10_original_D_direct_q5.ubj,277895,b63a14579b65e6df3e2bde8b3dee1b138790e18c160c561694042ca67b86f5b4,booster,bundle:models.tar,
somalia_oracle_v3_validity,results/experiments/somalia_oracle/v3_validity/models/y2026_h06_o2025-10_original_D_residual_q2.ubj,760958,dd09bbfc85a8f3065fec3bba4af4ac09dd423b52487ec7d8d0910812bf28cbb4,booster,bundle:models.tar,
somalia_oracle_v3_validity,results/experiments/somalia_oracle/v3_validity/models/y2026_h06_o2025-10_original_D_residual_q3_direct.ubj,201708,00d1bddff60b57458cd12d1081e9b354a454af733239a9a406c2455c6186647b,booster,bundle:models.tar,
somalia_oracle_v3_validity,results/experiments/somalia_oracle/v3_validity/models/y2026_h06_o2025-10_original_D_residual_q3_residual_delta.ubj,193821,87f956d48d62ed25a2de67670e119b3510f87da9df5cccc2f7cb9efc2d4ca791,booster,bundle:models.tar,
somalia_oracle_v3_validity,results/experiments/somalia_oracle/v3_validity/models/y2026_h06_o2025-10_original_D_residual_q4.ubj,663294,2c48feb45060557df20e4d30a7940833742b74a4a15eada734537b1475ab7be4,booster,bundle:models.tar,
somalia_oracle_v3_validity,results/experiments/somalia_oracle/v3_validity/models/y2026_h06_o2025-10_original_D_residual_q5.ubj,328134,889edd846b42cd0b9f267b08e181f6ac786d94a864c659706ddde4e62ebcec00,booster,bundle:models.tar,
somalia_oracle_v3_validity,results/experiments/somalia_oracle/v3_validity/models/y2026_h06_o2025-10_original_D_selected_q2.ubj,2914374,9fb8c9d7703b7016426e0343f4dff178999460854d69292d5218902696cc7614,booster,bundle:models.tar,
somalia_oracle_v3_validity,results/experiments/somalia_oracle/v3_validity/models/y2026_h06_o2025-10_original_D_selected_q3_direct.ubj,173330,880653dbaff437f61d919174b648bfddb6bd333fe5b2d1d6ffcb882124b81d2e,booster,bundle:models.tar,
somalia_oracle_v3_validity,results/experiments/somalia_oracle/v3_validity/models/y2026_h06_o2025-10_original_D_selected_q4.ubj,2263994,05087a1f25f78fded704651b99210060d5302d1f2bff5bcce0d8c80c52adb3e8,booster,bundle:models.tar,
somalia_oracle_v3_validity,results/experiments/somalia_oracle/v3_validity/models/y2026_h06_o2025-10_original_D_selected_q5.ubj,277895,b63a14579b65e6df3e2bde8b3dee1b138790e18c160c561694042ca67b86f5b4,booster,bundle:models.tar,
somalia_oracle_v3_validity,results/experiments/somalia_oracle/v3_validity/models/y2026_h12_o2025-04_augmented_D_direct_q2.ubj,1067105,ab717249823477268bc2d15bdff891c618ed8000e3c81d0e14472b2fe5c5369c,booster,bundle:models.tar,
somalia_oracle_v3_validity,results/experiments/somalia_oracle/v3_validity/models/y2026_h12_o2025-04_augmented_D_direct_q3_direct.ubj,459952,e41aa20b95f9d89063875f05abdbb4d596d6a94ba7290be042fd6bdc4d064a98,booster,bundle:models.tar,
somalia_oracle_v3_validity,results/experiments/somalia_oracle/v3_validity/models/y2026_h12_o2025-04_augmented_D_direct_q4.ubj,1072750,f1037f350041f2aa309798b03800150ed3623496cfa3d3bd907ca140cc22030d,booster,bundle:models.tar,
somalia_oracle_v3_validity,results/experiments/somalia_oracle/v3_validity/models/y2026_h12_o2025-04_augmented_D_direct_q5.ubj,777017,88b306302f87a9ba3828320eed55d7bf18a85b6748f8ea683f7204650ee11f44,booster,bundle:models.tar,
somalia_oracle_v3_validity,results/experiments/somalia_oracle/v3_validity/models/y2026_h12_o2025-04_augmented_D_residual_q2.ubj,439385,6dd617cfab78c6bebbb8bf891a1fba73b9370e7a5e2084e7c227d99075d6bfd7,booster,bundle:models.tar,
somalia_oracle_v3_validity,results/experiments/somalia_oracle/v3_validity/models/y2026_h12_o2025-04_augmented_D_residual_q3_direct.ubj,239771,a0ca39adaead024867429c04b3d65583080a89e33f97f1a01c94fbc7e04ea000,booster,bundle:models.tar,
somalia_oracle_v3_validity,results/experiments/somalia_oracle/v3_validity/models/y2026_h12_o2025-04_augmented_D_residual_q3_residual_delta.ubj,193966,e77aa7463645fa19c76be341209363ef0b55f9358e9dbcffaa2deb095072a84a,booster,bundle:models.tar,
somalia_oracle_v3_validity,results/experiments/somalia_oracle/v3_validity/models/y2026_h12_o2025-04_augmented_D_residual_q4.ubj,447274,067424ee7f4a422b7dfbb7c727441207a32aad0d38da926477113293d54067a3,booster,bundle:models.tar,
somalia_oracle_v3_validity,results/experiments/somalia_oracle/v3_validity/models/y2026_h12_o2025-04_augmented_D_residual_q5.ubj,332829,062eba0b8a5b93a6ed45c2b26fbe45e0384037efb0ac1947ef0d99342bf3caf5,booster,bundle:models.tar,
somalia_oracle_v3_validity,results/experiments/somalia_oracle/v3_validity/models/y2026_h12_o2025-04_augmented_D_selected_q2.ubj,439385,6dd617cfab78c6bebbb8bf891a1fba73b9370e7a5e2084e7c227d99075d6bfd7,booster,bundle:models.tar,
somalia_oracle_v3_validity,results/experiments/somalia_oracle/v3_validity/models/y2026_h12_o2025-04_augmented_D_selected_q3_direct.ubj,239771,a0ca39adaead024867429c04b3d65583080a89e33f97f1a01c94fbc7e04ea000,booster,bundle:models.tar,
somalia_oracle_v3_validity,results/experiments/somalia_oracle/v3_validity/models/y2026_h12_o2025-04_augmented_D_selected_q3_residual_delta.ubj,193966,e77aa7463645fa19c76be341209363ef0b55f9358e9dbcffaa2deb095072a84a,booster,bundle:models.tar,
somalia_oracle_v3_validity,results/experiments/somalia_oracle/v3_validity/models/y2026_h12_o2025-04_augmented_D_selected_q4.ubj,447274,067424ee7f4a422b7dfbb7c727441207a32aad0d38da926477113293d54067a3,booster,bundle:models.tar,
somalia_oracle_v3_validity,results/experiments/somalia_oracle/v3_validity/models/y2026_h12_o2025-04_augmented_D_selected_q5.ubj,332829,062eba0b8a5b93a6ed45c2b26fbe45e0384037efb0ac1947ef0d99342bf3caf5,booster,bundle:models.tar,
somalia_oracle_v3_validity,results/experiments/somalia_oracle/v3_validity/models/y2026_h12_o2025-04_original_D_direct_q2.ubj,2613339,9e43d6770a79b279b5874126f897f57309da4306c624282df28aca2e09683ff6,booster,bundle:models.tar,
somalia_oracle_v3_validity,results/experiments/somalia_oracle/v3_validity/models/y2026_h12_o2025-04_original_D_direct_q3_direct.ubj,179658,66a9995febddfc32a841c61caedad3cf12667acb48f18e8e779eeae66a57357c,booster,bundle:models.tar,
somalia_oracle_v3_validity,results/experiments/somalia_oracle/v3_validity/models/y2026_h12_o2025-04_original_D_direct_q4.ubj,2060213,ab96bde1d688e74f0b6032096d2196e3f2497873aaf5d165a13809d0832f3cb4,booster,bundle:models.tar,
somalia_oracle_v3_validity,results/experiments/somalia_oracle/v3_validity/models/y2026_h12_o2025-04_original_D_direct_q5.ubj,268169,7e8edbe0710188bb4cfaa894ad54fb06577cdadfba7c81019ae5604d259a7b37,booster,bundle:models.tar,
somalia_oracle_v3_validity,results/experiments/somalia_oracle/v3_validity/models/y2026_h12_o2025-04_original_D_residual_q2.ubj,755184,cb1c5fe4fd99f957018c48b01290fe4644b3fcba8ac0c0b81c5f520fca08c361,booster,bundle:models.tar,
somalia_oracle_v3_validity,results/experiments/somalia_oracle/v3_validity/models/y2026_h12_o2025-04_original_D_residual_q3_direct.ubj,209474,c4ff4afa3e8eda5cea934fced9d2ce4298ccb538cbb9fa89553c8afca673fb05,booster,bundle:models.tar,
somalia_oracle_v3_validity,results/experiments/somalia_oracle/v3_validity/models/y2026_h12_o2025-04_original_D_residual_q3_residual_delta.ubj,178586,3e7d4d8cc555e863f05e791321bc3d4e1262651886c2d24442f50ebce7f74622,booster,bundle:models.tar,
somalia_oracle_v3_validity,results/experiments/somalia_oracle/v3_validity/models/y2026_h12_o2025-04_original_D_residual_q4.ubj,699346,474929ca092cb92871110d442475eefe32c62fa800e56d57792b26ce17e514b8,booster,bundle:models.tar,
somalia_oracle_v3_validity,results/experiments/somalia_oracle/v3_validity/models/y2026_h12_o2025-04_original_D_residual_q5.ubj,403482,f438aac242e417e9c318db433b915d4ceb12bd0fb5d14b8577ff8959a99d91ac,booster,bundle:models.tar,
somalia_oracle_v3_validity,results/experiments/somalia_oracle/v3_validity/models/y2026_h12_o2025-04_original_D_selected_q2.ubj,2613339,9e43d6770a79b279b5874126f897f57309da4306c624282df28aca2e09683ff6,booster,bundle:models.tar,
somalia_oracle_v3_validity,results/experiments/somalia_oracle/v3_validity/models/y2026_h12_o2025-04_original_D_selected_q3_direct.ubj,179658,66a9995febddfc32a841c61caedad3cf12667acb48f18e8e779eeae66a57357c,booster,bundle:models.tar,
somalia_oracle_v3_validity,results/experiments/somalia_oracle/v3_validity/models/y2026_h12_o2025-04_original_D_selected_q4.ubj,2060213,ab96bde1d688e74f0b6032096d2196e3f2497873aaf5d165a13809d0832f3cb4,booster,bundle:models.tar,
somalia_oracle_v3_validity,results/experiments/somalia_oracle/v3_validity/models/y2026_h12_o2025-04_original_D_selected_q5.ubj,268169,7e8edbe0710188bb4cfaa894ad54fb06577cdadfba7c81019ae5604d259a7b37,booster,bundle:models.tar,
somalia_oracle_v3_validity,results/experiments/somalia_oracle/v3_validity/predictions/final_predictions.csv.gz,3256904,e474bdeee0f421dcd7558ffb20848e4aadb119a5e601f070217be92e5d39c479,predictions,archive:predictions,
somalia_oracle_v3_validity,results/experiments/somalia_oracle/v3_validity/selection/candidate_scores.csv,13820,25cedcf79e421b1b629dfe613762540bd60b093e7d6607cc5732811511ea4a3c,fit_selection_calibration,bundle:models.tar (calibration/selection members),
somalia_oracle_v3_validity,results/experiments/somalia_oracle/v3_validity/selection/oof_fit_ledger.csv,70532,b351c0eedd823b8c8222dbda1234eb5683300540e0450b2ac422751242514840,fit_selection_calibration,bundle:models.tar (calibration/selection members),
somalia_oracle_v3_validity,results/experiments/somalia_oracle/v3_validity/selection/oof_predictions.csv.gz,3106962,5105fdf881b48ebf807f115a4a3e02a723a139e07c5f73375a74c122b4319201,fit_selection_calibration,bundle:models.tar (calibration/selection members),
somalia_oracle_v3_validity,results/experiments/somalia_oracle/v3_validity/selection/rounds_plan.csv,872,2f6855c922c6e54d29082f8fb297d33d51537ea130b5c9d83179b27a9f18149f,fit_selection_calibration,bundle:models.tar (calibration/selection members),
somalia_oracle_v3_validity,results/experiments/somalia_oracle/v3_validity/selection/scoring_predictions.csv.gz,3658962,4b1b52bce22c14abe07c672f27cc30c9a90c33c6d03e88a31de25cb3643d4e64,fit_selection_calibration,bundle:models.tar (calibration/selection members),
somalia_oracle_v3_validity,results/experiments/somalia_oracle/v3_validity/selection/selected_recipes.csv,1246,69d2b1eab85b1ed97c98bd90f1a307d64167fa43c2623b7e8f3891b47345de30,fit_selection_calibration,bundle:models.tar (calibration/selection members),
somalia_oracle_v4_calibrated_d,results/experiments/somalia_oracle/v4_calibrated_d/manifest.json,18330,02ca51d6190b3484883e73081018dd858560e738308c8223d5216ab8526ca196,ledger_or_check,archive:ledgers,
somalia_oracle_v4_calibrated_d,results/experiments/somalia_oracle/v4_calibrated_d/alert_map_2026_04/somalia_alert_2026_04_h0_augmented_q3raw_areas.csv,102733,21c2acaf1074362e914fe46e7ef91c6c8b3ded30f91b0e3f1443afde18375b76,other,UNRESOLVED,
somalia_oracle_v4_calibrated_d,results/experiments/somalia_oracle/v4_calibrated_d/alert_map_2026_04/somalia_alert_2026_04_h0_augmented_q3raw_summary.json,2853,00f5debc42333ca92763278a73b9ceecb18b49644f7979fa1d864dcb76feaae7,other,UNRESOLVED,
somalia_oracle_v4_calibrated_d,results/experiments/somalia_oracle/v4_calibrated_d/features/feature_matrix_h00.csv.gz,15736508,8f717c85baef1512aa5229f027bf064199d034f0c7ea8520c8d407d06c7e6387,feature_matrix,archive:features,
somalia_oracle_v4_calibrated_d,results/experiments/somalia_oracle/v4_calibrated_d/features/feature_matrix_h03.csv.gz,16064908,53d1256098f71bc75c05daa1e9734bf2604169944249b8bcc80499572069c742,feature_matrix,archive:features,
somalia_oracle_v4_calibrated_d,results/experiments/somalia_oracle/v4_calibrated_d/features/feature_matrix_h06.csv.gz,16227162,bf84f6dfc97763b5d28f821aa9b0f88ea908cf0bd090925730ff2f3f8cb2d97e,feature_matrix,archive:features,
somalia_oracle_v4_calibrated_d,results/experiments/somalia_oracle/v4_calibrated_d/features/feature_matrix_h12.csv.gz,11524971,9570b37367714ed59fb395d14148f6d20f1f4daaa573c0f4188ec09a1d78d0f9,feature_matrix,archive:features,
somalia_oracle_v4_calibrated_d,results/experiments/somalia_oracle/v4_calibrated_d/features/feature_schema.json,136094,e6528523bf538b46316a7b9e60ae6aec332ed053884c0fe2efed86964919ba26,model_recipe_member,bundle:models.tar,
somalia_oracle_v4_calibrated_d,results/experiments/somalia_oracle/v4_calibrated_d/features/final_override_features.csv.gz,48260,ca0ed47030ca9fd453eab259e9bf774241859cd7344b0abd4000a0ef5cd21794,feature_matrix,archive:features,
somalia_oracle_v4_calibrated_d,results/experiments/somalia_oracle/v4_calibrated_d/fits/calibration_mappings.csv,520502,54216150bebce34956f7799548b77a17f32bdfcba1841db3fe1485f751a716fa,fit_selection_calibration,bundle:models.tar (calibration/selection members),
somalia_oracle_v4_calibrated_d,results/experiments/somalia_oracle/v4_calibrated_d/fits/final_fit_ledger.csv.gz,2124868,588188c594a0f918ce173c544c80602b6c42b1456b683bcd7b1f5f9960ffa3ef,fit_selection_calibration,bundle:models.tar (calibration/selection members),
somalia_oracle_v4_calibrated_d,results/experiments/somalia_oracle/v4_calibrated_d/fits/final_status.csv,24858,bdb49c12fcafb0a85626e5cd20cb806eaf28a721c2b7f9cb491064afe4b1e7d8,fit_selection_calibration,bundle:models.tar (calibration/selection members),
somalia_oracle_v4_calibrated_d,results/experiments/somalia_oracle/v4_calibrated_d/ledgers/api_rounds.csv,1074,2d5d0a5ba4662dc7b0438eb3d931429b4d7938615f8c17d258829b88037e90cb,ledger_or_check,archive:ledgers,
somalia_oracle_v4_calibrated_d,results/experiments/somalia_oracle/v4_calibrated_d/ledgers/augmentation_decisions.csv.gz,19788,beff9c40c55a65ba8127d8757badbe3ed7a88859ff8bc4a4913cb821c8267f35,ledger_or_check,archive:ledgers,
somalia_oracle_v4_calibrated_d,results/experiments/somalia_oracle/v4_calibrated_d/ledgers/cohort_ledger.csv.gz,173625,376a394449334c57b390dcd022676ca7864e6d7e0666c907f0931859b86c3a4d,ledger_or_check,archive:ledgers,
somalia_oracle_v4_calibrated_d,results/experiments/somalia_oracle/v4_calibrated_d/ledgers/cohort_slots.csv,3613,a83672094acda7d842c90bf19b4256542d2cbe0cf54803c191138082c84c970e,ledger_or_check,archive:ledgers,
somalia_oracle_v4_calibrated_d,results/experiments/somalia_oracle/v4_calibrated_d/ledgers/feature_parity.csv,90813,6857a98654f3faaea28eda79a62c618a82cee141c4befcc0185976be5bcc4fd3,ledger_or_check,archive:ledgers,
somalia_oracle_v4_calibrated_d,results/experiments/somalia_oracle/v4_calibrated_d/ledgers/history_identity_check.csv,76,90016a69fc36bdac3492b3cab7794a11ceaedb20a76562622c0f1a7797617a83,ledger_or_check,archive:ledgers,
somalia_oracle_v4_calibrated_d,results/experiments/somalia_oracle/v4_calibrated_d/ledgers/jobs.csv,10239,63ace70515befbda05c4fd37d2dacf3e0dfb7b3abfaac277effd12788bca257c,ledger_or_check,archive:ledgers,
somalia_oracle_v4_calibrated_d,results/experiments/somalia_oracle/v4_calibrated_d/ledgers/label_diff_raw_vs_fs.csv.gz,42131,aec43420cc06e9976c0363ed1ea76b6c6c5edd0b1c6592799861c0901cf0fb71,ledger_or_check,archive:ledgers,
somalia_oracle_v4_calibrated_d,results/experiments/somalia_oracle/v4_calibrated_d/ledgers/label_ledger.csv.gz,141135,79cf7cf73e329df927b62027f36759593dcc0ea46afa35f84357b45fbc14aac3,ledger_or_check,archive:ledgers,
somalia_oracle_v4_calibrated_d,results/experiments/somalia_oracle/v4_calibrated_d/ledgers/label_support_by_year.csv,493,ca2ea5c4b7312364c166edf293227e43da6445107458d057940a5584f23029be,ledger_or_check,archive:ledgers,
somalia_oracle_v4_calibrated_d,results/experiments/somalia_oracle/v4_calibrated_d/ledgers/round_links.csv,1351,92e5e83b5e0749d237d923f7a198e2e8a588e3e8598c33ce9613374247349741,ledger_or_check,archive:ledgers,
somalia_oracle_v4_calibrated_d,results/experiments/somalia_oracle/v4_calibrated_d/ledgers/row_provenance_h00.csv.gz,69507,e8952eac6130f2a7459d8f6635f7841aa45f7ff1cab416340f19f983840a7bc1,ledger_or_check,archive:ledgers,
somalia_oracle_v4_calibrated_d,results/experiments/somalia_oracle/v4_calibrated_d/ledgers/row_provenance_h03.csv.gz,69640,6b10c29a168069d3efadce72bc00ca616d8476aeee7b00714e3a8583c4fd960a,ledger_or_check,archive:ledgers,
somalia_oracle_v4_calibrated_d,results/experiments/somalia_oracle/v4_calibrated_d/ledgers/row_provenance_h06.csv.gz,67926,dee6c9c7a42157ca88449889fb8555136732e4d8d8fc014f2eae74bbfa9af2b1,ledger_or_check,archive:ledgers,
somalia_oracle_v4_calibrated_d,results/experiments/somalia_oracle/v4_calibrated_d/ledgers/row_provenance_h12.csv.gz,66547,f0934d8adca3ed361ad7ca8350b891256df0494bec1adb74a0921a71690260b0,ledger_or_check,archive:ledgers,
somalia_oracle_v4_calibrated_d,results/experiments/somalia_oracle/v4_calibrated_d/ledgers/source_families.csv,733,06ca8be3d57a08c8da9219e2d84b5aab3f603519d8d84a22c5343649ea794c29,ledger_or_check,archive:ledgers,
somalia_oracle_v4_calibrated_d,results/experiments/somalia_oracle/v4_calibrated_d/metrics/annual_metrics.csv,19558,dd29f30dce6324058799c8fef43487e63c5115fcd920fa3591037f6a695e4669,metric_or_report,archive:metrics (values extracted by explicit field selection),
somalia_oracle_v4_calibrated_d,results/experiments/somalia_oracle/v4_calibrated_d/metrics/pooled_metrics.csv,4690,657682331fb1b1e3f72f9b93cbd99ce64df10f38d455ad7c009040b3d64f42ff,metric_or_report,archive:metrics (values extracted by explicit field selection),
somalia_oracle_v4_calibrated_d,results/experiments/somalia_oracle/v4_calibrated_d/models/augmented_y2022_h00_o2022-01_q2.ubj,1403507,69f87002ebba8c464a6c7caba417872afba471960e1601ffa060568c696e6ec3,booster,bundle:models.tar,
somalia_oracle_v4_calibrated_d,results/experiments/somalia_oracle/v4_calibrated_d/models/augmented_y2022_h00_o2022-01_q3_direct.ubj,369903,200d9cd9ff78e3eed1895205b5100bf3cd61c301048cc2f01528522acc5b58eb,booster,bundle:models.tar,
somalia_oracle_v4_calibrated_d,results/experiments/somalia_oracle/v4_calibrated_d/models/augmented_y2022_h00_o2022-01_q3_residual_delta.ubj,369223,c3f3a2de1644efaea9af3ef9cec78bde364f47c4bea2d8110af678da49da0008,booster,bundle:models.tar,
somalia_oracle_v4_calibrated_d,results/experiments/somalia_oracle/v4_calibrated_d/models/augmented_y2022_h00_o2022-01_q4.ubj,1089274,375248b9ed92dcebc60f146ee30c72ed331c8818980abc9db8d3253704f23a81,booster,bundle:models.tar,
somalia_oracle_v4_calibrated_d,results/experiments/somalia_oracle/v4_calibrated_d/models/augmented_y2022_h00_o2022-01_q5.ubj,358657,32e29bf0f2226cceb914989154bfe65b3ca9230ad93b7fdc04fd83d011ac461e,booster,bundle:models.tar,
somalia_oracle_v4_calibrated_d,results/experiments/somalia_oracle/v4_calibrated_d/models/augmented_y2022_h00_o2022-05_q2.ubj,1403507,69f87002ebba8c464a6c7caba417872afba471960e1601ffa060568c696e6ec3,booster,bundle:models.tar,
somalia_oracle_v4_calibrated_d,results/experiments/somalia_oracle/v4_calibrated_d/models/augmented_y2022_h00_o2022-05_q3_direct.ubj,369903,200d9cd9ff78e3eed1895205b5100bf3cd61c301048cc2f01528522acc5b58eb,booster,bundle:models.tar,
somalia_oracle_v4_calibrated_d,results/experiments/somalia_oracle/v4_calibrated_d/models/augmented_y2022_h00_o2022-05_q3_residual_delta.ubj,369223,c3f3a2de1644efaea9af3ef9cec78bde364f47c4bea2d8110af678da49da0008,booster,bundle:models.tar,
somalia_oracle_v4_calibrated_d,results/experiments/somalia_oracle/v4_calibrated_d/models/augmented_y2022_h00_o2022-05_q4.ubj,1089274,375248b9ed92dcebc60f146ee30c72ed331c8818980abc9db8d3253704f23a81,booster,bundle:models.tar,
somalia_oracle_v4_calibrated_d,results/experiments/somalia_oracle/v4_calibrated_d/models/augmented_y2022_h00_o2022-05_q5.ubj,358657,32e29bf0f2226cceb914989154bfe65b3ca9230ad93b7fdc04fd83d011ac461e,booster,bundle:models.tar,
somalia_oracle_v4_calibrated_d,results/experiments/somalia_oracle/v4_calibrated_d/models/augmented_y2022_h00_o2022-07_q2.ubj,1403507,69f87002ebba8c464a6c7caba417872afba471960e1601ffa060568c696e6ec3,booster,bundle:models.tar,
somalia_oracle_v4_calibrated_d,results/experiments/somalia_oracle/v4_calibrated_d/models/augmented_y2022_h00_o2022-07_q3_direct.ubj,369903,200d9cd9ff78e3eed1895205b5100bf3cd61c301048cc2f01528522acc5b58eb,booster,bundle:models.tar,
somalia_oracle_v4_calibrated_d,results/experiments/somalia_oracle/v4_calibrated_d/models/augmented_y2022_h00_o2022-07_q3_residual_delta.ubj,369223,c3f3a2de1644efaea9af3ef9cec78bde364f47c4bea2d8110af678da49da0008,booster,bundle:models.tar,
somalia_oracle_v4_calibrated_d,results/experiments/somalia_oracle/v4_calibrated_d/models/augmented_y2022_h00_o2022-07_q4.ubj,1089274,375248b9ed92dcebc60f146ee30c72ed331c8818980abc9db8d3253704f23a81,booster,bundle:models.tar,
somalia_oracle_v4_calibrated_d,results/experiments/somalia_oracle/v4_calibrated_d/models/augmented_y2022_h00_o2022-07_q5.ubj,358657,32e29bf0f2226cceb914989154bfe65b3ca9230ad93b7fdc04fd83d011ac461e,booster,bundle:models.tar,
somalia_oracle_v4_calibrated_d,results/experiments/somalia_oracle/v4_calibrated_d/models/augmented_y2022_h00_o2022-08_q2.ubj,1403507,69f87002ebba8c464a6c7caba417872afba471960e1601ffa060568c696e6ec3,booster,bundle:models.tar,
somalia_oracle_v4_calibrated_d,results/experiments/somalia_oracle/v4_calibrated_d/models/augmented_y2022_h00_o2022-08_q3_direct.ubj,369903,200d9cd9ff78e3eed1895205b5100bf3cd61c301048cc2f01528522acc5b58eb,booster,bundle:models.tar,
somalia_oracle_v4_calibrated_d,results/experiments/somalia_oracle/v4_calibrated_d/models/augmented_y2022_h00_o2022-08_q3_residual_delta.ubj,369223,c3f3a2de1644efaea9af3ef9cec78bde364f47c4bea2d8110af678da49da0008,booster,bundle:models.tar,
somalia_oracle_v4_calibrated_d,results/experiments/somalia_oracle/v4_calibrated_d/models/augmented_y2022_h00_o2022-08_q4.ubj,1089274,375248b9ed92dcebc60f146ee30c72ed331c8818980abc9db8d3253704f23a81,booster,bundle:models.tar,
somalia_oracle_v4_calibrated_d,results/experiments/somalia_oracle/v4_calibrated_d/models/augmented_y2022_h00_o2022-08_q5.ubj,358657,32e29bf0f2226cceb914989154bfe65b3ca9230ad93b7fdc04fd83d011ac461e,booster,bundle:models.tar,
somalia_oracle_v4_calibrated_d,results/experiments/somalia_oracle/v4_calibrated_d/models/augmented_y2022_h00_o2022-09_q2.ubj,1403507,69f87002ebba8c464a6c7caba417872afba471960e1601ffa060568c696e6ec3,booster,bundle:models.tar,
somalia_oracle_v4_calibrated_d,results/experiments/somalia_oracle/v4_calibrated_d/models/augmented_y2022_h00_o2022-09_q3_direct.ubj,369903,200d9cd9ff78e3eed1895205b5100bf3cd61c301048cc2f01528522acc5b58eb,booster,bundle:models.tar,
somalia_oracle_v4_calibrated_d,results/experiments/somalia_oracle/v4_calibrated_d/models/augmented_y2022_h00_o2022-09_q3_residual_delta.ubj,369223,c3f3a2de1644efaea9af3ef9cec78bde364f47c4bea2d8110af678da49da0008,booster,bundle:models.tar,
somalia_oracle_v4_calibrated_d,results/experiments/somalia_oracle/v4_calibrated_d/models/augmented_y2022_h00_o2022-09_q4.ubj,1089274,375248b9ed92dcebc60f146ee30c72ed331c8818980abc9db8d3253704f23a81,booster,bundle:models.tar,
somalia_oracle_v4_calibrated_d,results/experiments/somalia_oracle/v4_calibrated_d/models/augmented_y2022_h00_o2022-09_q5.ubj,358657,32e29bf0f2226cceb914989154bfe65b3ca9230ad93b7fdc04fd83d011ac461e,booster,bundle:models.tar,
somalia_oracle_v4_calibrated_d,results/experiments/somalia_oracle/v4_calibrated_d/models/augmented_y2022_h00_o2022-10_q2.ubj,1403507,69f87002ebba8c464a6c7caba417872afba471960e1601ffa060568c696e6ec3,booster,bundle:models.tar,
somalia_oracle_v4_calibrated_d,results/experiments/somalia_oracle/v4_calibrated_d/models/augmented_y2022_h00_o2022-10_q3_direct.ubj,369903,200d9cd9ff78e3eed1895205b5100bf3cd61c301048cc2f01528522acc5b58eb,booster,bundle:models.tar,
somalia_oracle_v4_calibrated_d,results/experiments/somalia_oracle/v4_calibrated_d/models/augmented_y2022_h00_o2022-10_q3_residual_delta.ubj,369223,c3f3a2de1644efaea9af3ef9cec78bde364f47c4bea2d8110af678da49da0008,booster,bundle:models.tar,
somalia_oracle_v4_calibrated_d,results/experiments/somalia_oracle/v4_calibrated_d/models/augmented_y2022_h00_o2022-10_q4.ubj,1089274,375248b9ed92dcebc60f146ee30c72ed331c8818980abc9db8d3253704f23a81,booster,bundle:models.tar,
somalia_oracle_v4_calibrated_d,results/experiments/somalia_oracle/v4_calibrated_d/models/augmented_y2022_h00_o2022-10_q5.ubj,358657,32e29bf0f2226cceb914989154bfe65b3ca9230ad93b7fdc04fd83d011ac461e,booster,bundle:models.tar,
somalia_oracle_v4_calibrated_d,results/experiments/somalia_oracle/v4_calibrated_d/models/augmented_y2022_h00_o2022-11_q2.ubj,1403507,69f87002ebba8c464a6c7caba417872afba471960e1601ffa060568c696e6ec3,booster,bundle:models.tar,
somalia_oracle_v4_calibrated_d,results/experiments/somalia_oracle/v4_calibrated_d/models/augmented_y2022_h00_o2022-11_q3_direct.ubj,369903,200d9cd9ff78e3eed1895205b5100bf3cd61c301048cc2f01528522acc5b58eb,booster,bundle:models.tar,
somalia_oracle_v4_calibrated_d,results/experiments/somalia_oracle/v4_calibrated_d/models/augmented_y2022_h00_o2022-11_q3_residual_delta.ubj,369223,c3f3a2de1644efaea9af3ef9cec78bde364f47c4bea2d8110af678da49da0008,booster,bundle:models.tar,
somalia_oracle_v4_calibrated_d,results/experiments/somalia_oracle/v4_calibrated_d/models/augmented_y2022_h00_o2022-11_q4.ubj,1089274,375248b9ed92dcebc60f146ee30c72ed331c8818980abc9db8d3253704f23a81,booster,bundle:models.tar,
somalia_oracle_v4_calibrated_d,results/experiments/somalia_oracle/v4_calibrated_d/models/augmented_y2022_h00_o2022-11_q5.ubj,358657,32e29bf0f2226cceb914989154bfe65b3ca9230ad93b7fdc04fd83d011ac461e,booster,bundle:models.tar,
somalia_oracle_v4_calibrated_d,results/experiments/somalia_oracle/v4_calibrated_d/models/augmented_y2022_h00_o2022-12_q2.ubj,1403507,69f87002ebba8c464a6c7caba417872afba471960e1601ffa060568c696e6ec3,booster,bundle:models.tar,
somalia_oracle_v4_calibrated_d,results/experiments/somalia_oracle/v4_calibrated_d/models/augmented_y2022_h00_o2022-12_q3_direct.ubj,369903,200d9cd9ff78e3eed1895205b5100bf3cd61c301048cc2f01528522acc5b58eb,booster,bundle:models.tar,
somalia_oracle_v4_calibrated_d,results/experiments/somalia_oracle/v4_calibrated_d/models/augmented_y2022_h00_o2022-12_q3_residual_delta.ubj,369223,c3f3a2de1644efaea9af3ef9cec78bde364f47c4bea2d8110af678da49da0008,booster,bundle:models.tar,
somalia_oracle_v4_calibrated_d,results/experiments/somalia_oracle/v4_calibrated_d/models/augmented_y2022_h00_o2022-12_q4.ubj,1089274,375248b9ed92dcebc60f146ee30c72ed331c8818980abc9db8d3253704f23a81,booster,bundle:models.tar,
somalia_oracle_v4_calibrated_d,results/experiments/somalia_oracle/v4_calibrated_d/models/augmented_y2022_h00_o2022-12_q5.ubj,358657,32e29bf0f2226cceb914989154bfe65b3ca9230ad93b7fdc04fd83d011ac461e,booster,bundle:models.tar,
somalia_oracle_v4_calibrated_d,results/experiments/somalia_oracle/v4_calibrated_d/models/augmented_y2022_h03_o2021-10_q2.ubj,916783,8817c46da422c306e24df8137c1de4bbeb1b8ec8aa245a419f3f8216560c48c4,booster,bundle:models.tar,
somalia_oracle_v4_calibrated_d,results/experiments/somalia_oracle/v4_calibrated_d/models/augmented_y2022_h03_o2021-10_q3_direct.ubj,370273,0a4eb7b294871f792077006d49a71cc8ba8cff184e524c85866f03453981cc87,booster,bundle:models.tar,
somalia_oracle_v4_calibrated_d,results/experiments/somalia_oracle/v4_calibrated_d/models/augmented_y2022_h03_o2021-10_q4.ubj,854155,23bd0854e861e7fd6009d8036c97342d017cc73dc15e39ad2dfd270d44e4ea34,booster,bundle:models.tar,
somalia_oracle_v4_calibrated_d,results/experiments/somalia_oracle/v4_calibrated_d/models/augmented_y2022_h03_o2021-10_q5.ubj,360042,b7c2b8bb155057594d51111c36c3686c58ca2c8d9ed3347bfcf6d70b5332bf22,booster,bundle:models.tar,
somalia_oracle_v4_calibrated_d,results/experiments/somalia_oracle/v4_calibrated_d/models/augmented_y2022_h03_o2022-02_q2.ubj,916783,8817c46da422c306e24df8137c1de4bbeb1b8ec8aa245a419f3f8216560c48c4,booster,bundle:models.tar,
somalia_oracle_v4_calibrated_d,results/experiments/somalia_oracle/v4_calibrated_d/models/augmented_y2022_h03_o2022-02_q3_direct.ubj,370273,0a4eb7b294871f792077006d49a71cc8ba8cff184e524c85866f03453981cc87,booster,bundle:models.tar,
somalia_oracle_v4_calibrated_d,results/experiments/somalia_oracle/v4_calibrated_d/models/augmented_y2022_h03_o2022-02_q4.ubj,854155,23bd0854e861e7fd6009d8036c97342d017cc73dc15e39ad2dfd270d44e4ea34,booster,bundle:models.tar,
somalia_oracle_v4_calibrated_d,results/experiments/somalia_oracle/v4_calibrated_d/models/augmented_y2022_h03_o2022-02_q5.ubj,360042,b7c2b8bb155057594d51111c36c3686c58ca2c8d9ed3347bfcf6d70b5332bf22,booster,bundle:models.tar,
somalia_oracle_v4_calibrated_d,results/experiments/somalia_oracle/v4_calibrated_d/models/augmented_y2022_h03_o2022-04_q2.ubj,916783,8817c46da422c306e24df8137c1de4bbeb1b8ec8aa245a419f3f8216560c48c4,booster,bundle:models.tar,
somalia_oracle_v4_calibrated_d,results/experiments/somalia_oracle/v4_calibrated_d/models/augmented_y2022_h03_o2022-04_q3_direct.ubj,370273,0a4eb7b294871f792077006d49a71cc8ba8cff184e524c85866f03453981cc87,booster,bundle:models.tar,
somalia_oracle_v4_calibrated_d,results/experiments/somalia_oracle/v4_calibrated_d/models/augmented_y2022_h03_o2022-04_q4.ubj,854155,23bd0854e861e7fd6009d8036c97342d017cc73dc15e39ad2dfd270d44e4ea34,booster,bundle:models.tar,
somalia_oracle_v4_calibrated_d,results/experiments/somalia_oracle/v4_calibrated_d/models/augmented_y2022_h03_o2022-04_q5.ubj,360042,b7c2b8bb155057594d51111c36c3686c58ca2c8d9ed3347bfcf6d70b5332bf22,booster,bundle:models.tar,
somalia_oracle_v4_calibrated_d,results/experiments/somalia_oracle/v4_calibrated_d/models/augmented_y2022_h03_o2022-05_q2.ubj,916783,8817c46da422c306e24df8137c1de4bbeb1b8ec8aa245a419f3f8216560c48c4,booster,bundle:models.tar,
somalia_oracle_v4_calibrated_d,results/experiments/somalia_oracle/v4_calibrated_d/models/augmented_y2022_h03_o2022-05_q3_direct.ubj,370273,0a4eb7b294871f792077006d49a71cc8ba8cff184e524c85866f03453981cc87,booster,bundle:models.tar,
somalia_oracle_v4_calibrated_d,results/experiments/somalia_oracle/v4_calibrated_d/models/augmented_y2022_h03_o2022-05_q4.ubj,854155,23bd0854e861e7fd6009d8036c97342d017cc73dc15e39ad2dfd270d44e4ea34,booster,bundle:models.tar,
somalia_oracle_v4_calibrated_d,results/experiments/somalia_oracle/v4_calibrated_d/models/augmented_y2022_h03_o2022-05_q5.ubj,360042,b7c2b8bb155057594d51111c36c3686c58ca2c8d9ed3347bfcf6d70b5332bf22,booster,bundle:models.tar,
somalia_oracle_v4_calibrated_d,results/experiments/somalia_oracle/v4_calibrated_d/models/augmented_y2022_h03_o2022-06_q2.ubj,916783,8817c46da422c306e24df8137c1de4bbeb1b8ec8aa245a419f3f8216560c48c4,booster,bundle:models.tar,
somalia_oracle_v4_calibrated_d,results/experiments/somalia_oracle/v4_calibrated_d/models/augmented_y2022_h03_o2022-06_q3_direct.ubj,370273,0a4eb7b294871f792077006d49a71cc8ba8cff184e524c85866f03453981cc87,booster,bundle:models.tar,
somalia_oracle_v4_calibrated_d,results/experiments/somalia_oracle/v4_calibrated_d/models/augmented_y2022_h03_o2022-06_q4.ubj,854155,23bd0854e861e7fd6009d8036c97342d017cc73dc15e39ad2dfd270d44e4ea34,booster,bundle:models.tar,
somalia_oracle_v4_calibrated_d,results/experiments/somalia_oracle/v4_calibrated_d/models/augmented_y2022_h03_o2022-06_q5.ubj,360042,b7c2b8bb155057594d51111c36c3686c58ca2c8d9ed3347bfcf6d70b5332bf22,booster,bundle:models.tar,
somalia_oracle_v4_calibrated_d,results/experiments/somalia_oracle/v4_calibrated_d/models/augmented_y2022_h03_o2022-07_q2.ubj,916783,8817c46da422c306e24df8137c1de4bbeb1b8ec8aa245a419f3f8216560c48c4,booster,bundle:models.tar,
somalia_oracle_v4_calibrated_d,results/experiments/somalia_oracle/v4_calibrated_d/models/augmented_y2022_h03_o2022-07_q3_direct.ubj,370273,0a4eb7b294871f792077006d49a71cc8ba8cff184e524c85866f03453981cc87,booster,bundle:models.tar,
somalia_oracle_v4_calibrated_d,results/experiments/somalia_oracle/v4_calibrated_d/models/augmented_y2022_h03_o2022-07_q4.ubj,854155,23bd0854e861e7fd6009d8036c97342d017cc73dc15e39ad2dfd270d44e4ea34,booster,bundle:models.tar,
somalia_oracle_v4_calibrated_d,results/experiments/somalia_oracle/v4_calibrated_d/models/augmented_y2022_h03_o2022-07_q5.ubj,360042,b7c2b8bb155057594d51111c36c3686c58ca2c8d9ed3347bfcf6d70b5332bf22,booster,bundle:models.tar,
somalia_oracle_v4_calibrated_d,results/experiments/somalia_oracle/v4_calibrated_d/models/augmented_y2022_h03_o2022-08_q2.ubj,916783,8817c46da422c306e24df8137c1de4bbeb1b8ec8aa245a419f3f8216560c48c4,booster,bundle:models.tar,
somalia_oracle_v4_calibrated_d,results/experiments/somalia_oracle/v4_calibrated_d/models/augmented_y2022_h03_o2022-08_q3_direct.ubj,370273,0a4eb7b294871f792077006d49a71cc8ba8cff184e524c85866f03453981cc87,booster,bundle:models.tar,
somalia_oracle_v4_calibrated_d,results/experiments/somalia_oracle/v4_calibrated_d/models/augmented_y2022_h03_o2022-08_q4.ubj,854155,23bd0854e861e7fd6009d8036c97342d017cc73dc15e39ad2dfd270d44e4ea34,booster,bundle:models.tar,
somalia_oracle_v4_calibrated_d,results/experiments/somalia_oracle/v4_calibrated_d/models/augmented_y2022_h03_o2022-08_q5.ubj,360042,b7c2b8bb155057594d51111c36c3686c58ca2c8d9ed3347bfcf6d70b5332bf22,booster,bundle:models.tar,
somalia_oracle_v4_calibrated_d,results/experiments/somalia_oracle/v4_calibrated_d/models/augmented_y2022_h03_o2022-09_q2.ubj,916783,8817c46da422c306e24df8137c1de4bbeb1b8ec8aa245a419f3f8216560c48c4,booster,bundle:models.tar,
somalia_oracle_v4_calibrated_d,results/experiments/somalia_oracle/v4_calibrated_d/models/augmented_y2022_h03_o2022-09_q3_direct.ubj,370273,0a4eb7b294871f792077006d49a71cc8ba8cff184e524c85866f03453981cc87,booster,bundle:models.tar,
somalia_oracle_v4_calibrated_d,results/experiments/somalia_oracle/v4_calibrated_d/models/augmented_y2022_h03_o2022-09_q4.ubj,854155,23bd0854e861e7fd6009d8036c97342d017cc73dc15e39ad2dfd270d44e4ea34,booster,bundle:models.tar,
somalia_oracle_v4_calibrated_d,results/experiments/somalia_oracle/v4_calibrated_d/models/augmented_y2022_h03_o2022-09_q5.ubj,360042,b7c2b8bb155057594d51111c36c3686c58ca2c8d9ed3347bfcf6d70b5332bf22,booster,bundle:models.tar,
somalia_oracle_v4_calibrated_d,results/experiments/somalia_oracle/v4_calibrated_d/models/augmented_y2022_h06_o2021-07_q2.ubj,225981,ae7b7c77ecb56ab71e4ccfc75041adb11ae29b6abbd3cd02f7895d8312f3f867,booster,bundle:models.tar,
somalia_oracle_v4_calibrated_d,results/experiments/somalia_oracle/v4_calibrated_d/models/augmented_y2022_h06_o2021-07_q3_direct.ubj,158575,9e9366c5787ca1dbb582fb96df05d8f0c0bfe8f63129d1dd0928c117162135cd,booster,bundle:models.tar,
somalia_oracle_v4_calibrated_d,results/experiments/somalia_oracle/v4_calibrated_d/models/augmented_y2022_h06_o2021-07_q3_residual_delta.ubj,158712,ee520bfa321fa791ec2c342ebf703124c38606fef300321bf445b46ade559cff,booster,bundle:models.tar,
somalia_oracle_v4_calibrated_d,results/experiments/somalia_oracle/v4_calibrated_d/models/augmented_y2022_h06_o2021-07_q4.ubj,221078,798f99aac52e335850d8b158156313e2707e5600093bea2a0cc73c28ff3e1312,booster,bundle:models.tar,
somalia_oracle_v4_calibrated_d,results/experiments/somalia_oracle/v4_calibrated_d/models/augmented_y2022_h06_o2021-07_q5.ubj,152427,c5749e69cd6746fc3099012db62b219e235eca23acb4c5fd94c468e4855a043e,booster,bundle:models.tar,
somalia_oracle_v4_calibrated_d,results/experiments/somalia_oracle/v4_calibrated_d/models/augmented_y2022_h06_o2021-11_q2.ubj,225024,9fb7da71910b89c3dfe8eee7e5b1c2cef548768be6c3613a6fd71e0781dbb0ed,booster,bundle:models.tar,
somalia_oracle_v4_calibrated_d,results/experiments/somalia_oracle/v4_calibrated_d/models/augmented_y2022_h06_o2021-11_q3_direct.ubj,158848,3792569b7b5c70ca40342b27b03518a5eae27961f57bee336acc4d0664021cea,booster,bundle:models.tar,
somalia_oracle_v4_calibrated_d,results/experiments/somalia_oracle/v4_calibrated_d/models/augmented_y2022_h06_o2021-11_q3_residual_delta.ubj,158712,ee520bfa321fa791ec2c342ebf703124c38606fef300321bf445b46ade559cff,booster,bundle:models.tar,
somalia_oracle_v4_calibrated_d,results/experiments/somalia_oracle/v4_calibrated_d/models/augmented_y2022_h06_o2021-11_q4.ubj,221549,84cdf46acbb30d3963a214aedd4b26c3336a0d5e0b53ac8e59cd96124be8af04,booster,bundle:models.tar,
somalia_oracle_v4_calibrated_d,results/experiments/somalia_oracle/v4_calibrated_d/models/augmented_y2022_h06_o2021-11_q5.ubj,152086,5da0be95d3a897ac696d088eb1db177b2ada2ee0b877845d3b33d2842360914a,booster,bundle:models.tar,
somalia_oracle_v4_calibrated_d,results/experiments/somalia_oracle/v4_calibrated_d/models/augmented_y2022_h06_o2022-01_q2.ubj,225024,9fb7da71910b89c3dfe8eee7e5b1c2cef548768be6c3613a6fd71e0781dbb0ed,booster,bundle:models.tar,
somalia_oracle_v4_calibrated_d,results/experiments/somalia_oracle/v4_calibrated_d/models/augmented_y2022_h06_o2022-01_q3_direct.ubj,158848,3792569b7b5c70ca40342b27b03518a5eae27961f57bee336acc4d0664021cea,booster,bundle:models.tar,
somalia_oracle_v4_calibrated_d,results/experiments/somalia_oracle/v4_calibrated_d/models/augmented_y2022_h06_o2022-01_q3_residual_delta.ubj,158712,ee520bfa321fa791ec2c342ebf703124c38606fef300321bf445b46ade559cff,booster,bundle:models.tar,
somalia_oracle_v4_calibrated_d,results/experiments/somalia_oracle/v4_calibrated_d/models/augmented_y2022_h06_o2022-01_q4.ubj,221549,84cdf46acbb30d3963a214aedd4b26c3336a0d5e0b53ac8e59cd96124be8af04,booster,bundle:models.tar,
somalia_oracle_v4_calibrated_d,results/experiments/somalia_oracle/v4_calibrated_d/models/augmented_y2022_h06_o2022-01_q5.ubj,152086,5da0be95d3a897ac696d088eb1db177b2ada2ee0b877845d3b33d2842360914a,booster,bundle:models.tar,
somalia_oracle_v4_calibrated_d,results/experiments/somalia_oracle/v4_calibrated_d/models/augmented_y2022_h06_o2022-02_q2.ubj,225024,9fb7da71910b89c3dfe8eee7e5b1c2cef548768be6c3613a6fd71e0781dbb0ed,booster,bundle:models.tar,
somalia_oracle_v4_calibrated_d,results/experiments/somalia_oracle/v4_calibrated_d/models/augmented_y2022_h06_o2022-02_q3_direct.ubj,158848,3792569b7b5c70ca40342b27b03518a5eae27961f57bee336acc4d0664021cea,booster,bundle:models.tar,
somalia_oracle_v4_calibrated_d,results/experiments/somalia_oracle/v4_calibrated_d/models/augmented_y2022_h06_o2022-02_q3_residual_delta.ubj,158712,ee520bfa321fa791ec2c342ebf703124c38606fef300321bf445b46ade559cff,booster,bundle:models.tar,
somalia_oracle_v4_calibrated_d,results/experiments/somalia_oracle/v4_calibrated_d/models/augmented_y2022_h06_o2022-02_q4.ubj,221549,84cdf46acbb30d3963a214aedd4b26c3336a0d5e0b53ac8e59cd96124be8af04,booster,bundle:models.tar,
somalia_oracle_v4_calibrated_d,results/experiments/somalia_oracle/v4_calibrated_d/models/augmented_y2022_h06_o2022-02_q5.ubj,152086,5da0be95d3a897ac696d088eb1db177b2ada2ee0b877845d3b33d2842360914a,booster,bundle:models.tar,
somalia_oracle_v4_calibrated_d,results/experiments/somalia_oracle/v4_calibrated_d/models/augmented_y2022_h06_o2022-03_q2.ubj,225024,9fb7da71910b89c3dfe8eee7e5b1c2cef548768be6c3613a6fd71e0781dbb0ed,booster,bundle:models.tar,
somalia_oracle_v4_calibrated_d,results/experiments/somalia_oracle/v4_calibrated_d/models/augmented_y2022_h06_o2022-03_q3_direct.ubj,158848,3792569b7b5c70ca40342b27b03518a5eae27961f57bee336acc4d0664021cea,booster,bundle:models.tar,
somalia_oracle_v4_calibrated_d,results/experiments/somalia_oracle/v4_calibrated_d/models/augmented_y2022_h06_o2022-03_q3_residual_delta.ubj,158712,ee520bfa321fa791ec2c342ebf703124c38606fef300321bf445b46ade559cff,booster,bundle:models.tar,
somalia_oracle_v4_calibrated_d,results/experiments/somalia_oracle/v4_calibrated_d/models/augmented_y2022_h06_o2022-03_q4.ubj,221549,84cdf46acbb30d3963a214aedd4b26c3336a0d5e0b53ac8e59cd96124be8af04,booster,bundle:models.tar,
somalia_oracle_v4_calibrated_d,results/experiments/somalia_oracle/v4_calibrated_d/models/augmented_y2022_h06_o2022-03_q5.ubj,152086,5da0be95d3a897ac696d088eb1db177b2ada2ee0b877845d3b33d2842360914a,booster,bundle:models.tar,
somalia_oracle_v4_calibrated_d,results/experiments/somalia_oracle/v4_calibrated_d/models/augmented_y2022_h06_o2022-04_q2.ubj,225024,9fb7da71910b89c3dfe8eee7e5b1c2cef548768be6c3613a6fd71e0781dbb0ed,booster,bundle:models.tar,
somalia_oracle_v4_calibrated_d,results/experiments/somalia_oracle/v4_calibrated_d/models/augmented_y2022_h06_o2022-04_q3_direct.ubj,158848,3792569b7b5c70ca40342b27b03518a5eae27961f57bee336acc4d0664021cea,booster,bundle:models.tar,
somalia_oracle_v4_calibrated_d,results/experiments/somalia_oracle/v4_calibrated_d/models/augmented_y2022_h06_o2022-04_q3_residual_delta.ubj,158712,ee520bfa321fa791ec2c342ebf703124c38606fef300321bf445b46ade559cff,booster,bundle:models.tar,
somalia_oracle_v4_calibrated_d,results/experiments/somalia_oracle/v4_calibrated_d/models/augmented_y2022_h06_o2022-04_q4.ubj,221549,84cdf46acbb30d3963a214aedd4b26c3336a0d5e0b53ac8e59cd96124be8af04,booster,bundle:models.tar,
somalia_oracle_v4_calibrated_d,results/experiments/somalia_oracle/v4_calibrated_d/models/augmented_y2022_h06_o2022-04_q5.ubj,152086,5da0be95d3a897ac696d088eb1db177b2ada2ee0b877845d3b33d2842360914a,booster,bundle:models.tar,
somalia_oracle_v4_calibrated_d,results/experiments/somalia_oracle/v4_calibrated_d/models/augmented_y2022_h06_o2022-05_q2.ubj,225024,9fb7da71910b89c3dfe8eee7e5b1c2cef548768be6c3613a6fd71e0781dbb0ed,booster,bundle:models.tar,
somalia_oracle_v4_calibrated_d,results/experiments/somalia_oracle/v4_calibrated_d/models/augmented_y2022_h06_o2022-05_q3_direct.ubj,158848,3792569b7b5c70ca40342b27b03518a5eae27961f57bee336acc4d0664021cea,booster,bundle:models.tar,
somalia_oracle_v4_calibrated_d,results/experiments/somalia_oracle/v4_calibrated_d/models/augmented_y2022_h06_o2022-05_q3_residual_delta.ubj,158712,ee520bfa321fa791ec2c342ebf703124c38606fef300321bf445b46ade559cff,booster,bundle:models.tar,
somalia_oracle_v4_calibrated_d,results/experiments/somalia_oracle/v4_calibrated_d/models/augmented_y2022_h06_o2022-05_q4.ubj,221549,84cdf46acbb30d3963a214aedd4b26c3336a0d5e0b53ac8e59cd96124be8af04,booster,bundle:models.tar,
somalia_oracle_v4_calibrated_d,results/experiments/somalia_oracle/v4_calibrated_d/models/augmented_y2022_h06_o2022-05_q5.ubj,152086,5da0be95d3a897ac696d088eb1db177b2ada2ee0b877845d3b33d2842360914a,booster,bundle:models.tar,
somalia_oracle_v4_calibrated_d,results/experiments/somalia_oracle/v4_calibrated_d/models/augmented_y2022_h06_o2022-06_q2.ubj,225024,9fb7da71910b89c3dfe8eee7e5b1c2cef548768be6c3613a6fd71e0781dbb0ed,booster,bundle:models.tar,
somalia_oracle_v4_calibrated_d,results/experiments/somalia_oracle/v4_calibrated_d/models/augmented_y2022_h06_o2022-06_q3_direct.ubj,158848,3792569b7b5c70ca40342b27b03518a5eae27961f57bee336acc4d0664021cea,booster,bundle:models.tar,
somalia_oracle_v4_calibrated_d,results/experiments/somalia_oracle/v4_calibrated_d/models/augmented_y2022_h06_o2022-06_q3_residual_delta.ubj,158712,ee520bfa321fa791ec2c342ebf703124c38606fef300321bf445b46ade559cff,booster,bundle:models.tar,
somalia_oracle_v4_calibrated_d,results/experiments/somalia_oracle/v4_calibrated_d/models/augmented_y2022_h06_o2022-06_q4.ubj,221549,84cdf46acbb30d3963a214aedd4b26c3336a0d5e0b53ac8e59cd96124be8af04,booster,bundle:models.tar,
somalia_oracle_v4_calibrated_d,results/experiments/somalia_oracle/v4_calibrated_d/models/augmented_y2022_h06_o2022-06_q5.ubj,152086,5da0be95d3a897ac696d088eb1db177b2ada2ee0b877845d3b33d2842360914a,booster,bundle:models.tar,
somalia_oracle_v4_calibrated_d,results/experiments/somalia_oracle/v4_calibrated_d/models/augmented_y2022_h12_o2021-01_q2.ubj,1035080,ddb92be895637923b17e718e99b10f792782eba1b0a438e55f0c6b98f5f6ae30,booster,bundle:models.tar,
somalia_oracle_v4_calibrated_d,results/experiments/somalia_oracle/v4_calibrated_d/models/augmented_y2022_h12_o2021-01_q3_direct.ubj,142570,758524d0bc8416c5fe6050078b93c578e6241fc4c948172953a9423f674bf447,booster,bundle:models.tar,
somalia_oracle_v4_calibrated_d,results/experiments/somalia_oracle/v4_calibrated_d/models/augmented_y2022_h12_o2021-01_q4.ubj,582580,a8cbd70d7c774429fccff8ec376e5836f7433b663e97abf831d1cfa6676c9727,booster,bundle:models.tar,
somalia_oracle_v4_calibrated_d,results/experiments/somalia_oracle/v4_calibrated_d/models/augmented_y2022_h12_o2021-01_q5.ubj,142841,c45f6c120a453c0f7c5f33ec22dcc69c1e792e4bd736a8cf7d12404896871ea4,booster,bundle:models.tar,
somalia_oracle_v4_calibrated_d,results/experiments/somalia_oracle/v4_calibrated_d/models/augmented_y2022_h12_o2021-05_q2.ubj,1056162,1eb0b76d05b1994263ebaeecd011fb7c9c97f3f750adfc4fb8e306f1072cb702,booster,bundle:models.tar,
somalia_oracle_v4_calibrated_d,results/experiments/somalia_oracle/v4_calibrated_d/models/augmented_y2022_h12_o2021-05_q3_direct.ubj,142706,cdee59fcf35e665b38a73bb82850a6a4c59d63651d801bdb05dfd7808ddcd652,booster,bundle:models.tar,
somalia_oracle_v4_calibrated_d,results/experiments/somalia_oracle/v4_calibrated_d/models/augmented_y2022_h12_o2021-05_q4.ubj,592719,b289c2ce716e7db6f054062b4697ad91f1a92c2f2e3edf868e4bd62dcdcfc7bf,booster,bundle:models.tar,
somalia_oracle_v4_calibrated_d,results/experiments/somalia_oracle/v4_calibrated_d/models/augmented_y2022_h12_o2021-05_q5.ubj,141685,d9b820144f098926f0df7452c372842cb2aa01ff29c5b93b84517b44c577320c,booster,bundle:models.tar,
somalia_oracle_v4_calibrated_d,results/experiments/somalia_oracle/v4_calibrated_d/models/augmented_y2022_h12_o2021-07_q2.ubj,218198,127dc7f808bbf72dae04f5c57e31ad5a78befdce424f50f12e258979adadb38f,booster,bundle:models.tar,
somalia_oracle_v4_calibrated_d,results/experiments/somalia_oracle/v4_calibrated_d/models/augmented_y2022_h12_o2021-07_q3_direct.ubj,145154,a70fd3616e2c6b0496a45b06a7a3699dc984c055f8bbb2532fe888c64e11289f,booster,bundle:models.tar,
somalia_oracle_v4_calibrated_d,results/experiments/somalia_oracle/v4_calibrated_d/models/augmented_y2022_h12_o2021-07_q4.ubj,215277,645e4113c5542db126815c28a2edd056509180d5df158220dbce95957b12e40e,booster,bundle:models.tar,
somalia_oracle_v4_calibrated_d,results/experiments/somalia_oracle/v4_calibrated_d/models/augmented_y2022_h12_o2021-07_q5.ubj,139510,c078149967f526c865fc6901dbe25c85fca2146510cf937f79b5e109e265dd02,booster,bundle:models.tar,
somalia_oracle_v4_calibrated_d,results/experiments/somalia_oracle/v4_calibrated_d/models/augmented_y2022_h12_o2021-08_q2.ubj,216009,d2d25e0de31e7c40c27a710401f644f50ad1e3fbf47acfb5f18719bc9afb6dd5,booster,bundle:models.tar,
somalia_oracle_v4_calibrated_d,results/experiments/somalia_oracle/v4_calibrated_d/models/augmented_y2022_h12_o2021-08_q3_direct.ubj,144882,b363788677bcd93d568918bdce9b7c1ed00d7160dedcf8cbe51c2a18e2119c1c,booster,bundle:models.tar,
somalia_oracle_v4_calibrated_d,results/experiments/somalia_oracle/v4_calibrated_d/models/augmented_y2022_h12_o2021-08_q4.ubj,213365,e9eebd08bbb75ff43d1bdce38924a9931e297bfa0a35df4985bcd4847302e4e0,booster,bundle:models.tar,
somalia_oracle_v4_calibrated_d,results/experiments/somalia_oracle/v4_calibrated_d/models/augmented_y2022_h12_o2021-08_q5.ubj,139441,ba703bc1232fa39137160e68252ca2f7a9f41c2c11c6bd2caad9e3dab2bc05be,booster,bundle:models.tar,
somalia_oracle_v4_calibrated_d,results/experiments/somalia_oracle/v4_calibrated_d/models/augmented_y2022_h12_o2021-09_q2.ubj,215809,e30d39c4f920b4c5d10e8a9ca75f6574dfdbb81e91c6eca6b9b7d55a60b54fd9,booster,bundle:models.tar,
somalia_oracle_v4_calibrated_d,results/experiments/somalia_oracle/v4_calibrated_d/models/augmented_y2022_h12_o2021-09_q3_direct.ubj,144541,d71f21cfcffc6f9a20be6e5ebf26b057a0f78a6d9e49aae5d7d55f7ce8563391,booster,bundle:models.tar,
somalia_oracle_v4_calibrated_d,results/experiments/somalia_oracle/v4_calibrated_d/models/augmented_y2022_h12_o2021-09_q4.ubj,214459,a080342631becf6c74e266288dcc75e14921f9959d4c5ce0843cc0580c7cf148,booster,bundle:models.tar,
somalia_oracle_v4_calibrated_d,results/experiments/somalia_oracle/v4_calibrated_d/models/augmented_y2022_h12_o2021-09_q5.ubj,139442,81cb4014cc54caefca687bad1a5bd666f949e201ac79962910e4fe10ea5abb96,booster,bundle:models.tar,
somalia_oracle_v4_calibrated_d,results/experiments/somalia_oracle/v4_calibrated_d/models/augmented_y2022_h12_o2021-10_q2.ubj,214991,6a7b67338fa986026f864c98fa4d257e62c90559f01567987914499e46b0aacd,booster,bundle:models.tar,
somalia_oracle_v4_calibrated_d,results/experiments/somalia_oracle/v4_calibrated_d/models/augmented_y2022_h12_o2021-10_q3_direct.ubj,144201,cdb1bd51bbefdc2e1283ae8b95d20685308ab0e06e61ac36cb0d07e1266ec698,booster,bundle:models.tar,
somalia_oracle_v4_calibrated_d,results/experiments/somalia_oracle/v4_calibrated_d/models/augmented_y2022_h12_o2021-10_q4.ubj,214253,d3405b5245218b8dffe62e50f39722252ff0a6ee787fe32eb3c03a8aa565f12f,booster,bundle:models.tar,
somalia_oracle_v4_calibrated_d,results/experiments/somalia_oracle/v4_calibrated_d/models/augmented_y2022_h12_o2021-10_q5.ubj,139441,ec0cc220dbdc7b2eefc6a6f71944cd0ec346486a97867ee671c13e1c4bf35483,booster,bundle:models.tar,
somalia_oracle_v4_calibrated_d,results/experiments/somalia_oracle/v4_calibrated_d/models/augmented_y2022_h12_o2021-11_q2.ubj,213900,6c89c8260e028d47e34cf6da40ef3d22f1a6675d6c40e0799979b292a280065f,booster,bundle:models.tar,
somalia_oracle_v4_calibrated_d,results/experiments/somalia_oracle/v4_calibrated_d/models/augmented_y2022_h12_o2021-11_q3_direct.ubj,144065,8648967ec624bb98c572bac106c8e69e2cdf2b7874967d8f8d492322831f12c3,booster,bundle:models.tar,
somalia_oracle_v4_calibrated_d,results/experiments/somalia_oracle/v4_calibrated_d/models/augmented_y2022_h12_o2021-11_q4.ubj,213430,6126eed799bbb43ee1ab55363a6ef656ddf168853c9dc95c7ac130bf106ae9c9,booster,bundle:models.tar,
somalia_oracle_v4_calibrated_d,results/experiments/somalia_oracle/v4_calibrated_d/models/augmented_y2022_h12_o2021-11_q5.ubj,139442,968ec58d2d3fd3e3bce0523f61bc2f0189cdeb5d792fcea65dce79401c1c0295,booster,bundle:models.tar,
somalia_oracle_v4_calibrated_d,results/experiments/somalia_oracle/v4_calibrated_d/models/augmented_y2022_h12_o2021-12_q2.ubj,214116,f5e9d53429ee6cc3e4c709794b58ff3f7df8ff036215f846a8c449f7b81b8175,booster,bundle:models.tar,
somalia_oracle_v4_calibrated_d,results/experiments/somalia_oracle/v4_calibrated_d/models/augmented_y2022_h12_o2021-12_q3_direct.ubj,143793,a83a6ce96f3d5ba7f09ffca668b7d4b25794f1b76cf78253a7d423b200fb1abf,booster,bundle:models.tar,
somalia_oracle_v4_calibrated_d,results/experiments/somalia_oracle/v4_calibrated_d/models/augmented_y2022_h12_o2021-12_q4.ubj,211583,84428484a7992d96d88a54ed095e0a3b7bb3f1dd5dfc3a6287d53eb9e262afa3,booster,bundle:models.tar,
somalia_oracle_v4_calibrated_d,results/experiments/somalia_oracle/v4_calibrated_d/models/augmented_y2022_h12_o2021-12_q5.ubj,139441,9970822508b8535ee03ee0dd613cfe0872999439ade7458c12ba751778ca5054,booster,bundle:models.tar,
somalia_oracle_v4_calibrated_d,results/experiments/somalia_oracle/v4_calibrated_d/models/augmented_y2023_h00_o2023-01_q2.ubj,1013113,edef73b1f2375eb6a01a4d91518c91423bb55f6eed6935015adc8f6b5563822f,booster,bundle:models.tar,
somalia_oracle_v4_calibrated_d,results/experiments/somalia_oracle/v4_calibrated_d/models/augmented_y2023_h00_o2023-01_q3_direct.ubj,448878,e43799e8c8643e80595bc9aafa227ace99920dec084d69d58c3035d203a2b935,booster,bundle:models.tar,
somalia_oracle_v4_calibrated_d,results/experiments/somalia_oracle/v4_calibrated_d/models/augmented_y2023_h00_o2023-01_q3_residual_delta.ubj,360577,c535fe2a6dfeb39584f95759ada3eb6da6045863d8abaebac46c7130e00c94b0,booster,bundle:models.tar,
somalia_oracle_v4_calibrated_d,results/experiments/somalia_oracle/v4_calibrated_d/models/augmented_y2023_h00_o2023-01_q4.ubj,1032289,5e38d7860cf44b946b262a91a8bcf40f21a0ffb10aba2f99911cb475a395e032,booster,bundle:models.tar,
somalia_oracle_v4_calibrated_d,results/experiments/somalia_oracle/v4_calibrated_d/models/augmented_y2023_h00_o2023-01_q5.ubj,1002573,bce16d7d37a0d895f171864ae19143968d6bcf87d6c44346cc96d8e8aa0f84eb,booster,bundle:models.tar,
somalia_oracle_v4_calibrated_d,results/experiments/somalia_oracle/v4_calibrated_d/models/augmented_y2023_h00_o2023-02_q2.ubj,1013793,48b88bc53d2eaa7fcbc4213eb5ab44a3091a5b9e0e7139a9efaea5ad4f0230b3,booster,bundle:models.tar,
somalia_oracle_v4_calibrated_d,results/experiments/somalia_oracle/v4_calibrated_d/models/augmented_y2023_h00_o2023-02_q3_direct.ubj,446022,3c0ea24a65b710a9552116461e9f1ba5ee605d6e8bf52a50f1c3a44e3ad1f0a7,booster,bundle:models.tar,
somalia_oracle_v4_calibrated_d,results/experiments/somalia_oracle/v4_calibrated_d/models/augmented_y2023_h00_o2023-02_q3_residual_delta.ubj,360374,52023c12babb8e5eb9e3ee07bac03f5121e5753b801a8fa81cc4944fbc774643,booster,bundle:models.tar,
somalia_oracle_v4_calibrated_d,results/experiments/somalia_oracle/v4_calibrated_d/models/augmented_y2023_h00_o2023-02_q4.ubj,1043713,7b74aa7a7b4d8e4aff6aa57212f4332f329572accf439995870df5c6d3b1d6a1,booster,bundle:models.tar,
somalia_oracle_v4_calibrated_d,results/experiments/somalia_oracle/v4_calibrated_d/models/augmented_y2023_h00_o2023-02_q5.ubj,1011617,a3ee3988ad7948a5a53d77bc59206eec570ae368579393de59023b6f8652ca2a,booster,bundle:models.tar,
somalia_oracle_v4_calibrated_d,results/experiments/somalia_oracle/v4_calibrated_d/models/augmented_y2023_h00_o2023-03_q2.ubj,992781,b145a8d8aeb99cedcede72ef8891c70280dcc67d65e4256e729f3acdc0150789,booster,bundle:models.tar,
somalia_oracle_v4_calibrated_d,results/experiments/somalia_oracle/v4_calibrated_d/models/augmented_y2023_h00_o2023-03_q3_direct.ubj,445344,99c5261bc50ed9bedebb5910f86015c08ab4be66493b6881ef7fb8def830c09b,booster,bundle:models.tar,
somalia_oracle_v4_calibrated_d,results/experiments/somalia_oracle/v4_calibrated_d/models/augmented_y2023_h00_o2023-03_q3_residual_delta.ubj,359898,dc5fe6c403cbcde61bc6760455c1e4236cb471dea62106643d589fe0d374ff70,booster,bundle:models.tar,
somalia_oracle_v4_calibrated_d,results/experiments/somalia_oracle/v4_calibrated_d/models/augmented_y2023_h00_o2023-03_q4.ubj,1005565,7933abf53059ff7ac5d8de11bb1f00ec4a5761287a6f09b02fcf2f5113dce0c9,booster,bundle:models.tar,
somalia_oracle_v4_calibrated_d,results/experiments/somalia_oracle/v4_calibrated_d/models/augmented_y2023_h00_o2023-03_q5.ubj,996113,7ff071a8dad4f723bca15ccc2249fee0f094f9bb316170c5e0deaad7bb57c46c,booster,bundle:models.tar,
somalia_oracle_v4_calibrated_d,results/experiments/somalia_oracle/v4_calibrated_d/models/augmented_y2023_h00_o2023-08_q2.ubj,991217,1cd2f55c35a6c58fc426f936c6729420b876cf31a5ada0352b418ebf8793b70c,booster,bundle:models.tar,
somalia_oracle_v4_calibrated_d,results/experiments/somalia_oracle/v4_calibrated_d/models/augmented_y2023_h00_o2023-08_q3_direct.ubj,426560,eaf15cd13fd84d82dfb196702e6c6f65d65db7bcde128e0e52b607ba9482d2be,booster,bundle:models.tar,
somalia_oracle_v4_calibrated_d,results/experiments/somalia_oracle/v4_calibrated_d/models/augmented_y2023_h00_o2023-08_q3_residual_delta.ubj,357718,e31d3a1f863329138ed62110b928ec9f9759a34da706e9292ca33ba03a690320,booster,bundle:models.tar,
somalia_oracle_v4_calibrated_d,results/experiments/somalia_oracle/v4_calibrated_d/models/augmented_y2023_h00_o2023-08_q4.ubj,1018689,6eb6fda2234f42fa5595e96234dfe9adb70403a9366a6aa03b9d4cca1b92b8be,booster,bundle:models.tar,
somalia_oracle_v4_calibrated_d,results/experiments/somalia_oracle/v4_calibrated_d/models/augmented_y2023_h00_o2023-08_q5.ubj,972245,5bad73e7f5a86f214724d65946a664fa5fb304fda2a937a838acb303c4e8153b,booster,bundle:models.tar,
somalia_oracle_v4_calibrated_d,results/experiments/somalia_oracle/v4_calibrated_d/models/augmented_y2023_h00_o2023-09_q2.ubj,996045,fc3eaec1fcddfa731c0376bb8b6c336d70ce7ae0c7d306d0618387c369a37f66,booster,bundle:models.tar,
somalia_oracle_v4_calibrated_d,results/experiments/somalia_oracle/v4_calibrated_d/models/augmented_y2023_h00_o2023-09_q3_direct.ubj,422948,971dff3ca425acdb7de34c68de8b85c54732ce5b820b9d33594ee9f0d94c21e6,booster,bundle:models.tar,
somalia_oracle_v4_calibrated_d,results/experiments/somalia_oracle/v4_calibrated_d/models/augmented_y2023_h00_o2023-09_q3_residual_delta.ubj,357447,a5a47e1f8644191ef8d15887bdcb8ff249c80c0bae5d885d24c80af121880a33,booster,bundle:models.tar,
somalia_oracle_v4_calibrated_d,results/experiments/somalia_oracle/v4_calibrated_d/models/augmented_y2023_h00_o2023-09_q4.ubj,1006925,4e81ba56b5f26cc10f8d0d8fab487a8023db6c3461075cad0d07195d61e1c101,booster,bundle:models.tar,
somalia_oracle_v4_calibrated_d,results/experiments/somalia_oracle/v4_calibrated_d/models/augmented_y2023_h00_o2023-09_q5.ubj,971293,af29976ba7a9b6a1fba7204f0032885bc0119ac463c9ad51060aee5331d0eb3b,booster,bundle:models.tar,
somalia_oracle_v4_calibrated_d,results/experiments/somalia_oracle/v4_calibrated_d/models/augmented_y2023_h03_o2022-10_q2.ubj,2171188,56f48a8f1f66aa552e62e46befe186383fdc425aa84b21bcaaf0c9f5f8abc9e6,booster,bundle:models.tar,
somalia_oracle_v4_calibrated_d,results/experiments/somalia_oracle/v4_calibrated_d/models/augmented_y2023_h03_o2022-10_q3_direct.ubj,197550,17be55cf4718ba23290e9a7fbce2fd1b977998f1460b090dabe0552d67050723,booster,bundle:models.tar,
somalia_oracle_v4_calibrated_d,results/experiments/somalia_oracle/v4_calibrated_d/models/augmented_y2023_h03_o2022-10_q3_residual_delta.ubj,143930,f44e66e06e04fc793b4ab24e951e92bc4f994795f557fd8e5d441195c9516fe0,booster,bundle:models.tar,
somalia_oracle_v4_calibrated_d,results/experiments/somalia_oracle/v4_calibrated_d/models/augmented_y2023_h03_o2022-10_q4.ubj,1539097,ee360e93ef78c12d69baacfcf4e1488ddcea6d56b2da9d8c0c0080560709a723,booster,bundle:models.tar,
somalia_oracle_v4_calibrated_d,results/experiments/somalia_oracle/v4_calibrated_d/models/augmented_y2023_h03_o2022-10_q5.ubj,528685,c47a4e01755079bcf5ae38ee1b93e0bec21b7502591afe880a812db11e39d0fe,booster,bundle:models.tar,
somalia_oracle_v4_calibrated_d,results/experiments/somalia_oracle/v4_calibrated_d/models/augmented_y2023_h03_o2022-11_q2.ubj,2225856,7b1cfd960379d84d0c3c50f6300c0fc7709311fb5046f8a409996a38b4058fda,booster,bundle:models.tar,
somalia_oracle_v4_calibrated_d,results/experiments/somalia_oracle/v4_calibrated_d/models/augmented_y2023_h03_o2022-11_q3_direct.ubj,197477,da1ff771bf7f1ca804b6abef146761b79ce78b951e4a7f214762038000c6bb39,booster,bundle:models.tar,
somalia_oracle_v4_calibrated_d,results/experiments/somalia_oracle/v4_calibrated_d/models/augmented_y2023_h03_o2022-11_q3_residual_delta.ubj,145428,46e6a2b5af53d2601073264773c68d2695f4d9265fedcaed8823975d12d4db2e,booster,bundle:models.tar,
somalia_oracle_v4_calibrated_d,results/experiments/somalia_oracle/v4_calibrated_d/models/augmented_y2023_h03_o2022-11_q4.ubj,1616028,22db48dbd4633ebdd0fb331c6a02e3a03aea6fc90290853d9dbfb004e246bb16,booster,bundle:models.tar,
somalia_oracle_v4_calibrated_d,results/experiments/somalia_oracle/v4_calibrated_d/models/augmented_y2023_h03_o2022-11_q5.ubj,575063,f36290994125d781552ea3f5a4ee2f283884bb8f670448c052b456c5e16d8a96,booster,bundle:models.tar,
somalia_oracle_v4_calibrated_d,results/experiments/somalia_oracle/v4_calibrated_d/models/augmented_y2023_h03_o2022-12_q2.ubj,2322626,8e0efed04e8587c5822bf0c1e0a9cc631c48f3e0ba640065f8d90ebd919bc8b0,booster,bundle:models.tar,
somalia_oracle_v4_calibrated_d,results/experiments/somalia_oracle/v4_calibrated_d/models/augmented_y2023_h03_o2022-12_q3_direct.ubj,197001,b2b4de52249f18822842f7b0f1d0f0992bb26a53cacd8df913aae33ad34fac30,booster,bundle:models.tar,
somalia_oracle_v4_calibrated_d,results/experiments/somalia_oracle/v4_calibrated_d/models/augmented_y2023_h03_o2022-12_q3_residual_delta.ubj,146518,8185b35a506e6197c365ef86761ae3379c1f52ea1df4bdccf1095baac30e6af4,booster,bundle:models.tar,
somalia_oracle_v4_calibrated_d,results/experiments/somalia_oracle/v4_calibrated_d/models/augmented_y2023_h03_o2022-12_q4.ubj,1727131,608892ae5ed3a3d2701df68b2d3f34b8fe28c8d13b094ab0243755431a2265dd,booster,bundle:models.tar,
somalia_oracle_v4_calibrated_d,results/experiments/somalia_oracle/v4_calibrated_d/models/augmented_y2023_h03_o2022-12_q5.ubj,573903,898057c9ce1be94faeee645e71d1d5ab7d62c3aecf016f0f98e28e3553eb3417,booster,bundle:models.tar,
somalia_oracle_v4_calibrated_d,results/experiments/somalia_oracle/v4_calibrated_d/models/augmented_y2023_h03_o2023-05_q2.ubj,2273190,e675640fd15c2aa0ee0a751cdd937ca095ca5568503d656d1986b3da7869c889,booster,bundle:models.tar,
somalia_oracle_v4_calibrated_d,results/experiments/somalia_oracle/v4_calibrated_d/models/augmented_y2023_h03_o2023-05_q3_direct.ubj,188636,e52df6636c0fcb4e3f7f1bc3fea183aec72edf20b5cbd3bd9127b16c48f3ba16,booster,bundle:models.tar,
somalia_oracle_v4_calibrated_d,results/experiments/somalia_oracle/v4_calibrated_d/models/augmented_y2023_h03_o2023-05_q3_residual_delta.ubj,145566,9dbf115223b09663641147cd4e4b789ecd5c021b7d5ecfe0f69bed22c4f02df0,booster,bundle:models.tar,
somalia_oracle_v4_calibrated_d,results/experiments/somalia_oracle/v4_calibrated_d/models/augmented_y2023_h03_o2023-05_q4.ubj,1767899,021807f2a09afe6f7c3bf96ae8e90816b6caa030cb7162c4706e8e1b2483ea5a,booster,bundle:models.tar,
somalia_oracle_v4_calibrated_d,results/experiments/somalia_oracle/v4_calibrated_d/models/augmented_y2023_h03_o2023-05_q5.ubj,575263,cf9280a24077d5ab6eea33237c8cf42a556165211ea8496131ec9fd690abde51,booster,bundle:models.tar,
somalia_oracle_v4_calibrated_d,results/experiments/somalia_oracle/v4_calibrated_d/models/augmented_y2023_h03_o2023-06_q2.ubj,2206010,abd930fe7310dc8981191ef66c4a56f0c40bed38462cb8b82b5c266c943d4d92,booster,bundle:models.tar,
somalia_oracle_v4_calibrated_d,results/experiments/somalia_oracle/v4_calibrated_d/models/augmented_y2023_h03_o2023-06_q3_direct.ubj,187615,295d342d8bde21a533749a4ca0c3e7124c70443d5d67391f76edef8d591dfd91,booster,bundle:models.tar,
somalia_oracle_v4_calibrated_d,results/experiments/somalia_oracle/v4_calibrated_d/models/augmented_y2023_h03_o2023-06_q3_residual_delta.ubj,145223,256fa0aad9a14feefd012f2fd3cfb401aca963260df728160f7e27df4f00e602,booster,bundle:models.tar,
somalia_oracle_v4_calibrated_d,results/experiments/somalia_oracle/v4_calibrated_d/models/augmented_y2023_h03_o2023-06_q4.ubj,1719601,b3e67b0c0bf0ee28f572eb1af454ddc11b31ab987c88a993a1372378cc30c1d9,booster,bundle:models.tar,
somalia_oracle_v4_calibrated_d,results/experiments/somalia_oracle/v4_calibrated_d/models/augmented_y2023_h03_o2023-06_q5.ubj,565403,224d2e6dc7d990a001c976ebf8ca2414981d839a1b99934c81011ba8486b93b3,booster,bundle:models.tar,
somalia_oracle_v4_calibrated_d,results/experiments/somalia_oracle/v4_calibrated_d/models/augmented_y2023_h06_o2022-07_q2.ubj,221127,7fe1932a7c546758814b5880c5acda705d07085878d5c9aa26c6c922a522d9db,booster,bundle:models.tar,
somalia_oracle_v4_calibrated_d,results/experiments/somalia_oracle/v4_calibrated_d/models/augmented_y2023_h06_o2022-07_q3_direct.ubj,190857,9c4045779ce893f4a5b7a6d7d58929382ba3f15093396012f561119a59ce70a4,booster,bundle:models.tar,
somalia_oracle_v4_calibrated_d,results/experiments/somalia_oracle/v4_calibrated_d/models/augmented_y2023_h06_o2022-07_q4.ubj,217646,4b500cd00f298e7038f8f9df58ff034b2c29e003cc5aeafe9fe9dbc147e1eba8,booster,bundle:models.tar,
somalia_oracle_v4_calibrated_d,results/experiments/somalia_oracle/v4_calibrated_d/models/augmented_y2023_h06_o2022-07_q5.ubj,220599,3d2950a61cc2ff54b69b93912210e7432b2aa45a692ff01953cf242cfe625d2a,booster,bundle:models.tar,
somalia_oracle_v4_calibrated_d,results/experiments/somalia_oracle/v4_calibrated_d/models/augmented_y2023_h06_o2022-08_q2.ubj,946022,a1ccb41199e010fab5dffa577bab521d505a16e32fa3df4783378b892b036392,booster,bundle:models.tar,
somalia_oracle_v4_calibrated_d,results/experiments/somalia_oracle/v4_calibrated_d/models/augmented_y2023_h06_o2022-08_q3_direct.ubj,445140,6962f6529bae135eadfd6e5757d6144063c2a8a3d52fdf2e87c85a54229cf5b4,booster,bundle:models.tar,
somalia_oracle_v4_calibrated_d,results/experiments/somalia_oracle/v4_calibrated_d/models/augmented_y2023_h06_o2022-08_q3_residual_delta.ubj,371021,a103b51fad7a6b3fc1799d88a3f6adbea69f336dec5217b09429686467b37f3e,booster,bundle:models.tar,
somalia_oracle_v4_calibrated_d,results/experiments/somalia_oracle/v4_calibrated_d/models/augmented_y2023_h06_o2022-08_q4.ubj,934122,59c4b5c191bd1db59a3d7687ed25410f20e2d9821795b9d1c66fda8300146d37,booster,bundle:models.tar,
somalia_oracle_v4_calibrated_d,results/experiments/somalia_oracle/v4_calibrated_d/models/augmented_y2023_h06_o2022-08_q5.ubj,860207,740d68b7d87d058e16c2ef8ee6035c91e984820d9ac0ff500b6ad9ebc2d5cee1,booster,bundle:models.tar,
somalia_oracle_v4_calibrated_d,results/experiments/somalia_oracle/v4_calibrated_d/models/augmented_y2023_h06_o2022-09_q2.ubj,403343,ea0dc193ed4533c1d3f068af40e9bdb97fb479bb34ffcc91dbf16d17d79d7451,booster,bundle:models.tar,
somalia_oracle_v4_calibrated_d,results/experiments/somalia_oracle/v4_calibrated_d/models/augmented_y2023_h06_o2022-09_q3_direct.ubj,243993,576b9efbe5d5f0aa2fea7c68044c2afdbd344af76dc5177da05be05000e10037,booster,bundle:models.tar,
somalia_oracle_v4_calibrated_d,results/experiments/somalia_oracle/v4_calibrated_d/models/augmented_y2023_h06_o2022-09_q3_residual_delta.ubj,161433,46dec2aed7acfd52f6db0bba5a503e6f57fd5ce0e2887f47602b91dd4687e700,booster,bundle:models.tar,
somalia_oracle_v4_calibrated_d,results/experiments/somalia_oracle/v4_calibrated_d/models/augmented_y2023_h06_o2022-09_q4.ubj,403818,630ca9c066c882b998a1da172077014805f15c819a2158bcdd46fd353dad272f,booster,bundle:models.tar,
somalia_oracle_v4_calibrated_d,results/experiments/somalia_oracle/v4_calibrated_d/models/augmented_y2023_h06_o2022-09_q5.ubj,377095,7a0b03413d82c9f08cca9f1d5b1df706f38eb370c27fd8d1322baa9ec7bec212,booster,bundle:models.tar,
somalia_oracle_v4_calibrated_d,results/experiments/somalia_oracle/v4_calibrated_d/models/augmented_y2023_h06_o2023-02_q2.ubj,2326438,a41e47aea7ff68fefa71876d9141c239b2328a663748ecfcaded0b513e38bc26,booster,bundle:models.tar,
somalia_oracle_v4_calibrated_d,results/experiments/somalia_oracle/v4_calibrated_d/models/augmented_y2023_h06_o2023-02_q3_direct.ubj,203465,a2114920d59fea77d4d5f5c8792db3505377e34b2c1d1d775bae60cde8cc55b0,booster,bundle:models.tar,
somalia_oracle_v4_calibrated_d,results/experiments/somalia_oracle/v4_calibrated_d/models/augmented_y2023_h06_o2023-02_q3_residual_delta.ubj,140663,56f4416f3c0585951aa99be697f789a477f371366261047f21e3f10def0489d2,booster,bundle:models.tar,
somalia_oracle_v4_calibrated_d,results/experiments/somalia_oracle/v4_calibrated_d/models/augmented_y2023_h06_o2023-02_q4.ubj,1780493,c1d09462e24215d1ad05d7bf22880ecbaa7fbc8762166b800758fa19941c0913,booster,bundle:models.tar,
somalia_oracle_v4_calibrated_d,results/experiments/somalia_oracle/v4_calibrated_d/models/augmented_y2023_h06_o2023-02_q5.ubj,618029,7733670bb1058bebaf08f5f5961ccb4615b70b504c8f4d0f9f36fcad20261427,booster,bundle:models.tar,
somalia_oracle_v4_calibrated_d,results/experiments/somalia_oracle/v4_calibrated_d/models/augmented_y2023_h06_o2023-03_q2.ubj,2285232,6e426eaff77ce5e604d9622181cc35dee56ab1805f1526a044fcf899f52a428e,booster,bundle:models.tar,
somalia_oracle_v4_calibrated_d,results/experiments/somalia_oracle/v4_calibrated_d/models/augmented_y2023_h06_o2023-03_q3_direct.ubj,200336,488ec077d65ba7ffc11d1325198a94b657006f60419556e4315d0d4a4567944c,booster,bundle:models.tar,
somalia_oracle_v4_calibrated_d,results/experiments/somalia_oracle/v4_calibrated_d/models/augmented_y2023_h06_o2023-03_q3_residual_delta.ubj,140595,6b8a474af88de6fd84035d9810c2a783e85dea35927668edcf2188e39a822b12,booster,bundle:models.tar,
somalia_oracle_v4_calibrated_d,results/experiments/somalia_oracle/v4_calibrated_d/models/augmented_y2023_h06_o2023-03_q4.ubj,1793279,2ec58d0619af885d12762c871487d2c29e47b91fab67863019cdfb42f9d05c7f,booster,bundle:models.tar,
somalia_oracle_v4_calibrated_d,results/experiments/somalia_oracle/v4_calibrated_d/models/augmented_y2023_h06_o2023-03_q5.ubj,607013,8c47a8a566d2f38d181176e8e3eab707b22f7b0a3099a1dcedd7dbd884e5e645,booster,bundle:models.tar,
somalia_oracle_v4_calibrated_d,results/experiments/somalia_oracle/v4_calibrated_d/models/augmented_y2023_h12_o2022-01_q2.ubj,1079446,230c731ffda0d33b61493efa67417cd9c6de8123e2d5f83c70af06fed9b4a7b3,booster,bundle:models.tar,
somalia_oracle_v4_calibrated_d,results/experiments/somalia_oracle/v4_calibrated_d/models/augmented_y2023_h12_o2022-01_q3_direct.ubj,141686,1f2ef692f2a11cea521c652cdb377e6db27282b86f91ecec6b837c77d1a2b489,booster,bundle:models.tar,
somalia_oracle_v4_calibrated_d,results/experiments/somalia_oracle/v4_calibrated_d/models/augmented_y2023_h12_o2022-01_q3_residual_delta.ubj,142230,75579afe255d882dcf92856c4b53f947c27c04d6009a2865c3db6e64ea448186,booster,bundle:models.tar,
somalia_oracle_v4_calibrated_d,results/experiments/somalia_oracle/v4_calibrated_d/models/augmented_y2023_h12_o2022-01_q4.ubj,631443,f41b23fc7463cb095f58671eb19d0ba49de39dec49be29f99c34389fb12df6b7,booster,bundle:models.tar,
somalia_oracle_v4_calibrated_d,results/experiments/somalia_oracle/v4_calibrated_d/models/augmented_y2023_h12_o2022-01_q5.ubj,139918,ac7c63fad2516613cd9e5efae8dd3ade92a8b2e621aff39d85e678c8bdc64420,booster,bundle:models.tar,
somalia_oracle_v4_calibrated_d,results/experiments/somalia_oracle/v4_calibrated_d/models/augmented_y2023_h12_o2022-02_q2.ubj,1078972,fca7b357bdfbef10cb93072e87a17f85e89f04f76407c76962932514d30e6abe,booster,bundle:models.tar,
somalia_oracle_v4_calibrated_d,results/experiments/somalia_oracle/v4_calibrated_d/models/augmented_y2023_h12_o2022-02_q3_direct.ubj,141550,3a04df1022f62e4e76c71acd6b33b248ede04d4c55365e6fbc9d1d17f30690fa,booster,bundle:models.tar,
somalia_oracle_v4_calibrated_d,results/experiments/somalia_oracle/v4_calibrated_d/models/augmented_y2023_h12_o2022-02_q3_residual_delta.ubj,142162,73ae1804641e4ca4a2595269d97d3f798bdf514bf77f9c683e33078bc71e9232,booster,bundle:models.tar,
somalia_oracle_v4_calibrated_d,results/experiments/somalia_oracle/v4_calibrated_d/models/augmented_y2023_h12_o2022-02_q4.ubj,625655,3320fa40ac385f72b4db0b1bcb6ce9ad1b155d023739208f42e90bc9c1ce2489,booster,bundle:models.tar,
somalia_oracle_v4_calibrated_d,results/experiments/somalia_oracle/v4_calibrated_d/models/augmented_y2023_h12_o2022-02_q5.ubj,139578,2a16265573031612ed275837d754b77c0be8201fcdb176f4b98e7ca1c67ed2c0,booster,bundle:models.tar,
somalia_oracle_v4_calibrated_d,results/experiments/somalia_oracle/v4_calibrated_d/models/augmented_y2023_h12_o2022-03_q2.ubj,1075571,c32d99c18afba851db424821208458ed06796c2e26ff541782919a8dc386d7d3,booster,bundle:models.tar,
somalia_oracle_v4_calibrated_d,results/experiments/somalia_oracle/v4_calibrated_d/models/augmented_y2023_h12_o2022-03_q3_direct.ubj,141346,2645ab86a370b36ae10dc6098cefa921ff24f7187485841322f4c1e1c0d4832d,booster,bundle:models.tar,
somalia_oracle_v4_calibrated_d,results/experiments/somalia_oracle/v4_calibrated_d/models/augmented_y2023_h12_o2022-03_q3_residual_delta.ubj,142026,fcf695ca647ffd99e6f27760814b7bc9bc70c5c1796892bfcb102c447f3d57b2,booster,bundle:models.tar,
somalia_oracle_v4_calibrated_d,results/experiments/somalia_oracle/v4_calibrated_d/models/augmented_y2023_h12_o2022-03_q4.ubj,625055,68d74e525266ffa2c3c2c03696a63efabde8ce1955d52d02f9d301cf937244f4,booster,bundle:models.tar,
somalia_oracle_v4_calibrated_d,results/experiments/somalia_oracle/v4_calibrated_d/models/augmented_y2023_h12_o2022-03_q5.ubj,139510,e6f75455565308daa9d40761743f625011f54f7cbe5a8280bccc9b74da54dcbe,booster,bundle:models.tar,
somalia_oracle_v4_calibrated_d,results/experiments/somalia_oracle/v4_calibrated_d/models/augmented_y2023_h12_o2022-08_q2.ubj,1851501,838e083ae3bee200784ebe5f12a68d0ec63975798abca0e70f9cf619eea03f86,booster,bundle:models.tar,
somalia_oracle_v4_calibrated_d,results/experiments/somalia_oracle/v4_calibrated_d/models/augmented_y2023_h12_o2022-08_q3_direct.ubj,185989,024655413dbd23f25fbdc59f52f6f528efc731a031b4deaa5700e0fe1e410c6e,booster,bundle:models.tar,
somalia_oracle_v4_calibrated_d,results/experiments/somalia_oracle/v4_calibrated_d/models/augmented_y2023_h12_o2022-08_q4.ubj,1290371,fc9716a9981961a7200c5c4db25b7aa3558bb4003c3ff2a2b6f1c1e26effb161,booster,bundle:models.tar,
somalia_oracle_v4_calibrated_d,results/experiments/somalia_oracle/v4_calibrated_d/models/augmented_y2023_h12_o2022-08_q5.ubj,435300,c316325740aa2df4e281437b45af5a455bc0d4b443971e4af75e40f93944df05,booster,bundle:models.tar,
somalia_oracle_v4_calibrated_d,results/experiments/somalia_oracle/v4_calibrated_d/models/augmented_y2023_h12_o2022-09_q2.ubj,2018922,65e1f63cc6bd64a51c5007a0aa387777cc879689327c0f4c0c2c55825e231d59,booster,bundle:models.tar,
somalia_oracle_v4_calibrated_d,results/experiments/somalia_oracle/v4_calibrated_d/models/augmented_y2023_h12_o2022-09_q3_direct.ubj,192720,770e1e6b0c5ddaa7611010fb93b45f378271b005e7e35044cfb08f0b37bab39e,booster,bundle:models.tar,
somalia_oracle_v4_calibrated_d,results/experiments/somalia_oracle/v4_calibrated_d/models/augmented_y2023_h12_o2022-09_q4.ubj,1425636,0ae203bae0f7eafaed08fb4b651d7a2f36e9d6bdbcbcdeaf8b99a747b86bb13c,booster,bundle:models.tar,
somalia_oracle_v4_calibrated_d,results/experiments/somalia_oracle/v4_calibrated_d/models/augmented_y2023_h12_o2022-09_q5.ubj,500382,2cef9d2f8805293614282b0ca6ae96a35bd4ec821c3291425a01f2eedf97a08c,booster,bundle:models.tar,
somalia_oracle_v4_calibrated_d,results/experiments/somalia_oracle/v4_calibrated_d/models/augmented_y2024_h00_o2024-01_q2.ubj,3360117,8d653c1bcbdef4f364e78a3258c555a8cf0466752dd2aa0999b7fba4c9e74d7e,booster,bundle:models.tar,
somalia_oracle_v4_calibrated_d,results/experiments/somalia_oracle/v4_calibrated_d/models/augmented_y2024_h00_o2024-01_q3_direct.ubj,213667,11c09e3c4122c6c4b8a35649450861240487a334ca5fa0cd976e84f677d32522,booster,bundle:models.tar,
somalia_oracle_v4_calibrated_d,results/experiments/somalia_oracle/v4_calibrated_d/models/augmented_y2024_h00_o2024-01_q4.ubj,2733019,7a63a31181366bedb7af27b8036929d7f6d909498bc75af0191ee1f4b08135e5,booster,bundle:models.tar,
somalia_oracle_v4_calibrated_d,results/experiments/somalia_oracle/v4_calibrated_d/models/augmented_y2024_h00_o2024-01_q5.ubj,752752,c4df224461eb9ecd7cffe5e25fe76a20f59111bd2fc0f745299d007f47e9484a,booster,bundle:models.tar,
somalia_oracle_v4_calibrated_d,results/experiments/somalia_oracle/v4_calibrated_d/models/augmented_y2024_h00_o2024-02_q2.ubj,3292799,7b8b71f73eecdd0e4699cf03e53f0a1563cc668faf9246ed973e355fa272caa3,booster,bundle:models.tar,
somalia_oracle_v4_calibrated_d,results/experiments/somalia_oracle/v4_calibrated_d/models/augmented_y2024_h00_o2024-02_q3_direct.ubj,209318,c3d49826b0fc1c8776b825f4981b09e379ba61f6c48ef26412c4843b34d8361e,booster,bundle:models.tar,
somalia_oracle_v4_calibrated_d,results/experiments/somalia_oracle/v4_calibrated_d/models/augmented_y2024_h00_o2024-02_q4.ubj,2756207,30b6edcbcdcf22448c65a8bebedd5e5ddc6a0a2eb6f2a173f20b6f608ee38592,booster,bundle:models.tar,
somalia_oracle_v4_calibrated_d,results/experiments/somalia_oracle/v4_calibrated_d/models/augmented_y2024_h00_o2024-02_q5.ubj,750235,2ec2eafaebea5f9954c7492db09800723f82869899c54c7bbb3b76cec2ffc75a,booster,bundle:models.tar,
somalia_oracle_v4_calibrated_d,results/experiments/somalia_oracle/v4_calibrated_d/models/augmented_y2024_h00_o2024-03_q2.ubj,3243769,1140b3f09a8a476313d7077a279d531ca059f3ea1dae62b8e6d01498eae4f296,booster,bundle:models.tar,
somalia_oracle_v4_calibrated_d,results/experiments/somalia_oracle/v4_calibrated_d/models/augmented_y2024_h00_o2024-03_q3_direct.ubj,208296,ee31c563434ca9098c1cb89b970504636a2ab27f926759b2b6f402cc9ab88cb4,booster,bundle:models.tar,
somalia_oracle_v4_calibrated_d,results/experiments/somalia_oracle/v4_calibrated_d/models/augmented_y2024_h00_o2024-03_q4.ubj,2751377,3fbbd3ed45ffa7d78da8922ba8336813c5f51db2240d00d4f37d8ee2ad48abbc,booster,bundle:models.tar,
somalia_oracle_v4_calibrated_d,results/experiments/somalia_oracle/v4_calibrated_d/models/augmented_y2024_h00_o2024-03_q5.ubj,753497,f0dab1d12259138e0612763f7a386c0321997547ef2614fe3e5df49c89b65ab9,booster,bundle:models.tar,
somalia_oracle_v4_calibrated_d,results/experiments/somalia_oracle/v4_calibrated_d/models/augmented_y2024_h00_o2024-07_q2.ubj,3182434,9438b878ee11effd2aedc5ad35b8da2232c9c2a2d6134aab58074faf9a66218a,booster,bundle:models.tar,
somalia_oracle_v4_calibrated_d,results/experiments/somalia_oracle/v4_calibrated_d/models/augmented_y2024_h00_o2024-07_q3_direct.ubj,199519,b41118e1cf81653e28acf8b4a5eb86692564939975e5d1897a2fa4dc8064da82,booster,bundle:models.tar,
somalia_oracle_v4_calibrated_d,results/experiments/somalia_oracle/v4_calibrated_d/models/augmented_y2024_h00_o2024-07_q4.ubj,2671136,9e3831e2572e710bf7c07b840a76c72265b5a792d0b66c7944598d223795b45d,booster,bundle:models.tar,
somalia_oracle_v4_calibrated_d,results/experiments/somalia_oracle/v4_calibrated_d/models/augmented_y2024_h00_o2024-07_q5.ubj,749079,7d962c41fb081a5e782ae2364f3391538bf4217d9e9cd896fa62700548c4951c,booster,bundle:models.tar,
somalia_oracle_v4_calibrated_d,results/experiments/somalia_oracle/v4_calibrated_d/models/augmented_y2024_h00_o2024-08_q2.ubj,3169039,54797fad5573c94fc13d5624808588f60512f873f0340abfad3b90ede5d64c69,booster,bundle:models.tar,
somalia_oracle_v4_calibrated_d,results/experiments/somalia_oracle/v4_calibrated_d/models/augmented_y2024_h00_o2024-08_q3_direct.ubj,198091,6aa8d0564157f462af409ef57d4bcac9b08373dd8297567355c6da787c4840c0,booster,bundle:models.tar,
somalia_oracle_v4_calibrated_d,results/experiments/somalia_oracle/v4_calibrated_d/models/augmented_y2024_h00_o2024-08_q4.ubj,2683510,bd15335bc8d273752dd7b5ea900339de67c599f67faeb7422f23ff5ad9ab40a5,booster,bundle:models.tar,
somalia_oracle_v4_calibrated_d,results/experiments/somalia_oracle/v4_calibrated_d/models/augmented_y2024_h00_o2024-08_q5.ubj,746565,dd2641c37beab544f6411b9c74d50726edf5fb026095a54d3164a424420c3a8d,booster,bundle:models.tar,
somalia_oracle_v4_calibrated_d,results/experiments/somalia_oracle/v4_calibrated_d/models/augmented_y2024_h00_o2024-09_q2.ubj,3308505,0826a8204fa6c6ec927c7e2c2fa9b9c0ffc189b22d4f4a25716b632d9a08b531,booster,bundle:models.tar,
somalia_oracle_v4_calibrated_d,results/experiments/somalia_oracle/v4_calibrated_d/models/augmented_y2024_h00_o2024-09_q3_direct.ubj,197479,38857470534ea59bacdd2fb23f1a42e8eab9755ca83ff143d44c895f443f439a,booster,bundle:models.tar,
somalia_oracle_v4_calibrated_d,results/experiments/somalia_oracle/v4_calibrated_d/models/augmented_y2024_h00_o2024-09_q4.ubj,2773472,ec4f83a8b2d7742cb2137a0d5f8c75f5ad0db2754ac7eebdb41a98e6017bcefd,booster,bundle:models.tar,
somalia_oracle_v4_calibrated_d,results/experiments/somalia_oracle/v4_calibrated_d/models/augmented_y2024_h00_o2024-09_q5.ubj,735005,7fa1e2f4a74b0ca242b1a50d13f0de501ebf9f76e30275f7871e6f0698002b6f,booster,bundle:models.tar,
somalia_oracle_v4_calibrated_d,results/experiments/somalia_oracle/v4_calibrated_d/models/augmented_y2024_h03_o2023-10_q2.ubj,3828232,353fcfd8652c8c9dfcc8177d966d83b6e481761f37244d3ed81a9d28ce163904,booster,bundle:models.tar,
somalia_oracle_v4_calibrated_d,results/experiments/somalia_oracle/v4_calibrated_d/models/augmented_y2024_h03_o2023-10_q3_direct.ubj,250882,055b69739751a2e0743205d926c8b66b2fda7feb585bbe194edec3c331eedad5,booster,bundle:models.tar,
somalia_oracle_v4_calibrated_d,results/experiments/somalia_oracle/v4_calibrated_d/models/augmented_y2024_h03_o2023-10_q4.ubj,3028316,c4193fffa5c76efeab37b84a18a1cf9801c34481b9f48a2161796eda05ffa630,booster,bundle:models.tar,
somalia_oracle_v4_calibrated_d,results/experiments/somalia_oracle/v4_calibrated_d/models/augmented_y2024_h03_o2023-10_q5.ubj,748126,061a957c57d8422549026f6a0dab0427fbfcb76b9b9ccaab8c038e16fe8a3c46,booster,bundle:models.tar,
somalia_oracle_v4_calibrated_d,results/experiments/somalia_oracle/v4_calibrated_d/models/augmented_y2024_h03_o2023-11_q2.ubj,3828232,353fcfd8652c8c9dfcc8177d966d83b6e481761f37244d3ed81a9d28ce163904,booster,bundle:models.tar,
somalia_oracle_v4_calibrated_d,results/experiments/somalia_oracle/v4_calibrated_d/models/augmented_y2024_h03_o2023-11_q3_direct.ubj,250882,055b69739751a2e0743205d926c8b66b2fda7feb585bbe194edec3c331eedad5,booster,bundle:models.tar,
somalia_oracle_v4_calibrated_d,results/experiments/somalia_oracle/v4_calibrated_d/models/augmented_y2024_h03_o2023-11_q4.ubj,3028316,c4193fffa5c76efeab37b84a18a1cf9801c34481b9f48a2161796eda05ffa630,booster,bundle:models.tar,
somalia_oracle_v4_calibrated_d,results/experiments/somalia_oracle/v4_calibrated_d/models/augmented_y2024_h03_o2023-11_q5.ubj,748126,061a957c57d8422549026f6a0dab0427fbfcb76b9b9ccaab8c038e16fe8a3c46,booster,bundle:models.tar,
somalia_oracle_v4_calibrated_d,results/experiments/somalia_oracle/v4_calibrated_d/models/augmented_y2024_h03_o2023-12_q2.ubj,3828232,353fcfd8652c8c9dfcc8177d966d83b6e481761f37244d3ed81a9d28ce163904,booster,bundle:models.tar,
somalia_oracle_v4_calibrated_d,results/experiments/somalia_oracle/v4_calibrated_d/models/augmented_y2024_h03_o2023-12_q3_direct.ubj,250882,055b69739751a2e0743205d926c8b66b2fda7feb585bbe194edec3c331eedad5,booster,bundle:models.tar,
somalia_oracle_v4_calibrated_d,results/experiments/somalia_oracle/v4_calibrated_d/models/augmented_y2024_h03_o2023-12_q4.ubj,3028316,c4193fffa5c76efeab37b84a18a1cf9801c34481b9f48a2161796eda05ffa630,booster,bundle:models.tar,
somalia_oracle_v4_calibrated_d,results/experiments/somalia_oracle/v4_calibrated_d/models/augmented_y2024_h03_o2023-12_q5.ubj,748126,061a957c57d8422549026f6a0dab0427fbfcb76b9b9ccaab8c038e16fe8a3c46,booster,bundle:models.tar,
somalia_oracle_v4_calibrated_d,results/experiments/somalia_oracle/v4_calibrated_d/models/augmented_y2024_h03_o2024-04_q2.ubj,3828232,353fcfd8652c8c9dfcc8177d966d83b6e481761f37244d3ed81a9d28ce163904,booster,bundle:models.tar,
somalia_oracle_v4_calibrated_d,results/experiments/somalia_oracle/v4_calibrated_d/models/augmented_y2024_h03_o2024-04_q3_direct.ubj,250882,055b69739751a2e0743205d926c8b66b2fda7feb585bbe194edec3c331eedad5,booster,bundle:models.tar,
somalia_oracle_v4_calibrated_d,results/experiments/somalia_oracle/v4_calibrated_d/models/augmented_y2024_h03_o2024-04_q4.ubj,3028316,c4193fffa5c76efeab37b84a18a1cf9801c34481b9f48a2161796eda05ffa630,booster,bundle:models.tar,
somalia_oracle_v4_calibrated_d,results/experiments/somalia_oracle/v4_calibrated_d/models/augmented_y2024_h03_o2024-04_q5.ubj,748126,061a957c57d8422549026f6a0dab0427fbfcb76b9b9ccaab8c038e16fe8a3c46,booster,bundle:models.tar,
somalia_oracle_v4_calibrated_d,results/experiments/somalia_oracle/v4_calibrated_d/models/augmented_y2024_h03_o2024-05_q2.ubj,3828232,353fcfd8652c8c9dfcc8177d966d83b6e481761f37244d3ed81a9d28ce163904,booster,bundle:models.tar,
somalia_oracle_v4_calibrated_d,results/experiments/somalia_oracle/v4_calibrated_d/models/augmented_y2024_h03_o2024-05_q3_direct.ubj,250882,055b69739751a2e0743205d926c8b66b2fda7feb585bbe194edec3c331eedad5,booster,bundle:models.tar,
somalia_oracle_v4_calibrated_d,results/experiments/somalia_oracle/v4_calibrated_d/models/augmented_y2024_h03_o2024-05_q4.ubj,3028316,c4193fffa5c76efeab37b84a18a1cf9801c34481b9f48a2161796eda05ffa630,booster,bundle:models.tar,
somalia_oracle_v4_calibrated_d,results/experiments/somalia_oracle/v4_calibrated_d/models/augmented_y2024_h03_o2024-05_q5.ubj,748126,061a957c57d8422549026f6a0dab0427fbfcb76b9b9ccaab8c038e16fe8a3c46,booster,bundle:models.tar,
somalia_oracle_v4_calibrated_d,results/experiments/somalia_oracle/v4_calibrated_d/models/augmented_y2024_h03_o2024-06_q2.ubj,3828232,353fcfd8652c8c9dfcc8177d966d83b6e481761f37244d3ed81a9d28ce163904,booster,bundle:models.tar,
somalia_oracle_v4_calibrated_d,results/experiments/somalia_oracle/v4_calibrated_d/models/augmented_y2024_h03_o2024-06_q3_direct.ubj,250882,055b69739751a2e0743205d926c8b66b2fda7feb585bbe194edec3c331eedad5,booster,bundle:models.tar,
somalia_oracle_v4_calibrated_d,results/experiments/somalia_oracle/v4_calibrated_d/models/augmented_y2024_h03_o2024-06_q4.ubj,3028316,c4193fffa5c76efeab37b84a18a1cf9801c34481b9f48a2161796eda05ffa630,booster,bundle:models.tar,
somalia_oracle_v4_calibrated_d,results/experiments/somalia_oracle/v4_calibrated_d/models/augmented_y2024_h03_o2024-06_q5.ubj,748126,061a957c57d8422549026f6a0dab0427fbfcb76b9b9ccaab8c038e16fe8a3c46,booster,bundle:models.tar,
somalia_oracle_v4_calibrated_d,results/experiments/somalia_oracle/v4_calibrated_d/models/augmented_y2024_h06_o2023-07_q2.ubj,3074240,34cc45f5c1fd7abea4a64bd04248972b3b2f25a72072f12ceb172c1595a322c0,booster,bundle:models.tar,
somalia_oracle_v4_calibrated_d,results/experiments/somalia_oracle/v4_calibrated_d/models/augmented_y2024_h06_o2023-07_q3_direct.ubj,214282,e05ddac9289cda1e816f67b7b61e5a2bbfca6ceec645c142545db4b8ad700d01,booster,bundle:models.tar,
somalia_oracle_v4_calibrated_d,results/experiments/somalia_oracle/v4_calibrated_d/models/augmented_y2024_h06_o2023-07_q3_residual_delta.ubj,155435,9c6b96d4b594e11a4ffc1c722e7465261f8e6805bf582b653c807568ff25626f,booster,bundle:models.tar,
somalia_oracle_v4_calibrated_d,results/experiments/somalia_oracle/v4_calibrated_d/models/augmented_y2024_h06_o2023-07_q4.ubj,2534859,8d6edffd1376bff97d69a13a36fcfebb2f50e06d5105f3838182b14052e64847,booster,bundle:models.tar,
somalia_oracle_v4_calibrated_d,results/experiments/somalia_oracle/v4_calibrated_d/models/augmented_y2024_h06_o2023-07_q5.ubj,838234,1812b47b13b01551f13e9f7ba015fb7b247ba9e2b79160d2dfd3eb238baa5b21,booster,bundle:models.tar,
somalia_oracle_v4_calibrated_d,results/experiments/somalia_oracle/v4_calibrated_d/models/augmented_y2024_h06_o2023-08_q2.ubj,227484,7adc0cf46b0d2605c5ed4792dbff348d02321d9e591ce177be9b9edb5bdddb76,booster,bundle:models.tar,
somalia_oracle_v4_calibrated_d,results/experiments/somalia_oracle/v4_calibrated_d/models/augmented_y2024_h06_o2023-08_q3_direct.ubj,223249,33e5bd922428537ac648ff027036651de46b7e28396171f9ec047da42bd1254d,booster,bundle:models.tar,
somalia_oracle_v4_calibrated_d,results/experiments/somalia_oracle/v4_calibrated_d/models/augmented_y2024_h06_o2023-08_q3_residual_delta.ubj,174789,4ca9dcd4f678b6e1a6dd4eaaffdc4e77aea0c73149affbec478cdb90fa43bdb3,booster,bundle:models.tar,
somalia_oracle_v4_calibrated_d,results/experiments/somalia_oracle/v4_calibrated_d/models/augmented_y2024_h06_o2023-08_q4.ubj,224890,37a377ae5169bf9ded84fb11f53ca8676a719e77d9ea003d32f54c5c11c34fca,booster,bundle:models.tar,
somalia_oracle_v4_calibrated_d,results/experiments/somalia_oracle/v4_calibrated_d/models/augmented_y2024_h06_o2023-08_q5.ubj,224686,3b44c0d5f58d48131caafb7f99c744c83980da70218169e5c4a133c60ab0b651,booster,bundle:models.tar,
somalia_oracle_v4_calibrated_d,results/experiments/somalia_oracle/v4_calibrated_d/models/augmented_y2024_h06_o2023-09_q2.ubj,459443,f7ebdc611750e0f7fe288845a7b60acf6cc5034c737f9393d68ee89c3bb540a4,booster,bundle:models.tar,
somalia_oracle_v4_calibrated_d,results/experiments/somalia_oracle/v4_calibrated_d/models/augmented_y2024_h06_o2023-09_q3_direct.ubj,343209,6488a76052084c59fe0ddc7fbc07e1e319ea7f91ee5c159b336eccaa9481cfdf,booster,bundle:models.tar,
somalia_oracle_v4_calibrated_d,results/experiments/somalia_oracle/v4_calibrated_d/models/augmented_y2024_h06_o2023-09_q3_residual_delta.ubj,203696,5fb492f814c58fde8e6c4a5a210a1c5fce7ca95c3bf30797bb5c537235abdea7,booster,bundle:models.tar,
somalia_oracle_v4_calibrated_d,results/experiments/somalia_oracle/v4_calibrated_d/models/augmented_y2024_h06_o2023-09_q4.ubj,456995,1682ad0e207aa4080cc85b80295ddd11a34cb6867a7d22d0507ecb749f8d56f8,booster,bundle:models.tar,
somalia_oracle_v4_calibrated_d,results/experiments/somalia_oracle/v4_calibrated_d/models/augmented_y2024_h06_o2023-09_q5.ubj,410142,80c56ff4717190aadd2807641c2d2d7972bdb790490b1477fcd9883ff5c6d3a6,booster,bundle:models.tar,
somalia_oracle_v4_calibrated_d,results/experiments/somalia_oracle/v4_calibrated_d/models/augmented_y2024_h06_o2024-01_q2.ubj,459443,f7ebdc611750e0f7fe288845a7b60acf6cc5034c737f9393d68ee89c3bb540a4,booster,bundle:models.tar,
somalia_oracle_v4_calibrated_d,results/experiments/somalia_oracle/v4_calibrated_d/models/augmented_y2024_h06_o2024-01_q3_direct.ubj,343209,6488a76052084c59fe0ddc7fbc07e1e319ea7f91ee5c159b336eccaa9481cfdf,booster,bundle:models.tar,
somalia_oracle_v4_calibrated_d,results/experiments/somalia_oracle/v4_calibrated_d/models/augmented_y2024_h06_o2024-01_q3_residual_delta.ubj,203696,5fb492f814c58fde8e6c4a5a210a1c5fce7ca95c3bf30797bb5c537235abdea7,booster,bundle:models.tar,
somalia_oracle_v4_calibrated_d,results/experiments/somalia_oracle/v4_calibrated_d/models/augmented_y2024_h06_o2024-01_q4.ubj,456995,1682ad0e207aa4080cc85b80295ddd11a34cb6867a7d22d0507ecb749f8d56f8,booster,bundle:models.tar,
somalia_oracle_v4_calibrated_d,results/experiments/somalia_oracle/v4_calibrated_d/models/augmented_y2024_h06_o2024-01_q5.ubj,410142,80c56ff4717190aadd2807641c2d2d7972bdb790490b1477fcd9883ff5c6d3a6,booster,bundle:models.tar,
somalia_oracle_v4_calibrated_d,results/experiments/somalia_oracle/v4_calibrated_d/models/augmented_y2024_h06_o2024-02_q2.ubj,459443,f7ebdc611750e0f7fe288845a7b60acf6cc5034c737f9393d68ee89c3bb540a4,booster,bundle:models.tar,
somalia_oracle_v4_calibrated_d,results/experiments/somalia_oracle/v4_calibrated_d/models/augmented_y2024_h06_o2024-02_q3_direct.ubj,343209,6488a76052084c59fe0ddc7fbc07e1e319ea7f91ee5c159b336eccaa9481cfdf,booster,bundle:models.tar,
somalia_oracle_v4_calibrated_d,results/experiments/somalia_oracle/v4_calibrated_d/models/augmented_y2024_h06_o2024-02_q3_residual_delta.ubj,203696,5fb492f814c58fde8e6c4a5a210a1c5fce7ca95c3bf30797bb5c537235abdea7,booster,bundle:models.tar,
somalia_oracle_v4_calibrated_d,results/experiments/somalia_oracle/v4_calibrated_d/models/augmented_y2024_h06_o2024-02_q4.ubj,456995,1682ad0e207aa4080cc85b80295ddd11a34cb6867a7d22d0507ecb749f8d56f8,booster,bundle:models.tar,
somalia_oracle_v4_calibrated_d,results/experiments/somalia_oracle/v4_calibrated_d/models/augmented_y2024_h06_o2024-02_q5.ubj,410142,80c56ff4717190aadd2807641c2d2d7972bdb790490b1477fcd9883ff5c6d3a6,booster,bundle:models.tar,
somalia_oracle_v4_calibrated_d,results/experiments/somalia_oracle/v4_calibrated_d/models/augmented_y2024_h06_o2024-03_q2.ubj,459443,f7ebdc611750e0f7fe288845a7b60acf6cc5034c737f9393d68ee89c3bb540a4,booster,bundle:models.tar,
somalia_oracle_v4_calibrated_d,results/experiments/somalia_oracle/v4_calibrated_d/models/augmented_y2024_h06_o2024-03_q3_direct.ubj,343209,6488a76052084c59fe0ddc7fbc07e1e319ea7f91ee5c159b336eccaa9481cfdf,booster,bundle:models.tar,
somalia_oracle_v4_calibrated_d,results/experiments/somalia_oracle/v4_calibrated_d/models/augmented_y2024_h06_o2024-03_q3_residual_delta.ubj,203696,5fb492f814c58fde8e6c4a5a210a1c5fce7ca95c3bf30797bb5c537235abdea7,booster,bundle:models.tar,
somalia_oracle_v4_calibrated_d,results/experiments/somalia_oracle/v4_calibrated_d/models/augmented_y2024_h06_o2024-03_q4.ubj,456995,1682ad0e207aa4080cc85b80295ddd11a34cb6867a7d22d0507ecb749f8d56f8,booster,bundle:models.tar,
somalia_oracle_v4_calibrated_d,results/experiments/somalia_oracle/v4_calibrated_d/models/augmented_y2024_h06_o2024-03_q5.ubj,410142,80c56ff4717190aadd2807641c2d2d7972bdb790490b1477fcd9883ff5c6d3a6,booster,bundle:models.tar,
somalia_oracle_v4_calibrated_d,results/experiments/somalia_oracle/v4_calibrated_d/models/augmented_y2024_h12_o2023-01_q2.ubj,2945178,eead506c81ae56ec965df8323327be5ba2df210868f7b1422d10b5c60eb4ea6d,booster,bundle:models.tar,
somalia_oracle_v4_calibrated_d,results/experiments/somalia_oracle/v4_calibrated_d/models/augmented_y2024_h12_o2023-01_q3_direct.ubj,227277,4097fe71a3253a52887ebe55f16854feae1aa1bd4ab5f351c5add49e397f7cc4,booster,bundle:models.tar,
somalia_oracle_v4_calibrated_d,results/experiments/somalia_oracle/v4_calibrated_d/models/augmented_y2024_h12_o2023-01_q4.ubj,2329265,c5784987d23e0928d076fef5ba3b2a35371ead607a5bcb3c18f95d4b1f137421,booster,bundle:models.tar,
somalia_oracle_v4_calibrated_d,results/experiments/somalia_oracle/v4_calibrated_d/models/augmented_y2024_h12_o2023-01_q5.ubj,787289,8d30155bd831038588c09d92e7b24566b5105386898121cb9ed19003bb52a1a7,booster,bundle:models.tar,
somalia_oracle_v4_calibrated_d,results/experiments/somalia_oracle/v4_calibrated_d/models/augmented_y2024_h12_o2023-02_q2.ubj,3091042,41cdb674a6999266e2c00cb34a2fb3efca03d3bcae6c955c5112da3d6548cdac,booster,bundle:models.tar,
somalia_oracle_v4_calibrated_d,results/experiments/somalia_oracle/v4_calibrated_d/models/augmented_y2024_h12_o2023-02_q3_direct.ubj,237885,43932153c270ed591be3f25c572e8b9783c099c1ca40a472744f4829011ae12d,booster,bundle:models.tar,
somalia_oracle_v4_calibrated_d,results/experiments/somalia_oracle/v4_calibrated_d/models/augmented_y2024_h12_o2023-02_q4.ubj,2502398,e7902d2c89f6055e77b37f0bbaaa8f7c672e6656fdfc63e751d059564b9a0d00,booster,bundle:models.tar,
somalia_oracle_v4_calibrated_d,results/experiments/somalia_oracle/v4_calibrated_d/models/augmented_y2024_h12_o2023-02_q5.ubj,823600,a2e7ca1fc790509558b2a1dc25f87b554537cda5ad0933d251dbc272fd389a33,booster,bundle:models.tar,
somalia_oracle_v4_calibrated_d,results/experiments/somalia_oracle/v4_calibrated_d/models/augmented_y2024_h12_o2023-03_q2.ubj,228161,801bbaeffe578c7be07cdc8a728eda9767ea4d8cbccc7d5ec2931c80a70bc845,booster,bundle:models.tar,
somalia_oracle_v4_calibrated_d,results/experiments/somalia_oracle/v4_calibrated_d/models/augmented_y2024_h12_o2023-03_q3_direct.ubj,226669,84f835497039435a014ccc38af15b4a6e55bf68dc5ecca2f6b9389f4a68d915b,booster,bundle:models.tar,
somalia_oracle_v4_calibrated_d,results/experiments/somalia_oracle/v4_calibrated_d/models/augmented_y2024_h12_o2023-03_q4.ubj,230210,b097ac756329b971dffa067ad7e03a6de43ce91af94696cf4365c075f5482c6c,booster,bundle:models.tar,
somalia_oracle_v4_calibrated_d,results/experiments/somalia_oracle/v4_calibrated_d/models/augmented_y2024_h12_o2023-03_q5.ubj,228779,894ee2e2e85e770dab512f7ba7880aea3a5e86d6bd09eaa7448544fe642b09f9,booster,bundle:models.tar,
somalia_oracle_v4_calibrated_d,results/experiments/somalia_oracle/v4_calibrated_d/models/augmented_y2024_h12_o2023-07_q2.ubj,227480,a0e169c38553de22cffc411f2e57285cdd36a2dd1f1f7337aac62c6f530a3b49,booster,bundle:models.tar,
somalia_oracle_v4_calibrated_d,results/experiments/somalia_oracle/v4_calibrated_d/models/augmented_y2024_h12_o2023-07_q3_direct.ubj,223805,9170591923c698be7bdea6d037d45060f27248b8c7afcaa9c0174bcdbc6c22e0,booster,bundle:models.tar,
somalia_oracle_v4_calibrated_d,results/experiments/somalia_oracle/v4_calibrated_d/models/augmented_y2024_h12_o2023-07_q4.ubj,229253,d31de0b7c0ca47ca5c410c6c8340260f9401bb3abf6c75a78f8b88b2295895ec,booster,bundle:models.tar,
somalia_oracle_v4_calibrated_d,results/experiments/somalia_oracle/v4_calibrated_d/models/augmented_y2024_h12_o2023-07_q5.ubj,229260,e65286c092639dd589472bc8dd189b6fcddccb1708fc8a2abcd1cb9ff6570ffe,booster,bundle:models.tar,
somalia_oracle_v4_calibrated_d,results/experiments/somalia_oracle/v4_calibrated_d/models/augmented_y2024_h12_o2023-08_q2.ubj,1120826,fda15b7ee610fd998a3670016bcc72a58bb0b19514e196066154b6de5146665c,booster,bundle:models.tar,
somalia_oracle_v4_calibrated_d,results/experiments/somalia_oracle/v4_calibrated_d/models/augmented_y2024_h12_o2023-08_q3_direct.ubj,584559,08c3093f284a001850ae03b8035e7489298a85d780089e52cbee6982af0d0a00,booster,bundle:models.tar,
somalia_oracle_v4_calibrated_d,results/experiments/somalia_oracle/v4_calibrated_d/models/augmented_y2024_h12_o2023-08_q4.ubj,1133610,d1ca1793e2879f37b168d8d761e99490e417bb658e5b911e38ba7ffedbd9775f,booster,bundle:models.tar,
somalia_oracle_v4_calibrated_d,results/experiments/somalia_oracle/v4_calibrated_d/models/augmented_y2024_h12_o2023-08_q5.ubj,1077917,8ca558644b987f98694f9a24fb7bf955809e8cdc947fb67b88039624c4d21888,booster,bundle:models.tar,
somalia_oracle_v4_calibrated_d,results/experiments/somalia_oracle/v4_calibrated_d/models/augmented_y2024_h12_o2023-09_q2.ubj,1050853,dc1324840df0f024cf987af157412348ec8a2ed50cfd4fba71941373e1865e8f,booster,bundle:models.tar,
somalia_oracle_v4_calibrated_d,results/experiments/somalia_oracle/v4_calibrated_d/models/augmented_y2024_h12_o2023-09_q3_direct.ubj,506432,9155e2f162caf83946ffdfb5c0a196e1bebbfad157f475df66a51335dbb1ba81,booster,bundle:models.tar,
somalia_oracle_v4_calibrated_d,results/experiments/somalia_oracle/v4_calibrated_d/models/augmented_y2024_h12_o2023-09_q4.ubj,1076353,ef9a2b3bccf8236a838d4b6b4d8b2b283dea688ef1fd97b0de1fcb2d3983e99c,booster,bundle:models.tar,
somalia_oracle_v4_calibrated_d,results/experiments/somalia_oracle/v4_calibrated_d/models/augmented_y2024_h12_o2023-09_q5.ubj,1005225,d55a262fe9d51b197e6e5a3a3be130b4dff81e256dcb9f60764bed6b2e224d35,booster,bundle:models.tar,
somalia_oracle_v4_calibrated_d,results/experiments/somalia_oracle/v4_calibrated_d/models/augmented_y2025_h00_o2025-04_q2.ubj,3775396,73f7972543983ed4ecf9dd6068f476a8142ce4deae95c9e119994162aa94c031,booster,bundle:models.tar,
somalia_oracle_v4_calibrated_d,results/experiments/somalia_oracle/v4_calibrated_d/models/augmented_y2025_h00_o2025-04_q3_direct.ubj,200065,51a2f5e99adaab27286b2933a6f017b52845eed90e333d4d24a9b78371c7fa3b,booster,bundle:models.tar,
somalia_oracle_v4_calibrated_d,results/experiments/somalia_oracle/v4_calibrated_d/models/augmented_y2025_h00_o2025-04_q4.ubj,2823596,4fa2a1cb6613d8b01c0c5ddc5af927c536e90a6f4b12edab46bf962687760b3d,booster,bundle:models.tar,
somalia_oracle_v4_calibrated_d,results/experiments/somalia_oracle/v4_calibrated_d/models/augmented_y2025_h00_o2025-04_q5.ubj,698694,1a62df87f32c50c7ffedb518f1baf4f34cc09a961d402cadba6c89f5220e0e3c,booster,bundle:models.tar,
somalia_oracle_v4_calibrated_d,results/experiments/somalia_oracle/v4_calibrated_d/models/augmented_y2025_h00_o2025-07_q2.ubj,3900856,74dcea2034dda4cb9f376df3f6b65ee711cae81b5d1e67df396650e6243c2eee,booster,bundle:models.tar,
somalia_oracle_v4_calibrated_d,results/experiments/somalia_oracle/v4_calibrated_d/models/augmented_y2025_h00_o2025-07_q3_direct.ubj,193741,107d110de08dc639a49f42d543ee00c72beceb5de83f0405fc1ed09cc4434aa3,booster,bundle:models.tar,
somalia_oracle_v4_calibrated_d,results/experiments/somalia_oracle/v4_calibrated_d/models/augmented_y2025_h00_o2025-07_q4.ubj,2938515,b6e5d6ed1d82dabb031c10c36f1838ae3ae0e78cbb1f46fec55e642cb3ae3394,booster,bundle:models.tar,
somalia_oracle_v4_calibrated_d,results/experiments/somalia_oracle/v4_calibrated_d/models/augmented_y2025_h00_o2025-07_q5.ubj,694611,1ef8508579db84376f94d26acbbd22b576f4b51612e3c3e93f3e78d987e02815,booster,bundle:models.tar,
somalia_oracle_v4_calibrated_d,results/experiments/somalia_oracle/v4_calibrated_d/models/augmented_y2025_h00_o2025-09_q2.ubj,3915002,083807d2b90724cccadab0482958d7a03eb71250d9dd04d0efa3342edbe3d654,booster,bundle:models.tar,
somalia_oracle_v4_calibrated_d,results/experiments/somalia_oracle/v4_calibrated_d/models/augmented_y2025_h00_o2025-09_q3_direct.ubj,189519,7820d8119fa80ac1ec5e5aea2821069ed8cc24bc3c3308c4092fede4bd1b3012,booster,bundle:models.tar,
somalia_oracle_v4_calibrated_d,results/experiments/somalia_oracle/v4_calibrated_d/models/augmented_y2025_h00_o2025-09_q4.ubj,2876226,d9a1a8b381530b9e7f2605683e87a48c9debfdec289cd218798c31082e319ec3,booster,bundle:models.tar,
somalia_oracle_v4_calibrated_d,results/experiments/somalia_oracle/v4_calibrated_d/models/augmented_y2025_h00_o2025-09_q5.ubj,691624,d399f300911f1462b4aa8700264c5a6d8cd2631d1d45c217a5bffa58fe16e325,booster,bundle:models.tar,
somalia_oracle_v4_calibrated_d,results/experiments/somalia_oracle/v4_calibrated_d/models/augmented_y2025_h00_o2025-10_q2.ubj,3839177,8934a2a2749b923b1873b49f03c7374be375f04211e38e3df85af52858c3da42,booster,bundle:models.tar,
somalia_oracle_v4_calibrated_d,results/experiments/somalia_oracle/v4_calibrated_d/models/augmented_y2025_h00_o2025-10_q3_direct.ubj,188841,7e410a3a8a03009b4bf3d44051642acdadf136f41264f8f52b228273b97927eb,booster,bundle:models.tar,
somalia_oracle_v4_calibrated_d,results/experiments/somalia_oracle/v4_calibrated_d/models/augmented_y2025_h00_o2025-10_q4.ubj,2943072,54eea225d589a6a2d1c0fc95f69b60135694ac0a34521b887fc48093508ad69b,booster,bundle:models.tar,
somalia_oracle_v4_calibrated_d,results/experiments/somalia_oracle/v4_calibrated_d/models/augmented_y2025_h00_o2025-10_q5.ubj,695909,d460117c189627df13d79910cc4247d6abcc92ff854af3ba31bf2c7287a5231c,booster,bundle:models.tar,
somalia_oracle_v4_calibrated_d,results/experiments/somalia_oracle/v4_calibrated_d/models/augmented_y2025_h03_o2025-01_q2.ubj,228704,8f169c0f2f7f5763de99b1c41a65ac859d82544ff21faaba981b50ec64ae1638,booster,bundle:models.tar,
somalia_oracle_v4_calibrated_d,results/experiments/somalia_oracle/v4_calibrated_d/models/augmented_y2025_h03_o2025-01_q3_direct.ubj,223860,a177baa1dc91d6b54ce9c0beb94ae64cb47dba59e60ebac730b318e55b7be56e,booster,bundle:models.tar,
somalia_oracle_v4_calibrated_d,results/experiments/somalia_oracle/v4_calibrated_d/models/augmented_y2025_h03_o2025-01_q4.ubj,229732,e2b93b5a46ee9fe1bd103348c2f7094044613e6218e831438bb610cc8e0bfd45,booster,bundle:models.tar,
somalia_oracle_v4_calibrated_d,results/experiments/somalia_oracle/v4_calibrated_d/models/augmented_y2025_h03_o2025-01_q5.ubj,227554,407a1f5ee09f8a4ff56edff0ff30f3e30145e99abc5ae338340140de79fabef1,booster,bundle:models.tar,
somalia_oracle_v4_calibrated_d,results/experiments/somalia_oracle/v4_calibrated_d/models/augmented_y2025_h03_o2025-04_q2.ubj,228704,8f169c0f2f7f5763de99b1c41a65ac859d82544ff21faaba981b50ec64ae1638,booster,bundle:models.tar,
somalia_oracle_v4_calibrated_d,results/experiments/somalia_oracle/v4_calibrated_d/models/augmented_y2025_h03_o2025-04_q3_direct.ubj,223860,a177baa1dc91d6b54ce9c0beb94ae64cb47dba59e60ebac730b318e55b7be56e,booster,bundle:models.tar,
somalia_oracle_v4_calibrated_d,results/experiments/somalia_oracle/v4_calibrated_d/models/augmented_y2025_h03_o2025-04_q4.ubj,229732,e2b93b5a46ee9fe1bd103348c2f7094044613e6218e831438bb610cc8e0bfd45,booster,bundle:models.tar,
somalia_oracle_v4_calibrated_d,results/experiments/somalia_oracle/v4_calibrated_d/models/augmented_y2025_h03_o2025-04_q5.ubj,227554,407a1f5ee09f8a4ff56edff0ff30f3e30145e99abc5ae338340140de79fabef1,booster,bundle:models.tar,
somalia_oracle_v4_calibrated_d,results/experiments/somalia_oracle/v4_calibrated_d/models/augmented_y2025_h03_o2025-07_q2.ubj,228704,8f169c0f2f7f5763de99b1c41a65ac859d82544ff21faaba981b50ec64ae1638,booster,bundle:models.tar,
somalia_oracle_v4_calibrated_d,results/experiments/somalia_oracle/v4_calibrated_d/models/augmented_y2025_h03_o2025-07_q3_direct.ubj,223860,a177baa1dc91d6b54ce9c0beb94ae64cb47dba59e60ebac730b318e55b7be56e,booster,bundle:models.tar,
somalia_oracle_v4_calibrated_d,results/experiments/somalia_oracle/v4_calibrated_d/models/augmented_y2025_h03_o2025-07_q4.ubj,229732,e2b93b5a46ee9fe1bd103348c2f7094044613e6218e831438bb610cc8e0bfd45,booster,bundle:models.tar,
somalia_oracle_v4_calibrated_d,results/experiments/somalia_oracle/v4_calibrated_d/models/augmented_y2025_h03_o2025-07_q5.ubj,227554,407a1f5ee09f8a4ff56edff0ff30f3e30145e99abc5ae338340140de79fabef1,booster,bundle:models.tar,
somalia_oracle_v4_calibrated_d,results/experiments/somalia_oracle/v4_calibrated_d/models/augmented_y2025_h06_o2024-10_q2.ubj,4376120,3828cdc7c1ccd381e9631ce6dc9e6fb8a2e7ed4c7568b03efd49254cee13f1b7,booster,bundle:models.tar,
somalia_oracle_v4_calibrated_d,results/experiments/somalia_oracle/v4_calibrated_d/models/augmented_y2025_h06_o2024-10_q3_direct.ubj,294818,19f1dbc66c526abf585419225e40b6456b54570a6367f50a3af208ad012b044f,booster,bundle:models.tar,
somalia_oracle_v4_calibrated_d,results/experiments/somalia_oracle/v4_calibrated_d/models/augmented_y2025_h06_o2024-10_q4.ubj,3966275,dcab86ada46722c0dcd876dc6d21fc1071a006bd5c7c35be2caa46a118734d08,booster,bundle:models.tar,
somalia_oracle_v4_calibrated_d,results/experiments/somalia_oracle/v4_calibrated_d/models/augmented_y2025_h06_o2024-10_q5.ubj,928808,253a7c5c391bc06b084e4e5f46755334d7222770d3c6ca5c0ca499b51a595216,booster,bundle:models.tar,
somalia_oracle_v4_calibrated_d,results/experiments/somalia_oracle/v4_calibrated_d/models/augmented_y2025_h06_o2025-01_q2.ubj,4376120,3828cdc7c1ccd381e9631ce6dc9e6fb8a2e7ed4c7568b03efd49254cee13f1b7,booster,bundle:models.tar,
somalia_oracle_v4_calibrated_d,results/experiments/somalia_oracle/v4_calibrated_d/models/augmented_y2025_h06_o2025-01_q3_direct.ubj,294818,19f1dbc66c526abf585419225e40b6456b54570a6367f50a3af208ad012b044f,booster,bundle:models.tar,
somalia_oracle_v4_calibrated_d,results/experiments/somalia_oracle/v4_calibrated_d/models/augmented_y2025_h06_o2025-01_q4.ubj,3966275,dcab86ada46722c0dcd876dc6d21fc1071a006bd5c7c35be2caa46a118734d08,booster,bundle:models.tar,
somalia_oracle_v4_calibrated_d,results/experiments/somalia_oracle/v4_calibrated_d/models/augmented_y2025_h06_o2025-01_q5.ubj,928808,253a7c5c391bc06b084e4e5f46755334d7222770d3c6ca5c0ca499b51a595216,booster,bundle:models.tar,
somalia_oracle_v4_calibrated_d,results/experiments/somalia_oracle/v4_calibrated_d/models/augmented_y2025_h06_o2025-04_q2.ubj,4376120,3828cdc7c1ccd381e9631ce6dc9e6fb8a2e7ed4c7568b03efd49254cee13f1b7,booster,bundle:models.tar,
somalia_oracle_v4_calibrated_d,results/experiments/somalia_oracle/v4_calibrated_d/models/augmented_y2025_h06_o2025-04_q3_direct.ubj,294818,19f1dbc66c526abf585419225e40b6456b54570a6367f50a3af208ad012b044f,booster,bundle:models.tar,
somalia_oracle_v4_calibrated_d,results/experiments/somalia_oracle/v4_calibrated_d/models/augmented_y2025_h06_o2025-04_q4.ubj,3966275,dcab86ada46722c0dcd876dc6d21fc1071a006bd5c7c35be2caa46a118734d08,booster,bundle:models.tar,
somalia_oracle_v4_calibrated_d,results/experiments/somalia_oracle/v4_calibrated_d/models/augmented_y2025_h06_o2025-04_q5.ubj,928808,253a7c5c391bc06b084e4e5f46755334d7222770d3c6ca5c0ca499b51a595216,booster,bundle:models.tar,
somalia_oracle_v4_calibrated_d,results/experiments/somalia_oracle/v4_calibrated_d/models/augmented_y2025_h12_o2024-04_q2.ubj,1033242,c8d689b1199082cfd319047249c1e60235887427a9d35c303234591dbcb22bc6,booster,bundle:models.tar,
somalia_oracle_v4_calibrated_d,results/experiments/somalia_oracle/v4_calibrated_d/models/augmented_y2025_h12_o2024-04_q3_direct.ubj,476141,7fa2ee9477d0cdaec5b3e34e527281310e2960b702a7b6fb233a8ffe54a850e5,booster,bundle:models.tar,
somalia_oracle_v4_calibrated_d,results/experiments/somalia_oracle/v4_calibrated_d/models/augmented_y2025_h12_o2024-04_q4.ubj,1041742,b0b35239e5153be7704a025ed6ea8b4b56a3adf487536c3a6640f32bebae0e97,booster,bundle:models.tar,
somalia_oracle_v4_calibrated_d,results/experiments/somalia_oracle/v4_calibrated_d/models/augmented_y2025_h12_o2024-04_q5.ubj,963405,c878db88876e61edd0d06e15613d6fa1aa7a3354d4a8a1f8eec99c535e9629a9,booster,bundle:models.tar,
somalia_oracle_v4_calibrated_d,results/experiments/somalia_oracle/v4_calibrated_d/models/augmented_y2025_h12_o2024-07_q2.ubj,2093677,32d0377ca61f2f6ca040a9ae0b4e2a524be2b2071a002c0ce804e1b3ebdd0da4,booster,bundle:models.tar,
somalia_oracle_v4_calibrated_d,results/experiments/somalia_oracle/v4_calibrated_d/models/augmented_y2025_h12_o2024-07_q3_direct.ubj,546318,c303ca9f5e52732b28c3e5398500e918d0f9b4444a31dc82e4f7b6c357f71282,booster,bundle:models.tar,
somalia_oracle_v4_calibrated_d,results/experiments/somalia_oracle/v4_calibrated_d/models/augmented_y2025_h12_o2024-07_q4.ubj,2021645,2e5171c7afe7b0036ca2b4400e4664ba144b2118a57ba7507117a6aba26dbee8,booster,bundle:models.tar,
somalia_oracle_v4_calibrated_d,results/experiments/somalia_oracle/v4_calibrated_d/models/augmented_y2025_h12_o2024-07_q5.ubj,1692163,597dce0d2228088573d239581c4aee37113641af8e1533eafce4ce4c7a3e7d9e,booster,bundle:models.tar,
somalia_oracle_v4_calibrated_d,results/experiments/somalia_oracle/v4_calibrated_d/models/augmented_y2025_h12_o2024-10_q2.ubj,2572203,1ff7d522059d6c686fc4403f4e2753e9f2f5c66684a30c7a954e71dc325b90b5,booster,bundle:models.tar,
somalia_oracle_v4_calibrated_d,results/experiments/somalia_oracle/v4_calibrated_d/models/augmented_y2025_h12_o2024-10_q3_direct.ubj,666727,a4d9bca537168728aabfdccf436172479e133dd377950c841dfe4ba6b2656b19,booster,bundle:models.tar,
somalia_oracle_v4_calibrated_d,results/experiments/somalia_oracle/v4_calibrated_d/models/augmented_y2025_h12_o2024-10_q3_residual_delta.ubj,406309,1d265491ea561eeb32c40793df6589bdc1f3887f9c90ca60e894e17eaf3ad845,booster,bundle:models.tar,
somalia_oracle_v4_calibrated_d,results/experiments/somalia_oracle/v4_calibrated_d/models/augmented_y2025_h12_o2024-10_q4.ubj,2433792,1b5afd718d2624ee5e0931a817df8d4c54e785a25a9b43254bba5b8d1ca240c3,booster,bundle:models.tar,
somalia_oracle_v4_calibrated_d,results/experiments/somalia_oracle/v4_calibrated_d/models/augmented_y2025_h12_o2024-10_q5.ubj,1947766,8952d27630cb7eb38a812d2d0a86fc4e5ffcb08b5506098736387c6e99e03335,booster,bundle:models.tar,
somalia_oracle_v4_calibrated_d,results/experiments/somalia_oracle/v4_calibrated_d/models/augmented_y2026_h00_o2026-04_q2.ubj,4247473,df06f31a084f391548fcc81fe47af376cd3c2d146897519ab6c6895acc08230c,booster,bundle:models.tar,
somalia_oracle_v4_calibrated_d,results/experiments/somalia_oracle/v4_calibrated_d/models/augmented_y2026_h00_o2026-04_q3_direct.ubj,192993,a4a235614196280809bf725a83b53f2f3b1d017f8aff80b2b2ad61c3feeb23a2,booster,bundle:models.tar,
somalia_oracle_v4_calibrated_d,results/experiments/somalia_oracle/v4_calibrated_d/models/augmented_y2026_h00_o2026-04_q3_residual_delta.ubj,176256,4a0368a5505f6a4b9e72bdfd0595d468d766afcb595fceed745256656935679b,booster,bundle:models.tar,
somalia_oracle_v4_calibrated_d,results/experiments/somalia_oracle/v4_calibrated_d/models/augmented_y2026_h00_o2026-04_q4.ubj,3405203,483936ad4daff5bae30a0d1745ec4f52df6874b00c1ace162744ba16dd4c54d9,booster,bundle:models.tar,
somalia_oracle_v4_calibrated_d,results/experiments/somalia_oracle/v4_calibrated_d/models/augmented_y2026_h00_o2026-04_q5.ubj,703187,395e535a7f6b01121a5131835c9abf7f0709caf761553a205641aec813958634,booster,bundle:models.tar,
somalia_oracle_v4_calibrated_d,results/experiments/somalia_oracle/v4_calibrated_d/models/augmented_y2026_h12_o2025-04_q2.ubj,2107138,281f0c1b4bad30b67ef67e4c93c778a3c5348ccc698961ac65c55bef475b609f,booster,bundle:models.tar,
somalia_oracle_v4_calibrated_d,results/experiments/somalia_oracle/v4_calibrated_d/models/augmented_y2026_h12_o2025-04_q3_direct.ubj,522234,72a1b17ab1ed3ce5a6247cb2dc5de950697ab0e0896d23ba77b3db81ef060598,booster,bundle:models.tar,
somalia_oracle_v4_calibrated_d,results/experiments/somalia_oracle/v4_calibrated_d/models/augmented_y2026_h12_o2025-04_q4.ubj,2086007,7899fed6cf2b7a95180ebd881885d00304567c3e0d7df0fdf0937fdce1353a49,booster,bundle:models.tar,
somalia_oracle_v4_calibrated_d,results/experiments/somalia_oracle/v4_calibrated_d/models/augmented_y2026_h12_o2025-04_q5.ubj,1639248,6448de6388300e0c1f34982648e556c23de3a6708ac6e9eb8b6b0846912bed06,booster,bundle:models.tar,
somalia_oracle_v4_calibrated_d,results/experiments/somalia_oracle/v4_calibrated_d/models/model_inventory.csv,132294,6a5c5242703d9c1aaff0b6359d602f3dba9c94b89a1a7d5982a8c1dc3a8ffa04,model_recipe_member,bundle:models.tar,
somalia_oracle_v4_calibrated_d,results/experiments/somalia_oracle/v4_calibrated_d/models/original_y2022_h00_o2022-01_q2.ubj,834002,42460002a3be49c50eeb8683a76716a0332d45401417cc152288b35580b7e5b2,booster,bundle:models.tar,
somalia_oracle_v4_calibrated_d,results/experiments/somalia_oracle/v4_calibrated_d/models/original_y2022_h00_o2022-01_q3_direct.ubj,364662,384dcfe363255ce286df70f8e4e05713119fc1350880f37fcccb9aed617706f3,booster,bundle:models.tar,
somalia_oracle_v4_calibrated_d,results/experiments/somalia_oracle/v4_calibrated_d/models/original_y2022_h00_o2022-01_q3_residual_delta.ubj,364120,0530dc81a899f41ddfd0b701de23e238f49a5ed0119fe7ab80447ef6fb9bdc1b,booster,bundle:models.tar,
somalia_oracle_v4_calibrated_d,results/experiments/somalia_oracle/v4_calibrated_d/models/original_y2022_h00_o2022-01_q4.ubj,781914,383304a87fc878d91d3325a7e8497bf8d072465bb3cadf6c020ad260b26435fe,booster,bundle:models.tar,
somalia_oracle_v4_calibrated_d,results/experiments/somalia_oracle/v4_calibrated_d/models/original_y2022_h00_o2022-01_q5.ubj,358930,e431ba243abfd0e1c25c0d973abbdf0f96ef97741531f3db881c987f00897072,booster,bundle:models.tar,
somalia_oracle_v4_calibrated_d,results/experiments/somalia_oracle/v4_calibrated_d/models/original_y2022_h00_o2022-05_q2.ubj,834002,42460002a3be49c50eeb8683a76716a0332d45401417cc152288b35580b7e5b2,booster,bundle:models.tar,
somalia_oracle_v4_calibrated_d,results/experiments/somalia_oracle/v4_calibrated_d/models/original_y2022_h00_o2022-05_q3_direct.ubj,364662,384dcfe363255ce286df70f8e4e05713119fc1350880f37fcccb9aed617706f3,booster,bundle:models.tar,
somalia_oracle_v4_calibrated_d,results/experiments/somalia_oracle/v4_calibrated_d/models/original_y2022_h00_o2022-05_q3_residual_delta.ubj,364120,0530dc81a899f41ddfd0b701de23e238f49a5ed0119fe7ab80447ef6fb9bdc1b,booster,bundle:models.tar,
somalia_oracle_v4_calibrated_d,results/experiments/somalia_oracle/v4_calibrated_d/models/original_y2022_h00_o2022-05_q4.ubj,781914,383304a87fc878d91d3325a7e8497bf8d072465bb3cadf6c020ad260b26435fe,booster,bundle:models.tar,
somalia_oracle_v4_calibrated_d,results/experiments/somalia_oracle/v4_calibrated_d/models/original_y2022_h00_o2022-05_q5.ubj,358930,e431ba243abfd0e1c25c0d973abbdf0f96ef97741531f3db881c987f00897072,booster,bundle:models.tar,
somalia_oracle_v4_calibrated_d,results/experiments/somalia_oracle/v4_calibrated_d/models/original_y2022_h00_o2022-07_q2.ubj,834002,42460002a3be49c50eeb8683a76716a0332d45401417cc152288b35580b7e5b2,booster,bundle:models.tar,
somalia_oracle_v4_calibrated_d,results/experiments/somalia_oracle/v4_calibrated_d/models/original_y2022_h00_o2022-07_q3_direct.ubj,364662,384dcfe363255ce286df70f8e4e05713119fc1350880f37fcccb9aed617706f3,booster,bundle:models.tar,
somalia_oracle_v4_calibrated_d,results/experiments/somalia_oracle/v4_calibrated_d/models/original_y2022_h00_o2022-07_q3_residual_delta.ubj,364120,0530dc81a899f41ddfd0b701de23e238f49a5ed0119fe7ab80447ef6fb9bdc1b,booster,bundle:models.tar,
somalia_oracle_v4_calibrated_d,results/experiments/somalia_oracle/v4_calibrated_d/models/original_y2022_h00_o2022-07_q4.ubj,781914,383304a87fc878d91d3325a7e8497bf8d072465bb3cadf6c020ad260b26435fe,booster,bundle:models.tar,
somalia_oracle_v4_calibrated_d,results/experiments/somalia_oracle/v4_calibrated_d/models/original_y2022_h00_o2022-07_q5.ubj,358930,e431ba243abfd0e1c25c0d973abbdf0f96ef97741531f3db881c987f00897072,booster,bundle:models.tar,
somalia_oracle_v4_calibrated_d,results/experiments/somalia_oracle/v4_calibrated_d/models/original_y2022_h00_o2022-10_q2.ubj,834002,42460002a3be49c50eeb8683a76716a0332d45401417cc152288b35580b7e5b2,booster,bundle:models.tar,
somalia_oracle_v4_calibrated_d,results/experiments/somalia_oracle/v4_calibrated_d/models/original_y2022_h00_o2022-10_q3_direct.ubj,364662,384dcfe363255ce286df70f8e4e05713119fc1350880f37fcccb9aed617706f3,booster,bundle:models.tar,
somalia_oracle_v4_calibrated_d,results/experiments/somalia_oracle/v4_calibrated_d/models/original_y2022_h00_o2022-10_q3_residual_delta.ubj,364120,0530dc81a899f41ddfd0b701de23e238f49a5ed0119fe7ab80447ef6fb9bdc1b,booster,bundle:models.tar,
somalia_oracle_v4_calibrated_d,results/experiments/somalia_oracle/v4_calibrated_d/models/original_y2022_h00_o2022-10_q4.ubj,781914,383304a87fc878d91d3325a7e8497bf8d072465bb3cadf6c020ad260b26435fe,booster,bundle:models.tar,
somalia_oracle_v4_calibrated_d,results/experiments/somalia_oracle/v4_calibrated_d/models/original_y2022_h00_o2022-10_q5.ubj,358930,e431ba243abfd0e1c25c0d973abbdf0f96ef97741531f3db881c987f00897072,booster,bundle:models.tar,
somalia_oracle_v4_calibrated_d,results/experiments/somalia_oracle/v4_calibrated_d/models/original_y2022_h03_o2021-10_q2.ubj,217502,d2f9315dd8da25cd188579e3ec761dde30803d2c465ba2dd1813b4e79d35a89f,booster,bundle:models.tar,
somalia_oracle_v4_calibrated_d,results/experiments/somalia_oracle/v4_calibrated_d/models/original_y2022_h03_o2021-10_q3_direct.ubj,155098,d374c118ccfa19da50b845e5d14b81955cf7259a28ae7ac65b105e842732f31f,booster,bundle:models.tar,
somalia_oracle_v4_calibrated_d,results/experiments/somalia_oracle/v4_calibrated_d/models/original_y2022_h03_o2021-10_q4.ubj,212327,8576a5b3cfea4a798f8c4ef48b9e08a12386ed7ef6048c2cda9be6d936917ec1,booster,bundle:models.tar,
somalia_oracle_v4_calibrated_d,results/experiments/somalia_oracle/v4_calibrated_d/models/original_y2022_h03_o2021-10_q5.ubj,151407,75ab7ec845da642fa89948245f2f1dde506859176d2f6eff82b6511208b1182b,booster,bundle:models.tar,
somalia_oracle_v4_calibrated_d,results/experiments/somalia_oracle/v4_calibrated_d/models/original_y2022_h03_o2022-02_q2.ubj,217502,d2f9315dd8da25cd188579e3ec761dde30803d2c465ba2dd1813b4e79d35a89f,booster,bundle:models.tar,
somalia_oracle_v4_calibrated_d,results/experiments/somalia_oracle/v4_calibrated_d/models/original_y2022_h03_o2022-02_q3_direct.ubj,155098,d374c118ccfa19da50b845e5d14b81955cf7259a28ae7ac65b105e842732f31f,booster,bundle:models.tar,
somalia_oracle_v4_calibrated_d,results/experiments/somalia_oracle/v4_calibrated_d/models/original_y2022_h03_o2022-02_q4.ubj,212327,8576a5b3cfea4a798f8c4ef48b9e08a12386ed7ef6048c2cda9be6d936917ec1,booster,bundle:models.tar,
somalia_oracle_v4_calibrated_d,results/experiments/somalia_oracle/v4_calibrated_d/models/original_y2022_h03_o2022-02_q5.ubj,151407,75ab7ec845da642fa89948245f2f1dde506859176d2f6eff82b6511208b1182b,booster,bundle:models.tar,
somalia_oracle_v4_calibrated_d,results/experiments/somalia_oracle/v4_calibrated_d/models/original_y2022_h03_o2022-04_q2.ubj,217502,d2f9315dd8da25cd188579e3ec761dde30803d2c465ba2dd1813b4e79d35a89f,booster,bundle:models.tar,
somalia_oracle_v4_calibrated_d,results/experiments/somalia_oracle/v4_calibrated_d/models/original_y2022_h03_o2022-04_q3_direct.ubj,155098,d374c118ccfa19da50b845e5d14b81955cf7259a28ae7ac65b105e842732f31f,booster,bundle:models.tar,
somalia_oracle_v4_calibrated_d,results/experiments/somalia_oracle/v4_calibrated_d/models/original_y2022_h03_o2022-04_q4.ubj,212327,8576a5b3cfea4a798f8c4ef48b9e08a12386ed7ef6048c2cda9be6d936917ec1,booster,bundle:models.tar,
somalia_oracle_v4_calibrated_d,results/experiments/somalia_oracle/v4_calibrated_d/models/original_y2022_h03_o2022-04_q5.ubj,151407,75ab7ec845da642fa89948245f2f1dde506859176d2f6eff82b6511208b1182b,booster,bundle:models.tar,
somalia_oracle_v4_calibrated_d,results/experiments/somalia_oracle/v4_calibrated_d/models/original_y2022_h03_o2022-07_q2.ubj,217502,d2f9315dd8da25cd188579e3ec761dde30803d2c465ba2dd1813b4e79d35a89f,booster,bundle:models.tar,
somalia_oracle_v4_calibrated_d,results/experiments/somalia_oracle/v4_calibrated_d/models/original_y2022_h03_o2022-07_q3_direct.ubj,155098,d374c118ccfa19da50b845e5d14b81955cf7259a28ae7ac65b105e842732f31f,booster,bundle:models.tar,
somalia_oracle_v4_calibrated_d,results/experiments/somalia_oracle/v4_calibrated_d/models/original_y2022_h03_o2022-07_q4.ubj,212327,8576a5b3cfea4a798f8c4ef48b9e08a12386ed7ef6048c2cda9be6d936917ec1,booster,bundle:models.tar,
somalia_oracle_v4_calibrated_d,results/experiments/somalia_oracle/v4_calibrated_d/models/original_y2022_h03_o2022-07_q5.ubj,151407,75ab7ec845da642fa89948245f2f1dde506859176d2f6eff82b6511208b1182b,booster,bundle:models.tar,
somalia_oracle_v4_calibrated_d,results/experiments/somalia_oracle/v4_calibrated_d/models/original_y2022_h06_o2021-07_q2.ubj,888257,96ea2ce336c32620b82d708b683243ad182ca158ad714c6b7b41e0be77c4a829,booster,bundle:models.tar,
somalia_oracle_v4_calibrated_d,results/experiments/somalia_oracle/v4_calibrated_d/models/original_y2022_h06_o2021-07_q3_direct.ubj,141003,7acb9d8c89fc14dfa645b723d2193555130d6d0b27f912ffb2c57fe5c05bb9fa,booster,bundle:models.tar,
somalia_oracle_v4_calibrated_d,results/experiments/somalia_oracle/v4_calibrated_d/models/original_y2022_h06_o2021-07_q3_residual_delta.ubj,141071,ddf15442d5da8e6a6b841f36daa5dccda3d099f0aa9525a4c1e556d464d47f50,booster,bundle:models.tar,
somalia_oracle_v4_calibrated_d,results/experiments/somalia_oracle/v4_calibrated_d/models/original_y2022_h06_o2021-07_q4.ubj,544784,3bce9f4b31b24bad2933b6cf34654a1f9a7bf8205c6cfba708027ac54341387c,booster,bundle:models.tar,
somalia_oracle_v4_calibrated_d,results/experiments/somalia_oracle/v4_calibrated_d/models/original_y2022_h06_o2021-07_q5.ubj,141819,689e6815cb7b466309bf4ef7b8ff1b5bbe6b1be1d7c117c53119c1605059df2d,booster,bundle:models.tar,
somalia_oracle_v4_calibrated_d,results/experiments/somalia_oracle/v4_calibrated_d/models/original_y2022_h06_o2021-11_q2.ubj,886220,d60b8b860ee1a45370ea7befb8dd7bad5ab1f1725f3c03a9b17c9698646f3586,booster,bundle:models.tar,
somalia_oracle_v4_calibrated_d,results/experiments/somalia_oracle/v4_calibrated_d/models/original_y2022_h06_o2021-11_q3_direct.ubj,140731,6b0bce546d6751774bdd48a7f5439db085cb8d5dcf2b84803094cde535d934ed,booster,bundle:models.tar,
somalia_oracle_v4_calibrated_d,results/experiments/somalia_oracle/v4_calibrated_d/models/original_y2022_h06_o2021-11_q3_residual_delta.ubj,140731,bce51d5de02135e608536e9748ac4b164d31de8c91eaacd136834a0f95fa7d75,booster,bundle:models.tar,
somalia_oracle_v4_calibrated_d,results/experiments/somalia_oracle/v4_calibrated_d/models/original_y2022_h06_o2021-11_q4.ubj,540101,f85794dd9651e1c812e7732238db7fcd60832824ca2ab00c0e2a9d5604964f4a,booster,bundle:models.tar,
somalia_oracle_v4_calibrated_d,results/experiments/somalia_oracle/v4_calibrated_d/models/original_y2022_h06_o2021-11_q5.ubj,141139,c2d37428b26eba89e4ded6065146df08d3f9888f8e2608e9dbdf8f511813b414,booster,bundle:models.tar,
somalia_oracle_v4_calibrated_d,results/experiments/somalia_oracle/v4_calibrated_d/models/original_y2022_h06_o2022-01_q2.ubj,892337,7bc6fd8786e85136c9e4a89b63655cb71a5922fc9db559917db3d3d4cf2f8c25,booster,bundle:models.tar,
somalia_oracle_v4_calibrated_d,results/experiments/somalia_oracle/v4_calibrated_d/models/original_y2022_h06_o2022-01_q3_direct.ubj,140527,50969a0891f01a0effa07480725701c610a6157ae2e126d2ac90f40b3d0c9aff,booster,bundle:models.tar,
somalia_oracle_v4_calibrated_d,results/experiments/somalia_oracle/v4_calibrated_d/models/original_y2022_h06_o2022-01_q3_residual_delta.ubj,140595,f42e6b5a294095ae459892b80baf0c20d3d1fe970eb5192a93e8f6ec29e91968,booster,bundle:models.tar,
somalia_oracle_v4_calibrated_d,results/experiments/somalia_oracle/v4_calibrated_d/models/original_y2022_h06_o2022-01_q4.ubj,536434,9b305cbf585949e8fb636e51dd4a61d27afb86d0705abd64b4ee60b0fb8b2255,booster,bundle:models.tar,
somalia_oracle_v4_calibrated_d,results/experiments/somalia_oracle/v4_calibrated_d/models/original_y2022_h06_o2022-01_q5.ubj,140663,5d27f4ee7ae7c5c3bdcbf0f68d32340697923f4f6e92b9d50c99dad8a8d1620f,booster,bundle:models.tar,
somalia_oracle_v4_calibrated_d,results/experiments/somalia_oracle/v4_calibrated_d/models/original_y2022_h06_o2022-04_q2.ubj,888874,303e1772160f98bcb16baebc6452b7e5caf3523254d4bfb014dd294d84d0c2bb,booster,bundle:models.tar,
somalia_oracle_v4_calibrated_d,results/experiments/somalia_oracle/v4_calibrated_d/models/original_y2022_h06_o2022-04_q3_direct.ubj,140255,25f1fbb6675e120b8076129f4a6b583a1c14acadc9b162dc2f61865974545330,booster,bundle:models.tar,
somalia_oracle_v4_calibrated_d,results/experiments/somalia_oracle/v4_calibrated_d/models/original_y2022_h06_o2022-04_q3_residual_delta.ubj,140391,9d9b11a93785d6a36dee4be680f76104612679eb0e728d03e4da9917c0a100d2,booster,bundle:models.tar,
somalia_oracle_v4_calibrated_d,results/experiments/somalia_oracle/v4_calibrated_d/models/original_y2022_h06_o2022-04_q4.ubj,529439,31a80834997429fcf48feb5e4dc7b7337ada2dfbc7e6e362823351af0c1792b6,booster,bundle:models.tar,
somalia_oracle_v4_calibrated_d,results/experiments/somalia_oracle/v4_calibrated_d/models/original_y2022_h06_o2022-04_q5.ubj,139643,e21c6d851b7473e2c8e289feb4ab1421539ba97e0cb1fbfa9ae2dffc4b13c63d,booster,bundle:models.tar,
somalia_oracle_v4_calibrated_d,results/experiments/somalia_oracle/v4_calibrated_d/models/original_y2022_h12_o2021-01_q2.ubj,315693,683ec07ac761ee6a2dc84bb2ef4255ea1eb8b4a6854f9107729bd7f24cde0d02,booster,bundle:models.tar,
somalia_oracle_v4_calibrated_d,results/experiments/somalia_oracle/v4_calibrated_d/models/original_y2022_h12_o2021-01_q3_direct.ubj,143114,fb1b9704446ae1cc66a7cde11a25706093d7047b2f277204dc65f3ff1c035930,booster,bundle:models.tar,
somalia_oracle_v4_calibrated_d,results/experiments/somalia_oracle/v4_calibrated_d/models/original_y2022_h12_o2021-01_q4.ubj,265442,3d462fb61c3229f956db97f6ee7ee8cdd1608ebc19e8a43cc1210d0ede45fbac,booster,bundle:models.tar,
somalia_oracle_v4_calibrated_d,results/experiments/somalia_oracle/v4_calibrated_d/models/original_y2022_h12_o2021-01_q5.ubj,140462,314b60a0b2568d47711f3c6891d007854f4a6fc902ccb6dc18d423f2706f7cc7,booster,bundle:models.tar,
somalia_oracle_v4_calibrated_d,results/experiments/somalia_oracle/v4_calibrated_d/models/original_y2022_h12_o2021-05_q2.ubj,304677,a39b25b88b60e37b531c2f52802283bbcac094eee7813b74f08fea24a8348b1f,booster,bundle:models.tar,
somalia_oracle_v4_calibrated_d,results/experiments/somalia_oracle/v4_calibrated_d/models/original_y2022_h12_o2021-05_q3_direct.ubj,142230,7e18a280fa13615cbcaee9fcdb6c15b3afd916580147e59680969ec1f4c71739,booster,bundle:models.tar,
somalia_oracle_v4_calibrated_d,results/experiments/somalia_oracle/v4_calibrated_d/models/original_y2022_h12_o2021-05_q4.ubj,261294,671c4d5443a1f73b067b389895c4c96b3c80db23216aa4c2d93446243d83525d,booster,bundle:models.tar,
somalia_oracle_v4_calibrated_d,results/experiments/somalia_oracle/v4_calibrated_d/models/original_y2022_h12_o2021-05_q5.ubj,139850,00e4a96f62f02ad2943a9209442c7b8e2ace29f34c8469b62cd79e9cca4c1b53,booster,bundle:models.tar,
somalia_oracle_v4_calibrated_d,results/experiments/somalia_oracle/v4_calibrated_d/models/original_y2022_h12_o2021-07_q2.ubj,214920,4589728840cc86b41a80b27788ee3cf22430f38373619e349a97650d1bb23a54,booster,bundle:models.tar,
somalia_oracle_v4_calibrated_d,results/experiments/somalia_oracle/v4_calibrated_d/models/original_y2022_h12_o2021-07_q3_direct.ubj,144678,b97b6e8642d3a48196b4122d73225cfc4ca1edf49d44ef4d059a47409112e6ff,booster,bundle:models.tar,
somalia_oracle_v4_calibrated_d,results/experiments/somalia_oracle/v4_calibrated_d/models/original_y2022_h12_o2021-07_q4.ubj,205843,ee4689fb952c010eebbc0bcbaf050b007e2b42bc0625ff1d358281c4c74bbf80,booster,bundle:models.tar,
somalia_oracle_v4_calibrated_d,results/experiments/somalia_oracle/v4_calibrated_d/models/original_y2022_h12_o2021-07_q5.ubj,146037,27d3c9c1a731fed2bd21ddec8c5d770297ee16c9fe499e8c79e88c5d3de42ab9,booster,bundle:models.tar,
somalia_oracle_v4_calibrated_d,results/experiments/somalia_oracle/v4_calibrated_d/models/original_y2022_h12_o2021-10_q2.ubj,215192,ae28382c44c4b1745b12e3bec827fa1d62e4f58f0be7dbfd66355674813503f3,booster,bundle:models.tar,
somalia_oracle_v4_calibrated_d,results/experiments/somalia_oracle/v4_calibrated_d/models/original_y2022_h12_o2021-10_q3_direct.ubj,144338,5dcb89a8fc1c8854c6b16a34d792af14daf4689c13d1a9554f0004e4aba319ef,booster,bundle:models.tar,
somalia_oracle_v4_calibrated_d,results/experiments/somalia_oracle/v4_calibrated_d/models/original_y2022_h12_o2021-10_q4.ubj,207624,ffe4940fc7892d0270bbc68f477432bed543242a81c09fc3baa498513234decb,booster,bundle:models.tar,
somalia_oracle_v4_calibrated_d,results/experiments/somalia_oracle/v4_calibrated_d/models/original_y2022_h12_o2021-10_q5.ubj,143862,448a079a449c3f9930784a25899654cded9665bbff0734fc261b2bc8e6943d48,booster,bundle:models.tar,
somalia_oracle_v4_calibrated_d,results/experiments/somalia_oracle/v4_calibrated_d/models/original_y2023_h00_o2023-01_q2.ubj,732464,a6784a96a159b22e48116e2e2d6bf255ba4fbfea58a1e1d2d1688c75406c6817,booster,bundle:models.tar,
somalia_oracle_v4_calibrated_d,results/experiments/somalia_oracle/v4_calibrated_d/models/original_y2023_h00_o2023-01_q3_direct.ubj,211317,ae82f41ba9225a841dc13475c481c2822e5c4db32ec67367f03da8f21fa6cc31,booster,bundle:models.tar,
somalia_oracle_v4_calibrated_d,results/experiments/somalia_oracle/v4_calibrated_d/models/original_y2023_h00_o2023-01_q3_residual_delta.ubj,158234,8e9f7bb9dbd43db6446030f42d6c07e7f5b31db218cd4350d689d7ef1d36eedb,booster,bundle:models.tar,
somalia_oracle_v4_calibrated_d,results/experiments/somalia_oracle/v4_calibrated_d/models/original_y2023_h00_o2023-01_q4.ubj,656616,c95f519d6e5d5f9ecefbafacc74c8aeb5eb0fcc5e64cc4b484a5eeb2cfd60cef,booster,bundle:models.tar,
somalia_oracle_v4_calibrated_d,results/experiments/somalia_oracle/v4_calibrated_d/models/original_y2023_h00_o2023-01_q5.ubj,493989,9ba47d06d94f249151e4db3e6dc232c93db2420487a99fea9a789066a899f862,booster,bundle:models.tar,
somalia_oracle_v4_calibrated_d,results/experiments/somalia_oracle/v4_calibrated_d/models/original_y2023_h00_o2023-03_q2.ubj,732464,a6784a96a159b22e48116e2e2d6bf255ba4fbfea58a1e1d2d1688c75406c6817,booster,bundle:models.tar,
somalia_oracle_v4_calibrated_d,results/experiments/somalia_oracle/v4_calibrated_d/models/original_y2023_h00_o2023-03_q3_direct.ubj,211317,ae82f41ba9225a841dc13475c481c2822e5c4db32ec67367f03da8f21fa6cc31,booster,bundle:models.tar,
somalia_oracle_v4_calibrated_d,results/experiments/somalia_oracle/v4_calibrated_d/models/original_y2023_h00_o2023-03_q3_residual_delta.ubj,158234,8e9f7bb9dbd43db6446030f42d6c07e7f5b31db218cd4350d689d7ef1d36eedb,booster,bundle:models.tar,
somalia_oracle_v4_calibrated_d,results/experiments/somalia_oracle/v4_calibrated_d/models/original_y2023_h00_o2023-03_q4.ubj,656616,c95f519d6e5d5f9ecefbafacc74c8aeb5eb0fcc5e64cc4b484a5eeb2cfd60cef,booster,bundle:models.tar,
somalia_oracle_v4_calibrated_d,results/experiments/somalia_oracle/v4_calibrated_d/models/original_y2023_h00_o2023-03_q5.ubj,493989,9ba47d06d94f249151e4db3e6dc232c93db2420487a99fea9a789066a899f862,booster,bundle:models.tar,
somalia_oracle_v4_calibrated_d,results/experiments/somalia_oracle/v4_calibrated_d/models/original_y2023_h00_o2023-08_q2.ubj,732464,a6784a96a159b22e48116e2e2d6bf255ba4fbfea58a1e1d2d1688c75406c6817,booster,bundle:models.tar,
somalia_oracle_v4_calibrated_d,results/experiments/somalia_oracle/v4_calibrated_d/models/original_y2023_h00_o2023-08_q3_direct.ubj,211317,ae82f41ba9225a841dc13475c481c2822e5c4db32ec67367f03da8f21fa6cc31,booster,bundle:models.tar,
somalia_oracle_v4_calibrated_d,results/experiments/somalia_oracle/v4_calibrated_d/models/original_y2023_h00_o2023-08_q3_residual_delta.ubj,158234,8e9f7bb9dbd43db6446030f42d6c07e7f5b31db218cd4350d689d7ef1d36eedb,booster,bundle:models.tar,
somalia_oracle_v4_calibrated_d,results/experiments/somalia_oracle/v4_calibrated_d/models/original_y2023_h00_o2023-08_q4.ubj,656616,c95f519d6e5d5f9ecefbafacc74c8aeb5eb0fcc5e64cc4b484a5eeb2cfd60cef,booster,bundle:models.tar,
somalia_oracle_v4_calibrated_d,results/experiments/somalia_oracle/v4_calibrated_d/models/original_y2023_h00_o2023-08_q5.ubj,493989,9ba47d06d94f249151e4db3e6dc232c93db2420487a99fea9a789066a899f862,booster,bundle:models.tar,
somalia_oracle_v4_calibrated_d,results/experiments/somalia_oracle/v4_calibrated_d/models/original_y2023_h03_o2022-10_q2.ubj,1593196,ea1f9fa74536d96756d75fb5c4361f9754077bc9d1f0cc00d79a2259613e6d0c,booster,bundle:models.tar,
somalia_oracle_v4_calibrated_d,results/experiments/somalia_oracle/v4_calibrated_d/models/original_y2023_h03_o2022-10_q3_direct.ubj,426343,82ae7c3fecbc690f7bd58d2ac9a1ae1f3e889aafeee54cc77e05555b64ac3f91,booster,bundle:models.tar,
somalia_oracle_v4_calibrated_d,results/experiments/somalia_oracle/v4_calibrated_d/models/original_y2023_h03_o2022-10_q3_residual_delta.ubj,368500,f9444550bf4c743aa353859df7cfeaf30c757a637c92762b33717fe990bcb789,booster,bundle:models.tar,
somalia_oracle_v4_calibrated_d,results/experiments/somalia_oracle/v4_calibrated_d/models/original_y2023_h03_o2022-10_q4.ubj,1559317,167c86c74a5be38d9d57a42cd36d77d3184ba172569de6bdd046790501eb88af,booster,bundle:models.tar,
somalia_oracle_v4_calibrated_d,results/experiments/somalia_oracle/v4_calibrated_d/models/original_y2023_h03_o2022-10_q5.ubj,1012738,350ceda4c519a6210c95fba2b2ef091ad5270cc5046f04cb5da9347c10cb4faa,booster,bundle:models.tar,
somalia_oracle_v4_calibrated_d,results/experiments/somalia_oracle/v4_calibrated_d/models/original_y2023_h03_o2022-12_q2.ubj,1593196,ea1f9fa74536d96756d75fb5c4361f9754077bc9d1f0cc00d79a2259613e6d0c,booster,bundle:models.tar,
somalia_oracle_v4_calibrated_d,results/experiments/somalia_oracle/v4_calibrated_d/models/original_y2023_h03_o2022-12_q3_direct.ubj,426343,82ae7c3fecbc690f7bd58d2ac9a1ae1f3e889aafeee54cc77e05555b64ac3f91,booster,bundle:models.tar,
somalia_oracle_v4_calibrated_d,results/experiments/somalia_oracle/v4_calibrated_d/models/original_y2023_h03_o2022-12_q3_residual_delta.ubj,368500,f9444550bf4c743aa353859df7cfeaf30c757a637c92762b33717fe990bcb789,booster,bundle:models.tar,
somalia_oracle_v4_calibrated_d,results/experiments/somalia_oracle/v4_calibrated_d/models/original_y2023_h03_o2022-12_q4.ubj,1559317,167c86c74a5be38d9d57a42cd36d77d3184ba172569de6bdd046790501eb88af,booster,bundle:models.tar,
somalia_oracle_v4_calibrated_d,results/experiments/somalia_oracle/v4_calibrated_d/models/original_y2023_h03_o2022-12_q5.ubj,1012738,350ceda4c519a6210c95fba2b2ef091ad5270cc5046f04cb5da9347c10cb4faa,booster,bundle:models.tar,
somalia_oracle_v4_calibrated_d,results/experiments/somalia_oracle/v4_calibrated_d/models/original_y2023_h03_o2023-05_q2.ubj,1593196,ea1f9fa74536d96756d75fb5c4361f9754077bc9d1f0cc00d79a2259613e6d0c,booster,bundle:models.tar,
somalia_oracle_v4_calibrated_d,results/experiments/somalia_oracle/v4_calibrated_d/models/original_y2023_h03_o2023-05_q3_direct.ubj,426343,82ae7c3fecbc690f7bd58d2ac9a1ae1f3e889aafeee54cc77e05555b64ac3f91,booster,bundle:models.tar,
somalia_oracle_v4_calibrated_d,results/experiments/somalia_oracle/v4_calibrated_d/models/original_y2023_h03_o2023-05_q3_residual_delta.ubj,368500,f9444550bf4c743aa353859df7cfeaf30c757a637c92762b33717fe990bcb789,booster,bundle:models.tar,
somalia_oracle_v4_calibrated_d,results/experiments/somalia_oracle/v4_calibrated_d/models/original_y2023_h03_o2023-05_q4.ubj,1559317,167c86c74a5be38d9d57a42cd36d77d3184ba172569de6bdd046790501eb88af,booster,bundle:models.tar,
somalia_oracle_v4_calibrated_d,results/experiments/somalia_oracle/v4_calibrated_d/models/original_y2023_h03_o2023-05_q5.ubj,1012738,350ceda4c519a6210c95fba2b2ef091ad5270cc5046f04cb5da9347c10cb4faa,booster,bundle:models.tar,
somalia_oracle_v4_calibrated_d,results/experiments/somalia_oracle/v4_calibrated_d/models/original_y2023_h06_o2022-07_q2.ubj,220029,e6a1880607dec6c01a6647499532c4f6edcf1d15342d1ebe0909995e951a75c6,booster,bundle:models.tar,
somalia_oracle_v4_calibrated_d,results/experiments/somalia_oracle/v4_calibrated_d/models/original_y2023_h06_o2022-07_q3_direct.ubj,194129,d1edcc81336162ad52dcb7f32257e8012a56586a19bb3aef7ce740ac17bc5d97,booster,bundle:models.tar,
somalia_oracle_v4_calibrated_d,results/experiments/somalia_oracle/v4_calibrated_d/models/original_y2023_h06_o2022-07_q4.ubj,217451,1f3341bdd48bb2266fc299f120b28cdc0598f0d533e8354d1eb011d16dc23b8e,booster,bundle:models.tar,
somalia_oracle_v4_calibrated_d,results/experiments/somalia_oracle/v4_calibrated_d/models/original_y2023_h06_o2022-07_q5.ubj,221888,236326c39ca6394cae09b5eb3f1e90c94582f2d35896b5898e19f13069ae1714,booster,bundle:models.tar,
somalia_oracle_v4_calibrated_d,results/experiments/somalia_oracle/v4_calibrated_d/models/original_y2023_h06_o2022-09_q2.ubj,220029,e6a1880607dec6c01a6647499532c4f6edcf1d15342d1ebe0909995e951a75c6,booster,bundle:models.tar,
somalia_oracle_v4_calibrated_d,results/experiments/somalia_oracle/v4_calibrated_d/models/original_y2023_h06_o2022-09_q3_direct.ubj,194129,d1edcc81336162ad52dcb7f32257e8012a56586a19bb3aef7ce740ac17bc5d97,booster,bundle:models.tar,
somalia_oracle_v4_calibrated_d,results/experiments/somalia_oracle/v4_calibrated_d/models/original_y2023_h06_o2022-09_q4.ubj,217451,1f3341bdd48bb2266fc299f120b28cdc0598f0d533e8354d1eb011d16dc23b8e,booster,bundle:models.tar,
somalia_oracle_v4_calibrated_d,results/experiments/somalia_oracle/v4_calibrated_d/models/original_y2023_h06_o2022-09_q5.ubj,221888,236326c39ca6394cae09b5eb3f1e90c94582f2d35896b5898e19f13069ae1714,booster,bundle:models.tar,
somalia_oracle_v4_calibrated_d,results/experiments/somalia_oracle/v4_calibrated_d/models/original_y2023_h06_o2023-02_q2.ubj,220514,9f91c3a0540023ea20056fe94b2e08d34a5e02da7a379686a3abf1ea91df1439,booster,bundle:models.tar,
somalia_oracle_v4_calibrated_d,results/experiments/somalia_oracle/v4_calibrated_d/models/original_y2023_h06_o2023-02_q3_direct.ubj,212619,363b419eb6174174523fcf933c73855e26ac36e4286bc09ae52676fb732dc8f0,booster,bundle:models.tar,
somalia_oracle_v4_calibrated_d,results/experiments/somalia_oracle/v4_calibrated_d/models/original_y2023_h06_o2023-02_q4.ubj,222371,aef94c581664386946d2a0d63760724543e5a6b883cddbd6a4827119cf1c4c0d,booster,bundle:models.tar,
somalia_oracle_v4_calibrated_d,results/experiments/somalia_oracle/v4_calibrated_d/models/original_y2023_h06_o2023-02_q5.ubj,219701,9e6dc96c4ff99bd5973f19732821262db4ffc4a8ec8546a669563222d28b2424,booster,bundle:models.tar,
somalia_oracle_v4_calibrated_d,results/experiments/somalia_oracle/v4_calibrated_d/models/original_y2023_h12_o2022-01_q2.ubj,1207648,6c277475406404c821077477a1b29a9a89e8a3c2a1aec8ae927bab405a315659,booster,bundle:models.tar,
somalia_oracle_v4_calibrated_d,results/experiments/somalia_oracle/v4_calibrated_d/models/original_y2023_h12_o2022-01_q3_direct.ubj,364936,cb1a7a9de48d21e75cba2a95485b89748ba7932412b40f3c6e2525a3485b1c18,booster,bundle:models.tar,
somalia_oracle_v4_calibrated_d,results/experiments/somalia_oracle/v4_calibrated_d/models/original_y2023_h12_o2022-01_q4.ubj,972772,1d96b6dfcf9a707eadadad8e8503cc24338041222120d87ac5c86c463f211911,booster,bundle:models.tar,
somalia_oracle_v4_calibrated_d,results/experiments/somalia_oracle/v4_calibrated_d/models/original_y2023_h12_o2022-01_q5.ubj,363418,cc37854bda6893526f5969f1ee0441a65e97a54680b22b465fd3e7846f61a9ae,booster,bundle:models.tar,
somalia_oracle_v4_calibrated_d,results/experiments/somalia_oracle/v4_calibrated_d/models/original_y2023_h12_o2022-03_q2.ubj,1207648,6c277475406404c821077477a1b29a9a89e8a3c2a1aec8ae927bab405a315659,booster,bundle:models.tar,
somalia_oracle_v4_calibrated_d,results/experiments/somalia_oracle/v4_calibrated_d/models/original_y2023_h12_o2022-03_q3_direct.ubj,364936,cb1a7a9de48d21e75cba2a95485b89748ba7932412b40f3c6e2525a3485b1c18,booster,bundle:models.tar,
somalia_oracle_v4_calibrated_d,results/experiments/somalia_oracle/v4_calibrated_d/models/original_y2023_h12_o2022-03_q4.ubj,972772,1d96b6dfcf9a707eadadad8e8503cc24338041222120d87ac5c86c463f211911,booster,bundle:models.tar,
somalia_oracle_v4_calibrated_d,results/experiments/somalia_oracle/v4_calibrated_d/models/original_y2023_h12_o2022-03_q5.ubj,363418,cc37854bda6893526f5969f1ee0441a65e97a54680b22b465fd3e7846f61a9ae,booster,bundle:models.tar,
somalia_oracle_v4_calibrated_d,results/experiments/somalia_oracle/v4_calibrated_d/models/original_y2023_h12_o2022-08_q2.ubj,224209,cbbf0ffa9cb8e4e843a1a6adf700ac8c77e2f3cc80aed81813a07400c2ac3ce7,booster,bundle:models.tar,
somalia_oracle_v4_calibrated_d,results/experiments/somalia_oracle/v4_calibrated_d/models/original_y2023_h12_o2022-08_q3_direct.ubj,192844,e1101e5b2d2116f9d4d6b47e5268b7d48e0708f16f80b2b54fd481e93d1a3c07,booster,bundle:models.tar,
somalia_oracle_v4_calibrated_d,results/experiments/somalia_oracle/v4_calibrated_d/models/original_y2023_h12_o2022-08_q4.ubj,220996,8ca3d5dcec9834adbfd2d8f8aa9dd09d29260983c1400d3f4f576309aaa0de33,booster,bundle:models.tar,
somalia_oracle_v4_calibrated_d,results/experiments/somalia_oracle/v4_calibrated_d/models/original_y2023_h12_o2022-08_q5.ubj,228109,d0cfea180090ba85f96c773d91ad5759648f24a4c10d9d3984987cc2413bb829,booster,bundle:models.tar,
somalia_oracle_v4_calibrated_d,results/experiments/somalia_oracle/v4_calibrated_d/models/original_y2024_h00_o2024-01_q2.ubj,1878777,2c7d3ec3dc1854561f91ae5112f6d83ca0dfa57e6c5d4460a8860740f3d57658,booster,bundle:models.tar,
somalia_oracle_v4_calibrated_d,results/experiments/somalia_oracle/v4_calibrated_d/models/original_y2024_h00_o2024-01_q3_direct.ubj,491287,5471dc495f616a5319e24370a517d81a29380289891aa2a51a1f0c0301105f0e,booster,bundle:models.tar,
somalia_oracle_v4_calibrated_d,results/experiments/somalia_oracle/v4_calibrated_d/models/original_y2024_h00_o2024-01_q4.ubj,1823358,f010748f3a4d29429aeced60bf5138c87c0933d28ebc4a897c2ea26b81324991,booster,bundle:models.tar,
somalia_oracle_v4_calibrated_d,results/experiments/somalia_oracle/v4_calibrated_d/models/original_y2024_h00_o2024-01_q5.ubj,1360324,f60000170a220bb84a94924bddd8b9cba37757224e159cc161f5055378cc3b85,booster,bundle:models.tar,
somalia_oracle_v4_calibrated_d,results/experiments/somalia_oracle/v4_calibrated_d/models/original_y2024_h00_o2024-07_q2.ubj,1878777,2c7d3ec3dc1854561f91ae5112f6d83ca0dfa57e6c5d4460a8860740f3d57658,booster,bundle:models.tar,
somalia_oracle_v4_calibrated_d,results/experiments/somalia_oracle/v4_calibrated_d/models/original_y2024_h00_o2024-07_q3_direct.ubj,491287,5471dc495f616a5319e24370a517d81a29380289891aa2a51a1f0c0301105f0e,booster,bundle:models.tar,
somalia_oracle_v4_calibrated_d,results/experiments/somalia_oracle/v4_calibrated_d/models/original_y2024_h00_o2024-07_q4.ubj,1823358,f010748f3a4d29429aeced60bf5138c87c0933d28ebc4a897c2ea26b81324991,booster,bundle:models.tar,
somalia_oracle_v4_calibrated_d,results/experiments/somalia_oracle/v4_calibrated_d/models/original_y2024_h00_o2024-07_q5.ubj,1360324,f60000170a220bb84a94924bddd8b9cba37757224e159cc161f5055378cc3b85,booster,bundle:models.tar,
somalia_oracle_v4_calibrated_d,results/experiments/somalia_oracle/v4_calibrated_d/models/original_y2024_h03_o2023-10_q2.ubj,227274,ff3770387844151ae614187e92fbbe02bd336a52b772b162369ea79a5a0c0e27,booster,bundle:models.tar,
somalia_oracle_v4_calibrated_d,results/experiments/somalia_oracle/v4_calibrated_d/models/original_y2024_h03_o2023-10_q3_direct.ubj,210986,56db75afc035dd8410c8ad7dc12f76dfa3fc3dc2014c9bcf0ba829e62870d822,booster,bundle:models.tar,
somalia_oracle_v4_calibrated_d,results/experiments/somalia_oracle/v4_calibrated_d/models/original_y2024_h03_o2023-10_q4.ubj,222016,649751c80c8b62f348eadaf57212622403d8bd2aacf901b82a99f00248abe53c,booster,bundle:models.tar,
somalia_oracle_v4_calibrated_d,results/experiments/somalia_oracle/v4_calibrated_d/models/original_y2024_h03_o2023-10_q5.ubj,219297,9db0fd40bc6ce1082891a6ff05491b0e7fc066560d5e257f57fef90adc9e9459,booster,bundle:models.tar,
somalia_oracle_v4_calibrated_d,results/experiments/somalia_oracle/v4_calibrated_d/models/original_y2024_h03_o2024-04_q2.ubj,227749,8e6dc0a443a15dc2889dddc9a868b77476262beb6dcfdfe553e29076573fa4ba,booster,bundle:models.tar,
somalia_oracle_v4_calibrated_d,results/experiments/somalia_oracle/v4_calibrated_d/models/original_y2024_h03_o2024-04_q3_direct.ubj,206141,541206644938f3ce3ff8937a70454dfb9e9f5230fdde9bdd38046bc41edd99a5,booster,bundle:models.tar,
somalia_oracle_v4_calibrated_d,results/experiments/somalia_oracle/v4_calibrated_d/models/original_y2024_h03_o2024-04_q4.ubj,221129,2ae475e660946e8d7c59e69100948647638f32dbbe20a5202af65f49d496dc20,booster,bundle:models.tar,
somalia_oracle_v4_calibrated_d,results/experiments/somalia_oracle/v4_calibrated_d/models/original_y2024_h03_o2024-04_q5.ubj,220662,36b33a105a25d8d99b7d804ac7740dff487239b199b9634781d1ebc8d84e3419,booster,bundle:models.tar,
somalia_oracle_v4_calibrated_d,results/experiments/somalia_oracle/v4_calibrated_d/models/original_y2024_h06_o2023-07_q2.ubj,388927,4ad58e4e7b82e05bcd89f40581a30b352e20d18b9e78639f223fd1c25f1872b7,booster,bundle:models.tar,
somalia_oracle_v4_calibrated_d,results/experiments/somalia_oracle/v4_calibrated_d/models/original_y2024_h06_o2023-07_q3_direct.ubj,237747,6044a9c1fe79c775dfd1698193bd0b144b6c44ef544a3f0a867edbb09a01217d,booster,bundle:models.tar,
somalia_oracle_v4_calibrated_d,results/experiments/somalia_oracle/v4_calibrated_d/models/original_y2024_h06_o2023-07_q4.ubj,392599,cade222a1ad54e211aa010e8c2bba478b96364f1499fa88fafbce33c8da38b71,booster,bundle:models.tar,
somalia_oracle_v4_calibrated_d,results/experiments/somalia_oracle/v4_calibrated_d/models/original_y2024_h06_o2023-07_q5.ubj,369683,64d93f0f62127d1fac6b9e356531f3245aa08b800e3b4214a40b03128d882e74,booster,bundle:models.tar,
somalia_oracle_v4_calibrated_d,results/experiments/somalia_oracle/v4_calibrated_d/models/original_y2024_h06_o2024-01_q2.ubj,226046,39c427ed7f9bece5ffea0c43051756bb3a0d3a3164429c60ef9fd283045268e5,booster,bundle:models.tar,
somalia_oracle_v4_calibrated_d,results/experiments/somalia_oracle/v4_calibrated_d/models/original_y2024_h06_o2024-01_q3_direct.ubj,219781,38e0fd78fd2b80ab4c028e3ef86a109058a56bceaa25ccbd747bb4448be258e5,booster,bundle:models.tar,
somalia_oracle_v4_calibrated_d,results/experiments/somalia_oracle/v4_calibrated_d/models/original_y2024_h06_o2024-01_q3_residual_delta.ubj,164432,a4b505d2b1de371c21f47c6ceaf39e6d2fa2cebec064b242160b81409e540ee7,booster,bundle:models.tar,
somalia_oracle_v4_calibrated_d,results/experiments/somalia_oracle/v4_calibrated_d/models/original_y2024_h06_o2024-01_q4.ubj,225224,14ebb7c555fef880f8410cc08062d541f2f876700ec8dfc1fc0ff172c55282c0,booster,bundle:models.tar,
somalia_oracle_v4_calibrated_d,results/experiments/somalia_oracle/v4_calibrated_d/models/original_y2024_h06_o2024-01_q5.ubj,221762,6cb0747f05ab4773a4af995ca91cccb8d8c53c7dae8568f7ab8ba1d8de6ca78f,booster,bundle:models.tar,
somalia_oracle_v4_calibrated_d,results/experiments/somalia_oracle/v4_calibrated_d/models/original_y2024_h12_o2023-01_q2.ubj,227412,b10190eb6b4c781d942f066aa5a7df315bfaa055b96e63dd432da49d15b772e9,booster,bundle:models.tar,
somalia_oracle_v4_calibrated_d,results/experiments/somalia_oracle/v4_calibrated_d/models/original_y2024_h12_o2023-01_q3_direct.ubj,218966,f4fa4ab725dd45a2433dd17e5750760b21cd178478f605c398f5ed34c0448a32,booster,bundle:models.tar,
somalia_oracle_v4_calibrated_d,results/experiments/somalia_oracle/v4_calibrated_d/models/original_y2024_h12_o2023-01_q4.ubj,228446,c3371db486d4dc47796ca65596cff097c71900e0aca364fa1d1016cb82831601,booster,bundle:models.tar,
somalia_oracle_v4_calibrated_d,results/experiments/somalia_oracle/v4_calibrated_d/models/original_y2024_h12_o2023-01_q5.ubj,227565,7901c14db1dfc6546c27fe54f2d5217957a08523cc059da1fea203b77e525dcc,booster,bundle:models.tar,
somalia_oracle_v4_calibrated_d,results/experiments/somalia_oracle/v4_calibrated_d/models/original_y2024_h12_o2023-07_q2.ubj,2310534,8584b197fa71edaef3a6ec7162c0073bfb4547ab5a7434ee8758707408db4cf6,booster,bundle:models.tar,
somalia_oracle_v4_calibrated_d,results/experiments/somalia_oracle/v4_calibrated_d/models/original_y2024_h12_o2023-07_q3_direct.ubj,191631,f60cf848025da531dafe52996f7752c9ca88b2dfea2bbf1649998f8c518cb079,booster,bundle:models.tar,
somalia_oracle_v4_calibrated_d,results/experiments/somalia_oracle/v4_calibrated_d/models/original_y2024_h12_o2023-07_q4.ubj,1839452,d3c62971bc92aeefa80b735d2b4929601b0efa3c93e32f8caa3ec2d24638e4a2,booster,bundle:models.tar,
somalia_oracle_v4_calibrated_d,results/experiments/somalia_oracle/v4_calibrated_d/models/original_y2024_h12_o2023-07_q5.ubj,626411,e9f1a2c113f0147d0efdd8bf5f2c25e3f460d073fe0d76f677bb3155a68479ad,booster,bundle:models.tar,
somalia_oracle_v4_calibrated_d,results/experiments/somalia_oracle/v4_calibrated_d/models/original_y2025_h00_o2025-04_q2.ubj,2956741,b4a4f08dbf8a6faa6d6c0c1b106b8908e1831e7e9dd849c2b928ccff24cd5564,booster,bundle:models.tar,
somalia_oracle_v4_calibrated_d,results/experiments/somalia_oracle/v4_calibrated_d/models/original_y2025_h00_o2025-04_q3_direct.ubj,225519,1d8f8a10368642c7515d63bb3af5e1ddf24c1fcfe919f240f74d50307ffdf72b,booster,bundle:models.tar,
somalia_oracle_v4_calibrated_d,results/experiments/somalia_oracle/v4_calibrated_d/models/original_y2025_h00_o2025-04_q4.ubj,2241913,c674f8a5cbb01a5715bdbabf57ee369ee1c0799fb5523b37d9c9cae6361a336b,booster,bundle:models.tar,
somalia_oracle_v4_calibrated_d,results/experiments/somalia_oracle/v4_calibrated_d/models/original_y2025_h00_o2025-04_q5.ubj,538614,d7b29a304ffd9f4e5448ef60472797f5b2c2ea580d5c0ffca60abc8515e20ef8,booster,bundle:models.tar,
somalia_oracle_v4_calibrated_d,results/experiments/somalia_oracle/v4_calibrated_d/models/original_y2025_h00_o2025-07_q2.ubj,2956741,b4a4f08dbf8a6faa6d6c0c1b106b8908e1831e7e9dd849c2b928ccff24cd5564,booster,bundle:models.tar,
somalia_oracle_v4_calibrated_d,results/experiments/somalia_oracle/v4_calibrated_d/models/original_y2025_h00_o2025-07_q3_direct.ubj,225519,1d8f8a10368642c7515d63bb3af5e1ddf24c1fcfe919f240f74d50307ffdf72b,booster,bundle:models.tar,
somalia_oracle_v4_calibrated_d,results/experiments/somalia_oracle/v4_calibrated_d/models/original_y2025_h00_o2025-07_q4.ubj,2241913,c674f8a5cbb01a5715bdbabf57ee369ee1c0799fb5523b37d9c9cae6361a336b,booster,bundle:models.tar,
somalia_oracle_v4_calibrated_d,results/experiments/somalia_oracle/v4_calibrated_d/models/original_y2025_h00_o2025-07_q5.ubj,538614,d7b29a304ffd9f4e5448ef60472797f5b2c2ea580d5c0ffca60abc8515e20ef8,booster,bundle:models.tar,
somalia_oracle_v4_calibrated_d,results/experiments/somalia_oracle/v4_calibrated_d/models/original_y2025_h00_o2025-09_q2.ubj,2956741,b4a4f08dbf8a6faa6d6c0c1b106b8908e1831e7e9dd849c2b928ccff24cd5564,booster,bundle:models.tar,
somalia_oracle_v4_calibrated_d,results/experiments/somalia_oracle/v4_calibrated_d/models/original_y2025_h00_o2025-09_q3_direct.ubj,225519,1d8f8a10368642c7515d63bb3af5e1ddf24c1fcfe919f240f74d50307ffdf72b,booster,bundle:models.tar,
somalia_oracle_v4_calibrated_d,results/experiments/somalia_oracle/v4_calibrated_d/models/original_y2025_h00_o2025-09_q4.ubj,2241913,c674f8a5cbb01a5715bdbabf57ee369ee1c0799fb5523b37d9c9cae6361a336b,booster,bundle:models.tar,
somalia_oracle_v4_calibrated_d,results/experiments/somalia_oracle/v4_calibrated_d/models/original_y2025_h00_o2025-09_q5.ubj,538614,d7b29a304ffd9f4e5448ef60472797f5b2c2ea580d5c0ffca60abc8515e20ef8,booster,bundle:models.tar,
somalia_oracle_v4_calibrated_d,results/experiments/somalia_oracle/v4_calibrated_d/models/original_y2025_h00_o2025-10_q2.ubj,2956741,b4a4f08dbf8a6faa6d6c0c1b106b8908e1831e7e9dd849c2b928ccff24cd5564,booster,bundle:models.tar,
somalia_oracle_v4_calibrated_d,results/experiments/somalia_oracle/v4_calibrated_d/models/original_y2025_h00_o2025-10_q3_direct.ubj,225519,1d8f8a10368642c7515d63bb3af5e1ddf24c1fcfe919f240f74d50307ffdf72b,booster,bundle:models.tar,
somalia_oracle_v4_calibrated_d,results/experiments/somalia_oracle/v4_calibrated_d/models/original_y2025_h00_o2025-10_q4.ubj,2241913,c674f8a5cbb01a5715bdbabf57ee369ee1c0799fb5523b37d9c9cae6361a336b,booster,bundle:models.tar,
somalia_oracle_v4_calibrated_d,results/experiments/somalia_oracle/v4_calibrated_d/models/original_y2025_h00_o2025-10_q5.ubj,538614,d7b29a304ffd9f4e5448ef60472797f5b2c2ea580d5c0ffca60abc8515e20ef8,booster,bundle:models.tar,
somalia_oracle_v4_calibrated_d,results/experiments/somalia_oracle/v4_calibrated_d/models/original_y2025_h03_o2025-01_q2.ubj,761162,193ffa1383ac2ed49fd0cc709abf79655c2df299f162818cb6c111c5051dbe9e,booster,bundle:models.tar,
somalia_oracle_v4_calibrated_d,results/experiments/somalia_oracle/v4_calibrated_d/models/original_y2025_h03_o2025-01_q3_direct.ubj,232191,331ff838f86916550ccbbade15502819163fa65c7cdbc3c47026b14bffa67d40,booster,bundle:models.tar,
somalia_oracle_v4_calibrated_d,results/experiments/somalia_oracle/v4_calibrated_d/models/original_y2025_h03_o2025-01_q4.ubj,750348,f7f51f4a16042c89cbed1159e9aa09758c4c271d0dd576fa579bb8bbf02461f2,booster,bundle:models.tar,
somalia_oracle_v4_calibrated_d,results/experiments/somalia_oracle/v4_calibrated_d/models/original_y2025_h03_o2025-01_q5.ubj,495686,13ef9b1594b5e407ed86ce84fcff1bb23ea9bf041df95a18382dde01dbe19cdd,booster,bundle:models.tar,
somalia_oracle_v4_calibrated_d,results/experiments/somalia_oracle/v4_calibrated_d/models/original_y2025_h03_o2025-04_q2.ubj,780610,d6f2f1a648196cd2d2fadc8864902e8b214582596ad8d33d0458ebc167de8652,booster,bundle:models.tar,
somalia_oracle_v4_calibrated_d,results/experiments/somalia_oracle/v4_calibrated_d/models/original_y2025_h03_o2025-04_q3_direct.ubj,229879,68adb5c99a21a25e716053d5991620931c3cc58e71dcf3afc834f7d9d75ffbb5,booster,bundle:models.tar,
somalia_oracle_v4_calibrated_d,results/experiments/somalia_oracle/v4_calibrated_d/models/original_y2025_h03_o2025-04_q4.ubj,750829,64ea78de49b58cae4adfc6e5ba40fb6a8c888dc6bc9112c368e3cdcd5280bdbe,booster,bundle:models.tar,
somalia_oracle_v4_calibrated_d,results/experiments/somalia_oracle/v4_calibrated_d/models/original_y2025_h03_o2025-04_q5.ubj,474538,f83af84018f45288f368c62e631f3ea1d9a37744f4084ec67edadddc3f2283c1,booster,bundle:models.tar,
somalia_oracle_v4_calibrated_d,results/experiments/somalia_oracle/v4_calibrated_d/models/original_y2025_h03_o2025-07_q2.ubj,757354,52bc404692715487d836890eeb5e3ce96d5f19b96a908e9567bef1c71dc77079,booster,bundle:models.tar,
somalia_oracle_v4_calibrated_d,results/experiments/somalia_oracle/v4_calibrated_d/models/original_y2025_h03_o2025-07_q3_direct.ubj,223556,5dd6ae96ec015d3e004be5a6f42f14f297ebbc806dfb53d84b988de1d70ca9df,booster,bundle:models.tar,
somalia_oracle_v4_calibrated_d,results/experiments/somalia_oracle/v4_calibrated_d/models/original_y2025_h03_o2025-07_q4.ubj,722391,22a285a8c9a2817849b6401b8a51cd24d8bb9274f4831d956c5ddfddde0c4b85,booster,bundle:models.tar,
somalia_oracle_v4_calibrated_d,results/experiments/somalia_oracle/v4_calibrated_d/models/original_y2025_h03_o2025-07_q5.ubj,476510,c9109a5699c299ac5402ccf94fce5044c14e85cf38420bac983db052d56afea5,booster,bundle:models.tar,
somalia_oracle_v4_calibrated_d,results/experiments/somalia_oracle/v4_calibrated_d/models/original_y2025_h06_o2024-10_q2.ubj,865838,1585ddb477cf86584dc5f71d615d08a19d72d2aac58b61e387fc2a02fcd563a1,booster,bundle:models.tar,
somalia_oracle_v4_calibrated_d,results/experiments/somalia_oracle/v4_calibrated_d/models/original_y2025_h06_o2024-10_q3_direct.ubj,323428,65a57597fe88f0898d51dd353bc1bf70219b27b6edf5d1fea55a412e134430c7,booster,bundle:models.tar,
somalia_oracle_v4_calibrated_d,results/experiments/somalia_oracle/v4_calibrated_d/models/original_y2025_h06_o2024-10_q4.ubj,807975,0f8e22103f6bbd0fa2492f2a1cd054e59470d26061d840b9ce7ff3073ec54d1f,booster,bundle:models.tar,
somalia_oracle_v4_calibrated_d,results/experiments/somalia_oracle/v4_calibrated_d/models/original_y2025_h06_o2024-10_q5.ubj,579875,159f16da70b56272836904d41926dc5dd15c42de508d3bae90d958e584df52df,booster,bundle:models.tar,
somalia_oracle_v4_calibrated_d,results/experiments/somalia_oracle/v4_calibrated_d/models/original_y2025_h06_o2025-01_q2.ubj,865838,1585ddb477cf86584dc5f71d615d08a19d72d2aac58b61e387fc2a02fcd563a1,booster,bundle:models.tar,
somalia_oracle_v4_calibrated_d,results/experiments/somalia_oracle/v4_calibrated_d/models/original_y2025_h06_o2025-01_q3_direct.ubj,323428,65a57597fe88f0898d51dd353bc1bf70219b27b6edf5d1fea55a412e134430c7,booster,bundle:models.tar,
somalia_oracle_v4_calibrated_d,results/experiments/somalia_oracle/v4_calibrated_d/models/original_y2025_h06_o2025-01_q4.ubj,807975,0f8e22103f6bbd0fa2492f2a1cd054e59470d26061d840b9ce7ff3073ec54d1f,booster,bundle:models.tar,
somalia_oracle_v4_calibrated_d,results/experiments/somalia_oracle/v4_calibrated_d/models/original_y2025_h06_o2025-01_q5.ubj,579875,159f16da70b56272836904d41926dc5dd15c42de508d3bae90d958e584df52df,booster,bundle:models.tar,
somalia_oracle_v4_calibrated_d,results/experiments/somalia_oracle/v4_calibrated_d/models/original_y2025_h06_o2025-04_q2.ubj,865838,1585ddb477cf86584dc5f71d615d08a19d72d2aac58b61e387fc2a02fcd563a1,booster,bundle:models.tar,
somalia_oracle_v4_calibrated_d,results/experiments/somalia_oracle/v4_calibrated_d/models/original_y2025_h06_o2025-04_q3_direct.ubj,323428,65a57597fe88f0898d51dd353bc1bf70219b27b6edf5d1fea55a412e134430c7,booster,bundle:models.tar,
somalia_oracle_v4_calibrated_d,results/experiments/somalia_oracle/v4_calibrated_d/models/original_y2025_h06_o2025-04_q4.ubj,807975,0f8e22103f6bbd0fa2492f2a1cd054e59470d26061d840b9ce7ff3073ec54d1f,booster,bundle:models.tar,
somalia_oracle_v4_calibrated_d,results/experiments/somalia_oracle/v4_calibrated_d/models/original_y2025_h06_o2025-04_q5.ubj,579875,159f16da70b56272836904d41926dc5dd15c42de508d3bae90d958e584df52df,booster,bundle:models.tar,
somalia_oracle_v4_calibrated_d,results/experiments/somalia_oracle/v4_calibrated_d/models/original_y2025_h12_o2024-04_q2.ubj,2778511,10cec952b29e0ed78d5508e014de3af1e71fdadf8642e7de72ca1ae5f7258f24,booster,bundle:models.tar,
somalia_oracle_v4_calibrated_d,results/experiments/somalia_oracle/v4_calibrated_d/models/original_y2025_h12_o2024-04_q3_direct.ubj,179593,6c3b80d746a3a476c624afe35ddde91389a911e0730afdbb49a8d3d0a6faf3a9,booster,bundle:models.tar,
somalia_oracle_v4_calibrated_d,results/experiments/somalia_oracle/v4_calibrated_d/models/original_y2025_h12_o2024-04_q3_residual_delta.ubj,140053,1e8cd9c7b044a2e1ea303240f0c190b5eeaf67f36ff278b0d23871258c917055,booster,bundle:models.tar,
somalia_oracle_v4_calibrated_d,results/experiments/somalia_oracle/v4_calibrated_d/models/original_y2025_h12_o2024-04_q4.ubj,2262916,ddeafc7bf080d7e2cc4260ff8d25684b4cf6f3d2984fd536b2c0244190d36939,booster,bundle:models.tar,
somalia_oracle_v4_calibrated_d,results/experiments/somalia_oracle/v4_calibrated_d/models/original_y2025_h12_o2024-04_q5.ubj,642600,d30f81a4148cbce07964e8a5a97c4eeb5a5301fb5a7ca6d0c761324a1ad3dbd7,booster,bundle:models.tar,
somalia_oracle_v4_calibrated_d,results/experiments/somalia_oracle/v4_calibrated_d/models/original_y2025_h12_o2024-07_q2.ubj,2906965,f783c03d7c47762e2d6d323ca30d74556bb6a51eab52a767d51de30822f043ad,booster,bundle:models.tar,
somalia_oracle_v4_calibrated_d,results/experiments/somalia_oracle/v4_calibrated_d/models/original_y2025_h12_o2024-07_q3_direct.ubj,174154,4b4d2388527bb6412c18a07afb3ce7106601f16de6fdabdac95e7be5f52eedb6,booster,bundle:models.tar,
somalia_oracle_v4_calibrated_d,results/experiments/somalia_oracle/v4_calibrated_d/models/original_y2025_h12_o2024-07_q4.ubj,2436599,ffc4b65fe90d3c02f94280f33e33f2dc295fc36276ded188aaafb558308658a1,booster,bundle:models.tar,
somalia_oracle_v4_calibrated_d,results/experiments/somalia_oracle/v4_calibrated_d/models/original_y2025_h12_o2024-07_q5.ubj,658173,66706f5fbb9f11860fd72bc02b910fe626ee3d3cd2ce09b233f630e3ebe4ee76,booster,bundle:models.tar,
somalia_oracle_v4_calibrated_d,results/experiments/somalia_oracle/v4_calibrated_d/models/original_y2025_h12_o2024-10_q2.ubj,3009645,a3de8a20c5eb1ad319109a73b103637dc4b0e25fc7e3b2ba30dc532530271bf9,booster,bundle:models.tar,
somalia_oracle_v4_calibrated_d,results/experiments/somalia_oracle/v4_calibrated_d/models/original_y2025_h12_o2024-10_q3_direct.ubj,164284,813da757dc071a86b59096cad5a3edf79b2f36c3811b216c32d064cb6890d285,booster,bundle:models.tar,
somalia_oracle_v4_calibrated_d,results/experiments/somalia_oracle/v4_calibrated_d/models/original_y2025_h12_o2024-10_q4.ubj,2446524,05b87dd744996c28e068985bb17d2fcfb7a1b2b4408b0ce76fa5c5ea807dc96e,booster,bundle:models.tar,
somalia_oracle_v4_calibrated_d,results/experiments/somalia_oracle/v4_calibrated_d/models/original_y2025_h12_o2024-10_q5.ubj,650080,e9e66a63bce60a802e02aa8878b167d1a7959a3bf53f7c57c9483d3868c712b7,booster,bundle:models.tar,
somalia_oracle_v4_calibrated_d,results/experiments/somalia_oracle/v4_calibrated_d/models/original_y2026_h00_o2026-04_q2.ubj,229389,9843494014fd0190d85a39fc9b0c4f0bff6e3abc909be61b55ef6e5beb4fb03f,booster,bundle:models.tar,
somalia_oracle_v4_calibrated_d,results/experiments/somalia_oracle/v4_calibrated_d/models/original_y2026_h00_o2026-04_q3_direct.ubj,220530,2a68be59a3001728b4197c4e6a168d75797bbdabbcf3a0d29c8720fdc8124d43,booster,bundle:models.tar,
somalia_oracle_v4_calibrated_d,results/experiments/somalia_oracle/v4_calibrated_d/models/original_y2026_h00_o2026-04_q3_residual_delta.ubj,208866,937f91807cffe517af9cf16e9bfafdadd738bac7918052c2f190f3064d15a0c0,booster,bundle:models.tar,
somalia_oracle_v4_calibrated_d,results/experiments/somalia_oracle/v4_calibrated_d/models/original_y2026_h00_o2026-04_q4.ubj,227689,d909234cf90f0dd4fdffdce5fa4ab2ef21b643fbe3f3927fb944a3681e23b9e8,booster,bundle:models.tar,
somalia_oracle_v4_calibrated_d,results/experiments/somalia_oracle/v4_calibrated_d/models/original_y2026_h00_o2026-04_q5.ubj,221766,1fd1e399e940af0e1bb04306b0348b091eab4889e5cfda2794fb07931c22a6f2,booster,bundle:models.tar,
somalia_oracle_v4_calibrated_d,results/experiments/somalia_oracle/v4_calibrated_d/models/original_y2026_h12_o2025-04_q2.ubj,3427374,16686bbd3aabff4c2530db8438650386a9621935808501a3a9bcb18a7ee73eb4,booster,bundle:models.tar,
somalia_oracle_v4_calibrated_d,results/experiments/somalia_oracle/v4_calibrated_d/models/original_y2026_h12_o2025-04_q3_direct.ubj,192037,4d68f791a136e71943083bf0bdd8e0d8544ad23fb2e4f205936bb34cc87d6e33,booster,bundle:models.tar,
somalia_oracle_v4_calibrated_d,results/experiments/somalia_oracle/v4_calibrated_d/models/original_y2026_h12_o2025-04_q4.ubj,2799593,09a455791408365e030ae0162ca581593b9d5d7100e71e9b57b91ad7873a48f8,booster,bundle:models.tar,
somalia_oracle_v4_calibrated_d,results/experiments/somalia_oracle/v4_calibrated_d/models/original_y2026_h12_o2025-04_q5.ubj,633819,e869c1a737a0234fe1fe253da556a718742dbccf5bc145cfe1918b670991b8ae,booster,bundle:models.tar,
somalia_oracle_v4_calibrated_d,results/experiments/somalia_oracle/v4_calibrated_d/predictions/final_predictions.csv.gz,1989330,55422828cb60d6804f935698be3cf567b2192ce0482983472683ebc5502211ff,predictions,archive:predictions,
somalia_oracle_v4_calibrated_d,results/experiments/somalia_oracle/v4_calibrated_d/replay/replay_checks.csv,4638,e8df625d6b1716216fc8aacb38152ce0d21611a31c059cce4230539dd8ed24e6,ledger_or_check,archive:ledgers,
somalia_oracle_v4_calibrated_d,results/experiments/somalia_oracle/v4_calibrated_d/replay/replay_summary.json,194,6a365cd313f6e177356accdcdc1e2fbec36a4be72b10609a18830bb9a90e18b6,ledger_or_check,archive:ledgers,
somalia_oracle_v4_calibrated_d,results/experiments/somalia_oracle/v4_calibrated_d/selection/calibration_keys.csv.gz,4151285,5b60c201f992ed3bd1ed607889374a8afaa1c33980cece9a2bc5174994784f6e,fit_selection_calibration,bundle:models.tar (calibration/selection members),
somalia_oracle_v4_calibrated_d,results/experiments/somalia_oracle/v4_calibrated_d/selection/candidate_scores.csv,1434038,d87360bbba75b002159d127654480c5f6ac319ad9630a7fab417b9334362c994,fit_selection_calibration,bundle:models.tar (calibration/selection members),
somalia_oracle_v4_calibrated_d,results/experiments/somalia_oracle/v4_calibrated_d/selection/contexts.csv,44296,1dcc13eeee3828d97770ac1c9d9f2e6dd6d48d8ca65d197fcc78a00327f858a7,fit_selection_calibration,bundle:models.tar (calibration/selection members),
somalia_oracle_v4_calibrated_d,results/experiments/somalia_oracle/v4_calibrated_d/selection/final_calibration_keys.csv.gz,935576,898111bef9d63caecde4e68dcd9452000fce3623df3e8ed1df74471754250242,fit_selection_calibration,bundle:models.tar (calibration/selection members),
somalia_oracle_v4_calibrated_d,results/experiments/somalia_oracle/v4_calibrated_d/selection/history_overrides.csv.gz,538,00847010db4bba7a9f238ccfee8dafd7d6aed1dec4fd0e272a9b44efda124db2,fit_selection_calibration,bundle:models.tar (calibration/selection members),
somalia_oracle_v4_calibrated_d,results/experiments/somalia_oracle/v4_calibrated_d/selection/oof_predictions.csv.gz,20399640,07cdced8bb4f0f798556b25a5b1a5b823d8b3b37fb5869d0abdd2679b8d452de,fit_selection_calibration,bundle:models.tar (calibration/selection members),
somalia_oracle_v4_calibrated_d,results/experiments/somalia_oracle/v4_calibrated_d/selection/oof_units.csv.gz,208828,5434035ba94c63884b17df17b0aa581112f1fb213f04141413d0488cb87e06dd,fit_selection_calibration,bundle:models.tar (calibration/selection members),
somalia_oracle_v4_calibrated_d,results/experiments/somalia_oracle/v4_calibrated_d/selection/pool_specs.csv.gz,6712,5c48e42cdc8632302f37b174596b0cadb3cf7a8026e1723091f5148df0674ea3,fit_selection_calibration,bundle:models.tar (calibration/selection members),
somalia_oracle_v4_calibrated_d,results/experiments/somalia_oracle/v4_calibrated_d/selection/scoring_keys.csv.gz,935031,b1f99ca03e347be1b5238f5d1456012168ef05b31ed36f5f7527e13c42063c7c,fit_selection_calibration,bundle:models.tar (calibration/selection members),
somalia_oracle_v4_calibrated_d,results/experiments/somalia_oracle/v4_calibrated_d/selection/selected_recipes.csv,25604,15690dab1d108cf8a63d63fed825c56ca242331eb702d0f49597cab81e0a3d21,fit_selection_calibration,bundle:models.tar (calibration/selection members),
somalia_oracle_v4_calibrated_d,results/experiments/somalia_oracle/v4_calibrated_d/selection/selected_scoring_predictions.csv.gz,1217442,8c0ae5fec2a3112bd3dc4a2a5cb3f41c0891c7769ae56da42c5f868321943084,fit_selection_calibration,bundle:models.tar (calibration/selection members),
somalia_oracle_v4_calibrated_d,results/experiments/somalia_oracle/v4_calibrated_d/selection/unit_inventory.csv,927,2bccd6e91b37e433ccd53e8aee27d8a8037f344a1cfa6d717d112175d528f282,fit_selection_calibration,bundle:models.tar (calibration/selection members),
origin_safe_climate_idp_v1,results/experiments/origin_safe_climate_idp_v1/input_checks/climate_manifest_h0.csv,28439,0926699a0b19d21ef8ab358dd99e49a517c186bac92cd06eaa3fa9f5853944c7,ledger_or_check,archive:ledgers,
origin_safe_climate_idp_v1,results/experiments/origin_safe_climate_idp_v1/input_checks/climate_manifest_h12.csv,20659,edeb1172af2034da919ebfab900974f8d16a654e9249201f8ab3465ae484df68,ledger_or_check,archive:ledgers,
origin_safe_climate_idp_v1,results/experiments/origin_safe_climate_idp_v1/input_checks/climate_manifest_h3.csv,28753,84c48b00ba5d77bbe4dc738a3f415c5eca2a5d08424740722b1ee7fd61da086a,ledger_or_check,archive:ledgers,
origin_safe_climate_idp_v1,results/experiments/origin_safe_climate_idp_v1/input_checks/climate_manifest_h6.csv,28753,88391d4039405890208cddc3cf6079e9f44c3b1b727c50c588f4201ab0be8bb8,ledger_or_check,archive:ledgers,
origin_safe_climate_idp_v1,results/experiments/origin_safe_climate_idp_v1/input_checks/feature_classification_h0.csv,56700,27cd0de650bb0207ca29b67d03411fe6d331ec80288f0972e8f5cfd501ad4ab9,ledger_or_check,archive:ledgers,climate2015
origin_safe_climate_idp_v1,results/experiments/origin_safe_climate_idp_v1/input_checks/feature_classification_h12.csv,41671,e8a865ed9dbc2461d64022e6643ac323642bf923ebef681194acfb47e2bf2ec1,ledger_or_check,archive:ledgers,climate2015
origin_safe_climate_idp_v1,results/experiments/origin_safe_climate_idp_v1/input_checks/feature_classification_h3.csv,56778,ffe711424b8c17f60c78901ff97ea789f227b7ee8a6ec4adf32f64968cbfc37a,ledger_or_check,archive:ledgers,climate2015
origin_safe_climate_idp_v1,results/experiments/origin_safe_climate_idp_v1/input_checks/feature_classification_h6.csv,56781,09b6364247f70077a1a1f76a68e12b6e470ee15828ff7a70b1475c86e5b69b7b,ledger_or_check,archive:ledgers,climate2015
origin_safe_climate_idp_v1,results/experiments/origin_safe_climate_idp_v1/input_checks/origin_safe_climate_idp_v1_manifest_copy.json,558289,3b479c80498e9f2d6d20b88936fce468f297d2e0ccd6f0cb32c61a7470a209bf,ledger_or_check,archive:ledgers,climate2015
origin_safe_climate_idp_v1,results/experiments/origin_safe_climate_idp_v1/input_checks/source_support_h0.csv,116142,f5a2973c831c2ec01bf9888b2822cf4c9e0b669b35171788f622bdb8443b3588,ledger_or_check,archive:ledgers,climate2015
origin_safe_climate_idp_v1,results/experiments/origin_safe_climate_idp_v1/input_checks/source_support_h12.csv,84162,770129cd107c45603c265d35d4e0467f87af979ea189a191811f899f89a54aca,ledger_or_check,archive:ledgers,climate2015
origin_safe_climate_idp_v1,results/experiments/origin_safe_climate_idp_v1/input_checks/source_support_h3.csv,116139,5d0abb9fcafd91bfd5a0ce99af544e0ed7dae494b18bdf344f15484296fd2f38,ledger_or_check,archive:ledgers,climate2015
origin_safe_climate_idp_v1,results/experiments/origin_safe_climate_idp_v1/input_checks/source_support_h6.csv,116184,8389b3931fd077a627faf8c99ab8ebc8dd2eeef144284ed0d216afa02bf988e3,ledger_or_check,archive:ledgers,climate2015
origin_safe_climate_idp_v1,results/experiments/origin_safe_climate_idp_v1/logs/climate_no_history_0m.log,375,331220fbc0f5480b7e541c109c00568ac4185d36396933d8c4fdcc96f2dc5643,log,archive:logs,
origin_safe_climate_idp_v1,results/experiments/origin_safe_climate_idp_v1/logs/climate_no_history_12m.log,376,1583017738b03bde9d1367ff66b2cf05685dd1038332da0feef9db675da72e57,log,archive:logs,
origin_safe_climate_idp_v1,results/experiments/origin_safe_climate_idp_v1/logs/climate_no_history_3m.log,375,3ab9cab305f58413734914cf76b3c9b19cf4d9cac8c0f5e0dcae9b51685d8bc1,log,archive:logs,
origin_safe_climate_idp_v1,results/experiments/origin_safe_climate_idp_v1/logs/climate_no_history_6m.log,373,e2e0fe7ba090d4695fa04cb659df2909fbd8c933ba3f2b06d780d4ec077c44ff,log,archive:logs,
origin_safe_climate_idp_v1,results/experiments/origin_safe_climate_idp_v1/logs/climate_safe_history_0m.log,377,9c43f4355f5083c9650df8a9a40ab4bf804e0b8b080369a2edae99c7420ef275,log,archive:logs,
origin_safe_climate_idp_v1,results/experiments/origin_safe_climate_idp_v1/logs/climate_safe_history_12m.log,378,c9495abdb86fc59116b02a003758311873e62317964681ac9230a6c2eef15b25,log,archive:logs,
origin_safe_climate_idp_v1,results/experiments/origin_safe_climate_idp_v1/logs/climate_safe_history_3m.log,376,a6ee57668c22fb8761888ae8350f8302f6f100b0b2ad365db6c1f5ae3dc358c6,log,archive:logs,
origin_safe_climate_idp_v1,results/experiments/origin_safe_climate_idp_v1/logs/climate_safe_history_6m.log,377,6b6efd64727d96ead1384e166e57b6dae5267408aa305c0dfe5a4497ef633915,log,archive:logs,
origin_safe_climate_idp_v1,results/experiments/origin_safe_climate_idp_v1/logs/climate_safe_history_idp_0m.log,381,df95b99ce71075068f1db428292c869fac625b61ba3af053a068744c77c48f84,log,archive:logs,
origin_safe_climate_idp_v1,results/experiments/origin_safe_climate_idp_v1/logs/climate_safe_history_idp_12m.log,382,65cf4554222159d829a1b82ef1bd8f9567b0bb81a8ee226136277ad59f28258a,log,archive:logs,
origin_safe_climate_idp_v1,results/experiments/origin_safe_climate_idp_v1/logs/climate_safe_history_idp_3m.log,380,322698cd6456f2a59d141ac24a7949f48fdf68b50a0dd67bbbedbd32edde8c8c,log,archive:logs,
origin_safe_climate_idp_v1,results/experiments/origin_safe_climate_idp_v1/logs/climate_safe_history_idp_6m.log,381,850328d2057d3cf3491c9f322e115bb2210572e5c004fccde6bd8020706323f9,log,archive:logs,
origin_safe_climate_idp_v1,results/experiments/origin_safe_climate_idp_v1/logs/suite_ledger.jsonl,11229,77424b9ce8c45769e24c18da5b90a7f5a6db43b6f04462f24cc6b3e89972a3b6,log,archive:logs,
origin_safe_climate_idp_v1,results/experiments/origin_safe_climate_idp_v1/logs/suite_stdout.log,1114,c90d779446583d1aa8842b030fb04a5b0b077df275630710dcd832b9a72f31ac,log,archive:logs,
origin_safe_climate_idp_v1,results/experiments/origin_safe_climate_idp_v1/runs/climate_no_history/0m/run_metadata.json,47215,2acd72d7024929eaa49771bd2b3a102ea79b625ea9d68dbc53a24b27caf5483e,model_recipe_member,bundle:models.tar,
origin_safe_climate_idp_v1,results/experiments/origin_safe_climate_idp_v1/runs/climate_no_history/0m/batches/2022/batch_record.json,1603,293cb6704f5af32809d586b408d3c1df0103b9e69c3ab07bb25fdad12dc5b365,model_recipe_member,bundle:models.tar,
origin_safe_climate_idp_v1,results/experiments/origin_safe_climate_idp_v1/runs/climate_no_history/0m/batches/2022/fit_keys.csv.gz,61345,1421e5084a1be91867d85c9f48d0ab83fbef7133ec9c0bc977ef042bf5ba6695,model_recipe_member,bundle:models.tar,
origin_safe_climate_idp_v1,results/experiments/origin_safe_climate_idp_v1/runs/climate_no_history/0m/batches/2022/model_phase2_worse.ubj,6408354,bac37d0d66689c68e93605fe3b6b0f183f4b97773d8697333f55a5806d76f3dd,booster,bundle:models.tar,
origin_safe_climate_idp_v1,results/experiments/origin_safe_climate_idp_v1/runs/climate_no_history/0m/batches/2022/model_phase3_worse.ubj,297601,b3477da490a64e74efa4dcb9e6aa3559f8ba04a815622c570195d708123db739,booster,bundle:models.tar,
origin_safe_climate_idp_v1,results/experiments/origin_safe_climate_idp_v1/runs/climate_no_history/0m/batches/2022/model_phase4_worse.ubj,4227908,619f1ddb4562fd6db680a66bde8e44b2d47193bd2c4f91f5b26ac59d1c471faa,booster,bundle:models.tar,
origin_safe_climate_idp_v1,results/experiments/origin_safe_climate_idp_v1/runs/climate_no_history/0m/batches/2022/model_phase5_worse.ubj,434816,b709db510bc718ac37296008625034d88ba2a15c9b6b9bf62a30cfa72a095ef5,booster,bundle:models.tar,
origin_safe_climate_idp_v1,results/experiments/origin_safe_climate_idp_v1/runs/climate_no_history/0m/batches/2022/predictions.csv,1472140,d54074c2fb9ca214164ef25aeec8b10196ee9473f14d4a0740accd1fe59b86ad,predictions,archive:predictions,
origin_safe_climate_idp_v1,results/experiments/origin_safe_climate_idp_v1/runs/climate_no_history/0m/batches/2023/batch_record.json,1603,2811600eaae0f26b773caaf74a4aa79f5888c4106ee6ed3174540e461030d81b,model_recipe_member,bundle:models.tar,
origin_safe_climate_idp_v1,results/experiments/origin_safe_climate_idp_v1/runs/climate_no_history/0m/batches/2023/fit_keys.csv.gz,78330,488d3618a60b2e4e136ba477c41390baebae52c2930f466722537503b02a4bf3,model_recipe_member,bundle:models.tar,
origin_safe_climate_idp_v1,results/experiments/origin_safe_climate_idp_v1/runs/climate_no_history/0m/batches/2023/model_phase2_worse.ubj,7066542,3c6d22b5b8a43a95578b31073450a5dbbfb5a765e230137a3bedfcdf101efb1e,booster,bundle:models.tar,
origin_safe_climate_idp_v1,results/experiments/origin_safe_climate_idp_v1/runs/climate_no_history/0m/batches/2023/model_phase3_worse.ubj,321480,a4eae38c2a5ade46e1cd38cefabb5dc5269d553db2f0264bc55e18479ac73275,booster,bundle:models.tar,
origin_safe_climate_idp_v1,results/experiments/origin_safe_climate_idp_v1/runs/climate_no_history/0m/batches/2023/model_phase4_worse.ubj,5001141,6700a011eb60c439ef091ed374521fa2e373683e596aa606c7dace3d24e6c534,booster,bundle:models.tar,
origin_safe_climate_idp_v1,results/experiments/origin_safe_climate_idp_v1/runs/climate_no_history/0m/batches/2023/model_phase5_worse.ubj,765887,4cc8b8e45ac4b84466eea63ed25766b02a7b6d4071eb514d8a47707ab00ab5c9,booster,bundle:models.tar,
origin_safe_climate_idp_v1,results/experiments/origin_safe_climate_idp_v1/runs/climate_no_history/0m/batches/2023/predictions.csv,1579886,15198bf5d36e603ab8286f238429eb2f96caf0836ce740a747c0145e1b158b17,predictions,archive:predictions,
origin_safe_climate_idp_v1,results/experiments/origin_safe_climate_idp_v1/runs/climate_no_history/0m/batches/2024/batch_record.json,1603,5939672ad44b657cf99aa5d9ad2a439758c340b83dea6958bdc6b816250e4dea,model_recipe_member,bundle:models.tar,
origin_safe_climate_idp_v1,results/experiments/origin_safe_climate_idp_v1/runs/climate_no_history/0m/batches/2024/fit_keys.csv.gz,97188,e0d6b13a216f3a0d9635859b2af6ee46bf3b1bef14159845bce6d6d32ceff8d3,model_recipe_member,bundle:models.tar,
origin_safe_climate_idp_v1,results/experiments/origin_safe_climate_idp_v1/runs/climate_no_history/0m/batches/2024/model_phase2_worse.ubj,7568746,75e4a8490b6e0f40982601fa06dec58b28268fab89627016d0c808bfbfb4c55e,booster,bundle:models.tar,
origin_safe_climate_idp_v1,results/experiments/origin_safe_climate_idp_v1/runs/climate_no_history/0m/batches/2024/model_phase3_worse.ubj,333652,1d468897d07e414a12bdde2515e17448c3319220aaaf9ab11fc0f8fa0c6a4b73,booster,bundle:models.tar,
origin_safe_climate_idp_v1,results/experiments/origin_safe_climate_idp_v1/runs/climate_no_history/0m/batches/2024/model_phase4_worse.ubj,5318426,807e342c2caa942e16ca08efea8801cacc56802c536ad4643b1e4b4e74196329,booster,bundle:models.tar,
origin_safe_climate_idp_v1,results/experiments/origin_safe_climate_idp_v1/runs/climate_no_history/0m/batches/2024/model_phase5_worse.ubj,960851,495109f0666421068c945b2a1f443433a5b33014a7bf0a0a90e45b3f442039f5,booster,bundle:models.tar,
origin_safe_climate_idp_v1,results/experiments/origin_safe_climate_idp_v1/runs/climate_no_history/0m/batches/2024/predictions.csv,1327971,51301a9b8152e9b66e9c08405f08bc0bd7287cf71daebc80e93856e849fa842f,predictions,archive:predictions,
origin_safe_climate_idp_v1,results/experiments/origin_safe_climate_idp_v1/runs/climate_no_history/0m/batches/2025/batch_record.json,1604,5cef198507aaeff1bb694a261eedb62eabf27db7a723ea2c658c9229213c07b8,model_recipe_member,bundle:models.tar,
origin_safe_climate_idp_v1,results/experiments/origin_safe_climate_idp_v1/runs/climate_no_history/0m/batches/2025/fit_keys.csv.gz,113219,13b5d2d1a64c752dde84a169502f18133da7fb8aab9b2b9c4eef5e136def9be3,model_recipe_member,bundle:models.tar,
origin_safe_climate_idp_v1,results/experiments/origin_safe_climate_idp_v1/runs/climate_no_history/0m/batches/2025/model_phase2_worse.ubj,8346211,523064c642c888816caeb03deeb719dd832f51302116dd273acd2c06d5ae576e,booster,bundle:models.tar,
origin_safe_climate_idp_v1,results/experiments/origin_safe_climate_idp_v1/runs/climate_no_history/0m/batches/2025/model_phase3_worse.ubj,328894,f0ae5190a4db29ac4e56b986040f3c776a14506f42760757eaac805fa056a218,booster,bundle:models.tar,
origin_safe_climate_idp_v1,results/experiments/origin_safe_climate_idp_v1/runs/climate_no_history/0m/batches/2025/model_phase4_worse.ubj,6130855,4a470fd2916f04cbf0f51ab2abc58ae61cb9259c5a38ddc9f35a6aab75a08d35,booster,bundle:models.tar,
origin_safe_climate_idp_v1,results/experiments/origin_safe_climate_idp_v1/runs/climate_no_history/0m/batches/2025/model_phase5_worse.ubj,988565,79c9ece7d04a0438d0458e4d1eb6d31f75f4db128749cd5d50adc2b8e56d43c3,booster,bundle:models.tar,
origin_safe_climate_idp_v1,results/experiments/origin_safe_climate_idp_v1/runs/climate_no_history/0m/batches/2025/predictions.csv,2910666,1ee8394167ae187722dca5c1fa689e780120591830e83813e5e6830a7bf93e48,predictions,archive:predictions,
origin_safe_climate_idp_v1,results/experiments/origin_safe_climate_idp_v1/runs/climate_no_history/0m/metrics/metrics_overall.csv,1569,7c6a4d48ab393918ef74bea705da73cefb1d935c0cfe7ead98bf437a64a22cfa,metric_or_report,archive:metrics (values extracted by explicit field selection),
origin_safe_climate_idp_v1,results/experiments/origin_safe_climate_idp_v1/runs/climate_no_history/0m/metrics/metrics_overall_pre_a03.csv,1345,ba89058c3ed0f0a7def241661af2473e47c58ce0b059579bf37348fa6304694c,metric_or_report,archive:metrics (values extracted by explicit field selection),
origin_safe_climate_idp_v1,results/experiments/origin_safe_climate_idp_v1/runs/climate_no_history/0m/metrics/metrics_recomputed.json,661,c77a00796957e45187141993087c60c65133f5cf90251b2f36b8cf65af2f186e,metric_or_report,archive:metrics (values extracted by explicit field selection),
origin_safe_climate_idp_v1,results/experiments/origin_safe_climate_idp_v1/runs/climate_no_history/0m/predictions/predictions_2022.csv,1472140,d54074c2fb9ca214164ef25aeec8b10196ee9473f14d4a0740accd1fe59b86ad,predictions,archive:predictions,
origin_safe_climate_idp_v1,results/experiments/origin_safe_climate_idp_v1/runs/climate_no_history/0m/predictions/predictions_2023.csv,1579886,15198bf5d36e603ab8286f238429eb2f96caf0836ce740a747c0145e1b158b17,predictions,archive:predictions,
origin_safe_climate_idp_v1,results/experiments/origin_safe_climate_idp_v1/runs/climate_no_history/0m/predictions/predictions_2024.csv,1327971,51301a9b8152e9b66e9c08405f08bc0bd7287cf71daebc80e93856e849fa842f,predictions,archive:predictions,
origin_safe_climate_idp_v1,results/experiments/origin_safe_climate_idp_v1/runs/climate_no_history/0m/predictions/predictions_2025.csv,2910666,1ee8394167ae187722dca5c1fa689e780120591830e83813e5e6830a7bf93e48,predictions,archive:predictions,
origin_safe_climate_idp_v1,results/experiments/origin_safe_climate_idp_v1/runs/climate_no_history/12m/run_metadata.json,36747,bf89dcd95839efc5519b4f0d4ba5f00a1cf2ceeccd129c80271132896ed271b4,model_recipe_member,bundle:models.tar,
origin_safe_climate_idp_v1,results/experiments/origin_safe_climate_idp_v1/runs/climate_no_history/12m/batches/2022/batch_record.json,1604,494862a13138c59ef07a2711e3b7830d10a9bdcd12b39f1ae0fb2c6b0acbbe0d,model_recipe_member,bundle:models.tar,
origin_safe_climate_idp_v1,results/experiments/origin_safe_climate_idp_v1/runs/climate_no_history/12m/batches/2022/fit_keys.csv.gz,51715,1128a316b3edb8a997f4bfd02ed383de59abd8342b17ccb6e6d2d934f80ef873,model_recipe_member,bundle:models.tar,
origin_safe_climate_idp_v1,results/experiments/origin_safe_climate_idp_v1/runs/climate_no_history/12m/batches/2022/model_phase2_worse.ubj,6046650,70333fb514d6981db19648c004a3725b65123910c19819163ba18371c41d1f7d,booster,bundle:models.tar,
origin_safe_climate_idp_v1,results/experiments/origin_safe_climate_idp_v1/runs/climate_no_history/12m/batches/2022/model_phase3_worse.ubj,284194,ab8ceae1ba6ca2c8dfc9122105e9b0514ef7a2973eb39c7b9a9f767a2469d428,booster,bundle:models.tar,
origin_safe_climate_idp_v1,results/experiments/origin_safe_climate_idp_v1/runs/climate_no_history/12m/batches/2022/model_phase4_worse.ubj,3943175,2d38cb6740b103cb987166b2cd89ff77ca8eba0f64851a5f2620c8b78600e30c,booster,bundle:models.tar,
origin_safe_climate_idp_v1,results/experiments/origin_safe_climate_idp_v1/runs/climate_no_history/12m/batches/2022/model_phase5_worse.ubj,374612,24b4e227880e43ed75334c3e9f2432dc9bf79985fe5f166951c8ec3d685ce938,booster,bundle:models.tar,
origin_safe_climate_idp_v1,results/experiments/origin_safe_climate_idp_v1/runs/climate_no_history/12m/batches/2022/predictions.csv,1476278,05c1cd8620b7744eaf2912db36d6a152593ebcdc1bffb82ef6d1859f5bca4151,predictions,archive:predictions,
origin_safe_climate_idp_v1,results/experiments/origin_safe_climate_idp_v1/runs/climate_no_history/12m/batches/2023/batch_record.json,1603,538663cb6c8a20532607fff46b9c61926be659b99f0deb37342552c008c73163,model_recipe_member,bundle:models.tar,
origin_safe_climate_idp_v1,results/experiments/origin_safe_climate_idp_v1/runs/climate_no_history/12m/batches/2023/fit_keys.csv.gz,64535,a78f939eda6702ba1545838c5de1a884bc74e8ac0c46b9a69ec7619b7a682055,model_recipe_member,bundle:models.tar,
origin_safe_climate_idp_v1,results/experiments/origin_safe_climate_idp_v1/runs/climate_no_history/12m/batches/2023/model_phase2_worse.ubj,6772429,269ac21597fe55a36390a8c1749ed24ea93cc18181ed2b4aa2af78da6948993d,booster,bundle:models.tar,
origin_safe_climate_idp_v1,results/experiments/origin_safe_climate_idp_v1/runs/climate_no_history/12m/batches/2023/model_phase3_worse.ubj,285962,9a83d9f7f26089dc0c09c80d1aa87164ec39bd0c30ec1cc85650ce7bdc6a1781,booster,bundle:models.tar,
origin_safe_climate_idp_v1,results/experiments/origin_safe_climate_idp_v1/runs/climate_no_history/12m/batches/2023/model_phase4_worse.ubj,4278416,3b7e0158d4bea554a67bae9af23f16736bc4d646b986f7e495150b489ca6b355,booster,bundle:models.tar,
origin_safe_climate_idp_v1,results/experiments/origin_safe_climate_idp_v1/runs/climate_no_history/12m/batches/2023/model_phase5_worse.ubj,400803,bb22a7ee94085c0c0e4ddf0df0601e13de82e221cf683fd41ff10b12619fd7f3,booster,bundle:models.tar,
origin_safe_climate_idp_v1,results/experiments/origin_safe_climate_idp_v1/runs/climate_no_history/12m/batches/2023/predictions.csv,1584413,4781efe60b10057ca0833b51a4567ca476d2d684d8eadfab5ff4b7e108f7e2e0,predictions,archive:predictions,
origin_safe_climate_idp_v1,results/experiments/origin_safe_climate_idp_v1/runs/climate_no_history/12m/batches/2024/batch_record.json,1604,c4f4abf02c1fea1bc28be28a3733b308feb8699aa3c78626cd1fbb496d0c4de8,model_recipe_member,bundle:models.tar,
origin_safe_climate_idp_v1,results/experiments/origin_safe_climate_idp_v1/runs/climate_no_history/12m/batches/2024/fit_keys.csv.gz,84095,bcaa49ab9c49c7e9794cf34a8ba6cdf86ab1c8dc933283033bd39172164777d3,model_recipe_member,bundle:models.tar,
origin_safe_climate_idp_v1,results/experiments/origin_safe_climate_idp_v1/runs/climate_no_history/12m/batches/2024/model_phase2_worse.ubj,7340855,59f91a8795a37120437b85637924ff7deff0d8290d67df91e455756a6b0bfacf,booster,bundle:models.tar,
origin_safe_climate_idp_v1,results/experiments/origin_safe_climate_idp_v1/runs/climate_no_history/12m/batches/2024/model_phase3_worse.ubj,329903,3ad2369fab6901b793858db0d151d0459a4a23d2a96645ee75d56723ec7b5b8d,booster,bundle:models.tar,
origin_safe_climate_idp_v1,results/experiments/origin_safe_climate_idp_v1/runs/climate_no_history/12m/batches/2024/model_phase4_worse.ubj,5324341,903dbf7d2526db6be803e94d0568385da098e010f4c05123925e52e1b4a35c70,booster,bundle:models.tar,
origin_safe_climate_idp_v1,results/experiments/origin_safe_climate_idp_v1/runs/climate_no_history/12m/batches/2024/model_phase5_worse.ubj,875690,bb4424a4d415fa19c85d5691182b58c6a8ad1e2af17a328c5f5b999600046654,booster,bundle:models.tar,
origin_safe_climate_idp_v1,results/experiments/origin_safe_climate_idp_v1/runs/climate_no_history/12m/batches/2024/predictions.csv,1332466,2e517747fd461541eadd9bfb2d82320a959632efc8aad5e20cf1d3093488e1a8,predictions,archive:predictions,
origin_safe_climate_idp_v1,results/experiments/origin_safe_climate_idp_v1/runs/climate_no_history/12m/batches/2025/batch_record.json,1605,1c17ea22f59dc30caeab307b3f3c2a8e9300de5759923d1219af2c48db1a4eb1,model_recipe_member,bundle:models.tar,
origin_safe_climate_idp_v1,results/experiments/origin_safe_climate_idp_v1/runs/climate_no_history/12m/batches/2025/fit_keys.csv.gz,101815,d042b245dd250d15777aca5d71156be7bfd862155b741ecd89ac19f3823e8918,model_recipe_member,bundle:models.tar,
origin_safe_climate_idp_v1,results/experiments/origin_safe_climate_idp_v1/runs/climate_no_history/12m/batches/2025/model_phase2_worse.ubj,7773834,b440ce2d9e07ff5e20c8f185c26a76a21422d0428b19ed9e1e27921c0043eb92,booster,bundle:models.tar,
origin_safe_climate_idp_v1,results/experiments/origin_safe_climate_idp_v1/runs/climate_no_history/12m/batches/2025/model_phase3_worse.ubj,336979,23122f49d96ca7015c740f67d139dee8130f9d1096443c143fed87811254a3b9,booster,bundle:models.tar,
origin_safe_climate_idp_v1,results/experiments/origin_safe_climate_idp_v1/runs/climate_no_history/12m/batches/2025/model_phase4_worse.ubj,5986196,966967c1ae614e6d59a4bf165c0769ee57f4a1130b2a81cb23c7a72e063dfb75,booster,bundle:models.tar,
origin_safe_climate_idp_v1,results/experiments/origin_safe_climate_idp_v1/runs/climate_no_history/12m/batches/2025/model_phase5_worse.ubj,969092,b746d00499d3ea366b8a58f7ec945db3e0f3b7bdb407ce42a1eb28730076f132,booster,bundle:models.tar,
origin_safe_climate_idp_v1,results/experiments/origin_safe_climate_idp_v1/runs/climate_no_history/12m/batches/2025/predictions.csv,2918869,dbb2bdd306a4d0d654de9f7a5264aa5309d5390f0418b1925e8ee06eb4b9e7a7,predictions,archive:predictions,
origin_safe_climate_idp_v1,results/experiments/origin_safe_climate_idp_v1/runs/climate_no_history/12m/metrics/metrics_overall.csv,1569,6f6b737eeca24cdfe24344828425ef268507bc4bb26d5cb60e892dd2e7014951,metric_or_report,archive:metrics (values extracted by explicit field selection),
origin_safe_climate_idp_v1,results/experiments/origin_safe_climate_idp_v1/runs/climate_no_history/12m/metrics/metrics_overall_pre_a03.csv,1345,3e68c6a8824ad4a9ccc46fcbff0a3da73fb3a0b86ebf8692a8d178c45f0732f2,metric_or_report,archive:metrics (values extracted by explicit field selection),
origin_safe_climate_idp_v1,results/experiments/origin_safe_climate_idp_v1/runs/climate_no_history/12m/metrics/metrics_recomputed.json,661,0986935fbdaec5617a25d6eb7854b5e2b2086e10b0cf03a0009b565e3daed5e0,metric_or_report,archive:metrics (values extracted by explicit field selection),
origin_safe_climate_idp_v1,results/experiments/origin_safe_climate_idp_v1/runs/climate_no_history/12m/predictions/predictions_2022.csv,1476278,05c1cd8620b7744eaf2912db36d6a152593ebcdc1bffb82ef6d1859f5bca4151,predictions,archive:predictions,
origin_safe_climate_idp_v1,results/experiments/origin_safe_climate_idp_v1/runs/climate_no_history/12m/predictions/predictions_2023.csv,1584413,4781efe60b10057ca0833b51a4567ca476d2d684d8eadfab5ff4b7e108f7e2e0,predictions,archive:predictions,
origin_safe_climate_idp_v1,results/experiments/origin_safe_climate_idp_v1/runs/climate_no_history/12m/predictions/predictions_2024.csv,1332466,2e517747fd461541eadd9bfb2d82320a959632efc8aad5e20cf1d3093488e1a8,predictions,archive:predictions,
origin_safe_climate_idp_v1,results/experiments/origin_safe_climate_idp_v1/runs/climate_no_history/12m/predictions/predictions_2025.csv,2918869,dbb2bdd306a4d0d654de9f7a5264aa5309d5390f0418b1925e8ee06eb4b9e7a7,predictions,archive:predictions,
origin_safe_climate_idp_v1,results/experiments/origin_safe_climate_idp_v1/runs/climate_no_history/3m/run_metadata.json,47215,aa0d793f07964b0da0014d5826034cd3e06190c59fb3d588bc70fe4f613a353e,model_recipe_member,bundle:models.tar,
origin_safe_climate_idp_v1,results/experiments/origin_safe_climate_idp_v1/runs/climate_no_history/3m/batches/2022/batch_record.json,1603,5d13026ab04a206c514f6e6c4b4f7920347d30c0891464f0017ab84545a54d36,model_recipe_member,bundle:models.tar,
origin_safe_climate_idp_v1,results/experiments/origin_safe_climate_idp_v1/runs/climate_no_history/3m/batches/2022/fit_keys.csv.gz,59380,4346d79bf2fb12c6a8bb3c53ce09e081830e188cacbb593aeef592b698a240f8,model_recipe_member,bundle:models.tar,
origin_safe_climate_idp_v1,results/experiments/origin_safe_climate_idp_v1/runs/climate_no_history/3m/batches/2022/model_phase2_worse.ubj,6337776,065f421b76ce078efdc339b4449dd33eb81b1bc79681698814d04fe94a3170c2,booster,bundle:models.tar,
origin_safe_climate_idp_v1,results/experiments/origin_safe_climate_idp_v1/runs/climate_no_history/3m/batches/2022/model_phase3_worse.ubj,300598,985e7f525c1e2d77c754d0a47be0f4ef3dffde164b71015a8903d321a8f21ed3,booster,bundle:models.tar,
origin_safe_climate_idp_v1,results/experiments/origin_safe_climate_idp_v1/runs/climate_no_history/3m/batches/2022/model_phase4_worse.ubj,4139365,a3abbea9cce2346981519514ec73037d238b0d4fb6f13e24d8b66b757728662e,booster,bundle:models.tar,
origin_safe_climate_idp_v1,results/experiments/origin_safe_climate_idp_v1/runs/climate_no_history/3m/batches/2022/model_phase5_worse.ubj,420875,b7dc3aaa5df0a930e96457736fd080bed6c967342b6245e6a97571e8aacc4c53,booster,bundle:models.tar,
origin_safe_climate_idp_v1,results/experiments/origin_safe_climate_idp_v1/runs/climate_no_history/3m/batches/2022/predictions.csv,1471572,c0124e266381f7515b5229eb8d66d8de7b5b8a7c3c43dfeb6ff7e62f60a2a39e,predictions,archive:predictions,
origin_safe_climate_idp_v1,results/experiments/origin_safe_climate_idp_v1/runs/climate_no_history/3m/batches/2023/batch_record.json,1603,894bea87c724906bdf8257725d62767b95b44f2ccbf2c6894de5ec4b40319b1c,model_recipe_member,bundle:models.tar,
origin_safe_climate_idp_v1,results/experiments/origin_safe_climate_idp_v1/runs/climate_no_history/3m/batches/2023/fit_keys.csv.gz,77380,381a254018959aea63639b2bfbd28109598d760d1d35be17bee70d102bcdd0c8,model_recipe_member,bundle:models.tar,
origin_safe_climate_idp_v1,results/experiments/origin_safe_climate_idp_v1/runs/climate_no_history/3m/batches/2023/model_phase2_worse.ubj,6843225,f380de691e7e8122d637d4626a7d5016f96cbea6e97497b6dcc2871c86cfd27b,booster,bundle:models.tar,
origin_safe_climate_idp_v1,results/experiments/origin_safe_climate_idp_v1/runs/climate_no_history/3m/batches/2023/model_phase3_worse.ubj,331477,5a12f2499ba28b59878bc2366b1f90bcbc540fa3cd09c901a319d3785c038416,booster,bundle:models.tar,
origin_safe_climate_idp_v1,results/experiments/origin_safe_climate_idp_v1/runs/climate_no_history/3m/batches/2023/model_phase4_worse.ubj,5017738,9274093765a8bb4359c4efe6ddc9fb900c80bf8594ce3e9b37f6c93a4aad39a8,booster,bundle:models.tar,
origin_safe_climate_idp_v1,results/experiments/origin_safe_climate_idp_v1/runs/climate_no_history/3m/batches/2023/model_phase5_worse.ubj,764222,e203e6cc6af55a471a56bbd48f3a611c10dc1d4bbd1eecffe0a6379fd5945cf1,booster,bundle:models.tar,
origin_safe_climate_idp_v1,results/experiments/origin_safe_climate_idp_v1/runs/climate_no_history/3m/batches/2023/predictions.csv,1577886,5ff67bc541ad17b4b4e4246e5c7f924b5e9542d11a2e99ebe8023b8b055a1c2d,predictions,archive:predictions,
origin_safe_climate_idp_v1,results/experiments/origin_safe_climate_idp_v1/runs/climate_no_history/3m/batches/2024/batch_record.json,1602,91efcf4dac63ba02d2a425a64a3f6eee84d32f844caac3811d714d4d6f24bb8a,model_recipe_member,bundle:models.tar,
origin_safe_climate_idp_v1,results/experiments/origin_safe_climate_idp_v1/runs/climate_no_history/3m/batches/2024/fit_keys.csv.gz,95664,3294e8b8a2e13bd49ad083e790c3a02ddb36e9b726055d129db40bb806390c9e,model_recipe_member,bundle:models.tar,
origin_safe_climate_idp_v1,results/experiments/origin_safe_climate_idp_v1/runs/climate_no_history/3m/batches/2024/model_phase2_worse.ubj,7428039,75e4bedc5a7d57349bb9732f59c52d22676aa9b2d3299f773291329fa2fa6be4,booster,bundle:models.tar,
origin_safe_climate_idp_v1,results/experiments/origin_safe_climate_idp_v1/runs/climate_no_history/3m/batches/2024/model_phase3_worse.ubj,346511,6a2dbb480b038ce1cb808bc2d6487f539e939884030d977a031840bf7e3fb46f,booster,bundle:models.tar,
origin_safe_climate_idp_v1,results/experiments/origin_safe_climate_idp_v1/runs/climate_no_history/3m/batches/2024/model_phase4_worse.ubj,5497410,d6c2ad165594158d67eb9a28be8fd54848fe972f40e920978ca336b06c087cf3,booster,bundle:models.tar,
origin_safe_climate_idp_v1,results/experiments/origin_safe_climate_idp_v1/runs/climate_no_history/3m/batches/2024/model_phase5_worse.ubj,930527,26dffed35e8a42af55faff9474734d4f6e0e539e137799a83b171ab9606beec1,booster,bundle:models.tar,
origin_safe_climate_idp_v1,results/experiments/origin_safe_climate_idp_v1/runs/climate_no_history/3m/batches/2024/predictions.csv,1328882,bb715147a1f32945dba18c667a28c19296fdae03c137ce6a227d054c54e8cc27,predictions,archive:predictions,
origin_safe_climate_idp_v1,results/experiments/origin_safe_climate_idp_v1/runs/climate_no_history/3m/batches/2025/batch_record.json,1605,2ca309420a242bfd1491260e6bac75159f9dbc02d4679f9429cb2bed6ce7b6da,model_recipe_member,bundle:models.tar,
origin_safe_climate_idp_v1,results/experiments/origin_safe_climate_idp_v1/runs/climate_no_history/3m/batches/2025/fit_keys.csv.gz,111179,6e136b1c96000b0e0eac62d5a5d34deef27f75afe41537d46474e3c371ab8f3f,model_recipe_member,bundle:models.tar,
origin_safe_climate_idp_v1,results/experiments/origin_safe_climate_idp_v1/runs/climate_no_history/3m/batches/2025/model_phase2_worse.ubj,8300093,0be6618578b14e279e5f8720836a4fb28c556b08c55173c6f96d5c7ca6f15088,booster,bundle:models.tar,
origin_safe_climate_idp_v1,results/experiments/origin_safe_climate_idp_v1/runs/climate_no_history/3m/batches/2025/model_phase3_worse.ubj,343449,5fd7b9d4d43f2dde264a1c00d271b539b000cec8ad0b8eee148ccc82a68756e9,booster,bundle:models.tar,
origin_safe_climate_idp_v1,results/experiments/origin_safe_climate_idp_v1/runs/climate_no_history/3m/batches/2025/model_phase4_worse.ubj,5986817,4bb9989c7ddf3bceadb9f3a351bd3325d26d6fc163b652273c89917f589b373f,booster,bundle:models.tar,
origin_safe_climate_idp_v1,results/experiments/origin_safe_climate_idp_v1/runs/climate_no_history/3m/batches/2025/model_phase5_worse.ubj,1017226,60340a6d90c7ae79360fea2abf9446f4838f08693cceca2092ff14a5f60b1cdb,booster,bundle:models.tar,
origin_safe_climate_idp_v1,results/experiments/origin_safe_climate_idp_v1/runs/climate_no_history/3m/batches/2025/predictions.csv,2908592,d4bfe54c99fd52847a9e4e5c562eec68e56db5ee635147d63977eac4b9fde555,predictions,archive:predictions,
origin_safe_climate_idp_v1,results/experiments/origin_safe_climate_idp_v1/runs/climate_no_history/3m/metrics/metrics_overall.csv,1564,e5630e270e72580372d8eb395d09a0ce4b93b8b9a9fb69f8364e9b92c29d50fa,metric_or_report,archive:metrics (values extracted by explicit field selection),
origin_safe_climate_idp_v1,results/experiments/origin_safe_climate_idp_v1/runs/climate_no_history/3m/metrics/metrics_overall_pre_a03.csv,1340,87a703bac69c07b27e3c90bbfba01546012844d303a1a055d25e73a27a74e8e6,metric_or_report,archive:metrics (values extracted by explicit field selection),
origin_safe_climate_idp_v1,results/experiments/origin_safe_climate_idp_v1/runs/climate_no_history/3m/metrics/metrics_recomputed.json,661,f4b28d2a7c7c9c892de1a8446e8a07f2743136d1a646d806f30be381ea9825ba,metric_or_report,archive:metrics (values extracted by explicit field selection),
origin_safe_climate_idp_v1,results/experiments/origin_safe_climate_idp_v1/runs/climate_no_history/3m/predictions/predictions_2022.csv,1471572,c0124e266381f7515b5229eb8d66d8de7b5b8a7c3c43dfeb6ff7e62f60a2a39e,predictions,archive:predictions,
origin_safe_climate_idp_v1,results/experiments/origin_safe_climate_idp_v1/runs/climate_no_history/3m/predictions/predictions_2023.csv,1577886,5ff67bc541ad17b4b4e4246e5c7f924b5e9542d11a2e99ebe8023b8b055a1c2d,predictions,archive:predictions,
origin_safe_climate_idp_v1,results/experiments/origin_safe_climate_idp_v1/runs/climate_no_history/3m/predictions/predictions_2024.csv,1328882,bb715147a1f32945dba18c667a28c19296fdae03c137ce6a227d054c54e8cc27,predictions,archive:predictions,
origin_safe_climate_idp_v1,results/experiments/origin_safe_climate_idp_v1/runs/climate_no_history/3m/predictions/predictions_2025.csv,2908592,d4bfe54c99fd52847a9e4e5c562eec68e56db5ee635147d63977eac4b9fde555,predictions,archive:predictions,
origin_safe_climate_idp_v1,results/experiments/origin_safe_climate_idp_v1/runs/climate_no_history/6m/run_metadata.json,47211,649b7cf4e1547016facf58c4ded93760a707d59558fdf5a43ea8fc78e4115c11,model_recipe_member,bundle:models.tar,
origin_safe_climate_idp_v1,results/experiments/origin_safe_climate_idp_v1/runs/climate_no_history/6m/batches/2022/batch_record.json,1601,efdac1084199bf84660d26f95b78ff04b9802284ebc1ba774aed9cfcf6537571,model_recipe_member,bundle:models.tar,
origin_safe_climate_idp_v1,results/experiments/origin_safe_climate_idp_v1/runs/climate_no_history/6m/batches/2022/fit_keys.csv.gz,54692,41b2accfe3fce08d68af3f7c5029490b3943a524d6e96e80f3906fd085378f54,model_recipe_member,bundle:models.tar,
origin_safe_climate_idp_v1,results/experiments/origin_safe_climate_idp_v1/runs/climate_no_history/6m/batches/2022/model_phase2_worse.ubj,6283371,da20448b116f2e08524278e50ca2daf51d0a133369c1c943eb0825d8a59c2754,booster,bundle:models.tar,
origin_safe_climate_idp_v1,results/experiments/origin_safe_climate_idp_v1/runs/climate_no_history/6m/batches/2022/model_phase3_worse.ubj,296786,7ae09334820c4f7e08602d4a4472c17eee988a24f9b515eff2edeba885a036f8,booster,bundle:models.tar,
origin_safe_climate_idp_v1,results/experiments/origin_safe_climate_idp_v1/runs/climate_no_history/6m/batches/2022/model_phase4_worse.ubj,4019956,e44a2c92ffb0a5133f71e5d9cfd2defd52285fa7b542b22de1dba66b18fb64cc,booster,bundle:models.tar,
origin_safe_climate_idp_v1,results/experiments/origin_safe_climate_idp_v1/runs/climate_no_history/6m/batches/2022/model_phase5_worse.ubj,425766,bbeea42bd790c245e3bc19560c1b63cb1dbcba2e641ba7b6c3e19af8ee62b699,booster,bundle:models.tar,
origin_safe_climate_idp_v1,results/experiments/origin_safe_climate_idp_v1/runs/climate_no_history/6m/batches/2022/predictions.csv,1470975,b4e903d14e9826612f1ed948114646a4c7548175742dbd429e2d556b07417806,predictions,archive:predictions,
origin_safe_climate_idp_v1,results/experiments/origin_safe_climate_idp_v1/runs/climate_no_history/6m/batches/2023/batch_record.json,1603,dc94e368231cf67b67456549fcabc2ecdce54d76c17ece447fc85774ed2198a6,model_recipe_member,bundle:models.tar,
origin_safe_climate_idp_v1,results/experiments/origin_safe_climate_idp_v1/runs/climate_no_history/6m/batches/2023/fit_keys.csv.gz,69527,a27d1a0c16e07f31bf0ad40e68e9350fec5895eb3631061151b6dd9e2b7fccfa,model_recipe_member,bundle:models.tar,
origin_safe_climate_idp_v1,results/experiments/origin_safe_climate_idp_v1/runs/climate_no_history/6m/batches/2023/model_phase2_worse.ubj,6490571,dd43776f7341b52834f19dcb9c0baae99fbef236a8bb345f28173ac24a881937,booster,bundle:models.tar,
origin_safe_climate_idp_v1,results/experiments/origin_safe_climate_idp_v1/runs/climate_no_history/6m/batches/2023/model_phase3_worse.ubj,316107,2d999cfaff5194a69d4a1b21a50b02c8cfc3f68a77e18eeaed6619cd0c272d47,booster,bundle:models.tar,
origin_safe_climate_idp_v1,results/experiments/origin_safe_climate_idp_v1/runs/climate_no_history/6m/batches/2023/model_phase4_worse.ubj,4431295,57352cc66a361458b4d421d6296e9bbac0da6f343f36f3739cf087938159985c,booster,bundle:models.tar,
origin_safe_climate_idp_v1,results/experiments/origin_safe_climate_idp_v1/runs/climate_no_history/6m/batches/2023/model_phase5_worse.ubj,617946,9010954919d07f6dc3127fed051134345c5181352751f22826291b81dcee6b16,booster,bundle:models.tar,
origin_safe_climate_idp_v1,results/experiments/origin_safe_climate_idp_v1/runs/climate_no_history/6m/batches/2023/predictions.csv,1577522,f00b62290dd5764585a929ef4d94366df35979ec40f20b2382d90c87f003d17a,predictions,archive:predictions,
origin_safe_climate_idp_v1,results/experiments/origin_safe_climate_idp_v1/runs/climate_no_history/6m/batches/2024/batch_record.json,1602,9cf0fe045fde4332fc0eb927e8da8df52995717852bf7126b1b1a347b787979b,model_recipe_member,bundle:models.tar,
origin_safe_climate_idp_v1,results/experiments/origin_safe_climate_idp_v1/runs/climate_no_history/6m/batches/2024/fit_keys.csv.gz,88860,1c7229ac82a9b37f5e2f93e56920c14433651aeb57412f77cb34deb4183594f4,model_recipe_member,bundle:models.tar,
origin_safe_climate_idp_v1,results/experiments/origin_safe_climate_idp_v1/runs/climate_no_history/6m/batches/2024/model_phase2_worse.ubj,7585685,a2386975099e871e8edae5d0bb1a36145d9448da12d46655b9eb8217cf9c8d2b,booster,bundle:models.tar,
origin_safe_climate_idp_v1,results/experiments/origin_safe_climate_idp_v1/runs/climate_no_history/6m/batches/2024/model_phase3_worse.ubj,342089,9e7adb0c8bc2987fcd090c66cc705c42c21318a4508cb0d76af2231ef8a58a10,booster,bundle:models.tar,
origin_safe_climate_idp_v1,results/experiments/origin_safe_climate_idp_v1/runs/climate_no_history/6m/batches/2024/model_phase4_worse.ubj,5321016,910ea0dc57e33e28924c432c67c8b0ab87fc6e22c20d1696337b0b50eb864d60,booster,bundle:models.tar,
origin_safe_climate_idp_v1,results/experiments/origin_safe_climate_idp_v1/runs/climate_no_history/6m/batches/2024/model_phase5_worse.ubj,891355,b863075922c1707122c8c3ecf414be218524b2bfa80bfab95475998ef4518ecd,booster,bundle:models.tar,
origin_safe_climate_idp_v1,results/experiments/origin_safe_climate_idp_v1/runs/climate_no_history/6m/batches/2024/predictions.csv,1326045,bbf5ac31d29621fc68ec5ec6ee0c929fe658c48a4dc81aa6b649c9ed5824cbae,predictions,archive:predictions,
origin_safe_climate_idp_v1,results/experiments/origin_safe_climate_idp_v1/runs/climate_no_history/6m/batches/2025/batch_record.json,1603,78a41e64127a72bb06d1a8a11af729aca17e59b880edb94ebc510af3a9b8b81c,model_recipe_member,bundle:models.tar,
origin_safe_climate_idp_v1,results/experiments/origin_safe_climate_idp_v1/runs/climate_no_history/6m/batches/2025/fit_keys.csv.gz,106078,34b0f05fefaff69c3a73cb4b58c67e0e07c453200728944ce65292bfc1b15e4d,model_recipe_member,bundle:models.tar,
origin_safe_climate_idp_v1,results/experiments/origin_safe_climate_idp_v1/runs/climate_no_history/6m/batches/2025/model_phase2_worse.ubj,8026198,c3a361535f58db6b28aaad342bce4657a06137ecc20b6ed60f9598da6f3858df,booster,bundle:models.tar,
origin_safe_climate_idp_v1,results/experiments/origin_safe_climate_idp_v1/runs/climate_no_history/6m/batches/2025/model_phase3_worse.ubj,345899,965191e0a03e7c8d781b1d9fb6b5ce7f52b21cd92d6b70975c88671e780e6df5,booster,bundle:models.tar,
origin_safe_climate_idp_v1,results/experiments/origin_safe_climate_idp_v1/runs/climate_no_history/6m/batches/2025/model_phase4_worse.ubj,5779284,ed09805de2849544d3d1f68bd9ca5b4f1a3649bea073e44415d692ae0b65f3a5,booster,bundle:models.tar,
origin_safe_climate_idp_v1,results/experiments/origin_safe_climate_idp_v1/runs/climate_no_history/6m/batches/2025/model_phase5_worse.ubj,1012532,2ffb6a52be8fbad9c557debf2442771415463f65a79a115118150bc3fed6276c,booster,bundle:models.tar,
origin_safe_climate_idp_v1,results/experiments/origin_safe_climate_idp_v1/runs/climate_no_history/6m/batches/2025/predictions.csv,2906873,8e3633bac3bbfa09cf72ae58ec6391218ff6cc29242e15733fe828ae8623d5ff,predictions,archive:predictions,
origin_safe_climate_idp_v1,results/experiments/origin_safe_climate_idp_v1/runs/climate_no_history/6m/metrics/metrics_overall.csv,1579,a48d7a79ce7131a2535df82c2ac79020f65cb6b51b010393336f91f1430d7acb,metric_or_report,archive:metrics (values extracted by explicit field selection),
origin_safe_climate_idp_v1,results/experiments/origin_safe_climate_idp_v1/runs/climate_no_history/6m/metrics/metrics_overall_pre_a03.csv,1356,27f8be2e2f56e67071843a9c449fa84a47f439c3c91351272dee73b206a9c106,metric_or_report,archive:metrics (values extracted by explicit field selection),
origin_safe_climate_idp_v1,results/experiments/origin_safe_climate_idp_v1/runs/climate_no_history/6m/metrics/metrics_recomputed.json,661,c49260a501501509d8c536a63428301f70a48a8dde2641f7fed09271d97d60e8,metric_or_report,archive:metrics (values extracted by explicit field selection),
origin_safe_climate_idp_v1,results/experiments/origin_safe_climate_idp_v1/runs/climate_no_history/6m/predictions/predictions_2022.csv,1470975,b4e903d14e9826612f1ed948114646a4c7548175742dbd429e2d556b07417806,predictions,archive:predictions,
origin_safe_climate_idp_v1,results/experiments/origin_safe_climate_idp_v1/runs/climate_no_history/6m/predictions/predictions_2023.csv,1577522,f00b62290dd5764585a929ef4d94366df35979ec40f20b2382d90c87f003d17a,predictions,archive:predictions,
origin_safe_climate_idp_v1,results/experiments/origin_safe_climate_idp_v1/runs/climate_no_history/6m/predictions/predictions_2024.csv,1326045,bbf5ac31d29621fc68ec5ec6ee0c929fe658c48a4dc81aa6b649c9ed5824cbae,predictions,archive:predictions,
origin_safe_climate_idp_v1,results/experiments/origin_safe_climate_idp_v1/runs/climate_no_history/6m/predictions/predictions_2025.csv,2906873,8e3633bac3bbfa09cf72ae58ec6391218ff6cc29242e15733fe828ae8623d5ff,predictions,archive:predictions,
origin_safe_climate_idp_v1,results/experiments/origin_safe_climate_idp_v1/runs/climate_safe_history/0m/run_metadata.json,47400,17e201406c0a99da884bd703c6945df3f7ca90455d6a4392f6da070ad391c63f,model_recipe_member,bundle:models.tar,
origin_safe_climate_idp_v1,results/experiments/origin_safe_climate_idp_v1/runs/climate_safe_history/0m/batches/2022/batch_record.json,1605,96a88da628d7850cf9ff64ea6460142fcf83e9f79dc2e3d88bc17e91a660c288,model_recipe_member,bundle:models.tar,
origin_safe_climate_idp_v1,results/experiments/origin_safe_climate_idp_v1/runs/climate_safe_history/0m/batches/2022/fit_keys.csv.gz,61345,aaa552dc64ab2c20a43b110d8563d4f0a6e6a5f09218196bc701ae837228487a,model_recipe_member,bundle:models.tar,
origin_safe_climate_idp_v1,results/experiments/origin_safe_climate_idp_v1/runs/climate_safe_history/0m/batches/2022/model_phase2_worse.ubj,6541085,9da646a37988d3204a133af07f638963c1aebc641b2f5cc132096b154aa64181,booster,bundle:models.tar,
origin_safe_climate_idp_v1,results/experiments/origin_safe_climate_idp_v1/runs/climate_safe_history/0m/batches/2022/model_phase3_worse.ubj,288880,f3007a3501ae235532026f0ddcb087eb0dcb30d919a1ddc1f186f36e6076a1ff,booster,bundle:models.tar,
origin_safe_climate_idp_v1,results/experiments/origin_safe_climate_idp_v1/runs/climate_safe_history/0m/batches/2022/model_phase4_worse.ubj,3890459,df9145ec6ef05d99aa98d2a6f0480c58487a2daf8396feb64a1b4c579b151302,booster,bundle:models.tar,
origin_safe_climate_idp_v1,results/experiments/origin_safe_climate_idp_v1/runs/climate_safe_history/0m/batches/2022/model_phase5_worse.ubj,420787,54a76ccfafe780607599a49f8aa9fb64d55a64e8ba081e98903225b8382750b9,booster,bundle:models.tar,
origin_safe_climate_idp_v1,results/experiments/origin_safe_climate_idp_v1/runs/climate_safe_history/0m/batches/2022/predictions.csv,1481299,aaaff474e4901e6247cbf5ac78893074a69ee97b250942d3933ab6d265619604,predictions,archive:predictions,
origin_safe_climate_idp_v1,results/experiments/origin_safe_climate_idp_v1/runs/climate_safe_history/0m/batches/2023/batch_record.json,1605,2a42640e8061f1b4b6d34b1f4164283a24a3692463ab1c140b48168d07bbd7d7,model_recipe_member,bundle:models.tar,
origin_safe_climate_idp_v1,results/experiments/origin_safe_climate_idp_v1/runs/climate_safe_history/0m/batches/2023/fit_keys.csv.gz,78330,38686b9963874726be80b4edd4ae8a7702500718585051effc83081ee694b599,model_recipe_member,bundle:models.tar,
origin_safe_climate_idp_v1,results/experiments/origin_safe_climate_idp_v1/runs/climate_safe_history/0m/batches/2023/model_phase2_worse.ubj,6798745,1f59b802403b6e58e15f1e1421823b0b482ef5c0cea94ad09e5cd82d7c5d6580,booster,bundle:models.tar,
origin_safe_climate_idp_v1,results/experiments/origin_safe_climate_idp_v1/runs/climate_safe_history/0m/batches/2023/model_phase3_worse.ubj,303103,aa0ac5155a5c0ef0c9b6051f5289bc8f4f9e687febc67de88288e0b5936b8f8a,booster,bundle:models.tar,
origin_safe_climate_idp_v1,results/experiments/origin_safe_climate_idp_v1/runs/climate_safe_history/0m/batches/2023/model_phase4_worse.ubj,4534368,4e88cc88e7dd3abbcaa97344c323c92d896a1e27d052d3b9562e3e16e4d8e7ad,booster,bundle:models.tar,
origin_safe_climate_idp_v1,results/experiments/origin_safe_climate_idp_v1/runs/climate_safe_history/0m/batches/2023/model_phase5_worse.ubj,726213,a9a2e472881cc1d500a19102bb8db3f3d8694e7a39624e10dc270abf619d7cc7,booster,bundle:models.tar,
origin_safe_climate_idp_v1,results/experiments/origin_safe_climate_idp_v1/runs/climate_safe_history/0m/batches/2023/predictions.csv,1593435,22831e00da4506178d89710dd4e561ea956898853390339fb30bdafabe12e43b,predictions,archive:predictions,
origin_safe_climate_idp_v1,results/experiments/origin_safe_climate_idp_v1/runs/climate_safe_history/0m/batches/2024/batch_record.json,1605,3823014828279f0b8dfb5ac0885491998d3d9d8338fe1ae0c2fb0f4da1241c52,model_recipe_member,bundle:models.tar,
origin_safe_climate_idp_v1,results/experiments/origin_safe_climate_idp_v1/runs/climate_safe_history/0m/batches/2024/fit_keys.csv.gz,97188,3c6305b32d3b3d29c02626664320efde09bf6077b881c4584d60691efc2b3c36,model_recipe_member,bundle:models.tar,
origin_safe_climate_idp_v1,results/experiments/origin_safe_climate_idp_v1/runs/climate_safe_history/0m/batches/2024/model_phase2_worse.ubj,7276530,5e044b57613cc4b2715e42801a89ecfea604b7cd0e644afdc33c6300c1e8facf,booster,bundle:models.tar,
origin_safe_climate_idp_v1,results/experiments/origin_safe_climate_idp_v1/runs/climate_safe_history/0m/batches/2024/model_phase3_worse.ubj,310515,f74f1a6461b812edca28cd6836c9aad14475ece98c487a751546f83bd953251d,booster,bundle:models.tar,
origin_safe_climate_idp_v1,results/experiments/origin_safe_climate_idp_v1/runs/climate_safe_history/0m/batches/2024/model_phase4_worse.ubj,5025255,0d02759360fd2f232f0d028468ade108b181bad754f7e7eb468ef5fcd9b08eda,booster,bundle:models.tar,
origin_safe_climate_idp_v1,results/experiments/origin_safe_climate_idp_v1/runs/climate_safe_history/0m/batches/2024/model_phase5_worse.ubj,907091,0ecf1ce40b2c0f20c31dbff0ae4ead16029fefc56f2a4e913bedd508263f2580,booster,bundle:models.tar,
origin_safe_climate_idp_v1,results/experiments/origin_safe_climate_idp_v1/runs/climate_safe_history/0m/batches/2024/predictions.csv,1338580,4e93cf9d69624c6630cf391da0698f198aab7d8facea5edf3843be42716a48bb,predictions,archive:predictions,
origin_safe_climate_idp_v1,results/experiments/origin_safe_climate_idp_v1/runs/climate_safe_history/0m/batches/2025/batch_record.json,1606,96fbd31c4519ddeacd30e3e16e756b28ae0572a66d91466dff2e78cd4c6a2df7,model_recipe_member,bundle:models.tar,
origin_safe_climate_idp_v1,results/experiments/origin_safe_climate_idp_v1/runs/climate_safe_history/0m/batches/2025/fit_keys.csv.gz,113219,c651f2aa0e12752b419286f2bef33d8c6d9cdd9ac2e236d41b4f50dcf5be45a1,model_recipe_member,bundle:models.tar,
origin_safe_climate_idp_v1,results/experiments/origin_safe_climate_idp_v1/runs/climate_safe_history/0m/batches/2025/model_phase2_worse.ubj,8182457,d5fd4f1b88ca796dec5f670cd4a7214cf9df7b9d499013d213ee9d5d489027ce,booster,bundle:models.tar,
origin_safe_climate_idp_v1,results/experiments/origin_safe_climate_idp_v1/runs/climate_safe_history/0m/batches/2025/model_phase3_worse.ubj,303511,fa89ac8d181a21908c27d8992ca35e18f314ece5cd50988055de224103d93707,booster,bundle:models.tar,
origin_safe_climate_idp_v1,results/experiments/origin_safe_climate_idp_v1/runs/climate_safe_history/0m/batches/2025/model_phase4_worse.ubj,5574853,5d660b565986aea072454b6972e9b4965def63da245557f040daf92db93a7907,booster,bundle:models.tar,
origin_safe_climate_idp_v1,results/experiments/origin_safe_climate_idp_v1/runs/climate_safe_history/0m/batches/2025/model_phase5_worse.ubj,936333,b9360498ef4534381e288a15a72cae74cfa41088d48487158c4aed52c1bab0be,booster,bundle:models.tar,
origin_safe_climate_idp_v1,results/experiments/origin_safe_climate_idp_v1/runs/climate_safe_history/0m/batches/2025/predictions.csv,2934127,ce9ee84e0962e476e1b697a7efdb59c2af5fa50b5f595bde11ffd21925f01643,predictions,archive:predictions,
origin_safe_climate_idp_v1,results/experiments/origin_safe_climate_idp_v1/runs/climate_safe_history/0m/metrics/metrics_overall.csv,1578,b06e2ba176c46029aace2740a2e25c0a79d05102dc377a0e067659e3f26d0c79,metric_or_report,archive:metrics (values extracted by explicit field selection),
origin_safe_climate_idp_v1,results/experiments/origin_safe_climate_idp_v1/runs/climate_safe_history/0m/metrics/metrics_overall_pre_a03.csv,1354,ee4404c88e897467748adc0c39b10ebda362ec35d7606252d937975b86ed55df,metric_or_report,archive:metrics (values extracted by explicit field selection),
origin_safe_climate_idp_v1,results/experiments/origin_safe_climate_idp_v1/runs/climate_safe_history/0m/metrics/metrics_recomputed.json,661,3c569ccf54ec95ddac0628ffdf5f7ae7daf525a70bb860ccaec2640efea31e20,metric_or_report,archive:metrics (values extracted by explicit field selection),
origin_safe_climate_idp_v1,results/experiments/origin_safe_climate_idp_v1/runs/climate_safe_history/0m/predictions/predictions_2022.csv,1481299,aaaff474e4901e6247cbf5ac78893074a69ee97b250942d3933ab6d265619604,predictions,archive:predictions,
origin_safe_climate_idp_v1,results/experiments/origin_safe_climate_idp_v1/runs/climate_safe_history/0m/predictions/predictions_2023.csv,1593435,22831e00da4506178d89710dd4e561ea956898853390339fb30bdafabe12e43b,predictions,archive:predictions,
origin_safe_climate_idp_v1,results/experiments/origin_safe_climate_idp_v1/runs/climate_safe_history/0m/predictions/predictions_2024.csv,1338580,4e93cf9d69624c6630cf391da0698f198aab7d8facea5edf3843be42716a48bb,predictions,archive:predictions,
origin_safe_climate_idp_v1,results/experiments/origin_safe_climate_idp_v1/runs/climate_safe_history/0m/predictions/predictions_2025.csv,2934127,ce9ee84e0962e476e1b697a7efdb59c2af5fa50b5f595bde11ffd21925f01643,predictions,archive:predictions,
origin_safe_climate_idp_v1,results/experiments/origin_safe_climate_idp_v1/runs/climate_safe_history/12m/run_metadata.json,36932,79b9f3b5e52f29fed721cb14c87c933d75cb29f70722026ab2fa9d824b717037,model_recipe_member,bundle:models.tar,
origin_safe_climate_idp_v1,results/experiments/origin_safe_climate_idp_v1/runs/climate_safe_history/12m/batches/2022/batch_record.json,1606,1c27258932c9bde65aab6fc9018ac59ba055e10475f1a6e9353bf0eb7a2d9851,model_recipe_member,bundle:models.tar,
origin_safe_climate_idp_v1,results/experiments/origin_safe_climate_idp_v1/runs/climate_safe_history/12m/batches/2022/fit_keys.csv.gz,51715,e66f24ecd3fa14cb61e9bda72dd3a0bc215efa65d9d64770a9804b373fcf17ea,model_recipe_member,bundle:models.tar,
origin_safe_climate_idp_v1,results/experiments/origin_safe_climate_idp_v1/runs/climate_safe_history/12m/batches/2022/model_phase2_worse.ubj,6036917,9c20118d4439580ff024df91b8c540c1e93f6136898727aefaecb8b53996b6d4,booster,bundle:models.tar,
origin_safe_climate_idp_v1,results/experiments/origin_safe_climate_idp_v1/runs/climate_safe_history/12m/batches/2022/model_phase3_worse.ubj,283298,a430c11939163819122d1add8ed1084fd66902371c34053ce2c1132e357e439e,booster,bundle:models.tar,
origin_safe_climate_idp_v1,results/experiments/origin_safe_climate_idp_v1/runs/climate_safe_history/12m/batches/2022/model_phase4_worse.ubj,3824632,57221f375bbc91e84365eda1c709e8fffe1f8280242c1e372c856c656231b6fd,booster,bundle:models.tar,
origin_safe_climate_idp_v1,results/experiments/origin_safe_climate_idp_v1/runs/climate_safe_history/12m/batches/2022/model_phase5_worse.ubj,377790,6302c6f81b868ec4c7a3f6154ac09e4438fb9ea4b6661f7462f7763590a77486,booster,bundle:models.tar,
origin_safe_climate_idp_v1,results/experiments/origin_safe_climate_idp_v1/runs/climate_safe_history/12m/batches/2022/predictions.csv,1487197,084d2d59c736da8c1900547c450275cf15cca2861a968a74f01e2caf6595398e,predictions,archive:predictions,
origin_safe_climate_idp_v1,results/experiments/origin_safe_climate_idp_v1/runs/climate_safe_history/12m/batches/2023/batch_record.json,1606,a43076de8f4f589660512b6a000ef31575bfe4f52bb5803520ac30517fe109b8,model_recipe_member,bundle:models.tar,
origin_safe_climate_idp_v1,results/experiments/origin_safe_climate_idp_v1/runs/climate_safe_history/12m/batches/2023/fit_keys.csv.gz,64535,90aa55cca88670f18d5d42de69cb7c307d01d0b1155a6e2381d2f5f2a7a35a78,model_recipe_member,bundle:models.tar,
origin_safe_climate_idp_v1,results/experiments/origin_safe_climate_idp_v1/runs/climate_safe_history/12m/batches/2023/model_phase2_worse.ubj,6743927,9c952bc7c1878b4d9a04a46bcffee2b64ed6098d294da47534467d3a3253b43d,booster,bundle:models.tar,
origin_safe_climate_idp_v1,results/experiments/origin_safe_climate_idp_v1/runs/climate_safe_history/12m/batches/2023/model_phase3_worse.ubj,285816,32fc02b143c9f2f78d01a51fc1377fb9199d9ac19c57f5c8f66be429c20a9fcc,booster,bundle:models.tar,
origin_safe_climate_idp_v1,results/experiments/origin_safe_climate_idp_v1/runs/climate_safe_history/12m/batches/2023/model_phase4_worse.ubj,4160760,0c3368337243e467f6438015195d616592ee10b5b898770123406d57b9d0d18a,booster,bundle:models.tar,
origin_safe_climate_idp_v1,results/experiments/origin_safe_climate_idp_v1/runs/climate_safe_history/12m/batches/2023/model_phase5_worse.ubj,394047,a139b1998b9bf7bfd741eb38b5505b8ee1b5367235c4a02271107eed4394025e,booster,bundle:models.tar,
origin_safe_climate_idp_v1,results/experiments/origin_safe_climate_idp_v1/runs/climate_safe_history/12m/batches/2023/predictions.csv,1597247,d6b780255a27d38744ec0998de1bdcf5d24c871c1e8e68413ad08312af22053d,predictions,archive:predictions,
origin_safe_climate_idp_v1,results/experiments/origin_safe_climate_idp_v1/runs/climate_safe_history/12m/batches/2024/batch_record.json,1606,d2e8dc2a83d9fafc08d760f23ff368fa690905d584caef2b4592261cfaec1466,model_recipe_member,bundle:models.tar,
origin_safe_climate_idp_v1,results/experiments/origin_safe_climate_idp_v1/runs/climate_safe_history/12m/batches/2024/fit_keys.csv.gz,84095,4c8a09682a66692d11d6e8ddae7becd470861af4ff779cc7a7a06f90b7a3f472,model_recipe_member,bundle:models.tar,
origin_safe_climate_idp_v1,results/experiments/origin_safe_climate_idp_v1/runs/climate_safe_history/12m/batches/2024/model_phase2_worse.ubj,7294198,7873fd22b327f80ab466372c2f8d7cafd9fd74c9ef251861d7874abaf22e3f28,booster,bundle:models.tar,
origin_safe_climate_idp_v1,results/experiments/origin_safe_climate_idp_v1/runs/climate_safe_history/12m/batches/2024/model_phase3_worse.ubj,317586,5bf9c7c9fabb640cf4f73e55ba5ef49726274ad468d297f54e3b1726eebba00e,booster,bundle:models.tar,
origin_safe_climate_idp_v1,results/experiments/origin_safe_climate_idp_v1/runs/climate_safe_history/12m/batches/2024/model_phase4_worse.ubj,5279838,f5b7efef9d1fa7c56f4d5208bdf6d112e7e1f36c57af167e419f19e1fefea19c,booster,bundle:models.tar,
origin_safe_climate_idp_v1,results/experiments/origin_safe_climate_idp_v1/runs/climate_safe_history/12m/batches/2024/model_phase5_worse.ubj,846832,a2211e86682f6111c9603a7b9a7a48178dd0fcf0795e18801fb3c76e0c4750e0,booster,bundle:models.tar,
origin_safe_climate_idp_v1,results/experiments/origin_safe_climate_idp_v1/runs/climate_safe_history/12m/batches/2024/predictions.csv,1343376,a60ba1208932650ba9afc2af4420f30a6c0f94d303eeb5aa5fc84d2c9211a784,predictions,archive:predictions,
origin_safe_climate_idp_v1,results/experiments/origin_safe_climate_idp_v1/runs/climate_safe_history/12m/batches/2025/batch_record.json,1606,92062b8ea4caae8e38fdf86a0f1bab1ad986f048be09a53352832fa1a0340201,model_recipe_member,bundle:models.tar,
origin_safe_climate_idp_v1,results/experiments/origin_safe_climate_idp_v1/runs/climate_safe_history/12m/batches/2025/fit_keys.csv.gz,101815,127fba537e67c43f29f5bccfa1a6849e06af5d24716c5c93d838714f26eea4a0,model_recipe_member,bundle:models.tar,
origin_safe_climate_idp_v1,results/experiments/origin_safe_climate_idp_v1/runs/climate_safe_history/12m/batches/2025/model_phase2_worse.ubj,7874120,2edeb8ea4a3ed834366c1ab9f6c64b41223c2a3eccf8fa7bae0ab9337afa09f8,booster,bundle:models.tar,
origin_safe_climate_idp_v1,results/experiments/origin_safe_climate_idp_v1/runs/climate_safe_history/12m/batches/2025/model_phase3_worse.ubj,322888,d41d836e44a4dec4aa1aa995dbc9f486e0ee218db2a8be8f6ca84c3c3dbc4d01,booster,bundle:models.tar,
origin_safe_climate_idp_v1,results/experiments/origin_safe_climate_idp_v1/runs/climate_safe_history/12m/batches/2025/model_phase4_worse.ubj,5630935,c610cbcd18a0f69ba3fc5a5b575ded94a29ea873d1f1ebe4834d412a8dcb3b5e,booster,bundle:models.tar,
origin_safe_climate_idp_v1,results/experiments/origin_safe_climate_idp_v1/runs/climate_safe_history/12m/batches/2025/model_phase5_worse.ubj,993558,b76caea5aae26af6bcc0e2a785df25db4068f399027f72be107d5453fc538fd1,booster,bundle:models.tar,
origin_safe_climate_idp_v1,results/experiments/origin_safe_climate_idp_v1/runs/climate_safe_history/12m/batches/2025/predictions.csv,2942805,7f838f1cd137125e168b412322339541f3cfd69c165f09ac65928ad87b49d935,predictions,archive:predictions,
origin_safe_climate_idp_v1,results/experiments/origin_safe_climate_idp_v1/runs/climate_safe_history/12m/metrics/metrics_overall.csv,1575,d28c698c82e7bc4f4a7cd676efce8f790ecec9dd41bea657bf8864f494f3b0a3,metric_or_report,archive:metrics (values extracted by explicit field selection),
origin_safe_climate_idp_v1,results/experiments/origin_safe_climate_idp_v1/runs/climate_safe_history/12m/metrics/metrics_overall_pre_a03.csv,1352,7645e19130cbe2e390b10041157fc3e05b3937d2bd39b2b39b5a86ce3e243a4f,metric_or_report,archive:metrics (values extracted by explicit field selection),
origin_safe_climate_idp_v1,results/experiments/origin_safe_climate_idp_v1/runs/climate_safe_history/12m/metrics/metrics_recomputed.json,661,136345d0bf59d738df2e36b98a9a367a77078077006135571e4be5a3093c3e4a,metric_or_report,archive:metrics (values extracted by explicit field selection),
origin_safe_climate_idp_v1,results/experiments/origin_safe_climate_idp_v1/runs/climate_safe_history/12m/predictions/predictions_2022.csv,1487197,084d2d59c736da8c1900547c450275cf15cca2861a968a74f01e2caf6595398e,predictions,archive:predictions,
origin_safe_climate_idp_v1,results/experiments/origin_safe_climate_idp_v1/runs/climate_safe_history/12m/predictions/predictions_2023.csv,1597247,d6b780255a27d38744ec0998de1bdcf5d24c871c1e8e68413ad08312af22053d,predictions,archive:predictions,
origin_safe_climate_idp_v1,results/experiments/origin_safe_climate_idp_v1/runs/climate_safe_history/12m/predictions/predictions_2024.csv,1343376,a60ba1208932650ba9afc2af4420f30a6c0f94d303eeb5aa5fc84d2c9211a784,predictions,archive:predictions,
origin_safe_climate_idp_v1,results/experiments/origin_safe_climate_idp_v1/runs/climate_safe_history/12m/predictions/predictions_2025.csv,2942805,7f838f1cd137125e168b412322339541f3cfd69c165f09ac65928ad87b49d935,predictions,archive:predictions,
origin_safe_climate_idp_v1,results/experiments/origin_safe_climate_idp_v1/runs/climate_safe_history/3m/run_metadata.json,47398,984da8f3fcc4c7e9b8b2ca680dc35e2248c1e9e0db9aa428b298c410a65f0a89,model_recipe_member,bundle:models.tar,
origin_safe_climate_idp_v1,results/experiments/origin_safe_climate_idp_v1/runs/climate_safe_history/3m/batches/2022/batch_record.json,1605,ccb981ea30ad1924d809c99d266baf1b4c9ba0ed0b3cbd9afec9a6771c32e172,model_recipe_member,bundle:models.tar,
origin_safe_climate_idp_v1,results/experiments/origin_safe_climate_idp_v1/runs/climate_safe_history/3m/batches/2022/fit_keys.csv.gz,59380,f31b3c0abc051fc4aadeac4969cb745bd082dd6b33d212133f9d359ead811507,model_recipe_member,bundle:models.tar,
origin_safe_climate_idp_v1,results/experiments/origin_safe_climate_idp_v1/runs/climate_safe_history/3m/batches/2022/model_phase2_worse.ubj,6279485,1518afa73fdee3ce11cc88f0b62ca25b680f4512b5e5a79bf52a95a44674bb0a,booster,bundle:models.tar,
origin_safe_climate_idp_v1,results/experiments/origin_safe_climate_idp_v1/runs/climate_safe_history/3m/batches/2022/model_phase3_worse.ubj,290856,8e1ec0cd08eb32eb6f7a7ddd6bd08122fd27c8d45bca960684377982b3b29830,booster,bundle:models.tar,
origin_safe_climate_idp_v1,results/experiments/origin_safe_climate_idp_v1/runs/climate_safe_history/3m/batches/2022/model_phase4_worse.ubj,4042232,dc27fce34a56df9513cc9eb5681c0a7cb18404fb884a69fc52cbcc56169e67f3,booster,bundle:models.tar,
origin_safe_climate_idp_v1,results/experiments/origin_safe_climate_idp_v1/runs/climate_safe_history/3m/batches/2022/model_phase5_worse.ubj,412494,84d175abb4a9b16eb3a7804fccb5ea37bf9e84423a6ce5ba0438410d5c9408fd,booster,bundle:models.tar,
origin_safe_climate_idp_v1,results/experiments/origin_safe_climate_idp_v1/runs/climate_safe_history/3m/batches/2022/predictions.csv,1481502,e6516f958bc0c749d1e301e7eaa175b8551134d457684b707240e89f991295c5,predictions,archive:predictions,
origin_safe_climate_idp_v1,results/experiments/origin_safe_climate_idp_v1/runs/climate_safe_history/3m/batches/2023/batch_record.json,1604,376501dd97687f02c631984d1e94423e656af242e952ab4d68507bdc52c5589b,model_recipe_member,bundle:models.tar,
origin_safe_climate_idp_v1,results/experiments/origin_safe_climate_idp_v1/runs/climate_safe_history/3m/batches/2023/fit_keys.csv.gz,77380,22720ac36e2284ccd7ca1967d52a4f0eb4fc9c43656b2a11f8b4dcbf30ea8076,model_recipe_member,bundle:models.tar,
origin_safe_climate_idp_v1,results/experiments/origin_safe_climate_idp_v1/runs/climate_safe_history/3m/batches/2023/model_phase2_worse.ubj,6707011,0146a66f3cdb653a877aeeb209ced19a12ea1999c036b7fc15d5905187ec2fdc,booster,bundle:models.tar,
origin_safe_climate_idp_v1,results/experiments/origin_safe_climate_idp_v1/runs/climate_safe_history/3m/batches/2023/model_phase3_worse.ubj,312622,271b6adf8e42cd6825f59fff777e1cd9817ad43489f05dd23678098a0b7d0e86,booster,bundle:models.tar,
origin_safe_climate_idp_v1,results/experiments/origin_safe_climate_idp_v1/runs/climate_safe_history/3m/batches/2023/model_phase4_worse.ubj,4752103,8e6feb3bd5f783723150c77dc54efea2b50b346fd61acc797153d47e8a652c3e,booster,bundle:models.tar,
origin_safe_climate_idp_v1,results/experiments/origin_safe_climate_idp_v1/runs/climate_safe_history/3m/batches/2023/model_phase5_worse.ubj,755253,1139138b497630d5384e4823b69eb72d5530a806dd78a4aa70536722f36d97d4,booster,bundle:models.tar,
origin_safe_climate_idp_v1,results/experiments/origin_safe_climate_idp_v1/runs/climate_safe_history/3m/batches/2023/predictions.csv,1588878,3709041dbaaecf735567f263582931092897fa973c3c90ecfded5101fcd92290,predictions,archive:predictions,
origin_safe_climate_idp_v1,results/experiments/origin_safe_climate_idp_v1/runs/climate_safe_history/3m/batches/2024/batch_record.json,1605,6c71f98d6854fdb064e8d3b7640f0f85cae3244d71ee2a781b7b259ee1eebb7f,model_recipe_member,bundle:models.tar,
origin_safe_climate_idp_v1,results/experiments/origin_safe_climate_idp_v1/runs/climate_safe_history/3m/batches/2024/fit_keys.csv.gz,95664,ccfec38f3e8bb41637e30cf7237dd8fa198adc3ffc9620d47bbe9ee8574b49aa,model_recipe_member,bundle:models.tar,
origin_safe_climate_idp_v1,results/experiments/origin_safe_climate_idp_v1/runs/climate_safe_history/3m/batches/2024/model_phase2_worse.ubj,7341607,5a8f016c3444a4810881d933f59207069152bc65cd457cf41542a722c5eee661,booster,bundle:models.tar,
origin_safe_climate_idp_v1,results/experiments/origin_safe_climate_idp_v1/runs/climate_safe_history/3m/batches/2024/model_phase3_worse.ubj,321877,918b0d610fda71f6e59b2970089ff3223ce0435eabea4c04e077fdb965b311a3,booster,bundle:models.tar,
origin_safe_climate_idp_v1,results/experiments/origin_safe_climate_idp_v1/runs/climate_safe_history/3m/batches/2024/model_phase4_worse.ubj,5331746,b96c1347a0603b01f462f73e4a334afb100658c1e420d8e15c4d6d29dfab5053,booster,bundle:models.tar,
origin_safe_climate_idp_v1,results/experiments/origin_safe_climate_idp_v1/runs/climate_safe_history/3m/batches/2024/model_phase5_worse.ubj,889781,4c8746f2ab04c5e29572018483b499322e183ebbb070d48aee318087fc6129e6,booster,bundle:models.tar,
origin_safe_climate_idp_v1,results/experiments/origin_safe_climate_idp_v1/runs/climate_safe_history/3m/batches/2024/predictions.csv,1339943,6b79b0a2530cd044b5816ac0fde185f37518a1f34b0c211948fb82ac3e9c9511,predictions,archive:predictions,
origin_safe_climate_idp_v1,results/experiments/origin_safe_climate_idp_v1/runs/climate_safe_history/3m/batches/2025/batch_record.json,1605,c394b9eeacd644a4f53cd237a4c8ae04a769378f9013749b0e5d3e87a75a63f1,model_recipe_member,bundle:models.tar,
origin_safe_climate_idp_v1,results/experiments/origin_safe_climate_idp_v1/runs/climate_safe_history/3m/batches/2025/fit_keys.csv.gz,111179,fc5fb7aa9410e2677e2669d4a54ec5d55e9e41f8f18a7498c3bfa9d72d93e990,model_recipe_member,bundle:models.tar,
origin_safe_climate_idp_v1,results/experiments/origin_safe_climate_idp_v1/runs/climate_safe_history/3m/batches/2025/model_phase2_worse.ubj,7987961,7045384a764a8075cfa61032862413ccaeb32580e72834cef4a8e6482aa030d6,booster,bundle:models.tar,
origin_safe_climate_idp_v1,results/experiments/origin_safe_climate_idp_v1/runs/climate_safe_history/3m/batches/2025/model_phase3_worse.ubj,315414,9586782def5814c1bb348e92d68327a6b943342eddc1b4e548c97ed3d94a997e,booster,bundle:models.tar,
origin_safe_climate_idp_v1,results/experiments/origin_safe_climate_idp_v1/runs/climate_safe_history/3m/batches/2025/model_phase4_worse.ubj,5566554,b5a2f399170a7cf9a954d6c8d590f939c65d18e149deb9f16c3751dd43b0522e,booster,bundle:models.tar,
origin_safe_climate_idp_v1,results/experiments/origin_safe_climate_idp_v1/runs/climate_safe_history/3m/batches/2025/model_phase5_worse.ubj,975169,a154165ab3fddee823b5f419bb49b49585ba3e42571f4cbe7147fe04608721a9,booster,bundle:models.tar,
origin_safe_climate_idp_v1,results/experiments/origin_safe_climate_idp_v1/runs/climate_safe_history/3m/batches/2025/predictions.csv,2931939,9292e7ae51cd38814157e5015e5393efdba45ce9e78627ef830ce8eab3f4b3fb,predictions,archive:predictions,
origin_safe_climate_idp_v1,results/experiments/origin_safe_climate_idp_v1/runs/climate_safe_history/3m/metrics/metrics_overall.csv,1578,1c060844ce0e981b11578ac90bc759e8e1a6f9f2ea7849ca8c1b69cf61d65781,metric_or_report,archive:metrics (values extracted by explicit field selection),
origin_safe_climate_idp_v1,results/experiments/origin_safe_climate_idp_v1/runs/climate_safe_history/3m/metrics/metrics_overall_pre_a03.csv,1354,489ee2a2834c19138b24586daff2810016ec783c58f933898936d747d63c5cd2,metric_or_report,archive:metrics (values extracted by explicit field selection),
origin_safe_climate_idp_v1,results/experiments/origin_safe_climate_idp_v1/runs/climate_safe_history/3m/metrics/metrics_recomputed.json,661,35b14dbc087d3a9eb30d18dd5c9a8b283fa313c879eb2babfc38c89e50610d6f,metric_or_report,archive:metrics (values extracted by explicit field selection),
origin_safe_climate_idp_v1,results/experiments/origin_safe_climate_idp_v1/runs/climate_safe_history/3m/predictions/predictions_2022.csv,1481502,e6516f958bc0c749d1e301e7eaa175b8551134d457684b707240e89f991295c5,predictions,archive:predictions,
origin_safe_climate_idp_v1,results/experiments/origin_safe_climate_idp_v1/runs/climate_safe_history/3m/predictions/predictions_2023.csv,1588878,3709041dbaaecf735567f263582931092897fa973c3c90ecfded5101fcd92290,predictions,archive:predictions,
origin_safe_climate_idp_v1,results/experiments/origin_safe_climate_idp_v1/runs/climate_safe_history/3m/predictions/predictions_2024.csv,1339943,6b79b0a2530cd044b5816ac0fde185f37518a1f34b0c211948fb82ac3e9c9511,predictions,archive:predictions,
origin_safe_climate_idp_v1,results/experiments/origin_safe_climate_idp_v1/runs/climate_safe_history/3m/predictions/predictions_2025.csv,2931939,9292e7ae51cd38814157e5015e5393efdba45ce9e78627ef830ce8eab3f4b3fb,predictions,archive:predictions,
origin_safe_climate_idp_v1,results/experiments/origin_safe_climate_idp_v1/runs/climate_safe_history/6m/run_metadata.json,47400,9e38e29f9e681f3ab7a8d675eadc7fc903f7f1a631b91acf3e81ece4ab34c7bb,model_recipe_member,bundle:models.tar,
origin_safe_climate_idp_v1,results/experiments/origin_safe_climate_idp_v1/runs/climate_safe_history/6m/batches/2022/batch_record.json,1604,acb846d8d3c5a5f075a0360d2da03099ca2f2b3219a5911b251de5eb040b11a5,model_recipe_member,bundle:models.tar,
origin_safe_climate_idp_v1,results/experiments/origin_safe_climate_idp_v1/runs/climate_safe_history/6m/batches/2022/fit_keys.csv.gz,54692,5418ebefb5735aa291e5e6891a90d21aab8843eddb898e04c74b657d5e93d99f,model_recipe_member,bundle:models.tar,
origin_safe_climate_idp_v1,results/experiments/origin_safe_climate_idp_v1/runs/climate_safe_history/6m/batches/2022/model_phase2_worse.ubj,6018492,f2a4988639f246e4dd9585eabffa82732ff2e255ca7ae692b3e9d38ca5a91df0,booster,bundle:models.tar,
origin_safe_climate_idp_v1,results/experiments/origin_safe_climate_idp_v1/runs/climate_safe_history/6m/batches/2022/model_phase3_worse.ubj,291608,4eae1a8eb1fd6017139830158a604c1fc4e32c4296f15744a19003bcc3834b62,booster,bundle:models.tar,
origin_safe_climate_idp_v1,results/experiments/origin_safe_climate_idp_v1/runs/climate_safe_history/6m/batches/2022/model_phase4_worse.ubj,3929222,dd8f134c59653e262e6b726fb7139ddf1db0f6e6c69c36c85d7226ac775db292,booster,bundle:models.tar,
origin_safe_climate_idp_v1,results/experiments/origin_safe_climate_idp_v1/runs/climate_safe_history/6m/batches/2022/model_phase5_worse.ubj,423024,b68f5624b4acf51389346d3c872f606fff49b2c79f96936927cfdb22bcbdacea,booster,bundle:models.tar,
origin_safe_climate_idp_v1,results/experiments/origin_safe_climate_idp_v1/runs/climate_safe_history/6m/batches/2022/predictions.csv,1482037,cf593f71f1cc7906a86caa1186c8a070f9558697323cb8a07432e5e422871869,predictions,archive:predictions,
origin_safe_climate_idp_v1,results/experiments/origin_safe_climate_idp_v1/runs/climate_safe_history/6m/batches/2023/batch_record.json,1605,a43b47bdc40b8d7253bdc330ae4bb6ba5bfedab567b161b7d170961b65f7725c,model_recipe_member,bundle:models.tar,
origin_safe_climate_idp_v1,results/experiments/origin_safe_climate_idp_v1/runs/climate_safe_history/6m/batches/2023/fit_keys.csv.gz,69527,0aabeba91799f5bb5b178b3b2db956d1645dcb6a2249e02178ce84c92031ee34,model_recipe_member,bundle:models.tar,
origin_safe_climate_idp_v1,results/experiments/origin_safe_climate_idp_v1/runs/climate_safe_history/6m/batches/2023/model_phase2_worse.ubj,6585757,bdc47be947673d9c870aa1a63159a3f2c5698d803a5fb0ff1dd6d768fc33c84d,booster,bundle:models.tar,
origin_safe_climate_idp_v1,results/experiments/origin_safe_climate_idp_v1/runs/climate_safe_history/6m/batches/2023/model_phase3_worse.ubj,306161,24eec0e8d5bbe5a1184f3e78a1f49a379296c31dfbc981b44526fc398795bcda,booster,bundle:models.tar,
origin_safe_climate_idp_v1,results/experiments/origin_safe_climate_idp_v1/runs/climate_safe_history/6m/batches/2023/model_phase4_worse.ubj,4240665,e60469eff219e17779e5fa7cc2ca455878913bc4e879f10f5cb6cbbf54f11287,booster,bundle:models.tar,
origin_safe_climate_idp_v1,results/experiments/origin_safe_climate_idp_v1/runs/climate_safe_history/6m/batches/2023/model_phase5_worse.ubj,616577,665ed3f8c39cc25fb6db10f19f90e436b8bd1dfcd7b371ac26ecfad8308ce73f,booster,bundle:models.tar,
origin_safe_climate_idp_v1,results/experiments/origin_safe_climate_idp_v1/runs/climate_safe_history/6m/batches/2023/predictions.csv,1588296,7ec128c9a0e5d45fd021d770ecd35ef9909b74fdcc897c8ea8267a92132edeeb,predictions,archive:predictions,
origin_safe_climate_idp_v1,results/experiments/origin_safe_climate_idp_v1/runs/climate_safe_history/6m/batches/2024/batch_record.json,1605,2f96ab120b4bb6857cf7aaa754264c8f3131939108ab9867bca15084448cabb5,model_recipe_member,bundle:models.tar,
origin_safe_climate_idp_v1,results/experiments/origin_safe_climate_idp_v1/runs/climate_safe_history/6m/batches/2024/fit_keys.csv.gz,88860,6e04364f9bb860bcb00ad048e3ed5e6b0be3179022768dfd062470785873f0fd,model_recipe_member,bundle:models.tar,
origin_safe_climate_idp_v1,results/experiments/origin_safe_climate_idp_v1/runs/climate_safe_history/6m/batches/2024/model_phase2_worse.ubj,7298900,edf1b8683fe92a2b580aeeb65c29892dfe8fa6d05cb5f241c17ed0be838ed4e0,booster,bundle:models.tar,
origin_safe_climate_idp_v1,results/experiments/origin_safe_climate_idp_v1/runs/climate_safe_history/6m/batches/2024/model_phase3_worse.ubj,322085,ba0735873895ca9a89906b69eaab6be7f557f4408d65d46ca186fe7f3311a6f6,booster,bundle:models.tar,
origin_safe_climate_idp_v1,results/experiments/origin_safe_climate_idp_v1/runs/climate_safe_history/6m/batches/2024/model_phase4_worse.ubj,5085312,d0baf1ffe519c5e147f9b141d2912875d53f96af6dc979992295621d58f0398a,booster,bundle:models.tar,
origin_safe_climate_idp_v1,results/experiments/origin_safe_climate_idp_v1/runs/climate_safe_history/6m/batches/2024/model_phase5_worse.ubj,864868,1b2d540f4ab27bbb12ac5013cc6cb7f1dc1af5d8e2472af73a5ff03eed267aa0,booster,bundle:models.tar,
origin_safe_climate_idp_v1,results/experiments/origin_safe_climate_idp_v1/runs/climate_safe_history/6m/batches/2024/predictions.csv,1337083,7227ea1fa37956f19baaeb6fd4ef18dfb7749e9940f1e4d4d2ea6227a7c44ae8,predictions,archive:predictions,
origin_safe_climate_idp_v1,results/experiments/origin_safe_climate_idp_v1/runs/climate_safe_history/6m/batches/2025/batch_record.json,1607,f88e87334c5c5f20d375ae71cddb755528e29b05689fc6db2ab781a8a80b0dca,model_recipe_member,bundle:models.tar,
origin_safe_climate_idp_v1,results/experiments/origin_safe_climate_idp_v1/runs/climate_safe_history/6m/batches/2025/fit_keys.csv.gz,106078,1179378906f717cf8ff65aa16cea6f56bc8ec9e3a3fb222e583012d75abc8ca3,model_recipe_member,bundle:models.tar,
origin_safe_climate_idp_v1,results/experiments/origin_safe_climate_idp_v1/runs/climate_safe_history/6m/batches/2025/model_phase2_worse.ubj,7956689,06e1ab1b671b813a6077cd8a9c79731cc8102c3918a24d5d6a33a87a00c6e4e8,booster,bundle:models.tar,
origin_safe_climate_idp_v1,results/experiments/origin_safe_climate_idp_v1/runs/climate_safe_history/6m/batches/2025/model_phase3_worse.ubj,323921,ec83b69ce9c76171a2dcac8d04619c3a7b07429d76779fcda7bded6b6ed5ac22,booster,bundle:models.tar,
origin_safe_climate_idp_v1,results/experiments/origin_safe_climate_idp_v1/runs/climate_safe_history/6m/batches/2025/model_phase4_worse.ubj,5620951,17093da41d1715a5f5268c3f71776cf20af6e70fdd513142e9b12aa7baf7149e,booster,bundle:models.tar,
origin_safe_climate_idp_v1,results/experiments/origin_safe_climate_idp_v1/runs/climate_safe_history/6m/batches/2025/model_phase5_worse.ubj,1044347,c4046bc50177cb409c266d4c71be7f4060ea159829bd2f31c1f83dcd6c91c386,booster,bundle:models.tar,
origin_safe_climate_idp_v1,results/experiments/origin_safe_climate_idp_v1/runs/climate_safe_history/6m/batches/2025/predictions.csv,2927632,0b356a0fa6f2f2b5b386c4ca66e63f9b99ff9a87d45d635a1b02c05ea82d8eb2,predictions,archive:predictions,
origin_safe_climate_idp_v1,results/experiments/origin_safe_climate_idp_v1/runs/climate_safe_history/6m/metrics/metrics_overall.csv,1581,b26fe7326fcb413372be5a7b08d03741e35f505ec882015895698c80046b598e,metric_or_report,archive:metrics (values extracted by explicit field selection),
origin_safe_climate_idp_v1,results/experiments/origin_safe_climate_idp_v1/runs/climate_safe_history/6m/metrics/metrics_overall_pre_a03.csv,1356,891d9ca3d8c4e9cedce8439a47c7ce07eede26a6e38374d0039f958cc0fdcdd4,metric_or_report,archive:metrics (values extracted by explicit field selection),
origin_safe_climate_idp_v1,results/experiments/origin_safe_climate_idp_v1/runs/climate_safe_history/6m/metrics/metrics_recomputed.json,661,e5deeb1abd7823457a9a9b88a5956de17cd1a7c8bb180889ca8e210489adcb9c,metric_or_report,archive:metrics (values extracted by explicit field selection),
origin_safe_climate_idp_v1,results/experiments/origin_safe_climate_idp_v1/runs/climate_safe_history/6m/predictions/predictions_2022.csv,1482037,cf593f71f1cc7906a86caa1186c8a070f9558697323cb8a07432e5e422871869,predictions,archive:predictions,
origin_safe_climate_idp_v1,results/experiments/origin_safe_climate_idp_v1/runs/climate_safe_history/6m/predictions/predictions_2023.csv,1588296,7ec128c9a0e5d45fd021d770ecd35ef9909b74fdcc897c8ea8267a92132edeeb,predictions,archive:predictions,
origin_safe_climate_idp_v1,results/experiments/origin_safe_climate_idp_v1/runs/climate_safe_history/6m/predictions/predictions_2024.csv,1337083,7227ea1fa37956f19baaeb6fd4ef18dfb7749e9940f1e4d4d2ea6227a7c44ae8,predictions,archive:predictions,
origin_safe_climate_idp_v1,results/experiments/origin_safe_climate_idp_v1/runs/climate_safe_history/6m/predictions/predictions_2025.csv,2927632,0b356a0fa6f2f2b5b386c4ca66e63f9b99ff9a87d45d635a1b02c05ea82d8eb2,predictions,archive:predictions,
origin_safe_climate_idp_v1,results/experiments/origin_safe_climate_idp_v1/runs/climate_safe_history_idp/0m/run_metadata.json,47491,00c410be5b4efa1db5bb93a2cc91e580b32517c95e0b4e7ec3642da0ab4dd087,model_recipe_member,bundle:models.tar,
origin_safe_climate_idp_v1,results/experiments/origin_safe_climate_idp_v1/runs/climate_safe_history_idp/0m/batches/2022/batch_record.json,1608,3c8ab898d07bff83ee03a5d9816a59202a21bf968d5c2f1fca147f61b699a49b,model_recipe_member,bundle:models.tar,
origin_safe_climate_idp_v1,results/experiments/origin_safe_climate_idp_v1/runs/climate_safe_history_idp/0m/batches/2022/fit_keys.csv.gz,61345,d5ec8b259f3c353cca8129f161b0c6bd040053fe3ba61e3ec7b5e6f985159941,model_recipe_member,bundle:models.tar,
origin_safe_climate_idp_v1,results/experiments/origin_safe_climate_idp_v1/runs/climate_safe_history_idp/0m/batches/2022/model_phase2_worse.ubj,6562677,16cb135d05809eb34cee728a09f69cdaa6ba849cbf745e3196dacec6037b78d2,booster,bundle:models.tar,
origin_safe_climate_idp_v1,results/experiments/origin_safe_climate_idp_v1/runs/climate_safe_history_idp/0m/batches/2022/model_phase3_worse.ubj,290276,2920691807ea4a6265f0fbb2f89fbe9233234edce372c85c060d387ce4848c9f,booster,bundle:models.tar,
origin_safe_climate_idp_v1,results/experiments/origin_safe_climate_idp_v1/runs/climate_safe_history_idp/0m/batches/2022/model_phase4_worse.ubj,4006911,56809039e0055a5ef29eea933f621becb5d07b310b3c55214af6f3a54d0932c9,booster,bundle:models.tar,
origin_safe_climate_idp_v1,results/experiments/origin_safe_climate_idp_v1/runs/climate_safe_history_idp/0m/batches/2022/model_phase5_worse.ubj,417218,9a45cda6e6f14f252579ff190d804f0040730ea73269f5948b7d0a3bd31e9cb5,booster,bundle:models.tar,
origin_safe_climate_idp_v1,results/experiments/origin_safe_climate_idp_v1/runs/climate_safe_history_idp/0m/batches/2022/predictions.csv,1505040,0c63f368e3d9ec96a995d866e843267df7a768b8be323aae1329b2a023e9ab58,predictions,archive:predictions,
origin_safe_climate_idp_v1,results/experiments/origin_safe_climate_idp_v1/runs/climate_safe_history_idp/0m/batches/2023/batch_record.json,1609,d9e8b21cfb8417faa9f0e24148049dbe6474650de069c25faebb7757f4036262,model_recipe_member,bundle:models.tar,
origin_safe_climate_idp_v1,results/experiments/origin_safe_climate_idp_v1/runs/climate_safe_history_idp/0m/batches/2023/fit_keys.csv.gz,78330,8e1d19061421befd1a90a675868769ff06234674c1f8c8a94eee600e5f2ff459,model_recipe_member,bundle:models.tar,
origin_safe_climate_idp_v1,results/experiments/origin_safe_climate_idp_v1/runs/climate_safe_history_idp/0m/batches/2023/model_phase2_worse.ubj,6749684,acdb6c9c6632e877c3a1a61bcd5145d13747efdbe6614ca98e3258b959124444,booster,bundle:models.tar,
origin_safe_climate_idp_v1,results/experiments/origin_safe_climate_idp_v1/runs/climate_safe_history_idp/0m/batches/2023/model_phase3_worse.ubj,301840,b3b57aaa5ff8087771aa1b5de5fa532046539e68337933613f8d75b8820b9540,booster,bundle:models.tar,
origin_safe_climate_idp_v1,results/experiments/origin_safe_climate_idp_v1/runs/climate_safe_history_idp/0m/batches/2023/model_phase4_worse.ubj,4715755,0733493e3c22131fa1b776bb32f26f4304f5297373b53ac6ee023aa9f56b672b,booster,bundle:models.tar,
origin_safe_climate_idp_v1,results/experiments/origin_safe_climate_idp_v1/runs/climate_safe_history_idp/0m/batches/2023/model_phase5_worse.ubj,727001,2765e1c4e3911b2482798bd8f95b390ab578e9cd8141530be8cae2e2eb8d04ab,booster,bundle:models.tar,
origin_safe_climate_idp_v1,results/experiments/origin_safe_climate_idp_v1/runs/climate_safe_history_idp/0m/batches/2023/predictions.csv,1617089,4a2e14eb22efa55fb8cfca8019218613a706283304631322869bcde277304741,predictions,archive:predictions,
origin_safe_climate_idp_v1,results/experiments/origin_safe_climate_idp_v1/runs/climate_safe_history_idp/0m/batches/2024/batch_record.json,1609,cbd1c22a67a1b279e7c9f3f8302ae713c83a67e214096e5cba664026975a8cda,model_recipe_member,bundle:models.tar,
origin_safe_climate_idp_v1,results/experiments/origin_safe_climate_idp_v1/runs/climate_safe_history_idp/0m/batches/2024/fit_keys.csv.gz,97188,d97a99d120647fa3042f017ac692fcc38e6a1585c10828542b6fff5648979659,model_recipe_member,bundle:models.tar,
origin_safe_climate_idp_v1,results/experiments/origin_safe_climate_idp_v1/runs/climate_safe_history_idp/0m/batches/2024/model_phase2_worse.ubj,7471936,ea9ae15711548e5be9d335fbd29487691c2ebb045577a03c9d2ffe26bc3f29e0,booster,bundle:models.tar,
origin_safe_climate_idp_v1,results/experiments/origin_safe_climate_idp_v1/runs/climate_safe_history_idp/0m/batches/2024/model_phase3_worse.ubj,307485,4eee91284e2d7b2a4cceae9f4512f2c485cf20d778226134b5ed30e45de1c9d1,booster,bundle:models.tar,
origin_safe_climate_idp_v1,results/experiments/origin_safe_climate_idp_v1/runs/climate_safe_history_idp/0m/batches/2024/model_phase4_worse.ubj,5240105,596fb43ea4c7577eda13cac6b83c2eaf25231fd1ab76588c8591236178fa47b2,booster,bundle:models.tar,
origin_safe_climate_idp_v1,results/experiments/origin_safe_climate_idp_v1/runs/climate_safe_history_idp/0m/batches/2024/model_phase5_worse.ubj,886249,8f76f3f6dd9ebc43614fe647010237d65949ad5d7404d62912ce567b72f4c990,booster,bundle:models.tar,
origin_safe_climate_idp_v1,results/experiments/origin_safe_climate_idp_v1/runs/climate_safe_history_idp/0m/batches/2024/predictions.csv,1359686,03a9d3b3722d41fd472ff1fc1b68203c9633d9ecc0b40f9971af4e7fd1da08db,predictions,archive:predictions,
origin_safe_climate_idp_v1,results/experiments/origin_safe_climate_idp_v1/runs/climate_safe_history_idp/0m/batches/2025/batch_record.json,1611,667055d4927399e227e620f576a7b66a78fe7b47acf953a534b5668d6130ddeb,model_recipe_member,bundle:models.tar,
origin_safe_climate_idp_v1,results/experiments/origin_safe_climate_idp_v1/runs/climate_safe_history_idp/0m/batches/2025/fit_keys.csv.gz,113219,0f3e61b7dce0f809329048114b2aa94a6404917524420a991aab02643ad198e4,model_recipe_member,bundle:models.tar,
origin_safe_climate_idp_v1,results/experiments/origin_safe_climate_idp_v1/runs/climate_safe_history_idp/0m/batches/2025/model_phase2_worse.ubj,8132293,9cc9c742a324a4e79adb2691deac83624ee231b52d1f395644c329456230dafb,booster,bundle:models.tar,
origin_safe_climate_idp_v1,results/experiments/origin_safe_climate_idp_v1/runs/climate_safe_history_idp/0m/batches/2025/model_phase3_worse.ubj,303747,ef07056ea0920a5eb969497647d0474d74671375fae74b0f5291042a15c07da0,booster,bundle:models.tar,
origin_safe_climate_idp_v1,results/experiments/origin_safe_climate_idp_v1/runs/climate_safe_history_idp/0m/batches/2025/model_phase4_worse.ubj,5471320,b14661b92d2df58b0396d7ada9cad2f69122bad5a2740f3dd47f91ef3e5d2fa3,booster,bundle:models.tar,
origin_safe_climate_idp_v1,results/experiments/origin_safe_climate_idp_v1/runs/climate_safe_history_idp/0m/batches/2025/model_phase5_worse.ubj,940650,30751614ca8998a2e1075aab80e2dc2334d5fe8f87a8f86ec593b55fb41e3c55,booster,bundle:models.tar,
origin_safe_climate_idp_v1,results/experiments/origin_safe_climate_idp_v1/runs/climate_safe_history_idp/0m/batches/2025/predictions.csv,2978527,3c2880802c652dd0dbb6bbc09d67b4b3ec8350f35dadf0e9ee8ad87efef9c800,predictions,archive:predictions,
origin_safe_climate_idp_v1,results/experiments/origin_safe_climate_idp_v1/runs/climate_safe_history_idp/0m/metrics/metrics_overall.csv,1572,35ccb48eb66066634890fc0099311f8d7a31b8260a9a57f15018ddf81b65a589,metric_or_report,archive:metrics (values extracted by explicit field selection),
origin_safe_climate_idp_v1,results/experiments/origin_safe_climate_idp_v1/runs/climate_safe_history_idp/0m/metrics/metrics_overall_pre_a03.csv,1349,2376fca19d59c055624c7f66ae1bfb4996e8071218795f5533999b7c092a1dba,metric_or_report,archive:metrics (values extracted by explicit field selection),
origin_safe_climate_idp_v1,results/experiments/origin_safe_climate_idp_v1/runs/climate_safe_history_idp/0m/metrics/metrics_recomputed.json,661,25e22f0b222242c6fe6ea96068fc8f15e0efbd639dec3c1ecaa4e6bf69b46b9c,metric_or_report,archive:metrics (values extracted by explicit field selection),
origin_safe_climate_idp_v1,results/experiments/origin_safe_climate_idp_v1/runs/climate_safe_history_idp/0m/predictions/predictions_2022.csv,1505040,0c63f368e3d9ec96a995d866e843267df7a768b8be323aae1329b2a023e9ab58,predictions,archive:predictions,
origin_safe_climate_idp_v1,results/experiments/origin_safe_climate_idp_v1/runs/climate_safe_history_idp/0m/predictions/predictions_2023.csv,1617089,4a2e14eb22efa55fb8cfca8019218613a706283304631322869bcde277304741,predictions,archive:predictions,
origin_safe_climate_idp_v1,results/experiments/origin_safe_climate_idp_v1/runs/climate_safe_history_idp/0m/predictions/predictions_2024.csv,1359686,03a9d3b3722d41fd472ff1fc1b68203c9633d9ecc0b40f9971af4e7fd1da08db,predictions,archive:predictions,
origin_safe_climate_idp_v1,results/experiments/origin_safe_climate_idp_v1/runs/climate_safe_history_idp/0m/predictions/predictions_2025.csv,2978527,3c2880802c652dd0dbb6bbc09d67b4b3ec8350f35dadf0e9ee8ad87efef9c800,predictions,archive:predictions,
origin_safe_climate_idp_v1,results/experiments/origin_safe_climate_idp_v1/runs/climate_safe_history_idp/12m/run_metadata.json,37023,8883e39ba74fe24945d41aade9ff040db35fd2de4ac6239dcad3bee2ea4e43cb,model_recipe_member,bundle:models.tar,
origin_safe_climate_idp_v1,results/experiments/origin_safe_climate_idp_v1/runs/climate_safe_history_idp/12m/batches/2022/batch_record.json,1610,fd85d8dd729174b22843fc2e515f8bcbe59a29658bae98f6bf9a0aeb958de648,model_recipe_member,bundle:models.tar,
origin_safe_climate_idp_v1,results/experiments/origin_safe_climate_idp_v1/runs/climate_safe_history_idp/12m/batches/2022/fit_keys.csv.gz,51715,17b572c89b7a76c5ca7116d7c24121cab1bed3cea891314e0aff0b48d3f500bf,model_recipe_member,bundle:models.tar,
origin_safe_climate_idp_v1,results/experiments/origin_safe_climate_idp_v1/runs/climate_safe_history_idp/12m/batches/2022/model_phase2_worse.ubj,5965002,51f49c489b502c21fdd6adecce6155ef89d0deebfa3a29e49f4c7ac1523a3b18,booster,bundle:models.tar,
origin_safe_climate_idp_v1,results/experiments/origin_safe_climate_idp_v1/runs/climate_safe_history_idp/12m/batches/2022/model_phase3_worse.ubj,283737,bb04311db63f08f1cf6250cf0aa20b39fde49d0b8b4ab8a882307cbbbea6b968,booster,bundle:models.tar,
origin_safe_climate_idp_v1,results/experiments/origin_safe_climate_idp_v1/runs/climate_safe_history_idp/12m/batches/2022/model_phase4_worse.ubj,3792973,cc8bcbb256f273c4e199fc8eeb3bab75b611bc928c4b1467ae4fc07c74432125,booster,bundle:models.tar,
origin_safe_climate_idp_v1,results/experiments/origin_safe_climate_idp_v1/runs/climate_safe_history_idp/12m/batches/2022/model_phase5_worse.ubj,386253,91c9f8ee974cd8207a89eb1cc28786b16e266b5d0dbb917096f9e164701e2350,booster,bundle:models.tar,
origin_safe_climate_idp_v1,results/experiments/origin_safe_climate_idp_v1/runs/climate_safe_history_idp/12m/batches/2022/predictions.csv,1507856,12ab0ce4a05a6b2a9da1a43331e675cc2b2513c55f4a112bce5259eebf49773c,predictions,archive:predictions,
origin_safe_climate_idp_v1,results/experiments/origin_safe_climate_idp_v1/runs/climate_safe_history_idp/12m/batches/2023/batch_record.json,1610,525b3d52a893f2b421300b7d04795c517f5911fb0b2307da68ec3634a20b2c9d,model_recipe_member,bundle:models.tar,
origin_safe_climate_idp_v1,results/experiments/origin_safe_climate_idp_v1/runs/climate_safe_history_idp/12m/batches/2023/fit_keys.csv.gz,64535,b3eb91c3891fc50842d7d7e295c5cfde2b270e9a249030c877c7b95b9198dea5,model_recipe_member,bundle:models.tar,
origin_safe_climate_idp_v1,results/experiments/origin_safe_climate_idp_v1/runs/climate_safe_history_idp/12m/batches/2023/model_phase2_worse.ubj,6642370,574aa3700907cae25256c509020d8b50be66d8394f786ae08c39f88773a50c5c,booster,bundle:models.tar,
origin_safe_climate_idp_v1,results/experiments/origin_safe_climate_idp_v1/runs/climate_safe_history_idp/12m/batches/2023/model_phase3_worse.ubj,288770,cc3b86016698343bac9c10caa0100c1d8bb6958f4525d322f345978b9dbda56c,booster,bundle:models.tar,
origin_safe_climate_idp_v1,results/experiments/origin_safe_climate_idp_v1/runs/climate_safe_history_idp/12m/batches/2023/model_phase4_worse.ubj,4347995,bdbc780d4d56bd0ea0e1d0c10f2bf3afbbc795c4fc70d0e2afc8b8be17862fb1,booster,bundle:models.tar,
origin_safe_climate_idp_v1,results/experiments/origin_safe_climate_idp_v1/runs/climate_safe_history_idp/12m/batches/2023/model_phase5_worse.ubj,403877,02f3272bf4f37f65ca9f9a0598156aa983aabeb807dc3c0c7c62fbf6eed16d06,booster,bundle:models.tar,
origin_safe_climate_idp_v1,results/experiments/origin_safe_climate_idp_v1/runs/climate_safe_history_idp/12m/batches/2023/predictions.csv,1621195,eaf65e238664bcc0b815e7ec341929c6f330a934aad221b195d9fbedef4bb289,predictions,archive:predictions,
origin_safe_climate_idp_v1,results/experiments/origin_safe_climate_idp_v1/runs/climate_safe_history_idp/12m/batches/2024/batch_record.json,1610,4dfb18702b26418c0464fdf3810d341432b811cbac222cca55ca2a5fad7c6f8c,model_recipe_member,bundle:models.tar,
origin_safe_climate_idp_v1,results/experiments/origin_safe_climate_idp_v1/runs/climate_safe_history_idp/12m/batches/2024/fit_keys.csv.gz,84095,9f2f5290de442679263fe441eae73695071d75ca86f6721c943fa3eced380fda,model_recipe_member,bundle:models.tar,
origin_safe_climate_idp_v1,results/experiments/origin_safe_climate_idp_v1/runs/climate_safe_history_idp/12m/batches/2024/model_phase2_worse.ubj,7179992,00ebae17cabc1d00b3ac94cbf34d0acebbb5f85bd0b473fd7b8e54b107b97be5,booster,bundle:models.tar,
origin_safe_climate_idp_v1,results/experiments/origin_safe_climate_idp_v1/runs/climate_safe_history_idp/12m/batches/2024/model_phase3_worse.ubj,319993,3ea09267a51e984af544281cf491730d45bce5dee982ea237c7b1b4c8c4f7d47,booster,bundle:models.tar,
origin_safe_climate_idp_v1,results/experiments/origin_safe_climate_idp_v1/runs/climate_safe_history_idp/12m/batches/2024/model_phase4_worse.ubj,5196369,1958d933a26c505af217ff37e8dbbb00b8a3b32606c0d487ae0271a7840fd18a,booster,bundle:models.tar,
origin_safe_climate_idp_v1,results/experiments/origin_safe_climate_idp_v1/runs/climate_safe_history_idp/12m/batches/2024/model_phase5_worse.ubj,818498,cacda409eb96f191848a62a387a1bdb902a574fe5c36ac56b2911630f1e4dd1c,booster,bundle:models.tar,
origin_safe_climate_idp_v1,results/experiments/origin_safe_climate_idp_v1/runs/climate_safe_history_idp/12m/batches/2024/predictions.csv,1363000,6748b9e0ace09ec1666f7000d27280bde625f3b814a7cee0d48cab85cbb18c25,predictions,archive:predictions,
origin_safe_climate_idp_v1,results/experiments/origin_safe_climate_idp_v1/runs/climate_safe_history_idp/12m/batches/2025/batch_record.json,1610,dcf5f0dac7d9999407d0d758cd70587e250b4ec7f8a2845fd820f8c0d54da068,model_recipe_member,bundle:models.tar,
origin_safe_climate_idp_v1,results/experiments/origin_safe_climate_idp_v1/runs/climate_safe_history_idp/12m/batches/2025/fit_keys.csv.gz,101815,433f227929552af8c3e567770a9946d15dab32f58958b5230711a163b2e1797f,model_recipe_member,bundle:models.tar,
origin_safe_climate_idp_v1,results/experiments/origin_safe_climate_idp_v1/runs/climate_safe_history_idp/12m/batches/2025/model_phase2_worse.ubj,7919509,4abb62d931a32e97a767f15ba4edcfb9fff6ba934d0017236a2feb31bf47e999,booster,bundle:models.tar,
origin_safe_climate_idp_v1,results/experiments/origin_safe_climate_idp_v1/runs/climate_safe_history_idp/12m/batches/2025/model_phase3_worse.ubj,322585,7378f50da821d1b555fc1b96b51cd0dcf09c357ae33b5e82705eff59ebf5053a,booster,bundle:models.tar,
origin_safe_climate_idp_v1,results/experiments/origin_safe_climate_idp_v1/runs/climate_safe_history_idp/12m/batches/2025/model_phase4_worse.ubj,5565622,addce4736cddf82865203e2c8505006efe5ba21ebd2d704dfd132f3571556b78,booster,bundle:models.tar,
origin_safe_climate_idp_v1,results/experiments/origin_safe_climate_idp_v1/runs/climate_safe_history_idp/12m/batches/2025/model_phase5_worse.ubj,974347,b9c320c52d915a1f491299168986640fbc246406b2fe34bcc26d0185e829e03e,booster,bundle:models.tar,
origin_safe_climate_idp_v1,results/experiments/origin_safe_climate_idp_v1/runs/climate_safe_history_idp/12m/batches/2025/predictions.csv,2988487,e0b47bd9bff3d96dab2caef2065bf2ba20067d87b7aed439e993521b663f1d8e,predictions,archive:predictions,
origin_safe_climate_idp_v1,results/experiments/origin_safe_climate_idp_v1/runs/climate_safe_history_idp/12m/metrics/metrics_overall.csv,1580,d1984e03d53503da0c64fc13b672198946bfb91649ac17c63df09b906c27339e,metric_or_report,archive:metrics (values extracted by explicit field selection),
origin_safe_climate_idp_v1,results/experiments/origin_safe_climate_idp_v1/runs/climate_safe_history_idp/12m/metrics/metrics_overall_pre_a03.csv,1355,35675d82500d51de109ebfde4dbe5767847c422c51cd1fd093d2d6efbf1bb9f9,metric_or_report,archive:metrics (values extracted by explicit field selection),
origin_safe_climate_idp_v1,results/experiments/origin_safe_climate_idp_v1/runs/climate_safe_history_idp/12m/metrics/metrics_recomputed.json,661,fe2988fd54568c06e8a94563a71e6a67babc2954a10c4f42fec3b40d48142f28,metric_or_report,archive:metrics (values extracted by explicit field selection),
origin_safe_climate_idp_v1,results/experiments/origin_safe_climate_idp_v1/runs/climate_safe_history_idp/12m/predictions/predictions_2022.csv,1507856,12ab0ce4a05a6b2a9da1a43331e675cc2b2513c55f4a112bce5259eebf49773c,predictions,archive:predictions,
origin_safe_climate_idp_v1,results/experiments/origin_safe_climate_idp_v1/runs/climate_safe_history_idp/12m/predictions/predictions_2023.csv,1621195,eaf65e238664bcc0b815e7ec341929c6f330a934aad221b195d9fbedef4bb289,predictions,archive:predictions,
origin_safe_climate_idp_v1,results/experiments/origin_safe_climate_idp_v1/runs/climate_safe_history_idp/12m/predictions/predictions_2024.csv,1363000,6748b9e0ace09ec1666f7000d27280bde625f3b814a7cee0d48cab85cbb18c25,predictions,archive:predictions,
origin_safe_climate_idp_v1,results/experiments/origin_safe_climate_idp_v1/runs/climate_safe_history_idp/12m/predictions/predictions_2025.csv,2988487,e0b47bd9bff3d96dab2caef2065bf2ba20067d87b7aed439e993521b663f1d8e,predictions,archive:predictions,
origin_safe_climate_idp_v1,results/experiments/origin_safe_climate_idp_v1/runs/climate_safe_history_idp/3m/run_metadata.json,47489,9ee196781da0425beac755d471a354ffdebf74f9471d27f05e7b56fb7bd74b48,model_recipe_member,bundle:models.tar,
origin_safe_climate_idp_v1,results/experiments/origin_safe_climate_idp_v1/runs/climate_safe_history_idp/3m/batches/2022/batch_record.json,1608,f357b61e00638d4a6dc3a3fcebe39a86d82b1b2ee02bf8deb39bdeb9a3cd1e1b,model_recipe_member,bundle:models.tar,
origin_safe_climate_idp_v1,results/experiments/origin_safe_climate_idp_v1/runs/climate_safe_history_idp/3m/batches/2022/fit_keys.csv.gz,59380,dbac6c3c7432ded016c932c3195e8f9ad900e1c5a24071912e92573da1b2c047,model_recipe_member,bundle:models.tar,
origin_safe_climate_idp_v1,results/experiments/origin_safe_climate_idp_v1/runs/climate_safe_history_idp/3m/batches/2022/model_phase2_worse.ubj,6421299,fbea843b42a0893f69739811b10527910c9ec365e4d1fe83e1fcb9005b1003ca,booster,bundle:models.tar,
origin_safe_climate_idp_v1,results/experiments/origin_safe_climate_idp_v1/runs/climate_safe_history_idp/3m/batches/2022/model_phase3_worse.ubj,290414,8319f2fc2080823edce2d634d1f2d68daabaf6d351727bfb78428da95bf2fb96,booster,bundle:models.tar,
origin_safe_climate_idp_v1,results/experiments/origin_safe_climate_idp_v1/runs/climate_safe_history_idp/3m/batches/2022/model_phase4_worse.ubj,4024520,7beb21fd583e7a93f6aa93a31a348fda0aea385805f2a10adfe6f40e17ffa099,booster,bundle:models.tar,
origin_safe_climate_idp_v1,results/experiments/origin_safe_climate_idp_v1/runs/climate_safe_history_idp/3m/batches/2022/model_phase5_worse.ubj,426267,00b66da31f3f671307d7a4dd20e24c7f8e2f97d90ced25f8df32865b44834bd3,booster,bundle:models.tar,
origin_safe_climate_idp_v1,results/experiments/origin_safe_climate_idp_v1/runs/climate_safe_history_idp/3m/batches/2022/predictions.csv,1504803,7c51d9761b49c330fd6a97f9726de2a7c6a35c939f39f7cba92d8d47a4207632,predictions,archive:predictions,
origin_safe_climate_idp_v1,results/experiments/origin_safe_climate_idp_v1/runs/climate_safe_history_idp/3m/batches/2023/batch_record.json,1608,0d3f28b6b485bd5f954e2ffd6753cd8a27f55a060d202260be7e72fdfbc73345,model_recipe_member,bundle:models.tar,
origin_safe_climate_idp_v1,results/experiments/origin_safe_climate_idp_v1/runs/climate_safe_history_idp/3m/batches/2023/fit_keys.csv.gz,77380,95c98408c5c88fe6207ad16f7a1b8ba360503a9ddfeafea1b93be854ffc75870,model_recipe_member,bundle:models.tar,
origin_safe_climate_idp_v1,results/experiments/origin_safe_climate_idp_v1/runs/climate_safe_history_idp/3m/batches/2023/model_phase2_worse.ubj,6602998,62e2bbd67e0228761d147af2e1cc69eb9c9b0c2c01f48910d9eb44b5c4024cf6,booster,bundle:models.tar,
origin_safe_climate_idp_v1,results/experiments/origin_safe_climate_idp_v1/runs/climate_safe_history_idp/3m/batches/2023/model_phase3_worse.ubj,310275,164aca26133b3f70b3dc0caf3cf0363de8d6b7dba6a063adb5339b58c4c78eb7,booster,bundle:models.tar,
origin_safe_climate_idp_v1,results/experiments/origin_safe_climate_idp_v1/runs/climate_safe_history_idp/3m/batches/2023/model_phase4_worse.ubj,4685288,f87832e0d51579f16c4e7404e76af21aaa33eba9516f947cab6940db3e256997,booster,bundle:models.tar,
origin_safe_climate_idp_v1,results/experiments/origin_safe_climate_idp_v1/runs/climate_safe_history_idp/3m/batches/2023/model_phase5_worse.ubj,749144,e37fd1bc29a6ab3c2bc78531835e024350ef6da601f3510a842617b49b812546,booster,bundle:models.tar,
origin_safe_climate_idp_v1,results/experiments/origin_safe_climate_idp_v1/runs/climate_safe_history_idp/3m/batches/2023/predictions.csv,1613119,a6b3b7deebd4c9fc2738c71ede13fcb3d0c81d5c0d77d89034ae997668472fb5,predictions,archive:predictions,
origin_safe_climate_idp_v1,results/experiments/origin_safe_climate_idp_v1/runs/climate_safe_history_idp/3m/batches/2024/batch_record.json,1609,740c8e3209320778e84a023c327e014a61283dfcf8fd17cd4bd179fd7b48a1cf,model_recipe_member,bundle:models.tar,
origin_safe_climate_idp_v1,results/experiments/origin_safe_climate_idp_v1/runs/climate_safe_history_idp/3m/batches/2024/fit_keys.csv.gz,95664,35208e2ad219ef1cd9ed680a6a471411f56bb09517267991a4360ef6bbe2a60d,model_recipe_member,bundle:models.tar,
origin_safe_climate_idp_v1,results/experiments/origin_safe_climate_idp_v1/runs/climate_safe_history_idp/3m/batches/2024/model_phase2_worse.ubj,7475056,2f38afdedba33b45756203269d2b7bed04424300cca4c5be67a99e645fdd383a,booster,bundle:models.tar,
origin_safe_climate_idp_v1,results/experiments/origin_safe_climate_idp_v1/runs/climate_safe_history_idp/3m/batches/2024/model_phase3_worse.ubj,319801,19781d4ef6b499a75676319b0451a2182ea498008ecfe4da3fec9bc1fba1e81c,booster,bundle:models.tar,
origin_safe_climate_idp_v1,results/experiments/origin_safe_climate_idp_v1/runs/climate_safe_history_idp/3m/batches/2024/model_phase4_worse.ubj,5094655,c5b5789fa8ffb3c626ec0aa3f38c41e700cc62111f8f1fc3a57bb689c73a2f9f,booster,bundle:models.tar,
origin_safe_climate_idp_v1,results/experiments/origin_safe_climate_idp_v1/runs/climate_safe_history_idp/3m/batches/2024/model_phase5_worse.ubj,827033,f00c4e92582c096c02fb24ad913b8997d1470198a7040ba97d2823ba11a22f90,booster,bundle:models.tar,
origin_safe_climate_idp_v1,results/experiments/origin_safe_climate_idp_v1/runs/climate_safe_history_idp/3m/batches/2024/predictions.csv,1360385,44a9d7cda4e6385be610158c34beb44dc428a03633032c807ba8f266155eaed0,predictions,archive:predictions,
origin_safe_climate_idp_v1,results/experiments/origin_safe_climate_idp_v1/runs/climate_safe_history_idp/3m/batches/2025/batch_record.json,1610,d164a2ae1c6f33bf14ba05443dacecc50dfe3eb590dcd277c5e47b695e8bc8db,model_recipe_member,bundle:models.tar,
origin_safe_climate_idp_v1,results/experiments/origin_safe_climate_idp_v1/runs/climate_safe_history_idp/3m/batches/2025/fit_keys.csv.gz,111179,48a91d69ec54424baa7280bbeed712574a7bdd1847d5ec14d3139d81b3f36b27,model_recipe_member,bundle:models.tar,
origin_safe_climate_idp_v1,results/experiments/origin_safe_climate_idp_v1/runs/climate_safe_history_idp/3m/batches/2025/model_phase2_worse.ubj,8439874,52e61767cbcccfecf08db2dbe84eade3bd0c0f3fabd4d874090b3b7e1965ab48,booster,bundle:models.tar,
origin_safe_climate_idp_v1,results/experiments/origin_safe_climate_idp_v1/runs/climate_safe_history_idp/3m/batches/2025/model_phase3_worse.ubj,314429,336c9b649e63301f524c1af80e01502717cbc4373c04ca241a809bb8a8f5a21d,booster,bundle:models.tar,
origin_safe_climate_idp_v1,results/experiments/origin_safe_climate_idp_v1/runs/climate_safe_history_idp/3m/batches/2025/model_phase4_worse.ubj,5453914,48a674f4b4cc2af840ab70c9cbc2a16a79b13a2b3e2fe20c715ae45902847abf,booster,bundle:models.tar,
origin_safe_climate_idp_v1,results/experiments/origin_safe_climate_idp_v1/runs/climate_safe_history_idp/3m/batches/2025/model_phase5_worse.ubj,976903,57ee078a61b69897d767dce3202ade3dac9127340b03230caaf90499127ac6c2,booster,bundle:models.tar,
origin_safe_climate_idp_v1,results/experiments/origin_safe_climate_idp_v1/runs/climate_safe_history_idp/3m/batches/2025/predictions.csv,2979866,a98cad905b02f77322ebc4fc2836c64f43d9ad2e5f569d922f6f81941c2529ec,predictions,archive:predictions,
origin_safe_climate_idp_v1,results/experiments/origin_safe_climate_idp_v1/runs/climate_safe_history_idp/3m/metrics/metrics_overall.csv,1575,3d197f11867658dbfb21c7abb4d71601e718d9b8ccb452933dca96bd1117492d,metric_or_report,archive:metrics (values extracted by explicit field selection),
origin_safe_climate_idp_v1,results/experiments/origin_safe_climate_idp_v1/runs/climate_safe_history_idp/3m/metrics/metrics_overall_pre_a03.csv,1351,da50b291550e6cbe8bedfaf8b43415cddc489ea14073efab17bb248270ca9a33,metric_or_report,archive:metrics (values extracted by explicit field selection),
origin_safe_climate_idp_v1,results/experiments/origin_safe_climate_idp_v1/runs/climate_safe_history_idp/3m/metrics/metrics_recomputed.json,661,349f1a6545304c3598589e3767c2c0176d0cc0637bd6c95b750a11a79af3959f,metric_or_report,archive:metrics (values extracted by explicit field selection),
origin_safe_climate_idp_v1,results/experiments/origin_safe_climate_idp_v1/runs/climate_safe_history_idp/3m/predictions/predictions_2022.csv,1504803,7c51d9761b49c330fd6a97f9726de2a7c6a35c939f39f7cba92d8d47a4207632,predictions,archive:predictions,
origin_safe_climate_idp_v1,results/experiments/origin_safe_climate_idp_v1/runs/climate_safe_history_idp/3m/predictions/predictions_2023.csv,1613119,a6b3b7deebd4c9fc2738c71ede13fcb3d0c81d5c0d77d89034ae997668472fb5,predictions,archive:predictions,
origin_safe_climate_idp_v1,results/experiments/origin_safe_climate_idp_v1/runs/climate_safe_history_idp/3m/predictions/predictions_2024.csv,1360385,44a9d7cda4e6385be610158c34beb44dc428a03633032c807ba8f266155eaed0,predictions,archive:predictions,
origin_safe_climate_idp_v1,results/experiments/origin_safe_climate_idp_v1/runs/climate_safe_history_idp/3m/predictions/predictions_2025.csv,2979866,a98cad905b02f77322ebc4fc2836c64f43d9ad2e5f569d922f6f81941c2529ec,predictions,archive:predictions,
origin_safe_climate_idp_v1,results/experiments/origin_safe_climate_idp_v1/runs/climate_safe_history_idp/6m/run_metadata.json,47489,5d33a6f5213886fcf9f8911ea0c7e63de381904f6c30cf66e9ce69812a5b28a4,model_recipe_member,bundle:models.tar,
origin_safe_climate_idp_v1,results/experiments/origin_safe_climate_idp_v1/runs/climate_safe_history_idp/6m/batches/2022/batch_record.json,1609,4d8410d851dd990a9d2f5e48fddac07b7470f5b43c0aabe0e5a9d6064303aa35,model_recipe_member,bundle:models.tar,
origin_safe_climate_idp_v1,results/experiments/origin_safe_climate_idp_v1/runs/climate_safe_history_idp/6m/batches/2022/fit_keys.csv.gz,54692,4399500da3b6740eecabb29771f575aa43a7f5cbe65310a095ba86ac151274de,model_recipe_member,bundle:models.tar,
origin_safe_climate_idp_v1,results/experiments/origin_safe_climate_idp_v1/runs/climate_safe_history_idp/6m/batches/2022/model_phase2_worse.ubj,6242589,b09588ac9de02cc95f97141f4d86cda323a452b78ad1103844943497b675e890,booster,bundle:models.tar,
origin_safe_climate_idp_v1,results/experiments/origin_safe_climate_idp_v1/runs/climate_safe_history_idp/6m/batches/2022/model_phase3_worse.ubj,290480,3598eb02fa6cfd8671d925d532544c9f11959146756df333d43a0f71131b5822,booster,bundle:models.tar,
origin_safe_climate_idp_v1,results/experiments/origin_safe_climate_idp_v1/runs/climate_safe_history_idp/6m/batches/2022/model_phase4_worse.ubj,3837039,219a612649bdb362725aac7b847b844cda305409cbc3620b1e4e97d6a924a2c1,booster,bundle:models.tar,
origin_safe_climate_idp_v1,results/experiments/origin_safe_climate_idp_v1/runs/climate_safe_history_idp/6m/batches/2022/model_phase5_worse.ubj,422382,7e88a7838417c7b627199c9692002ba358bd00f5f7057b35d20af0a1098f13f1,booster,bundle:models.tar,
origin_safe_climate_idp_v1,results/experiments/origin_safe_climate_idp_v1/runs/climate_safe_history_idp/6m/batches/2022/predictions.csv,1503792,751d8af5f9a207ba54e0f41982e832baaaa11d3af983e0866e254951cdaa7ad6,predictions,archive:predictions,
origin_safe_climate_idp_v1,results/experiments/origin_safe_climate_idp_v1/runs/climate_safe_history_idp/6m/batches/2023/batch_record.json,1609,787c8952babe6c1780cadf917bd3c082b68fea7370018569279e9b14ff04b4a7,model_recipe_member,bundle:models.tar,
origin_safe_climate_idp_v1,results/experiments/origin_safe_climate_idp_v1/runs/climate_safe_history_idp/6m/batches/2023/fit_keys.csv.gz,69527,0db1357124358132a9dbe485620e108724f873386de91983db9673aef1d50180,model_recipe_member,bundle:models.tar,
origin_safe_climate_idp_v1,results/experiments/origin_safe_climate_idp_v1/runs/climate_safe_history_idp/6m/batches/2023/model_phase2_worse.ubj,6632040,7d4cd8bc4551c16b2698567d0d5c3213af1470d31c65846d57eb18e7c5774bba,booster,bundle:models.tar,
origin_safe_climate_idp_v1,results/experiments/origin_safe_climate_idp_v1/runs/climate_safe_history_idp/6m/batches/2023/model_phase3_worse.ubj,306675,cb5630dc8b11189f7fc22e954f6c907b8e373e5b26f5d1bfa32ec160a7ed553b,booster,bundle:models.tar,
origin_safe_climate_idp_v1,results/experiments/origin_safe_climate_idp_v1/runs/climate_safe_history_idp/6m/batches/2023/model_phase4_worse.ubj,4156375,b06dfc26b29c58bdbb9d266fd37443b40e4f97514ba9ec9fa96a3cea140591bd,booster,bundle:models.tar,
origin_safe_climate_idp_v1,results/experiments/origin_safe_climate_idp_v1/runs/climate_safe_history_idp/6m/batches/2023/model_phase5_worse.ubj,612805,db4fd89684156d1501a2a07f816f372275de4d931b130109c7227aaa92258396,booster,bundle:models.tar,
origin_safe_climate_idp_v1,results/experiments/origin_safe_climate_idp_v1/runs/climate_safe_history_idp/6m/batches/2023/predictions.csv,1613728,1acccb5e31d82244e984ab045a4b2858d47b20f24b70d61eb765a88498ce6d21,predictions,archive:predictions,
origin_safe_climate_idp_v1,results/experiments/origin_safe_climate_idp_v1/runs/climate_safe_history_idp/6m/batches/2024/batch_record.json,1608,cfa4c87479de07df343b82704edf4401f499eafacf74080d7a10b7df4c038add,model_recipe_member,bundle:models.tar,
origin_safe_climate_idp_v1,results/experiments/origin_safe_climate_idp_v1/runs/climate_safe_history_idp/6m/batches/2024/fit_keys.csv.gz,88860,36b8a65a578cbb0ad51566e171ca979ff98a1b4c03efc27f91a9173b4a486abf,model_recipe_member,bundle:models.tar,
origin_safe_climate_idp_v1,results/experiments/origin_safe_climate_idp_v1/runs/climate_safe_history_idp/6m/batches/2024/model_phase2_worse.ubj,6892347,a6bb6a41672ea388f219a7435622cc2356714ae2e8fa066f6f082b6bd02cea4f,booster,bundle:models.tar,
origin_safe_climate_idp_v1,results/experiments/origin_safe_climate_idp_v1/runs/climate_safe_history_idp/6m/batches/2024/model_phase3_worse.ubj,320616,71c5f43268a5a3131a08f26364bf517ccacef880b9dd52529e26bb47f119fecc,booster,bundle:models.tar,
origin_safe_climate_idp_v1,results/experiments/origin_safe_climate_idp_v1/runs/climate_safe_history_idp/6m/batches/2024/model_phase4_worse.ubj,5094044,9cb0d97efdbf789ac14b0ec4e198a3ef68cf2d272dc28b657c0ce337f2df1236,booster,bundle:models.tar,
origin_safe_climate_idp_v1,results/experiments/origin_safe_climate_idp_v1/runs/climate_safe_history_idp/6m/batches/2024/model_phase5_worse.ubj,834369,db1e3af1a2d839400fc94749ed770a248e731c357ec7ea09f5546e983ca86459,booster,bundle:models.tar,
origin_safe_climate_idp_v1,results/experiments/origin_safe_climate_idp_v1/runs/climate_safe_history_idp/6m/batches/2024/predictions.csv,1357699,b7d325ea475f8f73e6f601d07f875d3b821c224bc1ac8bc688f637ca31d3c173,predictions,archive:predictions,
origin_safe_climate_idp_v1,results/experiments/origin_safe_climate_idp_v1/runs/climate_safe_history_idp/6m/batches/2025/batch_record.json,1609,c6d04a03eed871a94770430272c0e9ab5133823f7aa3831bd6cce9374546de93,model_recipe_member,bundle:models.tar,
origin_safe_climate_idp_v1,results/experiments/origin_safe_climate_idp_v1/runs/climate_safe_history_idp/6m/batches/2025/fit_keys.csv.gz,106078,80f66f7fbdf31d0d41fd4c42893de34dbe1190b12afeb7270f4c19acc7c4c877,model_recipe_member,bundle:models.tar,
origin_safe_climate_idp_v1,results/experiments/origin_safe_climate_idp_v1/runs/climate_safe_history_idp/6m/batches/2025/model_phase2_worse.ubj,7957808,9d913e8c26c725c5c2b882a503a572e9888c979509afed80952a9dd824f3679f,booster,bundle:models.tar,
origin_safe_climate_idp_v1,results/experiments/origin_safe_climate_idp_v1/runs/climate_safe_history_idp/6m/batches/2025/model_phase3_worse.ubj,325379,cb09fc247190221622926867db49159050b94c745cfde83402a66413fbbe6114,booster,bundle:models.tar,
origin_safe_climate_idp_v1,results/experiments/origin_safe_climate_idp_v1/runs/climate_safe_history_idp/6m/batches/2025/model_phase4_worse.ubj,5767673,66c99368eed6b3891a9f7eb576447d8e49e861b573b0d5ff8944e73c03e47699,booster,bundle:models.tar,
origin_safe_climate_idp_v1,results/experiments/origin_safe_climate_idp_v1/runs/climate_safe_history_idp/6m/batches/2025/model_phase5_worse.ubj,1010287,9f7139ce8296d22bc881f56d999fa14c58ee17cbdb70b988b8d3e9b89f1229ef,booster,bundle:models.tar,
origin_safe_climate_idp_v1,results/experiments/origin_safe_climate_idp_v1/runs/climate_safe_history_idp/6m/batches/2025/predictions.csv,2970138,f942193784c3e6159bff5c8bc172a86389cf5b69864f1505213df6a9163ae0a9,predictions,archive:predictions,
origin_safe_climate_idp_v1,results/experiments/origin_safe_climate_idp_v1/runs/climate_safe_history_idp/6m/metrics/metrics_overall.csv,1574,027e4b928bbc6bd239008a584069ba09a8581e41ca969a67717eb5f6b840bb90,metric_or_report,archive:metrics (values extracted by explicit field selection),
origin_safe_climate_idp_v1,results/experiments/origin_safe_climate_idp_v1/runs/climate_safe_history_idp/6m/metrics/metrics_overall_pre_a03.csv,1350,caeb7f731124af5bc2f1d18df693eae30bd070f16d91ad3b4a38a243c532ebd1,metric_or_report,archive:metrics (values extracted by explicit field selection),
origin_safe_climate_idp_v1,results/experiments/origin_safe_climate_idp_v1/runs/climate_safe_history_idp/6m/metrics/metrics_recomputed.json,661,6ab3e3b5a3617d27fe4d32f9be9054383615e6c9b9e640a7a1088231f6596906,metric_or_report,archive:metrics (values extracted by explicit field selection),
origin_safe_climate_idp_v1,results/experiments/origin_safe_climate_idp_v1/runs/climate_safe_history_idp/6m/predictions/predictions_2022.csv,1503792,751d8af5f9a207ba54e0f41982e832baaaa11d3af983e0866e254951cdaa7ad6,predictions,archive:predictions,
origin_safe_climate_idp_v1,results/experiments/origin_safe_climate_idp_v1/runs/climate_safe_history_idp/6m/predictions/predictions_2023.csv,1613728,1acccb5e31d82244e984ab045a4b2858d47b20f24b70d61eb765a88498ce6d21,predictions,archive:predictions,
origin_safe_climate_idp_v1,results/experiments/origin_safe_climate_idp_v1/runs/climate_safe_history_idp/6m/predictions/predictions_2024.csv,1357699,b7d325ea475f8f73e6f601d07f875d3b821c224bc1ac8bc688f637ca31d3c173,predictions,archive:predictions,
origin_safe_climate_idp_v1,results/experiments/origin_safe_climate_idp_v1/runs/climate_safe_history_idp/6m/predictions/predictions_2025.csv,2970138,f942193784c3e6159bff5c8bc172a86389cf5b69864f1505213df6a9163ae0a9,predictions,archive:predictions,
origin_safe_climate_idp_v1,results/experiments/origin_safe_climate_idp_v1/timing_audit/label_tripwire.csv,295297,d09c30d456a1853c1297c9175da7c6a310373340a7874fafaec826211c54fd7a,other,UNRESOLVED,
origin_safe_climate_idp_v1,results/experiments/origin_safe_climate_idp_v1/timing_audit/timing_audit.csv,5746,41e4c98cfb357bd2e3f8bbdd6b834ffc36dbbbb5f0b4b0c53783270a5fe0f448,other,UNRESOLVED,climate2015
origin_safe_climate_idp_v1,results/experiments/origin_safe_climate_idp_v1/timing_audit/timing_audit_summary.json,5147,95e0376686b9997c2cba38b8180e0a630c337fca7bc7533862ddf62e10de2bb9,other,UNRESOLVED,
origin_safe_climate_idp_v1,results/experiments/origin_safe_climate_idp_v1/verification/coverage.csv,1013,e6bd87081cb945bacf2b32deff594e28f50de4cbd005b880fd00dc14a003f05a,ledger_or_check,archive:ledgers,
origin_safe_climate_idp_v1,results/experiments/origin_safe_climate_idp_v1/verification/feature_timing_classes.csv,299100,c4795c691415f36d4a1858324132d745d6cde7fac5a2cc7ea3e8a0045ad7e947,ledger_or_check,archive:ledgers,climate2015
origin_safe_climate_idp_v1,results/experiments/origin_safe_climate_idp_v1/verification/metrics_replay.csv,11407,5bf8cfdae80c2b703461b7154162f6d062342981c7f34912c4d6af6807011be2,ledger_or_check,archive:ledgers,
origin_safe_climate_idp_v1,results/experiments/origin_safe_climate_idp_v1/verification/metrics_replay_agreement.csv,370,0b57063fe876459b2fc3d1822556fe7ba75a2e4eab5d3134f1bce0e659ff4ca9,ledger_or_check,archive:ledgers,
origin_safe_climate_idp_v1,results/experiments/origin_safe_climate_idp_v1/verification/missingness_carrier_tail.csv,1341,555e3b8043a2fba47fe6710a5b83f2284f53ca145c198616b029056ba4dcd259,ledger_or_check,archive:ledgers,climate2015
origin_safe_climate_idp_v1,results/experiments/origin_safe_climate_idp_v1/verification/paired_deltas.csv,8917,dcdbfed136a6ccd28da20d72ee72288a5ea10d7e92a613e70551a9e4cc34ffd5,ledger_or_check,archive:ledgers,
origin_safe_climate_idp_v1,results/experiments/origin_safe_climate_idp_v1/verification/verification_summary.json,960,c0122f531fccba88f5b0aa8b89d5e3e9988a912303cbce0c6b02bfa30b119b38,ledger_or_check,archive:ledgers,
origin_safe_weather_oracle_v1,results/experiments/origin_safe_weather_oracle_v1/input_checks/oracle_source_support_h12.csv,3393,8f63e4c16c9a37de4bd16a1f716f0750cd31f16035fa07e58d06ab6ccbe541bb,ledger_or_check,archive:ledgers,
origin_safe_weather_oracle_v1,results/experiments/origin_safe_weather_oracle_v1/input_checks/oracle_source_support_h3.csv,2333,be4c0b3c8d3b7fe91565fbadae1b8e9b81e840a210e1a8525e49e3e737b2069d,ledger_or_check,archive:ledgers,
origin_safe_weather_oracle_v1,results/experiments/origin_safe_weather_oracle_v1/input_checks/oracle_source_support_h6.csv,3251,0de7776d11b5f65c2bacdb014def294593367b3b5fe45d12d4c14d31b40cc0fe,ledger_or_check,archive:ledgers,
origin_safe_weather_oracle_v1,results/experiments/origin_safe_weather_oracle_v1/input_checks/origin_safe_weather_oracle_v1_manifest_copy.json,280588,525525ece38584277c74d4f8e8f7265c394fd386462c7f75cf934325587f8cb6,ledger_or_check,archive:ledgers,climate2015
origin_safe_weather_oracle_v1,results/experiments/origin_safe_weather_oracle_v1/logs/build_inputs.log,816,74f9b8b1852750ed5ef0fdfd0e3185c1e37d474d78d65591db6ec70a07780569,log,archive:logs,
origin_safe_weather_oracle_v1,results/experiments/origin_safe_weather_oracle_v1/logs/climate_safe_history_idp_oracle_12m.log,389,676ac06c256d3457fb1d2f0a33127c22c127703efe162abe60e0cddde20077de,log,archive:logs,
origin_safe_weather_oracle_v1,results/experiments/origin_safe_weather_oracle_v1/logs/climate_safe_history_idp_oracle_12m_dry_run.log,226,e4a4a4087dcafc1da45ae8955e170dbf595d8f2d15b5be5926ee29700fe2c9a6,log,archive:logs,
origin_safe_weather_oracle_v1,results/experiments/origin_safe_weather_oracle_v1/logs/climate_safe_history_idp_oracle_3m.log,595,42100402b729fba2fd973805a5ac52f943a3d68d8e97af167f6b27bebe020a7c,log,archive:logs,
origin_safe_weather_oracle_v1,results/experiments/origin_safe_weather_oracle_v1/logs/climate_safe_history_idp_oracle_3m_dry_run.log,225,d646ff32746366f79eded4b21943055265b70089ff51d2b6f40f1be19cab72f4,log,archive:logs,
origin_safe_weather_oracle_v1,results/experiments/origin_safe_weather_oracle_v1/logs/climate_safe_history_idp_oracle_6m.log,562,e5ff534350be9a1d33c9736e289a8b4268cfe63d7af5e0fd501afebe0ef9f999,log,archive:logs,
origin_safe_weather_oracle_v1,results/experiments/origin_safe_weather_oracle_v1/logs/climate_safe_history_idp_oracle_6m_dry_run.log,225,4c4f8c660859faba0ff5ad50c5d237b0552b96540d5a2a33dd8cf5e4c7219cf4,log,archive:logs,
origin_safe_weather_oracle_v1,results/experiments/origin_safe_weather_oracle_v1/logs/climate_safe_history_idp_oracle_b6_12m.log,391,000de700e690c4631227049cb5e29bc60750e12460c1eb33f7b9117712ab5245,log,archive:logs,
origin_safe_weather_oracle_v1,results/experiments/origin_safe_weather_oracle_v1/logs/climate_safe_history_idp_oracle_b6_12m_dry_run.log,229,d03eb7946d6560fd4eb65350e4e2969f51ffcdcde1173edc81799cb1e6a7a64a,log,archive:logs,
origin_safe_weather_oracle_v1,results/experiments/origin_safe_weather_oracle_v1/logs/climate_safe_history_idp_oracle_b6_3m.log,390,472134a1c86364754fbb37c2d206f768ec6485e521d7836f5af63cad03a0d8e5,log,archive:logs,
origin_safe_weather_oracle_v1,results/experiments/origin_safe_weather_oracle_v1/logs/climate_safe_history_idp_oracle_b6_3m_dry_run.log,228,14415ebda767c592394e8813ff9e578ea372eabc7eacecf25a61068342a96bcf,log,archive:logs,
origin_safe_weather_oracle_v1,results/experiments/origin_safe_weather_oracle_v1/logs/climate_safe_history_idp_oracle_b6_6m.log,390,1e26e92a5f031c1ff98215764db3063822dc0db9f033af19df3869b7d886fc73,log,archive:logs,
origin_safe_weather_oracle_v1,results/experiments/origin_safe_weather_oracle_v1/logs/climate_safe_history_idp_oracle_b6_6m_dry_run.log,228,8f268f3c4498654914554e39276133777443fba8b33671b8847f400c4c31a679,log,archive:logs,
origin_safe_weather_oracle_v1,results/experiments/origin_safe_weather_oracle_v1/logs/reference_preflight.log,3054,5be4692ebee6f119ef8f2cd53917bc324d3cb1e6f7ac144f9f2db0ea1a562187,log,archive:logs,
origin_safe_weather_oracle_v1,results/experiments/origin_safe_weather_oracle_v1/logs/region3.log,321,3a1e32fc96c8a9df90b1aa091c66d5ab2aac0a54df8bfae14d3117dcd54eb710,log,archive:logs,
origin_safe_weather_oracle_v1,results/experiments/origin_safe_weather_oracle_v1/logs/suite.log,922,da5dc85d69168259e1dfca5ce4ecdcddf2454392192646b5a3b9871e31841b83,log,archive:logs,
origin_safe_weather_oracle_v1,results/experiments/origin_safe_weather_oracle_v1/logs/suite_dry_run_ledger.jsonl,5967,992712c94c3bd9d21440f3af127b3a0f80f202ff4377e15d4ecedc54ec56a778,log,archive:logs,
origin_safe_weather_oracle_v1,results/experiments/origin_safe_weather_oracle_v1/logs/suite_ledger.jsonl,7827,b93e7e69eb1c841d7a5e96e14f238f6b0ad1acc03693ef187d696e83f3d0783b,log,archive:logs,
origin_safe_weather_oracle_v1,results/experiments/origin_safe_weather_oracle_v1/logs/verify_all.log,5191,1ff0e5e40ef8c2411e0f19b5eb742683202d115367067df853c553543992e947,log,archive:logs,
origin_safe_weather_oracle_v1,results/experiments/origin_safe_weather_oracle_v1/reference_preflight/artifact_inventory.csv,43696,61d359f4e3f78ad495715ea7e5a62d9f31ea4c6fa1d19aab2b02acc82bc76a13,other,UNRESOLVED,
origin_safe_weather_oracle_v1,results/experiments/origin_safe_weather_oracle_v1/reference_preflight/metrics_replay.csv,5017,2b9074d0a9ca934674d688f530dbe991d167fb6f08bfff2195d589927ed1e4d1,other,UNRESOLVED,
origin_safe_weather_oracle_v1,results/experiments/origin_safe_weather_oracle_v1/reference_preflight/verification_summary.json,7953,17bcee1b9ef1e082554216e4bdbfb9141969b84c3cb97984eb4c25637c6866ef,other,UNRESOLVED,
origin_safe_weather_oracle_v1,results/experiments/origin_safe_weather_oracle_v1/region3/multiplicities_2022.npz,460717,12d3077e80c5f6ab4d5bf1641c158e0759715c3c8feb39090cb505ea889aa288,metric_or_report,archive:metrics (values extracted by explicit field selection),
origin_safe_weather_oracle_v1,results/experiments/origin_safe_weather_oracle_v1/region3/multiplicities_2023.npz,325852,e3b0eb39ec74356bd7789166f2df8d209644854e2183b7ad81f4c6b3b83d741f,metric_or_report,archive:metrics (values extracted by explicit field selection),
origin_safe_weather_oracle_v1,results/experiments/origin_safe_weather_oracle_v1/region3/multiplicities_2024.npz,360952,92bcd6a04c208ef324ce561f9160466ebd257ca590cd56d07d00fc2461f13b24,metric_or_report,archive:metrics (values extracted by explicit field selection),
origin_safe_weather_oracle_v1,results/experiments/origin_safe_weather_oracle_v1/region3/multiplicities_2025.npz,722062,99810591516e686cf59d2e29fa18c0a40ac2993317b7e58d25c8e1af1d699a52,metric_or_report,archive:metrics (values extracted by explicit field selection),
origin_safe_weather_oracle_v1,results/experiments/origin_safe_weather_oracle_v1/region3/multiplicities_pooled.npz,726372,53c7697ea0a651dbbe6f0ffe2cbeebdf9f69e486cdea7aa09a6ad0c68a0b6233,metric_or_report,archive:metrics (values extracted by explicit field selection),
origin_safe_weather_oracle_v1,results/experiments/origin_safe_weather_oracle_v1/region3/region3_delta_draws.csv.gz,7946202,fe28935a3e294c9b6ef573dbee4227cdfa9b978dc3f77751e70470a7e130f851,metric_or_report,archive:metrics (values extracted by explicit field selection),
origin_safe_weather_oracle_v1,results/experiments/origin_safe_weather_oracle_v1/region3/region3_duplication_check.csv,146644,2f3768c20310711d33f104928a2e6a04e9dd9f16251bbafc51ddb9d452a8bf12,metric_or_report,archive:metrics (values extracted by explicit field selection),
origin_safe_weather_oracle_v1,results/experiments/origin_safe_weather_oracle_v1/region3/region3_membership_coverage.csv,511,2ac4f917ea96f9d5c7f141f09ad41d3ece82f751ddaa84b7a04ff326ee3a9677,metric_or_report,archive:metrics (values extracted by explicit field selection),
origin_safe_weather_oracle_v1,results/experiments/origin_safe_weather_oracle_v1/region3/region3_metadata.json,26432,826a173e4c9019a13656faa5c9f53de46d04033f7e556bb18a9a4836cd2d2e21,metric_or_report,archive:metrics (values extracted by explicit field selection),
origin_safe_weather_oracle_v1,results/experiments/origin_safe_weather_oracle_v1/region3/region3_metric_draws.csv.gz,7308460,1960eab23d8b1a90d825dc80f47dd577d5669a0ab91eab85a8883b22afc43de1,metric_or_report,archive:metrics (values extracted by explicit field selection),
origin_safe_weather_oracle_v1,results/experiments/origin_safe_weather_oracle_v1/region3/region3_metrics.csv,12335,9157999b7e04e21c5814086cba7dd1c11327c39d0ced2e647c4f7f1fb8e25b6f,metric_or_report,archive:metrics (values extracted by explicit field selection),
origin_safe_weather_oracle_v1,results/experiments/origin_safe_weather_oracle_v1/region3/region3_paired_intervals.csv,82925,7993a0bb74b9ccc49bc2ce34264c7673efca36b5ebbf4146c628b36444b43241,metric_or_report,archive:metrics (values extracted by explicit field selection),
origin_safe_weather_oracle_v1,results/experiments/origin_safe_weather_oracle_v1/region3/region3_predictions.csv,9579818,7c9f83e76dc987c1b055aac3ae603b5dcb3ac5bb0fed7be3086ab4c67987783b,metric_or_report,archive:metrics (values extracted by explicit field selection),
origin_safe_weather_oracle_v1,results/experiments/origin_safe_weather_oracle_v1/runs/climate_safe_history_idp_oracle/12m/run_metadata.json,37926,dc925b7912afda0ffd930f05f1539ad58d1b388784cc180d63cd8dc88739896d,model_recipe_member,bundle:models.tar,
origin_safe_weather_oracle_v1,results/experiments/origin_safe_weather_oracle_v1/runs/climate_safe_history_idp_oracle/12m/batches/2022/batch_record.json,1617,2fbbf75d9794dda0d8fef6d0e0c6c78e8bbbbc5e62946d894f1d36e19d1d011f,model_recipe_member,bundle:models.tar,
origin_safe_weather_oracle_v1,results/experiments/origin_safe_weather_oracle_v1/runs/climate_safe_history_idp_oracle/12m/batches/2022/fit_keys.csv.gz,51715,4e8f85b7a957ae98fbad04325594039daf4f720527da9911e2269d0f9a56a34e,model_recipe_member,bundle:models.tar,
origin_safe_weather_oracle_v1,results/experiments/origin_safe_weather_oracle_v1/runs/climate_safe_history_idp_oracle/12m/batches/2022/model_phase2_worse.ubj,6311624,479a1bb2944dce4542ddd659d24dc4739dd807cf4c0900b2443ad3f496c60563,booster,bundle:models.tar,
origin_safe_weather_oracle_v1,results/experiments/origin_safe_weather_oracle_v1/runs/climate_safe_history_idp_oracle/12m/batches/2022/model_phase3_worse.ubj,282601,47b7d986a14370368a2feb3f85ee81c479ee33ceb0934d1e616b3aa420db91fe,booster,bundle:models.tar,
origin_safe_weather_oracle_v1,results/experiments/origin_safe_weather_oracle_v1/runs/climate_safe_history_idp_oracle/12m/batches/2022/model_phase4_worse.ubj,3804078,7e47863502a8df6431cb526e198cb8975c746b297ce1d18c8a2fcc3a0aa3b5ac,booster,bundle:models.tar,
origin_safe_weather_oracle_v1,results/experiments/origin_safe_weather_oracle_v1/runs/climate_safe_history_idp_oracle/12m/batches/2022/model_phase5_worse.ubj,381118,f6cf0320ff6ef146482753badd809d42e7b5c2f0d0e75af0c627c75831ca3453,booster,bundle:models.tar,
origin_safe_weather_oracle_v1,results/experiments/origin_safe_weather_oracle_v1/runs/climate_safe_history_idp_oracle/12m/batches/2022/predictions.csv,1548377,14a18abea660ab638bbdff6b5654c77a3874ec9fe8cbefae85da6ce809f2c218,predictions,archive:predictions,
origin_safe_weather_oracle_v1,results/experiments/origin_safe_weather_oracle_v1/runs/climate_safe_history_idp_oracle/12m/batches/2023/batch_record.json,1616,928aa3774ec4324626d43bce74070f945fa47d39e2daf0e91800c57ff38be00e,model_recipe_member,bundle:models.tar,
origin_safe_weather_oracle_v1,results/experiments/origin_safe_weather_oracle_v1/runs/climate_safe_history_idp_oracle/12m/batches/2023/fit_keys.csv.gz,64535,1715d3361821e334cffcfd8b17f0f2f6271ba6b74caa6d9693a6af88ebe64104,model_recipe_member,bundle:models.tar,
origin_safe_weather_oracle_v1,results/experiments/origin_safe_weather_oracle_v1/runs/climate_safe_history_idp_oracle/12m/batches/2023/model_phase2_worse.ubj,6958944,6374eff3de5a63a19a4f34d72bf1e2d993c39b4109ff53b13fc8ba7a17476846,booster,bundle:models.tar,
origin_safe_weather_oracle_v1,results/experiments/origin_safe_weather_oracle_v1/runs/climate_safe_history_idp_oracle/12m/batches/2023/model_phase3_worse.ubj,284915,d1d8264486d48fede37a7bb011b6ab2869d1153d79a200edc8080a55669f9e28,booster,bundle:models.tar,
origin_safe_weather_oracle_v1,results/experiments/origin_safe_weather_oracle_v1/runs/climate_safe_history_idp_oracle/12m/batches/2023/model_phase4_worse.ubj,4273897,990d61237ef2c45ad46f2d00a0503ddede48a064240876eae86821ced459173f,booster,bundle:models.tar,
origin_safe_weather_oracle_v1,results/experiments/origin_safe_weather_oracle_v1/runs/climate_safe_history_idp_oracle/12m/batches/2023/model_phase5_worse.ubj,402265,f273108cf3e91f61ef123eb17b6d9a8aff0ff0b336a4126e23352269c139af23,booster,bundle:models.tar,
origin_safe_weather_oracle_v1,results/experiments/origin_safe_weather_oracle_v1/runs/climate_safe_history_idp_oracle/12m/batches/2023/predictions.csv,1663810,684d68f08c291e0ea6f27f2149ad67cbbe9df18da7bf0e2e680373ce77f12fad,predictions,archive:predictions,
origin_safe_weather_oracle_v1,results/experiments/origin_safe_weather_oracle_v1/runs/climate_safe_history_idp_oracle/12m/batches/2024/batch_record.json,1615,637e35a3c46845d755d77ab5b07f9a40c29731afa358fe1516b2859e6e2025f1,model_recipe_member,bundle:models.tar,
origin_safe_weather_oracle_v1,results/experiments/origin_safe_weather_oracle_v1/runs/climate_safe_history_idp_oracle/12m/batches/2024/fit_keys.csv.gz,84095,c5ad7f20bef2379f4696ac73cb4c4fbe161576f3f1652a1cfbaf501e88a0aa0c,model_recipe_member,bundle:models.tar,
origin_safe_weather_oracle_v1,results/experiments/origin_safe_weather_oracle_v1/runs/climate_safe_history_idp_oracle/12m/batches/2024/model_phase2_worse.ubj,6980629,cea8192d494951623574e284cc0929f1e2b04c8176fdfd2ff628593a3b68d453,booster,bundle:models.tar,
origin_safe_weather_oracle_v1,results/experiments/origin_safe_weather_oracle_v1/runs/climate_safe_history_idp_oracle/12m/batches/2024/model_phase3_worse.ubj,319539,550835c6a81cad438cb83a9be82af79dae78c7df533f04806098d35496d5cab3,booster,bundle:models.tar,
origin_safe_weather_oracle_v1,results/experiments/origin_safe_weather_oracle_v1/runs/climate_safe_history_idp_oracle/12m/batches/2024/model_phase4_worse.ubj,5004291,16f5eb9641fef9ffee6cedc453551599b2cdebbe33c104e8e940ad54af04e891,booster,bundle:models.tar,
origin_safe_weather_oracle_v1,results/experiments/origin_safe_weather_oracle_v1/runs/climate_safe_history_idp_oracle/12m/batches/2024/model_phase5_worse.ubj,851718,17e262245cc43f76658e815dff887ca0b790c8349bfe11a70d685efca567132c,booster,bundle:models.tar,
origin_safe_weather_oracle_v1,results/experiments/origin_safe_weather_oracle_v1/runs/climate_safe_history_idp_oracle/12m/batches/2024/predictions.csv,1397912,d7c6a0d188c871ffb020585f029efaa8e44b8950657da883ed1ee67062a3a4dc,predictions,archive:predictions,
origin_safe_weather_oracle_v1,results/experiments/origin_safe_weather_oracle_v1/runs/climate_safe_history_idp_oracle/12m/batches/2025/batch_record.json,1618,be48a7426a910a7a94d4d01d8e1ae741a048a4a3662c72098acf09d7078bdce9,model_recipe_member,bundle:models.tar,
origin_safe_weather_oracle_v1,results/experiments/origin_safe_weather_oracle_v1/runs/climate_safe_history_idp_oracle/12m/batches/2025/fit_keys.csv.gz,101815,aaefbe5003eeae1c415104434666498aa32169c3f7cc5abe30021aca4f04a082,model_recipe_member,bundle:models.tar,
origin_safe_weather_oracle_v1,results/experiments/origin_safe_weather_oracle_v1/runs/climate_safe_history_idp_oracle/12m/batches/2025/model_phase2_worse.ubj,7892119,7a3eda311e121005976941acf9c8ff00222147f8b97aca7f930c7e786e5fc400,booster,bundle:models.tar,
origin_safe_weather_oracle_v1,results/experiments/origin_safe_weather_oracle_v1/runs/climate_safe_history_idp_oracle/12m/batches/2025/model_phase3_worse.ubj,320017,b2fdc731b8015035af7fbf50b765ebe327419a6925837ff293e491b45cf19e4b,booster,bundle:models.tar,
origin_safe_weather_oracle_v1,results/experiments/origin_safe_weather_oracle_v1/runs/climate_safe_history_idp_oracle/12m/batches/2025/model_phase4_worse.ubj,5613103,eb3b46558aca482ebda6f26cbdcd9e3a618e5699e77766293522bff35b136bf1,booster,bundle:models.tar,
origin_safe_weather_oracle_v1,results/experiments/origin_safe_weather_oracle_v1/runs/climate_safe_history_idp_oracle/12m/batches/2025/model_phase5_worse.ubj,987845,e62d64aace3bd8a06039f6f6a9365649cfe164970a5bd34059bd9bdd032cef21,booster,bundle:models.tar,
origin_safe_weather_oracle_v1,results/experiments/origin_safe_weather_oracle_v1/runs/climate_safe_history_idp_oracle/12m/batches/2025/predictions.csv,3070479,c8734573913ffe5d2ec744adddf62b144101a4dec912230f18e5c1f5fda44312,predictions,archive:predictions,
origin_safe_weather_oracle_v1,results/experiments/origin_safe_weather_oracle_v1/runs/climate_safe_history_idp_oracle/12m/metrics/metrics_overall.csv,1574,390635a8561b4b9d27034ad0fffe9c5639e16d41331b6802541c71921a853336,metric_or_report,archive:metrics (values extracted by explicit field selection),
origin_safe_weather_oracle_v1,results/experiments/origin_safe_weather_oracle_v1/runs/climate_safe_history_idp_oracle/12m/predictions/predictions_2022.csv,1548377,14a18abea660ab638bbdff6b5654c77a3874ec9fe8cbefae85da6ce809f2c218,predictions,archive:predictions,
origin_safe_weather_oracle_v1,results/experiments/origin_safe_weather_oracle_v1/runs/climate_safe_history_idp_oracle/12m/predictions/predictions_2023.csv,1663810,684d68f08c291e0ea6f27f2149ad67cbbe9df18da7bf0e2e680373ce77f12fad,predictions,archive:predictions,
origin_safe_weather_oracle_v1,results/experiments/origin_safe_weather_oracle_v1/runs/climate_safe_history_idp_oracle/12m/predictions/predictions_2024.csv,1397912,d7c6a0d188c871ffb020585f029efaa8e44b8950657da883ed1ee67062a3a4dc,predictions,archive:predictions,
origin_safe_weather_oracle_v1,results/experiments/origin_safe_weather_oracle_v1/runs/climate_safe_history_idp_oracle/12m/predictions/predictions_2025.csv,3070479,c8734573913ffe5d2ec744adddf62b144101a4dec912230f18e5c1f5fda44312,predictions,archive:predictions,
origin_safe_weather_oracle_v1,results/experiments/origin_safe_weather_oracle_v1/runs/climate_safe_history_idp_oracle/3m/run_metadata.json,48146,2f8ff2fde366cce5a910e785b907b754180c5c9f2149b47fbdcc857fc8212113,model_recipe_member,bundle:models.tar,
origin_safe_weather_oracle_v1,results/experiments/origin_safe_weather_oracle_v1/runs/climate_safe_history_idp_oracle/3m/batches/2022/batch_record.json,1615,1e2579bb30b04c961557287ae75db4c5c3d867b7ebba4ebcf5149c9ad5f33695,model_recipe_member,bundle:models.tar,
origin_safe_weather_oracle_v1,results/experiments/origin_safe_weather_oracle_v1/runs/climate_safe_history_idp_oracle/3m/batches/2022/fit_keys.csv.gz,59380,80130a6b6d9cd5897471f023d8db67b35a16372527082763832a7656ce566e9f,model_recipe_member,bundle:models.tar,
origin_safe_weather_oracle_v1,results/experiments/origin_safe_weather_oracle_v1/runs/climate_safe_history_idp_oracle/3m/batches/2022/model_phase2_worse.ubj,6403291,fd711c4afb0d0ff27af634ce57b9dfac62bc851a721a7a3ff6c49cb61973ecc4,booster,bundle:models.tar,
origin_safe_weather_oracle_v1,results/experiments/origin_safe_weather_oracle_v1/runs/climate_safe_history_idp_oracle/3m/batches/2022/model_phase3_worse.ubj,287434,ce6778fc32001db4b2ae1d2d260bb80c3fabc0435d60f7dbef9e024c286a704a,booster,bundle:models.tar,
origin_safe_weather_oracle_v1,results/experiments/origin_safe_weather_oracle_v1/runs/climate_safe_history_idp_oracle/3m/batches/2022/model_phase4_worse.ubj,4013109,c95b4f17778be99e46ceadd39b5333c26065800a0a9498480f390b9cae8657f6,booster,bundle:models.tar,
origin_safe_weather_oracle_v1,results/experiments/origin_safe_weather_oracle_v1/runs/climate_safe_history_idp_oracle/3m/batches/2022/model_phase5_worse.ubj,420499,b7bcad81c190fb27d4013960efd93579e68aa2062565039e621dd73dc26ca7c2,booster,bundle:models.tar,
origin_safe_weather_oracle_v1,results/experiments/origin_safe_weather_oracle_v1/runs/climate_safe_history_idp_oracle/3m/batches/2022/predictions.csv,1542894,de2874d8adea3eb7b6d0545188cd8a52de9a0cdea8214553bc17538c3d618ef2,predictions,archive:predictions,
origin_safe_weather_oracle_v1,results/experiments/origin_safe_weather_oracle_v1/runs/climate_safe_history_idp_oracle/3m/batches/2023/batch_record.json,1614,17132ff825f19f34fca4316b11e57d7839afa4aee6906074d374a037ae5f3cce,model_recipe_member,bundle:models.tar,
origin_safe_weather_oracle_v1,results/experiments/origin_safe_weather_oracle_v1/runs/climate_safe_history_idp_oracle/3m/batches/2023/fit_keys.csv.gz,77380,094ad175e3fd66c82b8648f9218eef6f92f8c14df92c1f986aa40036b7e6b4b6,model_recipe_member,bundle:models.tar,
origin_safe_weather_oracle_v1,results/experiments/origin_safe_weather_oracle_v1/runs/climate_safe_history_idp_oracle/3m/batches/2023/model_phase2_worse.ubj,6705897,d8da609dd6fd16e31bc55265c79d5e0b51f5e805c7874dd2969a372cf09d7078,booster,bundle:models.tar,
origin_safe_weather_oracle_v1,results/experiments/origin_safe_weather_oracle_v1/runs/climate_safe_history_idp_oracle/3m/batches/2023/model_phase3_worse.ubj,311107,43159417d92fa1de33068f3012e8b101b8986240ef581c918b081adabbbbad65,booster,bundle:models.tar,
origin_safe_weather_oracle_v1,results/experiments/origin_safe_weather_oracle_v1/runs/climate_safe_history_idp_oracle/3m/batches/2023/model_phase4_worse.ubj,4729298,bb142c0b4597adce95bc95846d3ba66bd357aac5ef6633f1b572231fd7c35846,booster,bundle:models.tar,
origin_safe_weather_oracle_v1,results/experiments/origin_safe_weather_oracle_v1/runs/climate_safe_history_idp_oracle/3m/batches/2023/model_phase5_worse.ubj,746035,d42e3acbf396e1db6509243e5a52e0510f6098f570fc87cac797d6e53bf4042e,booster,bundle:models.tar,
origin_safe_weather_oracle_v1,results/experiments/origin_safe_weather_oracle_v1/runs/climate_safe_history_idp_oracle/3m/batches/2023/predictions.csv,1656121,d287c40f54555fdeb206784a930b5084d9d89d129602b2cd9a533e0e46824b32,predictions,archive:predictions,
origin_safe_weather_oracle_v1,results/experiments/origin_safe_weather_oracle_v1/runs/climate_safe_history_idp_oracle/3m/batches/2024/batch_record.json,1616,7a38bb754d6b71ca8a3ceb04b772fc8e6ec0aa7db0cb0aad79619ec3f8d52beb,model_recipe_member,bundle:models.tar,
origin_safe_weather_oracle_v1,results/experiments/origin_safe_weather_oracle_v1/runs/climate_safe_history_idp_oracle/3m/batches/2024/fit_keys.csv.gz,95664,8afdd0912f595db59144797b1717aa8ba890dd9e76ca844272c2bb573ac85eb1,model_recipe_member,bundle:models.tar,
origin_safe_weather_oracle_v1,results/experiments/origin_safe_weather_oracle_v1/runs/climate_safe_history_idp_oracle/3m/batches/2024/model_phase2_worse.ubj,7624063,973deafe440ee1eb86bef3cb1ae69f84c97429eac0e87c06cf28de7b68919628,booster,bundle:models.tar,
origin_safe_weather_oracle_v1,results/experiments/origin_safe_weather_oracle_v1/runs/climate_safe_history_idp_oracle/3m/batches/2024/model_phase3_worse.ubj,318247,9060dfaf813335655db94e0ecac2c4a4ced71c15cb9b21ff1d2cfdaebd990175,booster,bundle:models.tar,
origin_safe_weather_oracle_v1,results/experiments/origin_safe_weather_oracle_v1/runs/climate_safe_history_idp_oracle/3m/batches/2024/model_phase4_worse.ubj,5145943,8ac67adc3e5f5fe3545f522581bd0d50997d7c63d9a50065179932f5f219f802,booster,bundle:models.tar,
origin_safe_weather_oracle_v1,results/experiments/origin_safe_weather_oracle_v1/runs/climate_safe_history_idp_oracle/3m/batches/2024/model_phase5_worse.ubj,851450,e429b34b37f8b633725db7597bcccc1931df439a34f29ff7ac3deb2590e142c5,booster,bundle:models.tar,
origin_safe_weather_oracle_v1,results/experiments/origin_safe_weather_oracle_v1/runs/climate_safe_history_idp_oracle/3m/batches/2024/predictions.csv,1396101,432e048108760f863bc98740743ac5070a985c255404afa585a5eafb42a1b1e2,predictions,archive:predictions,
origin_safe_weather_oracle_v1,results/experiments/origin_safe_weather_oracle_v1/runs/climate_safe_history_idp_oracle/3m/batches/2025/batch_record.json,1619,16cbe5ee354543896d3a9cddb93fb86385098e29759d78b7526ecadc78927802,model_recipe_member,bundle:models.tar,
origin_safe_weather_oracle_v1,results/experiments/origin_safe_weather_oracle_v1/runs/climate_safe_history_idp_oracle/3m/batches/2025/fit_keys.csv.gz,111179,e90b192967c5711e20f8dcbed8d78aa9c8214cabc2c9be4c415921ba766f8cc9,model_recipe_member,bundle:models.tar,
origin_safe_weather_oracle_v1,results/experiments/origin_safe_weather_oracle_v1/runs/climate_safe_history_idp_oracle/3m/batches/2025/model_phase2_worse.ubj,8285051,a57c37626c60b2d627184e63a9ab6ea5f038594a5690374dba51c45786c56aa2,booster,bundle:models.tar,
origin_safe_weather_oracle_v1,results/experiments/origin_safe_weather_oracle_v1/runs/climate_safe_history_idp_oracle/3m/batches/2025/model_phase3_worse.ubj,313416,810780bcb140782abfbc9efb5af0a4ab31074778fcd0a6580c190a68640422fb,booster,bundle:models.tar,
origin_safe_weather_oracle_v1,results/experiments/origin_safe_weather_oracle_v1/runs/climate_safe_history_idp_oracle/3m/batches/2025/model_phase4_worse.ubj,5477039,dc643ca045af71fe9649293c05b8fdbab1783f35888c6a2b75e6a064e5e313af,booster,bundle:models.tar,
origin_safe_weather_oracle_v1,results/experiments/origin_safe_weather_oracle_v1/runs/climate_safe_history_idp_oracle/3m/batches/2025/model_phase5_worse.ubj,999708,0a8310714f1c98487177cb7b663cdfa96696bb02fa89a4f4cdf1a6b8de01fc22,booster,bundle:models.tar,
origin_safe_weather_oracle_v1,results/experiments/origin_safe_weather_oracle_v1/runs/climate_safe_history_idp_oracle/3m/batches/2025/predictions.csv,3059220,ecb7dd8b13e9396915d977095aed4ab61e4cd4f92d6733ebba8d312868a12d35,predictions,archive:predictions,
origin_safe_weather_oracle_v1,results/experiments/origin_safe_weather_oracle_v1/runs/climate_safe_history_idp_oracle/3m/metrics/metrics_overall.csv,1577,e82a3cc8c496164085e50b70b7b79ff3aa2afc1dd691e1d9319379846cf3cff1,metric_or_report,archive:metrics (values extracted by explicit field selection),
origin_safe_weather_oracle_v1,results/experiments/origin_safe_weather_oracle_v1/runs/climate_safe_history_idp_oracle/3m/predictions/predictions_2022.csv,1542894,de2874d8adea3eb7b6d0545188cd8a52de9a0cdea8214553bc17538c3d618ef2,predictions,archive:predictions,
origin_safe_weather_oracle_v1,results/experiments/origin_safe_weather_oracle_v1/runs/climate_safe_history_idp_oracle/3m/predictions/predictions_2023.csv,1656121,d287c40f54555fdeb206784a930b5084d9d89d129602b2cd9a533e0e46824b32,predictions,archive:predictions,
origin_safe_weather_oracle_v1,results/experiments/origin_safe_weather_oracle_v1/runs/climate_safe_history_idp_oracle/3m/predictions/predictions_2024.csv,1396101,432e048108760f863bc98740743ac5070a985c255404afa585a5eafb42a1b1e2,predictions,archive:predictions,
origin_safe_weather_oracle_v1,results/experiments/origin_safe_weather_oracle_v1/runs/climate_safe_history_idp_oracle/3m/predictions/predictions_2025.csv,3059220,ecb7dd8b13e9396915d977095aed4ab61e4cd4f92d6733ebba8d312868a12d35,predictions,archive:predictions,
origin_safe_weather_oracle_v1,results/experiments/origin_safe_weather_oracle_v1/runs/climate_safe_history_idp_oracle/6m/run_metadata.json,48393,c1a044626100f0f8f9b8211dd4e2c96058f879107c5fcb8ca4757893aa4028fd,model_recipe_member,bundle:models.tar,
origin_safe_weather_oracle_v1,results/experiments/origin_safe_weather_oracle_v1/runs/climate_safe_history_idp_oracle/6m/batches/2022/batch_record.json,1615,54504558d16678056f647ffc4894fe8e08d3310005953e67cac68c4e92df3c60,model_recipe_member,bundle:models.tar,
origin_safe_weather_oracle_v1,results/experiments/origin_safe_weather_oracle_v1/runs/climate_safe_history_idp_oracle/6m/batches/2022/fit_keys.csv.gz,54692,0f5146ee495c09bc87a7a591e1255e6e9c1b3cfabf8742f4b9da758b68a1bf52,model_recipe_member,bundle:models.tar,
origin_safe_weather_oracle_v1,results/experiments/origin_safe_weather_oracle_v1/runs/climate_safe_history_idp_oracle/6m/batches/2022/model_phase2_worse.ubj,6365699,34c986eab9516f0e3def94279de82b57c0388645b1b5cd6443293633239a3b52,booster,bundle:models.tar,
origin_safe_weather_oracle_v1,results/experiments/origin_safe_weather_oracle_v1/runs/climate_safe_history_idp_oracle/6m/batches/2022/model_phase3_worse.ubj,290840,a9daff34d800f820ac3e96a5b66843124384f627f5124a921efed963e32f3526,booster,bundle:models.tar,
origin_safe_weather_oracle_v1,results/experiments/origin_safe_weather_oracle_v1/runs/climate_safe_history_idp_oracle/6m/batches/2022/model_phase4_worse.ubj,3789532,680da3ce9205dc534bacc0c8142adcfece72541c24ec0feb5a0ce6cdc0c14270,booster,bundle:models.tar,
origin_safe_weather_oracle_v1,results/experiments/origin_safe_weather_oracle_v1/runs/climate_safe_history_idp_oracle/6m/batches/2022/model_phase5_worse.ubj,428112,2b0cb42e44f45085cb9760ac287888e899a027777c289e1faa0ad2b132fb3a07,booster,bundle:models.tar,
origin_safe_weather_oracle_v1,results/experiments/origin_safe_weather_oracle_v1/runs/climate_safe_history_idp_oracle/6m/batches/2022/predictions.csv,1543550,9d59db7b4104595b4d338735a61a3ed3aa19d971fe16e2791d1a91680cddb2fa,predictions,archive:predictions,
origin_safe_weather_oracle_v1,results/experiments/origin_safe_weather_oracle_v1/runs/climate_safe_history_idp_oracle/6m/batches/2023/batch_record.json,1616,915f928c0ce83c446e779f7604699dd9d671ab8b4d0f57cb1bd5e220fcc82c17,model_recipe_member,bundle:models.tar,
origin_safe_weather_oracle_v1,results/experiments/origin_safe_weather_oracle_v1/runs/climate_safe_history_idp_oracle/6m/batches/2023/fit_keys.csv.gz,69527,0836a864bde34f65fe1cfc1a9946618bfcfbd23fa20bba447c809533efcc3798,model_recipe_member,bundle:models.tar,
origin_safe_weather_oracle_v1,results/experiments/origin_safe_weather_oracle_v1/runs/climate_safe_history_idp_oracle/6m/batches/2023/model_phase2_worse.ubj,6588542,5f58c1849baa444f8d147a741c3db5b0dee040afc064a9739999e396bebc02b3,booster,bundle:models.tar,
origin_safe_weather_oracle_v1,results/experiments/origin_safe_weather_oracle_v1/runs/climate_safe_history_idp_oracle/6m/batches/2023/model_phase3_worse.ubj,304858,79ab0ac6ec2277428edab2045f71a4d42fe458faf0c222f93a16f0336a02ece6,booster,bundle:models.tar,
origin_safe_weather_oracle_v1,results/experiments/origin_safe_weather_oracle_v1/runs/climate_safe_history_idp_oracle/6m/batches/2023/model_phase4_worse.ubj,4196524,938eb03cc57a61bbe32c1efd0a35d46abf8b158065e4deaea191d6ed3c823c62,booster,bundle:models.tar,
origin_safe_weather_oracle_v1,results/experiments/origin_safe_weather_oracle_v1/runs/climate_safe_history_idp_oracle/6m/batches/2023/model_phase5_worse.ubj,638066,a78f2b6d4757400fe7d22b4757952bc5942c37ad72663df4fac23a369b2c523c,booster,bundle:models.tar,
origin_safe_weather_oracle_v1,results/experiments/origin_safe_weather_oracle_v1/runs/climate_safe_history_idp_oracle/6m/batches/2023/predictions.csv,1655530,ab40e9ab525c0a3820e3e6fdc5a2d76d2f73d3ac154e079c584b734752699511,predictions,archive:predictions,
origin_safe_weather_oracle_v1,results/experiments/origin_safe_weather_oracle_v1/runs/climate_safe_history_idp_oracle/6m/batches/2024/batch_record.json,1614,eba8bb5b1dfae036d8d12491f6b3abb5006233f09d437dc349eef93d100f819d,model_recipe_member,bundle:models.tar,
origin_safe_weather_oracle_v1,results/experiments/origin_safe_weather_oracle_v1/runs/climate_safe_history_idp_oracle/6m/batches/2024/fit_keys.csv.gz,88860,22f212e7c493cbe9993354993961703a3e7b5c84181020f78b3bf57ad1f2935e,model_recipe_member,bundle:models.tar,
origin_safe_weather_oracle_v1,results/experiments/origin_safe_weather_oracle_v1/runs/climate_safe_history_idp_oracle/6m/batches/2024/model_phase2_worse.ubj,6948949,e8f449bbe3d0d165c2fccdfc58e721e7491d9c1be112feea3c8cdad3e5e39eee,booster,bundle:models.tar,
origin_safe_weather_oracle_v1,results/experiments/origin_safe_weather_oracle_v1/runs/climate_safe_history_idp_oracle/6m/batches/2024/model_phase3_worse.ubj,323631,8beb702190681a1013975ceb16187e937b51430cc4fb2e55bda35d24cc22cee4,booster,bundle:models.tar,
origin_safe_weather_oracle_v1,results/experiments/origin_safe_weather_oracle_v1/runs/climate_safe_history_idp_oracle/6m/batches/2024/model_phase4_worse.ubj,5129631,16de09aa39a13df804d5c480f98f7517f1dcdbabea6207853ec983c4d0c62501,booster,bundle:models.tar,
origin_safe_weather_oracle_v1,results/experiments/origin_safe_weather_oracle_v1/runs/climate_safe_history_idp_oracle/6m/batches/2024/model_phase5_worse.ubj,880714,c9fef4956213b6a75d0c8196246e7899926a7a46fa00de8232b49fc172583a02,booster,bundle:models.tar,
origin_safe_weather_oracle_v1,results/experiments/origin_safe_weather_oracle_v1/runs/climate_safe_history_idp_oracle/6m/batches/2024/predictions.csv,1393346,98f03d53d11f86f7b77f2fc1397b569f48584e6cfc7353d37b9d8b5920e5a32b,predictions,archive:predictions,
origin_safe_weather_oracle_v1,results/experiments/origin_safe_weather_oracle_v1/runs/climate_safe_history_idp_oracle/6m/batches/2025/batch_record.json,1617,92bdc24497a5a929b804ce360fad3e0346e33a008c3646340e7a033904a86269,model_recipe_member,bundle:models.tar,
origin_safe_weather_oracle_v1,results/experiments/origin_safe_weather_oracle_v1/runs/climate_safe_history_idp_oracle/6m/batches/2025/fit_keys.csv.gz,106078,763cec51a459aa0ab4eaf0b9d061d13afe1f919d35dce80610356e9c8c7efe59,model_recipe_member,bundle:models.tar,
origin_safe_weather_oracle_v1,results/experiments/origin_safe_weather_oracle_v1/runs/climate_safe_history_idp_oracle/6m/batches/2025/model_phase2_worse.ubj,7620198,1f76701ab101f4879be0c4481acd56b0103e61619d6399ed2c89cb83e24ccb67,booster,bundle:models.tar,
origin_safe_weather_oracle_v1,results/experiments/origin_safe_weather_oracle_v1/runs/climate_safe_history_idp_oracle/6m/batches/2025/model_phase3_worse.ubj,326418,843e48c54acabb5f4d490e012b73ff4907ea1eccaf0f0577fe58115131675bed,booster,bundle:models.tar,
origin_safe_weather_oracle_v1,results/experiments/origin_safe_weather_oracle_v1/runs/climate_safe_history_idp_oracle/6m/batches/2025/model_phase4_worse.ubj,5592039,50e6744b060212647026ef20fa8ee82499b7566b20d7ce1e274d4495f3db2bdb,booster,bundle:models.tar,
origin_safe_weather_oracle_v1,results/experiments/origin_safe_weather_oracle_v1/runs/climate_safe_history_idp_oracle/6m/batches/2025/model_phase5_worse.ubj,1003861,395fd1c1ca40c26242313c926765d76dcfd7ad1d46a9109481b4e145aa7518fd,booster,bundle:models.tar,
origin_safe_weather_oracle_v1,results/experiments/origin_safe_weather_oracle_v1/runs/climate_safe_history_idp_oracle/6m/batches/2025/predictions.csv,3055036,0f41b722294d0a78b495a2194a9367de19a991a2072e816e34cef9a004339e90,predictions,archive:predictions,
origin_safe_weather_oracle_v1,results/experiments/origin_safe_weather_oracle_v1/runs/climate_safe_history_idp_oracle/6m/metrics/metrics_overall.csv,1575,12e5edaef6c216085b62697f79362233aba20548c213d12f28bb9f703d7ee57b,metric_or_report,archive:metrics (values extracted by explicit field selection),
origin_safe_weather_oracle_v1,results/experiments/origin_safe_weather_oracle_v1/runs/climate_safe_history_idp_oracle/6m/predictions/predictions_2022.csv,1543550,9d59db7b4104595b4d338735a61a3ed3aa19d971fe16e2791d1a91680cddb2fa,predictions,archive:predictions,
origin_safe_weather_oracle_v1,results/experiments/origin_safe_weather_oracle_v1/runs/climate_safe_history_idp_oracle/6m/predictions/predictions_2023.csv,1655530,ab40e9ab525c0a3820e3e6fdc5a2d76d2f73d3ac154e079c584b734752699511,predictions,archive:predictions,
origin_safe_weather_oracle_v1,results/experiments/origin_safe_weather_oracle_v1/runs/climate_safe_history_idp_oracle/6m/predictions/predictions_2024.csv,1393346,98f03d53d11f86f7b77f2fc1397b569f48584e6cfc7353d37b9d8b5920e5a32b,predictions,archive:predictions,
origin_safe_weather_oracle_v1,results/experiments/origin_safe_weather_oracle_v1/runs/climate_safe_history_idp_oracle/6m/predictions/predictions_2025.csv,3055036,0f41b722294d0a78b495a2194a9367de19a991a2072e816e34cef9a004339e90,predictions,archive:predictions,
origin_safe_weather_oracle_v1,results/experiments/origin_safe_weather_oracle_v1/runs/climate_safe_history_idp_oracle_b6/12m/run_metadata.json,38322,5d2f370b33a1407d689e225338a2f08f081f5de89a419238f95f7a18f088932a,model_recipe_member,bundle:models.tar,
origin_safe_weather_oracle_v1,results/experiments/origin_safe_weather_oracle_v1/runs/climate_safe_history_idp_oracle_b6/12m/batches/2022/batch_record.json,1619,f7a9e90673674fe3c5fba26763e1f095ead9ef1d2715c28b1dc37008e51c2315,model_recipe_member,bundle:models.tar,
origin_safe_weather_oracle_v1,results/experiments/origin_safe_weather_oracle_v1/runs/climate_safe_history_idp_oracle_b6/12m/batches/2022/fit_keys.csv.gz,51715,32b19ea31a7eafa13e2f795c39c34e2a30e3fa24af5452660c1a1162a6254487,model_recipe_member,bundle:models.tar,
origin_safe_weather_oracle_v1,results/experiments/origin_safe_weather_oracle_v1/runs/climate_safe_history_idp_oracle_b6/12m/batches/2022/model_phase2_worse.ubj,6127074,eac007a29e525ac9e433395094f8660aaace56c26059a3bf1dc6104590e270c8,booster,bundle:models.tar,
origin_safe_weather_oracle_v1,results/experiments/origin_safe_weather_oracle_v1/runs/climate_safe_history_idp_oracle_b6/12m/batches/2022/model_phase3_worse.ubj,284443,55f7c21c52cb9d4d369a7383f5018cf4dd7ee7ff0ccb8257ca9e54a1e5815aac,booster,bundle:models.tar,
origin_safe_weather_oracle_v1,results/experiments/origin_safe_weather_oracle_v1/runs/climate_safe_history_idp_oracle_b6/12m/batches/2022/model_phase4_worse.ubj,3681208,3f21b42ebbfe4718c928e0248d62cff33d69ccc21e8aacdf5c603ac3a03ca8c7,booster,bundle:models.tar,
origin_safe_weather_oracle_v1,results/experiments/origin_safe_weather_oracle_v1/runs/climate_safe_history_idp_oracle_b6/12m/batches/2022/model_phase5_worse.ubj,387444,4d9a778d08d009d334f47150677cbe429ec7d89fc970f82307dcadd84ac5e732,booster,bundle:models.tar,
origin_safe_weather_oracle_v1,results/experiments/origin_safe_weather_oracle_v1/runs/climate_safe_history_idp_oracle_b6/12m/batches/2022/predictions.csv,1565272,345356bf2bca1861e5f0723098492e470d3d71f67e12b6ffb647f51896cf485a,predictions,archive:predictions,
origin_safe_weather_oracle_v1,results/experiments/origin_safe_weather_oracle_v1/runs/climate_safe_history_idp_oracle_b6/12m/batches/2023/batch_record.json,1620,f38f192626a583895e51e138f93f37c459b4728ad92b9a81892a632966b2fbc2,model_recipe_member,bundle:models.tar,
origin_safe_weather_oracle_v1,results/experiments/origin_safe_weather_oracle_v1/runs/climate_safe_history_idp_oracle_b6/12m/batches/2023/fit_keys.csv.gz,64535,18e4f249c51104584dddf8e6ed45f699b3ecede24e8e9553ca50c625702fdcfa,model_recipe_member,bundle:models.tar,
origin_safe_weather_oracle_v1,results/experiments/origin_safe_weather_oracle_v1/runs/climate_safe_history_idp_oracle_b6/12m/batches/2023/model_phase2_worse.ubj,6611779,53eaefe98cce8437f5a5dca9d967fbdad2ecdcbcba424b27d427fec1f61c2a7d,booster,bundle:models.tar,
origin_safe_weather_oracle_v1,results/experiments/origin_safe_weather_oracle_v1/runs/climate_safe_history_idp_oracle_b6/12m/batches/2023/model_phase3_worse.ubj,286618,df7552ac5a8adc3b288363f088070c49cbe2656027eddaa2460879b7160f22ce,booster,bundle:models.tar,
origin_safe_weather_oracle_v1,results/experiments/origin_safe_weather_oracle_v1/runs/climate_safe_history_idp_oracle_b6/12m/batches/2023/model_phase4_worse.ubj,4140889,9af1fc3d055b46e93ed5723ccafee455e066e22a69d244571b580d9ae80aa306,booster,bundle:models.tar,
origin_safe_weather_oracle_v1,results/experiments/origin_safe_weather_oracle_v1/runs/climate_safe_history_idp_oracle_b6/12m/batches/2023/model_phase5_worse.ubj,407376,8e1cec294b64b1c44f628830b1d1d525371155c57af3e1dfa37030da8ef17b25,booster,bundle:models.tar,
origin_safe_weather_oracle_v1,results/experiments/origin_safe_weather_oracle_v1/runs/climate_safe_history_idp_oracle_b6/12m/batches/2023/predictions.csv,1681681,8baef4a6cbbc0e8280791d1df8e50bbcef5ab1773d7f7227881fb7d8885c6bf4,predictions,archive:predictions,
origin_safe_weather_oracle_v1,results/experiments/origin_safe_weather_oracle_v1/runs/climate_safe_history_idp_oracle_b6/12m/batches/2024/batch_record.json,1620,44bb9bed074b83a10b3a9ee2bd60feb7a00554fafd653b2691b6df2922b9b0f7,model_recipe_member,bundle:models.tar,
origin_safe_weather_oracle_v1,results/experiments/origin_safe_weather_oracle_v1/runs/climate_safe_history_idp_oracle_b6/12m/batches/2024/fit_keys.csv.gz,84095,b6f3d7894bebb08f6edd4728126a244bba5f0b451c56fd7b4818fe1829e5266e,model_recipe_member,bundle:models.tar,
origin_safe_weather_oracle_v1,results/experiments/origin_safe_weather_oracle_v1/runs/climate_safe_history_idp_oracle_b6/12m/batches/2024/model_phase2_worse.ubj,7082841,7d3b1f06bd98822c6d16b18c1c61fec162478a51a1fdaf9972eb0bc4ae24808f,booster,bundle:models.tar,
origin_safe_weather_oracle_v1,results/experiments/origin_safe_weather_oracle_v1/runs/climate_safe_history_idp_oracle_b6/12m/batches/2024/model_phase3_worse.ubj,321584,6f59d6810e8127a8197c983646f84a64842101c481dba27d4503c462bc6e7332,booster,bundle:models.tar,
origin_safe_weather_oracle_v1,results/experiments/origin_safe_weather_oracle_v1/runs/climate_safe_history_idp_oracle_b6/12m/batches/2024/model_phase4_worse.ubj,5197282,5f5bcf7522f34aa97fc3bfbf62fd72e24ee2f6e3e8162374d5ea48721519c51f,booster,bundle:models.tar,
origin_safe_weather_oracle_v1,results/experiments/origin_safe_weather_oracle_v1/runs/climate_safe_history_idp_oracle_b6/12m/batches/2024/model_phase5_worse.ubj,864028,76741ae2ee1df399493e0b8841df8c07d525b48b28eeda9b3d9384bb5e4740e7,booster,bundle:models.tar,
origin_safe_weather_oracle_v1,results/experiments/origin_safe_weather_oracle_v1/runs/climate_safe_history_idp_oracle_b6/12m/batches/2024/predictions.csv,1413696,baa07d592825c8f0d9922af0fccc5876e4cfb7378532434a7ca5db7139472601,predictions,archive:predictions,
origin_safe_weather_oracle_v1,results/experiments/origin_safe_weather_oracle_v1/runs/climate_safe_history_idp_oracle_b6/12m/batches/2025/batch_record.json,1620,9146be6ff06b212f73ea31d6a3ac08ec703ddd1acfc5a2458fc996ec70844e8a,model_recipe_member,bundle:models.tar,
origin_safe_weather_oracle_v1,results/experiments/origin_safe_weather_oracle_v1/runs/climate_safe_history_idp_oracle_b6/12m/batches/2025/fit_keys.csv.gz,101815,4f8d28d841e39a5ee261688b7fade1203b3f0f5d93ffe443c644dabf695643f2,model_recipe_member,bundle:models.tar,
origin_safe_weather_oracle_v1,results/experiments/origin_safe_weather_oracle_v1/runs/climate_safe_history_idp_oracle_b6/12m/batches/2025/model_phase2_worse.ubj,7996852,32c558ba09b907bac1486af3244dcf59404ce729e6ad1215ba8daf9c003565fd,booster,bundle:models.tar,
origin_safe_weather_oracle_v1,results/experiments/origin_safe_weather_oracle_v1/runs/climate_safe_history_idp_oracle_b6/12m/batches/2025/model_phase3_worse.ubj,322469,aa1e1cd4795bae266494f90ca4e78e3363dae01ac01835b22f62122115377b94,booster,bundle:models.tar,
origin_safe_weather_oracle_v1,results/experiments/origin_safe_weather_oracle_v1/runs/climate_safe_history_idp_oracle_b6/12m/batches/2025/model_phase4_worse.ubj,5685801,64ca991dc43205471677003f13bd4211b21edc33b434f5380a78684f7a7ac609,booster,bundle:models.tar,
origin_safe_weather_oracle_v1,results/experiments/origin_safe_weather_oracle_v1/runs/climate_safe_history_idp_oracle_b6/12m/batches/2025/model_phase5_worse.ubj,1004780,e83cc2f0d65a0f66e5bc24d2cf59ab982aeb6cdf4009300c4cc3180aaad9ab96,booster,bundle:models.tar,
origin_safe_weather_oracle_v1,results/experiments/origin_safe_weather_oracle_v1/runs/climate_safe_history_idp_oracle_b6/12m/batches/2025/predictions.csv,3102931,bb6aa8cec2e4c94739a64975357d363c6ce2f94dabcd7fc0adebf744df1a8f53,predictions,archive:predictions,
origin_safe_weather_oracle_v1,results/experiments/origin_safe_weather_oracle_v1/runs/climate_safe_history_idp_oracle_b6/12m/metrics/metrics_overall.csv,1577,3b68a500762ec52d59252073438c828462b5d969d79e0426c75358c2d022e713,metric_or_report,archive:metrics (values extracted by explicit field selection),
origin_safe_weather_oracle_v1,results/experiments/origin_safe_weather_oracle_v1/runs/climate_safe_history_idp_oracle_b6/12m/predictions/predictions_2022.csv,1565272,345356bf2bca1861e5f0723098492e470d3d71f67e12b6ffb647f51896cf485a,predictions,archive:predictions,
origin_safe_weather_oracle_v1,results/experiments/origin_safe_weather_oracle_v1/runs/climate_safe_history_idp_oracle_b6/12m/predictions/predictions_2023.csv,1681681,8baef4a6cbbc0e8280791d1df8e50bbcef5ab1773d7f7227881fb7d8885c6bf4,predictions,archive:predictions,
origin_safe_weather_oracle_v1,results/experiments/origin_safe_weather_oracle_v1/runs/climate_safe_history_idp_oracle_b6/12m/predictions/predictions_2024.csv,1413696,baa07d592825c8f0d9922af0fccc5876e4cfb7378532434a7ca5db7139472601,predictions,archive:predictions,
origin_safe_weather_oracle_v1,results/experiments/origin_safe_weather_oracle_v1/runs/climate_safe_history_idp_oracle_b6/12m/predictions/predictions_2025.csv,3102931,bb6aa8cec2e4c94739a64975357d363c6ce2f94dabcd7fc0adebf744df1a8f53,predictions,archive:predictions,
origin_safe_weather_oracle_v1,results/experiments/origin_safe_weather_oracle_v1/runs/climate_safe_history_idp_oracle_b6/3m/run_metadata.json,48537,e670fcea58827cd3c10cc6c31954f2ee53732974ae5b67b17a284ec946487bff,model_recipe_member,bundle:models.tar,
origin_safe_weather_oracle_v1,results/experiments/origin_safe_weather_oracle_v1/runs/climate_safe_history_idp_oracle_b6/3m/batches/2022/batch_record.json,1619,2c0e3f9a385e9042428de4f6dee40249e489bce23a21a8509b661cbc91941584,model_recipe_member,bundle:models.tar,
origin_safe_weather_oracle_v1,results/experiments/origin_safe_weather_oracle_v1/runs/climate_safe_history_idp_oracle_b6/3m/batches/2022/fit_keys.csv.gz,59380,8d3ad7d4bcdf499107762d71d84d577dd02aee2fda5565cceccb65132413d603,model_recipe_member,bundle:models.tar,
origin_safe_weather_oracle_v1,results/experiments/origin_safe_weather_oracle_v1/runs/climate_safe_history_idp_oracle_b6/3m/batches/2022/model_phase2_worse.ubj,6415606,750db2d12e74de6f7ddc3d7fd8dd0fa90cbc83d2fea9ce2265e2c2dcc2545e9a,booster,bundle:models.tar,
origin_safe_weather_oracle_v1,results/experiments/origin_safe_weather_oracle_v1/runs/climate_safe_history_idp_oracle_b6/3m/batches/2022/model_phase3_worse.ubj,291036,547dc2d1851f6125332bcb4856c70d7bb7b53fdf5e7a5b6567ea759988a364d9,booster,bundle:models.tar,
origin_safe_weather_oracle_v1,results/experiments/origin_safe_weather_oracle_v1/runs/climate_safe_history_idp_oracle_b6/3m/batches/2022/model_phase4_worse.ubj,3987415,8127925a749dde52c017b8074fb30d1657d1d1c0c90d7e394fc2551a99579694,booster,bundle:models.tar,
origin_safe_weather_oracle_v1,results/experiments/origin_safe_weather_oracle_v1/runs/climate_safe_history_idp_oracle_b6/3m/batches/2022/model_phase5_worse.ubj,416073,d2995a1e8b4b2083eea15af06f11017666a16bb9b81d12af23c91d9c53d8de6c,booster,bundle:models.tar,
origin_safe_weather_oracle_v1,results/experiments/origin_safe_weather_oracle_v1/runs/climate_safe_history_idp_oracle_b6/3m/batches/2022/predictions.csv,1559873,642091324b5e9767aa232e9f6fe222b362ddbf293f4af07658d6bf71d4c84f0b,predictions,archive:predictions,
origin_safe_weather_oracle_v1,results/experiments/origin_safe_weather_oracle_v1/runs/climate_safe_history_idp_oracle_b6/3m/batches/2023/batch_record.json,1618,6a9842c67789c20e0a96c3d58a0b6aa62f9228e375697f7dec82b884a5b9284b,model_recipe_member,bundle:models.tar,
origin_safe_weather_oracle_v1,results/experiments/origin_safe_weather_oracle_v1/runs/climate_safe_history_idp_oracle_b6/3m/batches/2023/fit_keys.csv.gz,77380,16337c2ddeb93505f769feaf282ac2510b1750c7aee35ab7581f8b459067e72d,model_recipe_member,bundle:models.tar,
origin_safe_weather_oracle_v1,results/experiments/origin_safe_weather_oracle_v1/runs/climate_safe_history_idp_oracle_b6/3m/batches/2023/model_phase2_worse.ubj,6461636,bd7f4e0057ba81c8f59493c04a721d1de2eb712be6c096b5a5fc282f9be216ae,booster,bundle:models.tar,
origin_safe_weather_oracle_v1,results/experiments/origin_safe_weather_oracle_v1/runs/climate_safe_history_idp_oracle_b6/3m/batches/2023/model_phase3_worse.ubj,312264,fe95dc09db3095410ed43d53b2d573e00dc9148daf691673193cd101a0cd36c9,booster,bundle:models.tar,
origin_safe_weather_oracle_v1,results/experiments/origin_safe_weather_oracle_v1/runs/climate_safe_history_idp_oracle_b6/3m/batches/2023/model_phase4_worse.ubj,4767041,82c36cdc1d595185bd2f955ccff3edb24aa60983871b1bb693525ea4f902d852,booster,bundle:models.tar,
origin_safe_weather_oracle_v1,results/experiments/origin_safe_weather_oracle_v1/runs/climate_safe_history_idp_oracle_b6/3m/batches/2023/model_phase5_worse.ubj,739778,8c484de52e09a14be4f56a0ada962a1b5838e02406b8bed7ba504debdeed9672,booster,bundle:models.tar,
origin_safe_weather_oracle_v1,results/experiments/origin_safe_weather_oracle_v1/runs/climate_safe_history_idp_oracle_b6/3m/batches/2023/predictions.csv,1674111,d74b96641a511c391393c37d1b447c9118e4a139642846855c4d851126161377,predictions,archive:predictions,
origin_safe_weather_oracle_v1,results/experiments/origin_safe_weather_oracle_v1/runs/climate_safe_history_idp_oracle_b6/3m/batches/2024/batch_record.json,1615,62ccfbbcae63b17c475574a05e30b9ab591cd435f68cd4aabf3cf2b2859fb1d2,model_recipe_member,bundle:models.tar,
origin_safe_weather_oracle_v1,results/experiments/origin_safe_weather_oracle_v1/runs/climate_safe_history_idp_oracle_b6/3m/batches/2024/fit_keys.csv.gz,95664,4092ab6f2c5373cb09f58cf054874a08f423d381ca73f1c5bb0e648b5c6a4fb8,model_recipe_member,bundle:models.tar,
origin_safe_weather_oracle_v1,results/experiments/origin_safe_weather_oracle_v1/runs/climate_safe_history_idp_oracle_b6/3m/batches/2024/model_phase2_worse.ubj,7412642,6d9e3fc9b2f473e59fad547f76831e51c665fa99d5f596dff58fef3bb72a19d2,booster,bundle:models.tar,
origin_safe_weather_oracle_v1,results/experiments/origin_safe_weather_oracle_v1/runs/climate_safe_history_idp_oracle_b6/3m/batches/2024/model_phase3_worse.ubj,320901,bcca5bd0bd191022e7b10ecd222a96b02c6123ad7802bccf3e7df6b1bd693b4a,booster,bundle:models.tar,
origin_safe_weather_oracle_v1,results/experiments/origin_safe_weather_oracle_v1/runs/climate_safe_history_idp_oracle_b6/3m/batches/2024/model_phase4_worse.ubj,5224889,56db85d11096aa15965b7b081013eb62d7ef77a8f38410b474fb04c1e01f1f1d,booster,bundle:models.tar,
origin_safe_weather_oracle_v1,results/experiments/origin_safe_weather_oracle_v1/runs/climate_safe_history_idp_oracle_b6/3m/batches/2024/model_phase5_worse.ubj,872962,9f8c7db4caca4243a729421337aa71e8b986314bb7dc1bc4261c8eb49f3f4836,booster,bundle:models.tar,
origin_safe_weather_oracle_v1,results/experiments/origin_safe_weather_oracle_v1/runs/climate_safe_history_idp_oracle_b6/3m/batches/2024/predictions.csv,1412637,a64b4a02de235016e6aa444cc6fb1ef0168f4ca73a8faae13f06e762ba2c6984,predictions,archive:predictions,
origin_safe_weather_oracle_v1,results/experiments/origin_safe_weather_oracle_v1/runs/climate_safe_history_idp_oracle_b6/3m/batches/2025/batch_record.json,1620,6da5b7fa1aa8c69a0106d18754a3e4ff8e0e5e33cac704a70a03ee9e91cbe709,model_recipe_member,bundle:models.tar,
origin_safe_weather_oracle_v1,results/experiments/origin_safe_weather_oracle_v1/runs/climate_safe_history_idp_oracle_b6/3m/batches/2025/fit_keys.csv.gz,111179,ff2bcd2c1b03c6e620ba55c2c384a6dcbf68cfd5a822b403407111885d7f21d9,model_recipe_member,bundle:models.tar,
origin_safe_weather_oracle_v1,results/experiments/origin_safe_weather_oracle_v1/runs/climate_safe_history_idp_oracle_b6/3m/batches/2025/model_phase2_worse.ubj,7909608,c78cfe16975d11d199657c0a642e7d8c397b597a2174b67978f8262a3629f0fc,booster,bundle:models.tar,
origin_safe_weather_oracle_v1,results/experiments/origin_safe_weather_oracle_v1/runs/climate_safe_history_idp_oracle_b6/3m/batches/2025/model_phase3_worse.ubj,316279,53a168cb1744a3136662960ae5d24f6da5e6cad134f09f89a5c9ab23c84d5b2e,booster,bundle:models.tar,
origin_safe_weather_oracle_v1,results/experiments/origin_safe_weather_oracle_v1/runs/climate_safe_history_idp_oracle_b6/3m/batches/2025/model_phase4_worse.ubj,5336486,16794c2ec17f17815249a4f99869bff54043fc3e94c23adddd9c1091efbbf03a,booster,bundle:models.tar,
origin_safe_weather_oracle_v1,results/experiments/origin_safe_weather_oracle_v1/runs/climate_safe_history_idp_oracle_b6/3m/batches/2025/model_phase5_worse.ubj,978489,1a68d45b17cc9338f35f78194b5ead492cb5044ad1be9ebf9ac557a2183aa6c8,booster,bundle:models.tar,
origin_safe_weather_oracle_v1,results/experiments/origin_safe_weather_oracle_v1/runs/climate_safe_history_idp_oracle_b6/3m/batches/2025/predictions.csv,3093560,a167ef971c4d6fa9d6e687d085ebade398311ea2113b8cd7f9a0c4ccfd44553b,predictions,archive:predictions,
origin_safe_weather_oracle_v1,results/experiments/origin_safe_weather_oracle_v1/runs/climate_safe_history_idp_oracle_b6/3m/metrics/metrics_overall.csv,1570,6aeda3f1ddb9e090c3372833a87c5a7e4fd29bf682450f3be56d011c4351af54,metric_or_report,archive:metrics (values extracted by explicit field selection),
origin_safe_weather_oracle_v1,results/experiments/origin_safe_weather_oracle_v1/runs/climate_safe_history_idp_oracle_b6/3m/predictions/predictions_2022.csv,1559873,642091324b5e9767aa232e9f6fe222b362ddbf293f4af07658d6bf71d4c84f0b,predictions,archive:predictions,
origin_safe_weather_oracle_v1,results/experiments/origin_safe_weather_oracle_v1/runs/climate_safe_history_idp_oracle_b6/3m/predictions/predictions_2023.csv,1674111,d74b96641a511c391393c37d1b447c9118e4a139642846855c4d851126161377,predictions,archive:predictions,
origin_safe_weather_oracle_v1,results/experiments/origin_safe_weather_oracle_v1/runs/climate_safe_history_idp_oracle_b6/3m/predictions/predictions_2024.csv,1412637,a64b4a02de235016e6aa444cc6fb1ef0168f4ca73a8faae13f06e762ba2c6984,predictions,archive:predictions,
origin_safe_weather_oracle_v1,results/experiments/origin_safe_weather_oracle_v1/runs/climate_safe_history_idp_oracle_b6/3m/predictions/predictions_2025.csv,3093560,a167ef971c4d6fa9d6e687d085ebade398311ea2113b8cd7f9a0c4ccfd44553b,predictions,archive:predictions,
origin_safe_weather_oracle_v1,results/experiments/origin_safe_weather_oracle_v1/runs/climate_safe_history_idp_oracle_b6/6m/run_metadata.json,48788,e2635c177cf0f1936141dc20a174b2d0ae8b74afab562e6a6dfaa8006772bf58,model_recipe_member,bundle:models.tar,
origin_safe_weather_oracle_v1,results/experiments/origin_safe_weather_oracle_v1/runs/climate_safe_history_idp_oracle_b6/6m/batches/2022/batch_record.json,1619,fa240e557d847411cbb07316c2c09e7099f33780764e2e66dc4c55823c0c4851,model_recipe_member,bundle:models.tar,
origin_safe_weather_oracle_v1,results/experiments/origin_safe_weather_oracle_v1/runs/climate_safe_history_idp_oracle_b6/6m/batches/2022/fit_keys.csv.gz,54692,5b624cd2d761de3c2febdf83dd24c2731db4a9bfe1728bd50aac4b6362ce990a,model_recipe_member,bundle:models.tar,
origin_safe_weather_oracle_v1,results/experiments/origin_safe_weather_oracle_v1/runs/climate_safe_history_idp_oracle_b6/6m/batches/2022/model_phase2_worse.ubj,6182096,69da763619ed0d4d371e5af35894a10dc9419c8617f6d9e23433597e6d4c9303,booster,bundle:models.tar,
origin_safe_weather_oracle_v1,results/experiments/origin_safe_weather_oracle_v1/runs/climate_safe_history_idp_oracle_b6/6m/batches/2022/model_phase3_worse.ubj,291457,00b6361ded9a5fd46feeb6a7110778944c86302fbcced99bad38efec0bf98740,booster,bundle:models.tar,
origin_safe_weather_oracle_v1,results/experiments/origin_safe_weather_oracle_v1/runs/climate_safe_history_idp_oracle_b6/6m/batches/2022/model_phase4_worse.ubj,3956544,51b27706d96088135af42bf0248399623c2281a07e06bdde77a5bfa18c1523b7,booster,bundle:models.tar,
origin_safe_weather_oracle_v1,results/experiments/origin_safe_weather_oracle_v1/runs/climate_safe_history_idp_oracle_b6/6m/batches/2022/model_phase5_worse.ubj,421110,cfc4516dd03f4241bb714cb6f7680f9a2e7261b8a85ea89c4e6e6f24b2736b7b,booster,bundle:models.tar,
origin_safe_weather_oracle_v1,results/experiments/origin_safe_weather_oracle_v1/runs/climate_safe_history_idp_oracle_b6/6m/batches/2022/predictions.csv,1560026,69b507299503239034f59de293c089fc1ebb36ca48a4968d92a15df49cffd9e0,predictions,archive:predictions,
origin_safe_weather_oracle_v1,results/experiments/origin_safe_weather_oracle_v1/runs/climate_safe_history_idp_oracle_b6/6m/batches/2023/batch_record.json,1617,a28ce541f4b0da1d752aec96d4a06a532a1b148a5cb28475f2627c019d3bfb9b,model_recipe_member,bundle:models.tar,
origin_safe_weather_oracle_v1,results/experiments/origin_safe_weather_oracle_v1/runs/climate_safe_history_idp_oracle_b6/6m/batches/2023/fit_keys.csv.gz,69527,d2c4ce70ac73e65d75d5aeb93d15fbe2e57ef2a01a3769c0053c72a60643d5b6,model_recipe_member,bundle:models.tar,
origin_safe_weather_oracle_v1,results/experiments/origin_safe_weather_oracle_v1/runs/climate_safe_history_idp_oracle_b6/6m/batches/2023/model_phase2_worse.ubj,6548355,575c32b149bd9c25ce744bb4d2f1331eeb3ce33fca1c3dc280b2adb11668fdb4,booster,bundle:models.tar,
origin_safe_weather_oracle_v1,results/experiments/origin_safe_weather_oracle_v1/runs/climate_safe_history_idp_oracle_b6/6m/batches/2023/model_phase3_worse.ubj,306696,aec6ed4af95eb29362707be6da3d43bcccda1dc72d8bffc4e6baf788335d3a8c,booster,bundle:models.tar,
origin_safe_weather_oracle_v1,results/experiments/origin_safe_weather_oracle_v1/runs/climate_safe_history_idp_oracle_b6/6m/batches/2023/model_phase4_worse.ubj,4166744,effec02bd948e240b25fc14b6b3a2acf032fc9bb152f6557585be93584d18cf1,booster,bundle:models.tar,
origin_safe_weather_oracle_v1,results/experiments/origin_safe_weather_oracle_v1/runs/climate_safe_history_idp_oracle_b6/6m/batches/2023/model_phase5_worse.ubj,608323,3bc4bc6348bbcfca2b5db5940c9b787b5e4127efe540a974c782db9f62abd294,booster,bundle:models.tar,
origin_safe_weather_oracle_v1,results/experiments/origin_safe_weather_oracle_v1/runs/climate_safe_history_idp_oracle_b6/6m/batches/2023/predictions.csv,1675438,257345bd8eb359ae3baf11f3ef889eb60ae244a4e99b426382987291df98a4ed,predictions,archive:predictions,
origin_safe_weather_oracle_v1,results/experiments/origin_safe_weather_oracle_v1/runs/climate_safe_history_idp_oracle_b6/6m/batches/2024/batch_record.json,1619,918bdc9bf42230fa322329bb5057f0c511f04d8585e1d28fee59f45290d6bc63,model_recipe_member,bundle:models.tar,
origin_safe_weather_oracle_v1,results/experiments/origin_safe_weather_oracle_v1/runs/climate_safe_history_idp_oracle_b6/6m/batches/2024/fit_keys.csv.gz,88860,82964c47edffbca9e4e390c08c88f74200bddb50cbd1422df7e8688814d2b367,model_recipe_member,bundle:models.tar,
origin_safe_weather_oracle_v1,results/experiments/origin_safe_weather_oracle_v1/runs/climate_safe_history_idp_oracle_b6/6m/batches/2024/model_phase2_worse.ubj,6981244,c67aba0576b9f142845ff33b8fde80d91d3530b26afbceb13b4b70d5e31b4ac7,booster,bundle:models.tar,
origin_safe_weather_oracle_v1,results/experiments/origin_safe_weather_oracle_v1/runs/climate_safe_history_idp_oracle_b6/6m/batches/2024/model_phase3_worse.ubj,325948,a846f6f20bd7aa948d12dd0d9ae00987ae134ef712b4a02bc3567e0b75133597,booster,bundle:models.tar,
origin_safe_weather_oracle_v1,results/experiments/origin_safe_weather_oracle_v1/runs/climate_safe_history_idp_oracle_b6/6m/batches/2024/model_phase4_worse.ubj,5033272,dae1f71b0f1f6bc839baf478f4a2674835c48ab3f2924e7d273ca432c41d756f,booster,bundle:models.tar,
origin_safe_weather_oracle_v1,results/experiments/origin_safe_weather_oracle_v1/runs/climate_safe_history_idp_oracle_b6/6m/batches/2024/model_phase5_worse.ubj,872950,b1c908fee26927756b1a05254334fec0559087823576f5ac828c784ad731e556,booster,bundle:models.tar,
origin_safe_weather_oracle_v1,results/experiments/origin_safe_weather_oracle_v1/runs/climate_safe_history_idp_oracle_b6/6m/batches/2024/predictions.csv,1407395,bf8eb6e57b0bf663d2e26ec0ddbc175a1d5022d1cfd97e9cd91b16869b775e87,predictions,archive:predictions,
origin_safe_weather_oracle_v1,results/experiments/origin_safe_weather_oracle_v1/runs/climate_safe_history_idp_oracle_b6/6m/batches/2025/batch_record.json,1619,83f55ef9f95e776ee41ea6f43d463113e9cfddb9bb89b8ab157541f9771c2bbf,model_recipe_member,bundle:models.tar,
origin_safe_weather_oracle_v1,results/experiments/origin_safe_weather_oracle_v1/runs/climate_safe_history_idp_oracle_b6/6m/batches/2025/fit_keys.csv.gz,106078,9ada2adc074e057179105ef017500b60842479b893d05136884a507e112b48cc,model_recipe_member,bundle:models.tar,
origin_safe_weather_oracle_v1,results/experiments/origin_safe_weather_oracle_v1/runs/climate_safe_history_idp_oracle_b6/6m/batches/2025/model_phase2_worse.ubj,7689899,86cd3744d2c5eff45f5005a70c052ff60e129054a2e9d4f3d0851c0585fb6544,booster,bundle:models.tar,
origin_safe_weather_oracle_v1,results/experiments/origin_safe_weather_oracle_v1/runs/climate_safe_history_idp_oracle_b6/6m/batches/2025/model_phase3_worse.ubj,327850,40d79c17f4c5567d567617db4c97db47826b7ebb219c1392c782bc5133b38467,booster,bundle:models.tar,
origin_safe_weather_oracle_v1,results/experiments/origin_safe_weather_oracle_v1/runs/climate_safe_history_idp_oracle_b6/6m/batches/2025/model_phase4_worse.ubj,5713156,f83619ac00f599e01a9bd9e196388a18a021a72ed6d93b5662387cb18cb696e1,booster,bundle:models.tar,
origin_safe_weather_oracle_v1,results/experiments/origin_safe_weather_oracle_v1/runs/climate_safe_history_idp_oracle_b6/6m/batches/2025/model_phase5_worse.ubj,989223,45f76f6970158d6fed081fb314c38be789f572540035880fb805063cb90e2aa0,booster,bundle:models.tar,
origin_safe_weather_oracle_v1,results/experiments/origin_safe_weather_oracle_v1/runs/climate_safe_history_idp_oracle_b6/6m/batches/2025/predictions.csv,3090576,6492e9d0b863e395d4b658e7866e73087b90676d9ce29a10c3cb1180033c7796,predictions,archive:predictions,
origin_safe_weather_oracle_v1,results/experiments/origin_safe_weather_oracle_v1/runs/climate_safe_history_idp_oracle_b6/6m/metrics/metrics_overall.csv,1575,00ed835740917a4813551b47a41574bada6e37cdb139927e7e0fee6ba46f638b,metric_or_report,archive:metrics (values extracted by explicit field selection),
origin_safe_weather_oracle_v1,results/experiments/origin_safe_weather_oracle_v1/runs/climate_safe_history_idp_oracle_b6/6m/predictions/predictions_2022.csv,1560026,69b507299503239034f59de293c089fc1ebb36ca48a4968d92a15df49cffd9e0,predictions,archive:predictions,
origin_safe_weather_oracle_v1,results/experiments/origin_safe_weather_oracle_v1/runs/climate_safe_history_idp_oracle_b6/6m/predictions/predictions_2023.csv,1675438,257345bd8eb359ae3baf11f3ef889eb60ae244a4e99b426382987291df98a4ed,predictions,archive:predictions,
origin_safe_weather_oracle_v1,results/experiments/origin_safe_weather_oracle_v1/runs/climate_safe_history_idp_oracle_b6/6m/predictions/predictions_2024.csv,1407395,bf8eb6e57b0bf663d2e26ec0ddbc175a1d5022d1cfd97e9cd91b16869b775e87,predictions,archive:predictions,
origin_safe_weather_oracle_v1,results/experiments/origin_safe_weather_oracle_v1/runs/climate_safe_history_idp_oracle_b6/6m/predictions/predictions_2025.csv,3090576,6492e9d0b863e395d4b658e7866e73087b90676d9ce29a10c3cb1180033c7796,predictions,archive:predictions,
origin_safe_weather_oracle_v1,results/experiments/origin_safe_weather_oracle_v1/verification/artifact_inventory.csv,115278,d6215518b81b7f12485a32f8f43560b623234ff7bd14281122c773f7549ae843,ledger_or_check,archive:ledgers,
origin_safe_weather_oracle_v1,results/experiments/origin_safe_weather_oracle_v1/verification/global_comparison_baseline_first.csv,11953,3532105b8915641bbe07c0f0eb860fd44a8f00b4c6a1efb66ff7b02ba092e6c3,ledger_or_check,archive:ledgers,
origin_safe_weather_oracle_v1,results/experiments/origin_safe_weather_oracle_v1/verification/metrics_replay.csv,11953,3532105b8915641bbe07c0f0eb860fd44a8f00b4c6a1efb66ff7b02ba092e6c3,ledger_or_check,archive:ledgers,
origin_safe_weather_oracle_v1,results/experiments/origin_safe_weather_oracle_v1/verification/oracle_coverage.csv,35736,398d4b6ffb01385843c252044acb3794381b30a16bb213b53f42f3b487e88393,ledger_or_check,archive:ledgers,
origin_safe_weather_oracle_v1,results/experiments/origin_safe_weather_oracle_v1/verification/oracle_ledger_diagnostics.csv,1353,fdd8fe522a339215dc8e9048a8ef2460b602f488958adfd2375da8ccaeedb9d3,ledger_or_check,archive:ledgers,
origin_safe_weather_oracle_v1,results/experiments/origin_safe_weather_oracle_v1/verification/paired_deltas.csv,11332,9feb8da88ba380f7f43663fde29f3bcf0836d58794cd2120540914e14f013b45,ledger_or_check,archive:ledgers,
origin_safe_weather_oracle_v1,results/experiments/origin_safe_weather_oracle_v1/verification/verification_summary.json,10757,1fd400731fb988e70b0840fb28d1405fe4c9001c4aaeb78b96ed65379a2aba84,ledger_or_check,archive:ledgers,
compact_global_original,results/experiments/compact_climate_weather_oracle_v1/input_checks/compact_climate_weather_oracle_v1_manifest_copy.json,138760,456360536a3929e1571d96ba9f16e2f0de54bc1b20019f797bbe62c0c89732ca,ledger_or_check,archive:ledgers,climate2015
compact_global_original,results/experiments/compact_climate_weather_oracle_v1/input_checks/feature_coverage.csv,927563,b6028afc5f2b159c103646a429c6d81e8f9aec2e2cd736a5684c5319f1a2f85c,ledger_or_check,archive:ledgers,
compact_global_original,results/experiments/compact_climate_weather_oracle_v1/input_checks/old_new_comparability.csv,126422,5b093a37127ce6a61731ca38b2bc8a55c3a700893405495e6469b6406939c70d,ledger_or_check,archive:ledgers,
compact_global_original,results/experiments/compact_climate_weather_oracle_v1/input_checks/oracle_source_support.csv,4545,ccce9a5361c436697521e78cd4ad0de076ddf482ba4ef4ff42c69022d031d334,ledger_or_check,archive:ledgers,
compact_global_original,results/experiments/compact_climate_weather_oracle_v1/input_checks/source_support.csv,125258,cd4c91314618c6a5ab2d7ac91562dd999c96f62164f268dd6cf360137659a6d2,ledger_or_check,archive:ledgers,
compact_global_original,results/experiments/compact_climate_weather_oracle_v1/input_verification/independent_feature_replay.csv,37608301,4ce197e115287852a08c149bb9ee76c78afaec3a0ccf8ed2d140c17f0ce4d723,ledger_or_check,archive:ledgers,
compact_global_original,results/experiments/compact_climate_weather_oracle_v1/input_verification/legacy_hash_inventory_after.csv,211595,337cb2c74fd9f6f8fb442424911f6f658f356e3649a7a788fe297b330b94cdd9,ledger_or_check,archive:ledgers,
compact_global_original,results/experiments/compact_climate_weather_oracle_v1/input_verification/verification_summary.json,3408,b84a922eadbfa6d83c9ab05e37b9d371757ac165450bf6c08a83a4be3d7415b7,ledger_or_check,archive:ledgers,
compact_global_original,results/experiments/compact_climate_weather_oracle_v1/logs/build_inputs.log,2178,5e6e1593fa3febf6da16d822090963437b44e3d3955b2ee51bfea6c4423a727d,log,archive:logs,
compact_global_original,results/experiments/compact_climate_weather_oracle_v1/logs/compact_baseline_0m.log,469,89b128b82ea1792aa644bf6c50ac7e099bdd8d5103712c76360c2eac5f3aaa45,log,archive:logs,
compact_global_original,results/experiments/compact_climate_weather_oracle_v1/logs/compact_baseline_12m.log,374,6895b2ae458d3e86d2081d0110cb1833892cfd35e7bd3ffcd2a4549148d9aae6,log,archive:logs,
compact_global_original,results/experiments/compact_climate_weather_oracle_v1/logs/compact_baseline_3m.log,373,4b19e83cc83379799a8113f10b2309aef8668d80c57a2d46263fbe98c9c80977,log,archive:logs,
compact_global_original,results/experiments/compact_climate_weather_oracle_v1/logs/compact_baseline_6m.log,373,53708b5e7c643c0743ed62417db78c137dbc2363b94df2ea9b7fcfefd5f37ee4,log,archive:logs,
compact_global_original,results/experiments/compact_climate_weather_oracle_v1/logs/compact_weather_oracle_12m.log,380,198b1bf0982a091388ebd562e78b25d541c78a7da00f2ba770b61ceae1413d0e,log,archive:logs,
compact_global_original,results/experiments/compact_climate_weather_oracle_v1/logs/compact_weather_oracle_3m.log,379,497a7dd411f5b713f51cbb4f8e2e1268185b770f1348535c0e1b3d5fd0cc5d28,log,archive:logs,
compact_global_original,results/experiments/compact_climate_weather_oracle_v1/logs/compact_weather_oracle_6m.log,379,549e08f384e971085c0986d47cd42c1ceb1bf055b227c3533cfc77d99976204d,log,archive:logs,
compact_global_original,results/experiments/compact_climate_weather_oracle_v1/logs/full_suite.log,1481,9c83d618040f5694d725182953dac875f16d021fc86d23522b689b90e5860c8a,log,archive:logs,
compact_global_original,results/experiments/compact_climate_weather_oracle_v1/logs/full_suite.pid,7,26673781455a28f924ee19e7121b4990ec3b5d34f6f10630a8e89c7004de5c64,process_pid,"exclude:process id file, no content value",
compact_global_original,results/experiments/compact_climate_weather_oracle_v1/logs/launch_records.jsonl,2843,3fcd145d91edeed3796ed0c811dccdccbfa647ce2d2020f8ce1b950ec902f469,log,archive:logs,climate2015
compact_global_original,results/experiments/compact_climate_weather_oracle_v1/logs/pilot_suite.log,973,9b2ffda25d7454f3fb59b95c52ad907ee360e8015086e553325453bc9eaa0aa5,log,archive:logs,
compact_global_original,results/experiments/compact_climate_weather_oracle_v1/logs/suite_ledger.jsonl,7619,e3329e0530db824f7c35c52a01c27e7fb31cf6ae7ce3e86d7e4ff62f841d3ab2,log,archive:logs,
compact_global_original,results/experiments/compact_climate_weather_oracle_v1/logs/verify_all.log,3552,dc9ee7e62623837fbbcf381f7694e2483545611d8bf1a93bdbcb3c12e7a89430,log,archive:logs,
compact_global_original,results/experiments/compact_climate_weather_oracle_v1/logs/verify_all.pid,7,493c429f2f02359fbd85fdb9441f63862370f434350dc04fd950aa107b50aace,process_pid,"exclude:process id file, no content value",
compact_global_original,results/experiments/compact_climate_weather_oracle_v1/logs/verify_inputs.log,2581,276cdb7d3926edeaa80a3427eab9011797ef34d97ccce0c2019b10ee7ea60224,log,archive:logs,
compact_global_original,results/experiments/compact_climate_weather_oracle_v1/preflight/legacy_hash_inventory_before.csv,212336,be851d6b450e714a627bf4fb1d6d03088933189dbfed9dfefc1457f4d3eb6a26,ledger_or_check,archive:ledgers,
compact_global_original,results/experiments/compact_climate_weather_oracle_v1/runs/compact_baseline/0m/run_metadata.json,24676,948ea12a5b32199acfd833906a6fb705aed6248dfdd674d0a064ed5664e47ab3,model_recipe_member,bundle:models.tar,climate2015
compact_global_original,results/experiments/compact_climate_weather_oracle_v1/runs/compact_baseline/0m/batches/2022/batch_record.json,1600,a36d1a33ec5583001c6b8fbd1b13d7f641dd8f6f49a6ceaf40505268ab9738ec,model_recipe_member,bundle:models.tar,
compact_global_original,results/experiments/compact_climate_weather_oracle_v1/runs/compact_baseline/0m/batches/2022/fit_keys.csv.gz,61345,7264f2a7c57e0eea9edbcaf8a55467767acea255df475772c016616cb4ded093,model_recipe_member,bundle:models.tar,
compact_global_original,results/experiments/compact_climate_weather_oracle_v1/runs/compact_baseline/0m/batches/2022/model_phase2_worse.ubj,7036289,8d4371114182d28bfc7dd0a7c11e9b43f4e1cf48832bf4cc297bc5b932c19e43,booster,bundle:models.tar,
compact_global_original,results/experiments/compact_climate_weather_oracle_v1/runs/compact_baseline/0m/batches/2022/model_phase3_worse.ubj,249250,7c2f0b35d5b6681083030b503692463e26e62d2cda0c4b0c9100475afd403462,booster,bundle:models.tar,
compact_global_original,results/experiments/compact_climate_weather_oracle_v1/runs/compact_baseline/0m/batches/2022/model_phase4_worse.ubj,4683979,d6c6493eda9ab7a7ff4a5ef607ce0ff928a342d7f4797fd5c2d90fb5c02d9c0a,booster,bundle:models.tar,
compact_global_original,results/experiments/compact_climate_weather_oracle_v1/runs/compact_baseline/0m/batches/2022/model_phase5_worse.ubj,427713,99f15505fd84368a5274b5d021d63fb9ef4647794ff5172f5eee4bbbcd8c4c1e,booster,bundle:models.tar,
compact_global_original,results/experiments/compact_climate_weather_oracle_v1/runs/compact_baseline/0m/batches/2022/predictions.csv,1456693,0a45463f0d1440c00725109156989d4de0713d927eaf26e5e4d95c7104b7a45e,predictions,archive:predictions,
compact_global_original,results/experiments/compact_climate_weather_oracle_v1/runs/compact_baseline/0m/batches/2023/batch_record.json,1600,8605ae5bf55c92d66cb987ba57763afa1b975f52d8c868a5f0ecabbfa910cf28,model_recipe_member,bundle:models.tar,
compact_global_original,results/experiments/compact_climate_weather_oracle_v1/runs/compact_baseline/0m/batches/2023/fit_keys.csv.gz,78330,23588a1bf7fbc58e586a07049eeb7fbef10f81410a5c32a40daab4ff131008ff,model_recipe_member,bundle:models.tar,
compact_global_original,results/experiments/compact_climate_weather_oracle_v1/runs/compact_baseline/0m/batches/2023/model_phase2_worse.ubj,7682457,bac3d79955fb3f837a3c390ed4a7e65305d40f95155de06e94aa533d335597d4,booster,bundle:models.tar,
compact_global_original,results/experiments/compact_climate_weather_oracle_v1/runs/compact_baseline/0m/batches/2023/model_phase3_worse.ubj,261702,53cc3339ef9850cc258b3d86e9b6f456913e0e31c796a3b5471595bcfe117769,booster,bundle:models.tar,
compact_global_original,results/experiments/compact_climate_weather_oracle_v1/runs/compact_baseline/0m/batches/2023/model_phase4_worse.ubj,5285930,82e8aaba1a15fbc67eef69e5bdd5d95e6ed57662672517d45856e80d364dddad,booster,bundle:models.tar,
compact_global_original,results/experiments/compact_climate_weather_oracle_v1/runs/compact_baseline/0m/batches/2023/model_phase5_worse.ubj,763060,a1b7eae6860f55310589a1b9ebf4613f7cc5c60a1c6c6c3aaf4cc6066cc76db4,booster,bundle:models.tar,
compact_global_original,results/experiments/compact_climate_weather_oracle_v1/runs/compact_baseline/0m/batches/2023/predictions.csv,1566694,a218b8f513930c613ba9d3a4ba105786ba283da7607504ce8d9949a2bd1f7679,predictions,archive:predictions,
compact_global_original,results/experiments/compact_climate_weather_oracle_v1/runs/compact_baseline/0m/batches/2024/batch_record.json,1599,0e4e9ddd6fa06ee95dd66a239513e4a344a813233bca99959c5604d880d4254c,model_recipe_member,bundle:models.tar,
compact_global_original,results/experiments/compact_climate_weather_oracle_v1/runs/compact_baseline/0m/batches/2024/fit_keys.csv.gz,97188,922e43e0eb2b683f0103919aae8e877f387e12ea4396e13207f135213572185c,model_recipe_member,bundle:models.tar,
compact_global_original,results/experiments/compact_climate_weather_oracle_v1/runs/compact_baseline/0m/batches/2024/model_phase2_worse.ubj,8351120,86d15d8bb2afe717575b27517ecaa0da44706b12ac296de30e40c81d1086b3f0,booster,bundle:models.tar,
compact_global_original,results/experiments/compact_climate_weather_oracle_v1/runs/compact_baseline/0m/batches/2024/model_phase3_worse.ubj,262717,5142a13624a847158ef32f83cc71127a762b6d30aa746ecc6614c9998b117635,booster,bundle:models.tar,
compact_global_original,results/experiments/compact_climate_weather_oracle_v1/runs/compact_baseline/0m/batches/2024/model_phase4_worse.ubj,5332781,2669a27cd1e23a34a6e27e3d6a89082d67599c567a0f05c4cea886cda3e71f6e,booster,bundle:models.tar,
compact_global_original,results/experiments/compact_climate_weather_oracle_v1/runs/compact_baseline/0m/batches/2024/model_phase5_worse.ubj,910404,7d0efbd644b61ceed0471abe1ba4f2ea875d1449edb4c50190d818f444df991e,booster,bundle:models.tar,
compact_global_original,results/experiments/compact_climate_weather_oracle_v1/runs/compact_baseline/0m/batches/2024/predictions.csv,1318894,e1ad3e0d6152fbb8df3b34e4c03a57873768073096ca3b59c25dc2fc6a8b7483,predictions,archive:predictions,
compact_global_original,results/experiments/compact_climate_weather_oracle_v1/runs/compact_baseline/0m/batches/2025/batch_record.json,1600,0960cf7d6eb3c385fbc92f97c77b6dd9c9c7ad02101563b8721d78222d59abd9,model_recipe_member,bundle:models.tar,
compact_global_original,results/experiments/compact_climate_weather_oracle_v1/runs/compact_baseline/0m/batches/2025/fit_keys.csv.gz,113219,77f9d688ecb048e3c4f7f23375c563c1d2f34163b149870b129ed5334d20c8fa,model_recipe_member,bundle:models.tar,
compact_global_original,results/experiments/compact_climate_weather_oracle_v1/runs/compact_baseline/0m/batches/2025/model_phase2_worse.ubj,9198819,417f7bc4120931fc786c616c547cbdf9b05e18a36db473d34b9cc96c1c309ba8,booster,bundle:models.tar,
compact_global_original,results/experiments/compact_climate_weather_oracle_v1/runs/compact_baseline/0m/batches/2025/model_phase3_worse.ubj,258364,f70133585877b9e22e48895884ab2c235054f7c710f133611ec417945c945787,booster,bundle:models.tar,
compact_global_original,results/experiments/compact_climate_weather_oracle_v1/runs/compact_baseline/0m/batches/2025/model_phase4_worse.ubj,6205311,84f06648bfc216e19a0de16e84355655e07b58a5b79ea8c903ede26a72ba712b,booster,bundle:models.tar,
compact_global_original,results/experiments/compact_climate_weather_oracle_v1/runs/compact_baseline/0m/batches/2025/model_phase5_worse.ubj,958044,d846875eca0d5928affaecdfca82b7d2ed9f67d59ca760754c2cf3bb61304ba3,booster,bundle:models.tar,
compact_global_original,results/experiments/compact_climate_weather_oracle_v1/runs/compact_baseline/0m/batches/2025/predictions.csv,2880726,6ffa9231c3c6659aa0171c33f6a1ef75bb0367d21ea03121869eb76280c784ff,predictions,archive:predictions,
compact_global_original,results/experiments/compact_climate_weather_oracle_v1/runs/compact_baseline/0m/metrics/metrics_overall.csv,1572,c5622d18ca6c2528f94e24d6e79aa242ffe1d328dd593b33c53e2eb338b9b11f,metric_or_report,archive:metrics (values extracted by explicit field selection),
compact_global_original,results/experiments/compact_climate_weather_oracle_v1/runs/compact_baseline/0m/predictions/predictions_2022.csv,1456693,0a45463f0d1440c00725109156989d4de0713d927eaf26e5e4d95c7104b7a45e,predictions,archive:predictions,
compact_global_original,results/experiments/compact_climate_weather_oracle_v1/runs/compact_baseline/0m/predictions/predictions_2023.csv,1566694,a218b8f513930c613ba9d3a4ba105786ba283da7607504ce8d9949a2bd1f7679,predictions,archive:predictions,
compact_global_original,results/experiments/compact_climate_weather_oracle_v1/runs/compact_baseline/0m/predictions/predictions_2024.csv,1318894,e1ad3e0d6152fbb8df3b34e4c03a57873768073096ca3b59c25dc2fc6a8b7483,predictions,archive:predictions,
compact_global_original,results/experiments/compact_climate_weather_oracle_v1/runs/compact_baseline/0m/predictions/predictions_2025.csv,2880726,6ffa9231c3c6659aa0171c33f6a1ef75bb0367d21ea03121869eb76280c784ff,predictions,archive:predictions,
compact_global_original,results/experiments/compact_climate_weather_oracle_v1/runs/compact_baseline/12m/run_metadata.json,24684,b61008794da8d59051082b51450342a3671db4968e8e24f96d7b4a92bb706e33,model_recipe_member,bundle:models.tar,climate2015
compact_global_original,results/experiments/compact_climate_weather_oracle_v1/runs/compact_baseline/12m/batches/2022/batch_record.json,1600,9233ef827c4e3d729390d3830b8776abd024caa2612a31049f041c95487a4091,model_recipe_member,bundle:models.tar,
compact_global_original,results/experiments/compact_climate_weather_oracle_v1/runs/compact_baseline/12m/batches/2022/fit_keys.csv.gz,51715,3e454e60eed147471d00bb094ffd08039f214699d34c8c1d328b970cf7f8be24,model_recipe_member,bundle:models.tar,
compact_global_original,results/experiments/compact_climate_weather_oracle_v1/runs/compact_baseline/12m/batches/2022/model_phase2_worse.ubj,6646495,12dd4ed119d41f2df3c7cc31b73c701fee19722ce2f7be97d11332d48694a6bd,booster,bundle:models.tar,
compact_global_original,results/experiments/compact_climate_weather_oracle_v1/runs/compact_baseline/12m/batches/2022/model_phase3_worse.ubj,261890,687ba4da1d9540cc9f324d76f16e3d3e34f0beeec882bc07b7a13ef9c5ccf2d0,booster,bundle:models.tar,
compact_global_original,results/experiments/compact_climate_weather_oracle_v1/runs/compact_baseline/12m/batches/2022/model_phase4_worse.ubj,4239786,5679ee04c6d612d95ef32ca70f3e7aeabd997c4c4ac2a1210f7edabcd6019b17,booster,bundle:models.tar,
compact_global_original,results/experiments/compact_climate_weather_oracle_v1/runs/compact_baseline/12m/batches/2022/model_phase5_worse.ubj,392996,076d1eca1444ee40e221fd6f87a46e7b2641449839ef67a61f95305a4d7860c0,booster,bundle:models.tar,
compact_global_original,results/experiments/compact_climate_weather_oracle_v1/runs/compact_baseline/12m/batches/2022/predictions.csv,1463453,2683489d7da9d9fecabad8909aeb00842a2b7a0def2a76f4ec41abedbb9f061d,predictions,archive:predictions,
compact_global_original,results/experiments/compact_climate_weather_oracle_v1/runs/compact_baseline/12m/batches/2023/batch_record.json,1600,bb18903ae5c602e3233389c112e3d735fe0ab480e6efd4bc946846b4c69a2036,model_recipe_member,bundle:models.tar,
compact_global_original,results/experiments/compact_climate_weather_oracle_v1/runs/compact_baseline/12m/batches/2023/fit_keys.csv.gz,64535,92e463b636aaa8397c0c23c95c3e3facb1c99d2827368411f91f7778558ff7e9,model_recipe_member,bundle:models.tar,
compact_global_original,results/experiments/compact_climate_weather_oracle_v1/runs/compact_baseline/12m/batches/2023/model_phase2_worse.ubj,7107475,ffa807050afc21609684c85880a26d4f660c0eac5f38c053a3a9c156a1605e4c,booster,bundle:models.tar,
compact_global_original,results/experiments/compact_climate_weather_oracle_v1/runs/compact_baseline/12m/batches/2023/model_phase3_worse.ubj,262844,2376f84660561fb9878beb0441ea0ef9194923bf29229079f6c9e845ceea000e,booster,bundle:models.tar,
compact_global_original,results/experiments/compact_climate_weather_oracle_v1/runs/compact_baseline/12m/batches/2023/model_phase4_worse.ubj,4964876,750a70b0932d115053660e7bbc2f4dadcc3118c85969dd0a4a1842fd89aa0e99,booster,bundle:models.tar,
compact_global_original,results/experiments/compact_climate_weather_oracle_v1/runs/compact_baseline/12m/batches/2023/model_phase5_worse.ubj,410679,50f643e18fbf6eeca24ffa0a9c42b86e85369e0a68e0297d17584f197d5929f1,booster,bundle:models.tar,
compact_global_original,results/experiments/compact_climate_weather_oracle_v1/runs/compact_baseline/12m/batches/2023/predictions.csv,1572643,e9bb7c806d7ab9bacf44f30503b2a3f422724304bfb11f836d85499ee8b24a8e,predictions,archive:predictions,
compact_global_original,results/experiments/compact_climate_weather_oracle_v1/runs/compact_baseline/12m/batches/2024/batch_record.json,1602,e0ef940fb9a5da3366159cf534e5972e747e2856a75734e3e0bf34c488fe2381,model_recipe_member,bundle:models.tar,
compact_global_original,results/experiments/compact_climate_weather_oracle_v1/runs/compact_baseline/12m/batches/2024/fit_keys.csv.gz,84095,642ff45a8b3c1fc2b8a93e3c08c1282c1aa4258afceae31b684ae2ddc16f313e,model_recipe_member,bundle:models.tar,
compact_global_original,results/experiments/compact_climate_weather_oracle_v1/runs/compact_baseline/12m/batches/2024/model_phase2_worse.ubj,7846459,3bb360653e8aae316727b5b1040e9419d3364cb639c749c5a5991202def41f29,booster,bundle:models.tar,
compact_global_original,results/experiments/compact_climate_weather_oracle_v1/runs/compact_baseline/12m/batches/2024/model_phase3_worse.ubj,289376,d1a8ec8de9de18e6848306d2a583f25757f0fe28dab52f770a3df1351a4ddcdb,booster,bundle:models.tar,
compact_global_original,results/experiments/compact_climate_weather_oracle_v1/runs/compact_baseline/12m/batches/2024/model_phase4_worse.ubj,5834690,bb160a0303c7ae588fe02ac9fc39e02bffcd3c4f34ae1b71bc5295f9cee061c0,booster,bundle:models.tar,
compact_global_original,results/experiments/compact_climate_weather_oracle_v1/runs/compact_baseline/12m/batches/2024/model_phase5_worse.ubj,913805,31f15855be5f97e74ea9ce2ecb903df8e0a4bce0c7e9c6cbaf186440bae70894,booster,bundle:models.tar,
compact_global_original,results/experiments/compact_climate_weather_oracle_v1/runs/compact_baseline/12m/batches/2024/predictions.csv,1321683,43d203ede99e02d82c8556dc3b5133d6394f40cb1d89034ab39ac12e28d90281,predictions,archive:predictions,
compact_global_original,results/experiments/compact_climate_weather_oracle_v1/runs/compact_baseline/12m/batches/2025/batch_record.json,1603,c4f5194c82e6980a272c90cfec3aa6e569d691013f6ea90989448271a629ad93,model_recipe_member,bundle:models.tar,
compact_global_original,results/experiments/compact_climate_weather_oracle_v1/runs/compact_baseline/12m/batches/2025/fit_keys.csv.gz,101815,58168a596517ac9568287b08c82cd2019a82d9907bbd8668dd141669b588f0be,model_recipe_member,bundle:models.tar,
compact_global_original,results/experiments/compact_climate_weather_oracle_v1/runs/compact_baseline/12m/batches/2025/model_phase2_worse.ubj,8359196,ed5f362db8556fdf3b9229c34460ceb03c4b9d1c28ec59a87fca6326beb29034,booster,bundle:models.tar,
compact_global_original,results/experiments/compact_climate_weather_oracle_v1/runs/compact_baseline/12m/batches/2025/model_phase3_worse.ubj,291550,a1160643ffc37446107e9be36f2e086aa9c4ab8eb5653970b963d676f763e927,booster,bundle:models.tar,
compact_global_original,results/experiments/compact_climate_weather_oracle_v1/runs/compact_baseline/12m/batches/2025/model_phase4_worse.ubj,6441003,3c03a35fe72bdfe5be6a3d8dd5b6695c4bf16bf3bed075c93eaea4b4e1cd1f33,booster,bundle:models.tar,
compact_global_original,results/experiments/compact_climate_weather_oracle_v1/runs/compact_baseline/12m/batches/2025/model_phase5_worse.ubj,985435,c23e579f49e9734b41554d0356ad74773fab003b22134c7b51c583d3846ad7ed,booster,bundle:models.tar,
compact_global_original,results/experiments/compact_climate_weather_oracle_v1/runs/compact_baseline/12m/batches/2025/predictions.csv,2900380,e1a4b7bf33e2a9ca6dd75f1793295657e1998471d135d9f2c775f5092ee0444f,predictions,archive:predictions,
compact_global_original,results/experiments/compact_climate_weather_oracle_v1/runs/compact_baseline/12m/metrics/metrics_overall.csv,1575,c1645fae700dc4b000c4559adab0acf7d68493b3db1f401e94d5420b1740d2e6,metric_or_report,archive:metrics (values extracted by explicit field selection),
compact_global_original,results/experiments/compact_climate_weather_oracle_v1/runs/compact_baseline/12m/predictions/predictions_2022.csv,1463453,2683489d7da9d9fecabad8909aeb00842a2b7a0def2a76f4ec41abedbb9f061d,predictions,archive:predictions,
compact_global_original,results/experiments/compact_climate_weather_oracle_v1/runs/compact_baseline/12m/predictions/predictions_2023.csv,1572643,e9bb7c806d7ab9bacf44f30503b2a3f422724304bfb11f836d85499ee8b24a8e,predictions,archive:predictions,
compact_global_original,results/experiments/compact_climate_weather_oracle_v1/runs/compact_baseline/12m/predictions/predictions_2024.csv,1321683,43d203ede99e02d82c8556dc3b5133d6394f40cb1d89034ab39ac12e28d90281,predictions,archive:predictions,
compact_global_original,results/experiments/compact_climate_weather_oracle_v1/runs/compact_baseline/12m/predictions/predictions_2025.csv,2900380,e1a4b7bf33e2a9ca6dd75f1793295657e1998471d135d9f2c775f5092ee0444f,predictions,archive:predictions,
compact_global_original,results/experiments/compact_climate_weather_oracle_v1/runs/compact_baseline/3m/run_metadata.json,24678,bd1e69e8ee6ac9f6b12e99960a847d586e52a97e5767dce78ef533aa4fb542d7,model_recipe_member,bundle:models.tar,climate2015
compact_global_original,results/experiments/compact_climate_weather_oracle_v1/runs/compact_baseline/3m/batches/2022/batch_record.json,1600,b4fc3e8fb6c3d4b4b1d8a8229126be5b96b311d3a49d31f7d7aa70c17be00513,model_recipe_member,bundle:models.tar,
compact_global_original,results/experiments/compact_climate_weather_oracle_v1/runs/compact_baseline/3m/batches/2022/fit_keys.csv.gz,59380,c577d636b6a5a6c0c02d5af7d54b0ed48e1fe9e3c360b5e0fca701b36fd5c649,model_recipe_member,bundle:models.tar,
compact_global_original,results/experiments/compact_climate_weather_oracle_v1/runs/compact_baseline/3m/batches/2022/model_phase2_worse.ubj,7160804,8c3d255bc0645062e24bd926e11c75cebb22f2a2bd5499a7d1979775a8c59e33,booster,bundle:models.tar,
compact_global_original,results/experiments/compact_climate_weather_oracle_v1/runs/compact_baseline/3m/batches/2022/model_phase3_worse.ubj,252307,0e05968d7fb3cff28bcac909362bc70a1856b0214182020e8c3024c06483bae4,booster,bundle:models.tar,
compact_global_original,results/experiments/compact_climate_weather_oracle_v1/runs/compact_baseline/3m/batches/2022/model_phase4_worse.ubj,4566813,fc321ad551f2c2d0676789674f972bebe9deb7733fac0f49b921e5d29e99057c,booster,bundle:models.tar,
compact_global_original,results/experiments/compact_climate_weather_oracle_v1/runs/compact_baseline/3m/batches/2022/model_phase5_worse.ubj,421931,2288baa6d41501a6280a3d9d691f8b1daeb470c46d7ab701a2367575b77517d4,booster,bundle:models.tar,
compact_global_original,results/experiments/compact_climate_weather_oracle_v1/runs/compact_baseline/3m/batches/2022/predictions.csv,1457954,178b403aeb10b643dbd2fa36dcf70b1fca94e3a17c6750ec0f0bf38aeeab87dc,predictions,archive:predictions,
compact_global_original,results/experiments/compact_climate_weather_oracle_v1/runs/compact_baseline/3m/batches/2023/batch_record.json,1600,0478e13f0a96b1c391a9eb782a19b80871d3e6bc3b59b0e5774a67b2a0492151,model_recipe_member,bundle:models.tar,
compact_global_original,results/experiments/compact_climate_weather_oracle_v1/runs/compact_baseline/3m/batches/2023/fit_keys.csv.gz,77380,a2df53f7313a936f8365dc76c97f2f3402a9cdebb801112f1a800e3cb473b5f7,model_recipe_member,bundle:models.tar,
compact_global_original,results/experiments/compact_climate_weather_oracle_v1/runs/compact_baseline/3m/batches/2023/model_phase2_worse.ubj,7514553,055e3744f180ae9797dc37365fb9bb5a6caca83e4f70b1bd997218155550fff6,booster,bundle:models.tar,
compact_global_original,results/experiments/compact_climate_weather_oracle_v1/runs/compact_baseline/3m/batches/2023/model_phase3_worse.ubj,270409,6a8e153a37733e81bd344564041402692295e33b7e0dfdf7f4f57d53f628212d,booster,bundle:models.tar,
compact_global_original,results/experiments/compact_climate_weather_oracle_v1/runs/compact_baseline/3m/batches/2023/model_phase4_worse.ubj,5293478,8a0350b2d5ff9c62918b04cc131b72284c2fe7702db4135626c1c896e3252b7c,booster,bundle:models.tar,
compact_global_original,results/experiments/compact_climate_weather_oracle_v1/runs/compact_baseline/3m/batches/2023/model_phase5_worse.ubj,780061,bc2cd841522d2756693ae008fd60d0a8975b4080a1565c10b4831324a893cc8e,booster,bundle:models.tar,
compact_global_original,results/experiments/compact_climate_weather_oracle_v1/runs/compact_baseline/3m/batches/2023/predictions.csv,1569148,e74433be04483fdff2959f26beabea2241e8b01adb5162e8a7d18be0cabf4cbc,predictions,archive:predictions,
compact_global_original,results/experiments/compact_climate_weather_oracle_v1/runs/compact_baseline/3m/batches/2024/batch_record.json,1600,e088394546c20c4ea6ce0ee316183e3ac0dc708dd62932c401fdd9e3d5918193,model_recipe_member,bundle:models.tar,
compact_global_original,results/experiments/compact_climate_weather_oracle_v1/runs/compact_baseline/3m/batches/2024/fit_keys.csv.gz,95664,8d6f9b3180e069350c3d96f422581f0d47718811f529d78a3af2fd48267ba97e,model_recipe_member,bundle:models.tar,
compact_global_original,results/experiments/compact_climate_weather_oracle_v1/runs/compact_baseline/3m/batches/2024/model_phase2_worse.ubj,8672824,a86a21af99cb3d40fea2d85b89c4e26af9075eeef5ee42ba585ef01252c21a0a,booster,bundle:models.tar,
compact_global_original,results/experiments/compact_climate_weather_oracle_v1/runs/compact_baseline/3m/batches/2024/model_phase3_worse.ubj,274009,85484e11e85a04394e9723dc2efe8ea32deee29db0fbea54b27cc42c466e2bf6,booster,bundle:models.tar,
compact_global_original,results/experiments/compact_climate_weather_oracle_v1/runs/compact_baseline/3m/batches/2024/model_phase4_worse.ubj,6181649,881964cd0c962b01927d425d8946ed096a08919d59a93530ecb8b5b96d049c0f,booster,bundle:models.tar,
compact_global_original,results/experiments/compact_climate_weather_oracle_v1/runs/compact_baseline/3m/batches/2024/model_phase5_worse.ubj,909413,9f508830ee9c708f7933a29d410d03e66e52552191f0f3fa120038ab78a148ce,booster,bundle:models.tar,
compact_global_original,results/experiments/compact_climate_weather_oracle_v1/runs/compact_baseline/3m/batches/2024/predictions.csv,1318247,21cf66a8fd2bfbe1a668b7059c219529d0fd6d5e6118b8958774d48dd4ea5065,predictions,archive:predictions,
compact_global_original,results/experiments/compact_climate_weather_oracle_v1/runs/compact_baseline/3m/batches/2025/batch_record.json,1601,eac0336c92b32f9aa93cc0faa8b32065e3e4e4516853c1ce72e0b04bba373833,model_recipe_member,bundle:models.tar,
compact_global_original,results/experiments/compact_climate_weather_oracle_v1/runs/compact_baseline/3m/batches/2025/fit_keys.csv.gz,111179,a750291d89e1f127324efe6eb3be40395ab9abab1337ebf4a277473fd9c77ac7,model_recipe_member,bundle:models.tar,
compact_global_original,results/experiments/compact_climate_weather_oracle_v1/runs/compact_baseline/3m/batches/2025/model_phase2_worse.ubj,9155033,419ae98b13974936bb7581313a5f3e4008131a4ef8a7945b70383dee7b2f8fdb,booster,bundle:models.tar,
compact_global_original,results/experiments/compact_climate_weather_oracle_v1/runs/compact_baseline/3m/batches/2025/model_phase3_worse.ubj,269525,3e9566db268f992fd5d2802422347f5e82ba3428ffad038e1da8cbfcef685d44,booster,bundle:models.tar,
compact_global_original,results/experiments/compact_climate_weather_oracle_v1/runs/compact_baseline/3m/batches/2025/model_phase4_worse.ubj,6286646,61eab50f723b4e8aa0c2c6d770c74c42630fdfb6a2499891539cfa02e95a5383,booster,bundle:models.tar,
compact_global_original,results/experiments/compact_climate_weather_oracle_v1/runs/compact_baseline/3m/batches/2025/model_phase5_worse.ubj,1002615,70c38ade17d3433676b08ea09e1e8e0a649b2893c8c5041a827a626ea9510385,booster,bundle:models.tar,
compact_global_original,results/experiments/compact_climate_weather_oracle_v1/runs/compact_baseline/3m/batches/2025/predictions.csv,2886821,a99459a50d740701042cd5da889fded831d961f5536f23d2b62b047c7d55ef2d,predictions,archive:predictions,
compact_global_original,results/experiments/compact_climate_weather_oracle_v1/runs/compact_baseline/3m/metrics/metrics_overall.csv,1574,4002d18ad35be166498d71be2bea28c859552fd06ab5f2f82b30d12f9ddad341,metric_or_report,archive:metrics (values extracted by explicit field selection),
compact_global_original,results/experiments/compact_climate_weather_oracle_v1/runs/compact_baseline/3m/predictions/predictions_2022.csv,1457954,178b403aeb10b643dbd2fa36dcf70b1fca94e3a17c6750ec0f0bf38aeeab87dc,predictions,archive:predictions,
compact_global_original,results/experiments/compact_climate_weather_oracle_v1/runs/compact_baseline/3m/predictions/predictions_2023.csv,1569148,e74433be04483fdff2959f26beabea2241e8b01adb5162e8a7d18be0cabf4cbc,predictions,archive:predictions,
compact_global_original,results/experiments/compact_climate_weather_oracle_v1/runs/compact_baseline/3m/predictions/predictions_2024.csv,1318247,21cf66a8fd2bfbe1a668b7059c219529d0fd6d5e6118b8958774d48dd4ea5065,predictions,archive:predictions,
compact_global_original,results/experiments/compact_climate_weather_oracle_v1/runs/compact_baseline/3m/predictions/predictions_2025.csv,2886821,a99459a50d740701042cd5da889fded831d961f5536f23d2b62b047c7d55ef2d,predictions,archive:predictions,
compact_global_original,results/experiments/compact_climate_weather_oracle_v1/runs/compact_baseline/6m/run_metadata.json,24677,9d9b8866b07b0d3477ee3419f28a943218e65e90de914dc9935498902b84c158,model_recipe_member,bundle:models.tar,climate2015
compact_global_original,results/experiments/compact_climate_weather_oracle_v1/runs/compact_baseline/6m/batches/2022/batch_record.json,1600,a4b7753a21249b42938a182e6f1ae82baf5a9979df1a55c732420a87a93ae279,model_recipe_member,bundle:models.tar,
compact_global_original,results/experiments/compact_climate_weather_oracle_v1/runs/compact_baseline/6m/batches/2022/fit_keys.csv.gz,54692,8020d96bb0783930b14f3f67abcfc685d469a8fad573cc22a02a1c64cf07b762,model_recipe_member,bundle:models.tar,
compact_global_original,results/experiments/compact_climate_weather_oracle_v1/runs/compact_baseline/6m/batches/2022/model_phase2_worse.ubj,6821336,8d9169f7de9e5a6077e4b4702ea26b834549f07549fcad295e47423475b45271,booster,bundle:models.tar,
compact_global_original,results/experiments/compact_climate_weather_oracle_v1/runs/compact_baseline/6m/batches/2022/model_phase3_worse.ubj,253737,b7d7f8c6929e0589605a6ca76e1dd9f1f8dfeacf1751bcb5adcdba6f06e251a7,booster,bundle:models.tar,
compact_global_original,results/experiments/compact_climate_weather_oracle_v1/runs/compact_baseline/6m/batches/2022/model_phase4_worse.ubj,4406333,bd2952bbc6e8d6cbb7fd72aba750474da7c3b74122129d38ce073724af7941b5,booster,bundle:models.tar,
compact_global_original,results/experiments/compact_climate_weather_oracle_v1/runs/compact_baseline/6m/batches/2022/model_phase5_worse.ubj,424571,20f4b390da1297aac4096189c0c7cb7ecefde4478dc0bbbde93226c04b603b40,booster,bundle:models.tar,
compact_global_original,results/experiments/compact_climate_weather_oracle_v1/runs/compact_baseline/6m/batches/2022/predictions.csv,1454682,4d4e1982c5123d934145da5ad5a2173099e89ca19056e2966386903ef185c20b,predictions,archive:predictions,
compact_global_original,results/experiments/compact_climate_weather_oracle_v1/runs/compact_baseline/6m/batches/2023/batch_record.json,1600,3119116cfa0bca058b687e3f9f2383ac572928e027c01569320fc1046b8e55a1,model_recipe_member,bundle:models.tar,
compact_global_original,results/experiments/compact_climate_weather_oracle_v1/runs/compact_baseline/6m/batches/2023/fit_keys.csv.gz,69527,0d97017f286a6e53ae039a349037ceee860eb3aad9836bcdfbb8839655bc649d,model_recipe_member,bundle:models.tar,
compact_global_original,results/experiments/compact_climate_weather_oracle_v1/runs/compact_baseline/6m/batches/2023/model_phase2_worse.ubj,7231323,8e1d66844090ae828e0e7c09458f2a8a48984c795a6333a8e814385a193ca3e3,booster,bundle:models.tar,
compact_global_original,results/experiments/compact_climate_weather_oracle_v1/runs/compact_baseline/6m/batches/2023/model_phase3_worse.ubj,268434,b59816553362b0992c096ff7d16122cddc28760ba45ce0efe8c0d0fc8dbac2d8,booster,bundle:models.tar,
compact_global_original,results/experiments/compact_climate_weather_oracle_v1/runs/compact_baseline/6m/batches/2023/model_phase4_worse.ubj,4809984,0e535d3401d0b99c53bebda808fef7c5626910607efd650274349d28e3c09543,booster,bundle:models.tar,
compact_global_original,results/experiments/compact_climate_weather_oracle_v1/runs/compact_baseline/6m/batches/2023/model_phase5_worse.ubj,614263,7fb2ab4220a948245307ee7cb9b1c6ceb7fe878a8a0146e98d0168cbd9e90cb7,booster,bundle:models.tar,
compact_global_original,results/experiments/compact_climate_weather_oracle_v1/runs/compact_baseline/6m/batches/2023/predictions.csv,1566202,d5bdf4a194338fe62bca116c216b1ffecda749bdca9263c20ace04309c76ab13,predictions,archive:predictions,
compact_global_original,results/experiments/compact_climate_weather_oracle_v1/runs/compact_baseline/6m/batches/2024/batch_record.json,1599,dddb7dcce77ed14e57483246bcd388a643237e8721f857fe837b53a32c593143,model_recipe_member,bundle:models.tar,
compact_global_original,results/experiments/compact_climate_weather_oracle_v1/runs/compact_baseline/6m/batches/2024/fit_keys.csv.gz,88860,c78910d13176aee931bf7f3b600edd728bd6e0a72a102bba5aa791007d8cbad6,model_recipe_member,bundle:models.tar,
compact_global_original,results/experiments/compact_climate_weather_oracle_v1/runs/compact_baseline/6m/batches/2024/model_phase2_worse.ubj,8129166,9e0e38385fd60bab7533c01c96659111535512cd8bc109db7e87b331840a242b,booster,bundle:models.tar,
compact_global_original,results/experiments/compact_climate_weather_oracle_v1/runs/compact_baseline/6m/batches/2024/model_phase3_worse.ubj,279592,08649c7cb6be620d819b4bf28622038319ad45dad31361fc880ddb408049583f,booster,bundle:models.tar,
compact_global_original,results/experiments/compact_climate_weather_oracle_v1/runs/compact_baseline/6m/batches/2024/model_phase4_worse.ubj,5519382,2e2185c53b8c7736f475de55110d1a9f63db77c7825c7fe7def56886d64e777a,booster,bundle:models.tar,
compact_global_original,results/experiments/compact_climate_weather_oracle_v1/runs/compact_baseline/6m/batches/2024/model_phase5_worse.ubj,912613,ef3cd061faa674a6d9d9738c804831ccb8f7ed943d4a16f6bc99c552a0f0e524,booster,bundle:models.tar,
compact_global_original,results/experiments/compact_climate_weather_oracle_v1/runs/compact_baseline/6m/batches/2024/predictions.csv,1318041,bd8cec5f275d3782cab3da8398be9e8b442b30c96a3a8319644bf1c93e32b20c,predictions,archive:predictions,
compact_global_original,results/experiments/compact_climate_weather_oracle_v1/runs/compact_baseline/6m/batches/2025/batch_record.json,1601,9c5b49ee5ffeb3f403082dd2656af602fd6c8be1b424795cc663eface7502063,model_recipe_member,bundle:models.tar,
compact_global_original,results/experiments/compact_climate_weather_oracle_v1/runs/compact_baseline/6m/batches/2025/fit_keys.csv.gz,106078,aa90347ba5392b9ca8125d5aea86638b8a35b53cefc2396ee6d5ff17b23a1913,model_recipe_member,bundle:models.tar,
compact_global_original,results/experiments/compact_climate_weather_oracle_v1/runs/compact_baseline/6m/batches/2025/model_phase2_worse.ubj,8630672,545b91f9c1ee522f0a7276d66a81419aad1d6ed5d75394817a9f84d10ead8100,booster,bundle:models.tar,
compact_global_original,results/experiments/compact_climate_weather_oracle_v1/runs/compact_baseline/6m/batches/2025/model_phase3_worse.ubj,278705,ac996b4852b68ec93a86a15a128d1c776a2c40395c46c94628cdbb2817b9e7b4,booster,bundle:models.tar,
compact_global_original,results/experiments/compact_climate_weather_oracle_v1/runs/compact_baseline/6m/batches/2025/model_phase4_worse.ubj,6381782,a87e32d89a1f8725df87c182b49043421b4f0793ebd3bca4d2507fc3f953b427,booster,bundle:models.tar,
compact_global_original,results/experiments/compact_climate_weather_oracle_v1/runs/compact_baseline/6m/batches/2025/model_phase5_worse.ubj,979607,6c24a4e365c4ab164e7c0d0ae2b9f0d749e697a0a94b9146bd125f422da181fc,booster,bundle:models.tar,
compact_global_original,results/experiments/compact_climate_weather_oracle_v1/runs/compact_baseline/6m/batches/2025/predictions.csv,2887994,0c108ce363934c912b4f5b6bd221f578443f33ca042d25518b898d37333e4272,predictions,archive:predictions,
compact_global_original,results/experiments/compact_climate_weather_oracle_v1/runs/compact_baseline/6m/metrics/metrics_overall.csv,1579,395e49600ba96fb9b413a99e944280b222843d73d4a5a5dbc03e5fc66d9c80d0,metric_or_report,archive:metrics (values extracted by explicit field selection),
compact_global_original,results/experiments/compact_climate_weather_oracle_v1/runs/compact_baseline/6m/predictions/predictions_2022.csv,1454682,4d4e1982c5123d934145da5ad5a2173099e89ca19056e2966386903ef185c20b,predictions,archive:predictions,
compact_global_original,results/experiments/compact_climate_weather_oracle_v1/runs/compact_baseline/6m/predictions/predictions_2023.csv,1566202,d5bdf4a194338fe62bca116c216b1ffecda749bdca9263c20ace04309c76ab13,predictions,archive:predictions,
compact_global_original,results/experiments/compact_climate_weather_oracle_v1/runs/compact_baseline/6m/predictions/predictions_2024.csv,1318041,bd8cec5f275d3782cab3da8398be9e8b442b30c96a3a8319644bf1c93e32b20c,predictions,archive:predictions,
compact_global_original,results/experiments/compact_climate_weather_oracle_v1/runs/compact_baseline/6m/predictions/predictions_2025.csv,2887994,0c108ce363934c912b4f5b6bd221f578443f33ca042d25518b898d37333e4272,predictions,archive:predictions,
compact_global_original,results/experiments/compact_climate_weather_oracle_v1/runs/compact_weather_oracle/12m/run_metadata.json,25310,097a9967f9fd55bdc081ab78549a3f902e9840d7c267de5663e7d31200d14ac4,model_recipe_member,bundle:models.tar,climate2015
compact_global_original,results/experiments/compact_climate_weather_oracle_v1/runs/compact_weather_oracle/12m/batches/2022/batch_record.json,1607,ec1764db41c78a1e843f079ea11db95aca4330da91ddf3401740342135db01eb,model_recipe_member,bundle:models.tar,
compact_global_original,results/experiments/compact_climate_weather_oracle_v1/runs/compact_weather_oracle/12m/batches/2022/fit_keys.csv.gz,51715,6c5ad2e1362253b03858bf5555298912a4073bc488f71cc8035664a82849ae7c,model_recipe_member,bundle:models.tar,
compact_global_original,results/experiments/compact_climate_weather_oracle_v1/runs/compact_weather_oracle/12m/batches/2022/model_phase2_worse.ubj,6538596,3bc7a0da684deca232707156ded10d59b74c3942c9976d74136ecf7629ed8b78,booster,bundle:models.tar,
compact_global_original,results/experiments/compact_climate_weather_oracle_v1/runs/compact_weather_oracle/12m/batches/2022/model_phase3_worse.ubj,262727,5b0e40c43e17ca409eb05f021b1a9ce90d1b15d5a4c68ee7e0df8c161526abdd,booster,bundle:models.tar,
compact_global_original,results/experiments/compact_climate_weather_oracle_v1/runs/compact_weather_oracle/12m/batches/2022/model_phase4_worse.ubj,4312226,142629dc3f0ffe47d8725b430965810139c478abba4f8ec1f5473aedf2503917,booster,bundle:models.tar,
compact_global_original,results/experiments/compact_climate_weather_oracle_v1/runs/compact_weather_oracle/12m/batches/2022/model_phase5_worse.ubj,387300,9ac4a1b28075d6ca98cb2fda6032afd20a39052c039df10979435e4a1510ede9,booster,bundle:models.tar,
compact_global_original,results/experiments/compact_climate_weather_oracle_v1/runs/compact_weather_oracle/12m/batches/2022/predictions.csv,1496178,21e9efaf28c4d50d4f52ffae206a76885e68a19205d1d3ee7e307155b355ad3c,predictions,archive:predictions,
compact_global_original,results/experiments/compact_climate_weather_oracle_v1/runs/compact_weather_oracle/12m/batches/2023/batch_record.json,1606,4b7bafdf1b8ce24e6f306a353906941e3e86718c043845d26d70713b73b588c0,model_recipe_member,bundle:models.tar,
compact_global_original,results/experiments/compact_climate_weather_oracle_v1/runs/compact_weather_oracle/12m/batches/2023/fit_keys.csv.gz,64535,1508daf7cbb63b7719fbe140f96f3551109630b2065ca8e1cb180e0b2c7109fd,model_recipe_member,bundle:models.tar,
compact_global_original,results/experiments/compact_climate_weather_oracle_v1/runs/compact_weather_oracle/12m/batches/2023/model_phase2_worse.ubj,6910843,71bb0ef21760e4ad07a433779fcfb09cd1537bc0d469eb2e97894fc024f8bdfb,booster,bundle:models.tar,
compact_global_original,results/experiments/compact_climate_weather_oracle_v1/runs/compact_weather_oracle/12m/batches/2023/model_phase3_worse.ubj,261436,5977fa8e4da9f13081280ed72b7799ca7103a1a37bc6c7518463c2b664cb7952,booster,bundle:models.tar,
compact_global_original,results/experiments/compact_climate_weather_oracle_v1/runs/compact_weather_oracle/12m/batches/2023/model_phase4_worse.ubj,4852424,0a4ddb2e26b2b2b323626d8c06767adfdf9420bdbcfd757a18f7cb7776f6ed17,booster,bundle:models.tar,
compact_global_original,results/experiments/compact_climate_weather_oracle_v1/runs/compact_weather_oracle/12m/batches/2023/model_phase5_worse.ubj,412542,d3c8e2e2867a12dbd759f0190fe082abe9c2e25cb2d87a18934ffe977d315eeb,booster,bundle:models.tar,
compact_global_original,results/experiments/compact_climate_weather_oracle_v1/runs/compact_weather_oracle/12m/batches/2023/predictions.csv,1609597,caefe3957924318db348bafa55608d096f315d1e1d223f984fd2fb1376ffbd01,predictions,archive:predictions,
compact_global_original,results/experiments/compact_climate_weather_oracle_v1/runs/compact_weather_oracle/12m/batches/2024/batch_record.json,1608,1cf70703fe8f24d220e8fbabe851d27044dbaf380311cc69bef677e03947cd5a,model_recipe_member,bundle:models.tar,
compact_global_original,results/experiments/compact_climate_weather_oracle_v1/runs/compact_weather_oracle/12m/batches/2024/fit_keys.csv.gz,84095,433f122163a0f0baee89bebdaf3ec8314405ce722bb8d6a91482f47c0ac30512,model_recipe_member,bundle:models.tar,
compact_global_original,results/experiments/compact_climate_weather_oracle_v1/runs/compact_weather_oracle/12m/batches/2024/model_phase2_worse.ubj,7552780,88cec5cc6d6bde86894fa80298be07a5c6b6ca8606bcb7fd9127e21cfb5ac9d5,booster,bundle:models.tar,
compact_global_original,results/experiments/compact_climate_weather_oracle_v1/runs/compact_weather_oracle/12m/batches/2024/model_phase3_worse.ubj,288852,a9d422b38e550488348d8dee27df1c2a0bca549fd648640e5b7803429f802c0f,booster,bundle:models.tar,
compact_global_original,results/experiments/compact_climate_weather_oracle_v1/runs/compact_weather_oracle/12m/batches/2024/model_phase4_worse.ubj,5658854,350734343bda7c50f2d9b0af40b3cabbc8295dcb2dd8a33348194bb4600bdee8,booster,bundle:models.tar,
compact_global_original,results/experiments/compact_climate_weather_oracle_v1/runs/compact_weather_oracle/12m/batches/2024/model_phase5_worse.ubj,912055,c264614c3f17af64b1676ffa7a516206dbd9e3ff205396b286f5a4d096484799,booster,bundle:models.tar,
compact_global_original,results/experiments/compact_climate_weather_oracle_v1/runs/compact_weather_oracle/12m/batches/2024/predictions.csv,1353089,17d48195fcb6cd85452c39a30d68071b4b0496e4447d6ef1add0b5feb545394e,predictions,archive:predictions,
compact_global_original,results/experiments/compact_climate_weather_oracle_v1/runs/compact_weather_oracle/12m/batches/2025/batch_record.json,1609,31cafe9cd10cd9eead82fa82251c467b395dc6b30ec0aff72fca28a91ec7289c,model_recipe_member,bundle:models.tar,
compact_global_original,results/experiments/compact_climate_weather_oracle_v1/runs/compact_weather_oracle/12m/batches/2025/fit_keys.csv.gz,101815,8745235380d9f7fb22d920c2b78dd7baacdfa02d96245783de5ef587c65f6c62,model_recipe_member,bundle:models.tar,
compact_global_original,results/experiments/compact_climate_weather_oracle_v1/runs/compact_weather_oracle/12m/batches/2025/model_phase2_worse.ubj,8425381,4113b37465a361e09825e07a2541c39174ab18d0b787b9fba9901df870066cb4,booster,bundle:models.tar,
compact_global_original,results/experiments/compact_climate_weather_oracle_v1/runs/compact_weather_oracle/12m/batches/2025/model_phase3_worse.ubj,292456,7e0abfb6eb7b753ab00ee1ce77861994e1cd45c32342a3a561d932391033207a,booster,bundle:models.tar,
compact_global_original,results/experiments/compact_climate_weather_oracle_v1/runs/compact_weather_oracle/12m/batches/2025/model_phase4_worse.ubj,6378728,2ae2f22276287fa47a89826ba8df691f34a90fc54d45bb40c097ac36f82d70b8,booster,bundle:models.tar,
compact_global_original,results/experiments/compact_climate_weather_oracle_v1/runs/compact_weather_oracle/12m/batches/2025/model_phase5_worse.ubj,993948,cb5e90d4729fb8e92cb2ac7035a1b17858e4c3771c92c8e81d5fed52d6db0590,booster,bundle:models.tar,
compact_global_original,results/experiments/compact_climate_weather_oracle_v1/runs/compact_weather_oracle/12m/batches/2025/predictions.csv,2969902,210489795e0c7901e53e1077989bdd50ba29426ce7371f0e8f4046e81b6b83b9,predictions,archive:predictions,
compact_global_original,results/experiments/compact_climate_weather_oracle_v1/runs/compact_weather_oracle/12m/metrics/metrics_overall.csv,1571,6728b41422fe12a8463c36d7e2095a26d0e32023209030636569ad570192864d,metric_or_report,archive:metrics (values extracted by explicit field selection),
compact_global_original,results/experiments/compact_climate_weather_oracle_v1/runs/compact_weather_oracle/12m/predictions/predictions_2022.csv,1496178,21e9efaf28c4d50d4f52ffae206a76885e68a19205d1d3ee7e307155b355ad3c,predictions,archive:predictions,
compact_global_original,results/experiments/compact_climate_weather_oracle_v1/runs/compact_weather_oracle/12m/predictions/predictions_2023.csv,1609597,caefe3957924318db348bafa55608d096f315d1e1d223f984fd2fb1376ffbd01,predictions,archive:predictions,
compact_global_original,results/experiments/compact_climate_weather_oracle_v1/runs/compact_weather_oracle/12m/predictions/predictions_2024.csv,1353089,17d48195fcb6cd85452c39a30d68071b4b0496e4447d6ef1add0b5feb545394e,predictions,archive:predictions,
compact_global_original,results/experiments/compact_climate_weather_oracle_v1/runs/compact_weather_oracle/12m/predictions/predictions_2025.csv,2969902,210489795e0c7901e53e1077989bdd50ba29426ce7371f0e8f4046e81b6b83b9,predictions,archive:predictions,
compact_global_original,results/experiments/compact_climate_weather_oracle_v1/runs/compact_weather_oracle/3m/run_metadata.json,25055,75c723c5ecae7afbae0b356db14756504f7195de67802d8410721c62c8a889ef,model_recipe_member,bundle:models.tar,climate2015
compact_global_original,results/experiments/compact_climate_weather_oracle_v1/runs/compact_weather_oracle/3m/batches/2022/batch_record.json,1605,290c1ae695ed701756673d6ebfb26e400fbf92d85bb574034007c7c669d6db54,model_recipe_member,bundle:models.tar,
compact_global_original,results/experiments/compact_climate_weather_oracle_v1/runs/compact_weather_oracle/3m/batches/2022/fit_keys.csv.gz,59380,a5cf2b14a963fce0dde94fdb830f0139035983328f58642cdff792f19db209c4,model_recipe_member,bundle:models.tar,
compact_global_original,results/experiments/compact_climate_weather_oracle_v1/runs/compact_weather_oracle/3m/batches/2022/model_phase2_worse.ubj,7328576,87b2ad21449b49adc529926363c66ec03f5ed1816b9d97b54f374913cecfb69e,booster,bundle:models.tar,
compact_global_original,results/experiments/compact_climate_weather_oracle_v1/runs/compact_weather_oracle/3m/batches/2022/model_phase3_worse.ubj,249942,99b0b3c5bd98944161968ac61b4355c121b207d072d41a1192bd8ba142fa1600,booster,bundle:models.tar,
compact_global_original,results/experiments/compact_climate_weather_oracle_v1/runs/compact_weather_oracle/3m/batches/2022/model_phase4_worse.ubj,4658493,82ab5a2fe8aae15accd22534a9ee66211c8324c27a1320c78468da8cae35ed32,booster,bundle:models.tar,
compact_global_original,results/experiments/compact_climate_weather_oracle_v1/runs/compact_weather_oracle/3m/batches/2022/model_phase5_worse.ubj,425002,9511ea95c74b787226d43744bd8689a1d1914ad1cdb8c7ca9aaffc0e340423af,booster,bundle:models.tar,
compact_global_original,results/experiments/compact_climate_weather_oracle_v1/runs/compact_weather_oracle/3m/batches/2022/predictions.csv,1493135,a157c93777edc8a2175ffbe9fdd74f0019b73384f5a7e9908977c6dd7e840ed2,predictions,archive:predictions,
compact_global_original,results/experiments/compact_climate_weather_oracle_v1/runs/compact_weather_oracle/3m/batches/2023/batch_record.json,1606,095e7ff20846766b1cfb68a5cbd405e835a3407f8ecea0a26964ed8b11e019ea,model_recipe_member,bundle:models.tar,
compact_global_original,results/experiments/compact_climate_weather_oracle_v1/runs/compact_weather_oracle/3m/batches/2023/fit_keys.csv.gz,77380,10b42e073f92f1f9820b25194d52e85285d4a96a5110980154bd93b12d5cf875,model_recipe_member,bundle:models.tar,
compact_global_original,results/experiments/compact_climate_weather_oracle_v1/runs/compact_weather_oracle/3m/batches/2023/model_phase2_worse.ubj,7640502,4273eb26229a3cf042fda28381479a7c1de5bfaccee535666ee2e752dc7a39ea,booster,bundle:models.tar,
compact_global_original,results/experiments/compact_climate_weather_oracle_v1/runs/compact_weather_oracle/3m/batches/2023/model_phase3_worse.ubj,270350,bff3748fed17263e1c747146b9462e396799ef1167fc5aed229025c69932df08,booster,bundle:models.tar,
compact_global_original,results/experiments/compact_climate_weather_oracle_v1/runs/compact_weather_oracle/3m/batches/2023/model_phase4_worse.ubj,5188631,2d88ca79dfcd6fc38b674429c2fc787987a0089372298820e4b299deabc67f22,booster,bundle:models.tar,
compact_global_original,results/experiments/compact_climate_weather_oracle_v1/runs/compact_weather_oracle/3m/batches/2023/model_phase5_worse.ubj,773679,2d8427c5896045013205e5f832f6ae85379902bc50e77bcc8ba4dba58f6da79c,booster,bundle:models.tar,
compact_global_original,results/experiments/compact_climate_weather_oracle_v1/runs/compact_weather_oracle/3m/batches/2023/predictions.csv,1605475,3426b97bcf5f7c905ffd039732989b7382d547e7d0d566584076e4815da6ddd4,predictions,archive:predictions,
compact_global_original,results/experiments/compact_climate_weather_oracle_v1/runs/compact_weather_oracle/3m/batches/2024/batch_record.json,1607,8a274b1672ded654a3b69de188d28410ebcc67c262acd330118bb6f0fe3b98e1,model_recipe_member,bundle:models.tar,
compact_global_original,results/experiments/compact_climate_weather_oracle_v1/runs/compact_weather_oracle/3m/batches/2024/fit_keys.csv.gz,95664,a39697475a16e8738031b8d870d89add39eaa470bdb6a652284acb73b14acdf4,model_recipe_member,bundle:models.tar,
compact_global_original,results/experiments/compact_climate_weather_oracle_v1/runs/compact_weather_oracle/3m/batches/2024/model_phase2_worse.ubj,8602872,1dc41f057b26d0e197f2ff1e8ee203ae9684363dda3a4a3a0e3bda7727a33ed4,booster,bundle:models.tar,
compact_global_original,results/experiments/compact_climate_weather_oracle_v1/runs/compact_weather_oracle/3m/batches/2024/model_phase3_worse.ubj,278445,450e9f6e92770dbf23b3774b6432bbb8d205320b36635cd0c9cdce11cdaac3b9,booster,bundle:models.tar,
compact_global_original,results/experiments/compact_climate_weather_oracle_v1/runs/compact_weather_oracle/3m/batches/2024/model_phase4_worse.ubj,5592417,c5efe64f1f6a8416d42f77fa49ef6e8676b4df82cf87180964eefd017914419e,booster,bundle:models.tar,
compact_global_original,results/experiments/compact_climate_weather_oracle_v1/runs/compact_weather_oracle/3m/batches/2024/model_phase5_worse.ubj,914867,3f334fd54c8f4713478ba9da2f45bdd1bf0fba2eea5783b99c0d8e1baa1fdb7c,booster,bundle:models.tar,
compact_global_original,results/experiments/compact_climate_weather_oracle_v1/runs/compact_weather_oracle/3m/batches/2024/predictions.csv,1349737,ff9adc9447ceb71ecb4042a1ab4d988b5b4c18c55423d713de173c9c9a75dee4,predictions,archive:predictions,
compact_global_original,results/experiments/compact_climate_weather_oracle_v1/runs/compact_weather_oracle/3m/batches/2025/batch_record.json,1608,ec2a786e100be2af743b028e24938bf7955bf8e96ba939c935ade2b970e5417e,model_recipe_member,bundle:models.tar,
compact_global_original,results/experiments/compact_climate_weather_oracle_v1/runs/compact_weather_oracle/3m/batches/2025/fit_keys.csv.gz,111179,17a76240604ccfbdb3be23c75e91dd28ee44c16c72490b8244de48e482e7696c,model_recipe_member,bundle:models.tar,
compact_global_original,results/experiments/compact_climate_weather_oracle_v1/runs/compact_weather_oracle/3m/batches/2025/model_phase2_worse.ubj,9264664,0da0413d177d72d05f263de6adbc09cc7f075f01a686530c7d5d4c19f2bdee4f,booster,bundle:models.tar,
compact_global_original,results/experiments/compact_climate_weather_oracle_v1/runs/compact_weather_oracle/3m/batches/2025/model_phase3_worse.ubj,269127,ce210e9531506f3b991047811b0785b61804e66ce88a4347a7cd98ec84c624a6,booster,bundle:models.tar,
compact_global_original,results/experiments/compact_climate_weather_oracle_v1/runs/compact_weather_oracle/3m/batches/2025/model_phase4_worse.ubj,6025530,b0090056375e9fb9ed9a30db53caa6c148c0d5019f7e88de0ca7d696e7c1181a,booster,bundle:models.tar,
compact_global_original,results/experiments/compact_climate_weather_oracle_v1/runs/compact_weather_oracle/3m/batches/2025/model_phase5_worse.ubj,979027,17b129d95fa2ab21d046d6c76feab89f06d68fcda532f1fb370a8f2821ecb4ac,booster,bundle:models.tar,
compact_global_original,results/experiments/compact_climate_weather_oracle_v1/runs/compact_weather_oracle/3m/batches/2025/predictions.csv,2954020,941f5407767ec03dbcd2d9d22982e7b950c44ce7b13e995f6a61f814ba797abc,predictions,archive:predictions,
compact_global_original,results/experiments/compact_climate_weather_oracle_v1/runs/compact_weather_oracle/3m/metrics/metrics_overall.csv,1583,46fff337a5637dbd66b6ae1613c30e071594059c12469e03f72c607b4edec425,metric_or_report,archive:metrics (values extracted by explicit field selection),
compact_global_original,results/experiments/compact_climate_weather_oracle_v1/runs/compact_weather_oracle/3m/predictions/predictions_2022.csv,1493135,a157c93777edc8a2175ffbe9fdd74f0019b73384f5a7e9908977c6dd7e840ed2,predictions,archive:predictions,
compact_global_original,results/experiments/compact_climate_weather_oracle_v1/runs/compact_weather_oracle/3m/predictions/predictions_2023.csv,1605475,3426b97bcf5f7c905ffd039732989b7382d547e7d0d566584076e4815da6ddd4,predictions,archive:predictions,
compact_global_original,results/experiments/compact_climate_weather_oracle_v1/runs/compact_weather_oracle/3m/predictions/predictions_2024.csv,1349737,ff9adc9447ceb71ecb4042a1ab4d988b5b4c18c55423d713de173c9c9a75dee4,predictions,archive:predictions,
compact_global_original,results/experiments/compact_climate_weather_oracle_v1/runs/compact_weather_oracle/3m/predictions/predictions_2025.csv,2954020,941f5407767ec03dbcd2d9d22982e7b950c44ce7b13e995f6a61f814ba797abc,predictions,archive:predictions,
compact_global_original,results/experiments/compact_climate_weather_oracle_v1/runs/compact_weather_oracle/6m/run_metadata.json,25304,29f130de674a5f44a42f6d1a7c7ac9f0fbd2a3127f9fb24d7cd72008e93e4579,model_recipe_member,bundle:models.tar,climate2015
compact_global_original,results/experiments/compact_climate_weather_oracle_v1/runs/compact_weather_oracle/6m/batches/2022/batch_record.json,1606,d8b50751f02740e56d971440e13eeacf93899f513682730987833321f513b1ee,model_recipe_member,bundle:models.tar,
compact_global_original,results/experiments/compact_climate_weather_oracle_v1/runs/compact_weather_oracle/6m/batches/2022/fit_keys.csv.gz,54692,dd06e67470d623ca2cdab47fb0a0cbf3534158ad3cfde2e28196ed7295c82da6,model_recipe_member,bundle:models.tar,
compact_global_original,results/experiments/compact_climate_weather_oracle_v1/runs/compact_weather_oracle/6m/batches/2022/model_phase2_worse.ubj,7039919,92c68853e4010a31f750fb53e08492f55c65dd8792e216e5cb8e38efd7eba2bc,booster,bundle:models.tar,
compact_global_original,results/experiments/compact_climate_weather_oracle_v1/runs/compact_weather_oracle/6m/batches/2022/model_phase3_worse.ubj,251720,fc087b0328c4603cdaf86538346a7ee7b505ab13816388fbdc660490e3a04c4c,booster,bundle:models.tar,
compact_global_original,results/experiments/compact_climate_weather_oracle_v1/runs/compact_weather_oracle/6m/batches/2022/model_phase4_worse.ubj,4240973,d83b39f97604de58cf0ee9ce93015c4b541867f6d97332b0d94dc6bc0a6c4ac4,booster,bundle:models.tar,
compact_global_original,results/experiments/compact_climate_weather_oracle_v1/runs/compact_weather_oracle/6m/batches/2022/model_phase5_worse.ubj,424179,c8b8a8abc7aaa388e748aa5c2058b556d7dd77527e210aad205aa89c848447cd,booster,bundle:models.tar,
compact_global_original,results/experiments/compact_climate_weather_oracle_v1/runs/compact_weather_oracle/6m/batches/2022/predictions.csv,1488767,02357a20fcf4792b89603041496c3f60a914075a76837e5857ad8c84b517b94b,predictions,archive:predictions,
compact_global_original,results/experiments/compact_climate_weather_oracle_v1/runs/compact_weather_oracle/6m/batches/2023/batch_record.json,1606,ab1b1be3e1ba583178698fa6916beda01cb5ce16a2404dcfec54dccca82272a9,model_recipe_member,bundle:models.tar,
compact_global_original,results/experiments/compact_climate_weather_oracle_v1/runs/compact_weather_oracle/6m/batches/2023/fit_keys.csv.gz,69527,2b00967f6092914d2ba2e3e858d5cf48fa1ac9cf3d917f7162317f3e0c70d7df,model_recipe_member,bundle:models.tar,
compact_global_original,results/experiments/compact_climate_weather_oracle_v1/runs/compact_weather_oracle/6m/batches/2023/model_phase2_worse.ubj,7497368,4268704d8f4cbcf18c9c92d8b16882fc7f204623ed06ec284d77f88a9502f8a3,booster,bundle:models.tar,
compact_global_original,results/experiments/compact_climate_weather_oracle_v1/runs/compact_weather_oracle/6m/batches/2023/model_phase3_worse.ubj,267437,538e3498bb2eab222807d9ca9d940d13557ed6dcfb8abb4b413c1ff1c5337cc1,booster,bundle:models.tar,
compact_global_original,results/experiments/compact_climate_weather_oracle_v1/runs/compact_weather_oracle/6m/batches/2023/model_phase4_worse.ubj,4901262,491954c070a7fd6e8cb79a544895658e96268562d1a86e532bb971dee1ff834f,booster,bundle:models.tar,
compact_global_original,results/experiments/compact_climate_weather_oracle_v1/runs/compact_weather_oracle/6m/batches/2023/model_phase5_worse.ubj,599730,229890a6091dbcefcb9d0353a6a2f2c6db70e5d58c54160efd17ffbd8b53f2a1,booster,bundle:models.tar,
compact_global_original,results/experiments/compact_climate_weather_oracle_v1/runs/compact_weather_oracle/6m/batches/2023/predictions.csv,1602346,f049943c178afe0b383075f85cd5b05ffd975b65af15419f979c8c396e539eb1,predictions,archive:predictions,
compact_global_original,results/experiments/compact_climate_weather_oracle_v1/runs/compact_weather_oracle/6m/batches/2024/batch_record.json,1606,38a2b7f32c4666275f44a91af3bd090880004ee99dcff4630ec90af623e7da68,model_recipe_member,bundle:models.tar,
compact_global_original,results/experiments/compact_climate_weather_oracle_v1/runs/compact_weather_oracle/6m/batches/2024/fit_keys.csv.gz,88860,5dfb79398f4ea16c8fb86b1338cffcc6125b4cb8a1b09cc53488a24f5b8d7fe4,model_recipe_member,bundle:models.tar,
compact_global_original,results/experiments/compact_climate_weather_oracle_v1/runs/compact_weather_oracle/6m/batches/2024/model_phase2_worse.ubj,7981539,eb2b7181475d9ad6c044054883680285798f2a2626cab4581949cdc36f169d46,booster,bundle:models.tar,
compact_global_original,results/experiments/compact_climate_weather_oracle_v1/runs/compact_weather_oracle/6m/batches/2024/model_phase3_worse.ubj,282059,7538fb754cf725794fdd71096ecda29de0adca806ae0904826d63349e8edf0ee,booster,bundle:models.tar,
compact_global_original,results/experiments/compact_climate_weather_oracle_v1/runs/compact_weather_oracle/6m/batches/2024/model_phase4_worse.ubj,5604806,f90e231b400569de130991c69231a86e6bc98465a337cdf44819556d0638f2a9,booster,bundle:models.tar,
compact_global_original,results/experiments/compact_climate_weather_oracle_v1/runs/compact_weather_oracle/6m/batches/2024/model_phase5_worse.ubj,934255,d30cd79efea639b8fe170f1c3241d9b0e1b8df31b3c4909594c256edef322c5a,booster,bundle:models.tar,
compact_global_original,results/experiments/compact_climate_weather_oracle_v1/runs/compact_weather_oracle/6m/batches/2024/predictions.csv,1348110,1d9f88dc939207908166076bb56155f4dce740d65371a6a277db6c462b0fa903,predictions,archive:predictions,
compact_global_original,results/experiments/compact_climate_weather_oracle_v1/runs/compact_weather_oracle/6m/batches/2025/batch_record.json,1608,da6cb4c442e8be55d36efdedd5543e4851715fcd889c2f805c00acab8771a493,model_recipe_member,bundle:models.tar,
compact_global_original,results/experiments/compact_climate_weather_oracle_v1/runs/compact_weather_oracle/6m/batches/2025/fit_keys.csv.gz,106078,cd58bc91a0ae48e50513ead1628432606b09c0cd0c517cdd3be4f80b9e86cc7f,model_recipe_member,bundle:models.tar,
compact_global_original,results/experiments/compact_climate_weather_oracle_v1/runs/compact_weather_oracle/6m/batches/2025/model_phase2_worse.ubj,8478913,6c8f7a36fa38f4dc3ef189f378ba3e42a03f313894e7d33fe901c09e1e8b1f4b,booster,bundle:models.tar,
compact_global_original,results/experiments/compact_climate_weather_oracle_v1/runs/compact_weather_oracle/6m/batches/2025/model_phase3_worse.ubj,279066,d992ca6254e17472a38d44ec66b3e3977db6c86f900bd31d759ac36169ad3929,booster,bundle:models.tar,
compact_global_original,results/experiments/compact_climate_weather_oracle_v1/runs/compact_weather_oracle/6m/batches/2025/model_phase4_worse.ubj,6133041,1727f4b89dbd7315e38c29527dff78bcb482238ad894409eca7347c0717ad8ff,booster,bundle:models.tar,
compact_global_original,results/experiments/compact_climate_weather_oracle_v1/runs/compact_weather_oracle/6m/batches/2025/model_phase5_worse.ubj,962355,e77ae0ac6efdc821dfb7879b52135704501a837ceff9f31f1b3c997286893948,booster,bundle:models.tar,
compact_global_original,results/experiments/compact_climate_weather_oracle_v1/runs/compact_weather_oracle/6m/batches/2025/predictions.csv,2957456,9db0f79857c3be39d8db1fba9cf0f8f7dd4f187fff5412b7ce28b9f655c3a71a,predictions,archive:predictions,
compact_global_original,results/experiments/compact_climate_weather_oracle_v1/runs/compact_weather_oracle/6m/metrics/metrics_overall.csv,1577,47b7cdb77e0ab9b6a3deea7bdf84ee564c43e00f5acc1e783153d0e88aeb4a7e,metric_or_report,archive:metrics (values extracted by explicit field selection),
compact_global_original,results/experiments/compact_climate_weather_oracle_v1/runs/compact_weather_oracle/6m/predictions/predictions_2022.csv,1488767,02357a20fcf4792b89603041496c3f60a914075a76837e5857ad8c84b517b94b,predictions,archive:predictions,
compact_global_original,results/experiments/compact_climate_weather_oracle_v1/runs/compact_weather_oracle/6m/predictions/predictions_2023.csv,1602346,f049943c178afe0b383075f85cd5b05ffd975b65af15419f979c8c396e539eb1,predictions,archive:predictions,
compact_global_original,results/experiments/compact_climate_weather_oracle_v1/runs/compact_weather_oracle/6m/predictions/predictions_2024.csv,1348110,1d9f88dc939207908166076bb56155f4dce740d65371a6a277db6c462b0fa903,predictions,archive:predictions,
compact_global_original,results/experiments/compact_climate_weather_oracle_v1/runs/compact_weather_oracle/6m/predictions/predictions_2025.csv,2957456,9db0f79857c3be39d8db1fba9cf0f8f7dd4f187fff5412b7ce28b9f655c3a71a,predictions,archive:predictions,
compact_global_original,results/experiments/compact_climate_weather_oracle_v1/superseded_build1/README.md,966,50b018247a52153e1c8434d6ce91bd572fb562edbce137b060a093ac5c479104,superseded_build,exclude:superseded pre-fit input build (no fitted model); recorded in excluded manifest,
compact_global_original,results/experiments/compact_climate_weather_oracle_v1/superseded_build1/input_checks/compact_climate_weather_oracle_v1_manifest_copy.json,134842,1a020405e77dd28155907c17b2b7630629af54426d07430d801cf00a0dec4eca,superseded_build,exclude:superseded pre-fit input build (no fitted model); recorded in excluded manifest,climate2015
compact_global_original,results/experiments/compact_climate_weather_oracle_v1/superseded_build1/input_checks/feature_coverage.csv,927563,b6028afc5f2b159c103646a429c6d81e8f9aec2e2cd736a5684c5319f1a2f85c,superseded_build,exclude:superseded pre-fit input build (no fitted model); recorded in excluded manifest,
compact_global_original,results/experiments/compact_climate_weather_oracle_v1/superseded_build1/input_checks/old_new_comparability.csv,122517,e15e60de924b13445702820eb23151ba093d76b87dce23d6430849e9a3776a61,superseded_build,exclude:superseded pre-fit input build (no fitted model); recorded in excluded manifest,
compact_global_original,results/experiments/compact_climate_weather_oracle_v1/superseded_build1/input_checks/oracle_source_support.csv,4545,ccce9a5361c436697521e78cd4ad0de076ddf482ba4ef4ff42c69022d031d334,superseded_build,exclude:superseded pre-fit input build (no fitted model); recorded in excluded manifest,
compact_global_original,results/experiments/compact_climate_weather_oracle_v1/superseded_build1/input_checks/source_support.csv,125258,cd4c91314618c6a5ab2d7ac91562dd999c96f62164f268dd6cf360137659a6d2,superseded_build,exclude:superseded pre-fit input build (no fitted model); recorded in excluded manifest,
compact_global_original,results/experiments/compact_climate_weather_oracle_v1/superseded_build1/input_verification/independent_feature_replay.csv,37621339,0120a9e67045b60349d05ec728ad40dd12c8aeb5d6caf56b18b0e51c4f38aadd,superseded_build,exclude:superseded pre-fit input build (no fitted model); recorded in excluded manifest,
compact_global_original,results/experiments/compact_climate_weather_oracle_v1/superseded_build1/input_verification/legacy_hash_inventory_after.csv,211595,337cb2c74fd9f6f8fb442424911f6f658f356e3649a7a788fe297b330b94cdd9,superseded_build,exclude:superseded pre-fit input build (no fitted model); recorded in excluded manifest,
compact_global_original,results/experiments/compact_climate_weather_oracle_v1/superseded_build1/input_verification/verification_summary.json,3862,b016940b8ccd10389599eb85e922f39f620b274ef916373fc20831e17804ddcf,superseded_build,exclude:superseded pre-fit input build (no fitted model); recorded in excluded manifest,
compact_global_original,results/experiments/compact_climate_weather_oracle_v1/superseded_build1/logs/build_inputs.log,2179,1b89f6d569dc4f3285b6064de44ebc3a6aa1828ab40ba378e410a0183cd48cd6,superseded_build,exclude:superseded pre-fit input build (no fitted model); recorded in excluded manifest,
compact_global_original,results/experiments/compact_climate_weather_oracle_v1/superseded_build1/logs/compact_baseline_0m_dry_run.log,210,ebaa6e546047ceacf9c313c8438d7435342a2189c3a7d596b981b5d70ad4471c,superseded_build,exclude:superseded pre-fit input build (no fitted model); recorded in excluded manifest,
compact_global_original,results/experiments/compact_climate_weather_oracle_v1/superseded_build1/logs/compact_baseline_12m_dry_run.log,211,3360e21006669f5feaeddf897d7f8f842d31443c50f0fd1145aef1b5a53d88cd,superseded_build,exclude:superseded pre-fit input build (no fitted model); recorded in excluded manifest,
compact_global_original,results/experiments/compact_climate_weather_oracle_v1/superseded_build1/logs/compact_baseline_3m_dry_run.log,210,5ad028985221c4966efab4de2c0270db7edc571cd892a025c697a9b599823c85,superseded_build,exclude:superseded pre-fit input build (no fitted model); recorded in excluded manifest,
compact_global_original,results/experiments/compact_climate_weather_oracle_v1/superseded_build1/logs/compact_baseline_6m_dry_run.log,210,ab48106874943b7137d3831c97e1d0559d9c4fb357bb7040587ef66339126f30,superseded_build,exclude:superseded pre-fit input build (no fitted model); recorded in excluded manifest,
compact_global_original,results/experiments/compact_climate_weather_oracle_v1/superseded_build1/logs/compact_weather_oracle_12m_dry_run.log,217,741bf85113736edf371816aa3339f194377382afec2c0d7594d4726c1d579600,superseded_build,exclude:superseded pre-fit input build (no fitted model); recorded in excluded manifest,
compact_global_original,results/experiments/compact_climate_weather_oracle_v1/superseded_build1/logs/compact_weather_oracle_3m_dry_run.log,216,e2f3abf48278ac0212976ed839f49c505da2b5e2a8cc26891fe48d4c5ab698b1,superseded_build,exclude:superseded pre-fit input build (no fitted model); recorded in excluded manifest,
compact_global_original,results/experiments/compact_climate_weather_oracle_v1/superseded_build1/logs/compact_weather_oracle_6m_dry_run.log,216,5f9df1226cf5a2ed9ffcb873ad3308ba481f5f00e7482ae16b1d4f006d9276aa,superseded_build,exclude:superseded pre-fit input build (no fitted model); recorded in excluded manifest,
compact_global_original,results/experiments/compact_climate_weather_oracle_v1/superseded_build1/logs/suite_dry_run_ledger.jsonl,6745,3c1f812d94969b583ec1a97e934fbe6ace535cb2a6bc93f810c83515d5d0353e,superseded_build,exclude:superseded pre-fit input build (no fitted model); recorded in excluded manifest,
compact_global_original,results/experiments/compact_climate_weather_oracle_v1/superseded_build1/logs/verify_inputs.log,3075,fadcec9bb5c15077b39a4f6fd2fd0f8ef8a4acda8c92ad07ec7e8ee45e7dd6cf,superseded_build,exclude:superseded pre-fit input build (no fitted model); recorded in excluded manifest,
compact_global_original,results/experiments/compact_climate_weather_oracle_v1/verification/all_metrics_long.csv,386042,e369f87560465fbd3092aedacee7785f7be2cf841d38f382fa1923222aeee76b,ledger_or_check,archive:ledgers,
compact_global_original,results/experiments/compact_climate_weather_oracle_v1/verification/artifact_inventory.csv,78704,0e98fc8734a9678ebc237ee4dc1b23cb7f1b3ecb13dca993d22ea9067908ff96,ledger_or_check,archive:ledgers,
compact_global_original,results/experiments/compact_climate_weather_oracle_v1/verification/batch_timing.csv,2186,a53553985b858ecb60d752fce90477e54fa9227f3d8f685d5a3a4699ee100ced,ledger_or_check,archive:ledgers,
compact_global_original,results/experiments/compact_climate_weather_oracle_v1/verification/comparison_metadata.json,10872,6f655a3fb42adcde7a8c0b0ab224f40a028572a92493bdfedb35a93a2857016f,ledger_or_check,archive:ledgers,
compact_global_original,results/experiments/compact_climate_weather_oracle_v1/verification/global_deltas.csv,19963,0a811ac9c8da0180fa9c0908a18b89ea86797e4bc04b9ef369567cf0a7f9c27e,ledger_or_check,archive:ledgers,
compact_global_original,results/experiments/compact_climate_weather_oracle_v1/verification/global_metric_replay_vs_runner.csv,8176,bfb6777998d55a6eb6ed683b6339e3c0aff4b24b7b05fef33c8874635afd76a5,ledger_or_check,archive:ledgers,
compact_global_original,results/experiments/compact_climate_weather_oracle_v1/verification/global_metrics.csv,37942,c3a92268159ee525cf2f518357b22ec76f4bd7eac194ace58e3bc6996d8c0d2a,ledger_or_check,archive:ledgers,
compact_global_original,results/experiments/compact_climate_weather_oracle_v1/verification/independent_feature_replay.csv,37608301,4ce197e115287852a08c149bb9ee76c78afaec3a0ccf8ed2d140c17f0ce4d723,ledger_or_check,archive:ledgers,
compact_global_original,results/experiments/compact_climate_weather_oracle_v1/verification/legacy_hash_inventory_after.csv,211595,337cb2c74fd9f6f8fb442424911f6f658f356e3649a7a788fe297b330b94cdd9,ledger_or_check,archive:ledgers,
compact_global_original,results/experiments/compact_climate_weather_oracle_v1/verification/regional_deltas.csv,181720,1eb59f91c5de1f6d5cee78831b99076fcdbd84ed868fb944f766c567e2747b29,ledger_or_check,archive:ledgers,
compact_global_original,results/experiments/compact_climate_weather_oracle_v1/verification/regional_metrics.csv,347987,dc0bb1a7d854494f2e739fddf12a6464b57dacfd57b3bbd86f7c4f883af19ec3,ledger_or_check,archive:ledgers,
compact_global_original,results/experiments/compact_climate_weather_oracle_v1/verification/undefined_reasons.csv,441,357e7ab361b62e7b18fb1d5420e4e548608804815131a44cdf1305537badc9ed,ledger_or_check,archive:ledgers,
compact_global_original,results/experiments/compact_climate_weather_oracle_v1/verification/verification_summary.json,8178,54f3b10d895c335a98eb016043e63fbf4f1a7e25c6a1b38952c44bb1fe633c78,ledger_or_check,archive:ledgers,
compact_somalia_original,results/experiments/compact_climate_weather_oracle_v1_somalia_local/inputs/compact_climate_weather_oracle_v1_somalia_local_manifest.json,9414,573b0d0bb074a2de9251afacf549dfe18a30321af8bce87dfce75ac0644fe228,ledger_or_check,archive:ledgers,
compact_somalia_original,results/experiments/compact_climate_weather_oracle_v1_somalia_local/inputs/som_eval_keys.csv,60645,42087ab148eaabe3ae850ba1efe943a21d415c50a5a0063364dedbabc982b279,ledger_or_check,archive:ledgers,
compact_somalia_original,results/experiments/compact_climate_weather_oracle_v1_somalia_local/inputs/som_fit_valid_keys.csv,82317,d40480181c118745800ccc86a8779f186938d1cf3bcc9304e41ec1b8ec6b9ac9,ledger_or_check,archive:ledgers,
compact_somalia_original,results/experiments/compact_climate_weather_oracle_v1_somalia_local/inputs/som_membership_area_ids.csv,4533,e7301834714a58114f27fe1e2902b87137e700fc15a87877d4174a5308b94ae7,ledger_or_check,archive:ledgers,
compact_somalia_original,results/experiments/compact_climate_weather_oracle_v1_somalia_local/inputs/approved_spec/approval.md,920,cb07afd45e3268d559067a4b656996dc6850ab814be493c3fc071ebd4d410a22,approved_spec_copy,archive:inputs,
compact_somalia_original,results/experiments/compact_climate_weather_oracle_v1_somalia_local/inputs/approved_spec/design.md,9066,89ef778dc5dde873847bf6461316cca0fb103018882999bbc7df746db08f5f65,approved_spec_copy,archive:inputs,
compact_somalia_original,results/experiments/compact_climate_weather_oracle_v1_somalia_local/inputs/approved_spec/expected_runs.csv,945,bfa6f72d407889ca71d5c6bf7133896c2a3e52be83449bf15f7f742878cc7323,approved_spec_copy,archive:inputs,
compact_somalia_original,results/experiments/compact_climate_weather_oracle_v1_somalia_local/inputs/approved_spec/implement.md,6075,990fce07687b746891c78bd46e7ba611f0b16427727fe1d8f14546f4c4e8e525,approved_spec_copy,archive:inputs,
compact_somalia_original,results/experiments/compact_climate_weather_oracle_v1_somalia_local/inputs/approved_spec/prd.md,7608,edb0caffee5a6dd101529d8b88437a207c67003ed51ece805a68c45ef3a9c4f4,approved_spec_copy,archive:inputs,
compact_somalia_original,results/experiments/compact_climate_weather_oracle_v1_somalia_local/inputs/parent_contract/expected_feature_contract.csv,471927,a2d1960bf75811a391ec4bd0549b4aaddccb1ce57ca9a08f3a3c28d2fb313bc8,approved_spec_copy,archive:inputs,climate2015
compact_somalia_original,results/experiments/compact_climate_weather_oracle_v1_somalia_local/inputs/parent_contract/expected_feature_contract_metadata.json,98115,8f3964364f89b866fc40f31524d38312aaab3202ca02f3886b5b64ade33e1260,approved_spec_copy,archive:inputs,
compact_somalia_original,results/experiments/compact_climate_weather_oracle_v1_somalia_local/inputs/parent_contract/expected_run_index.csv,1618,fdd65bc2005016f721995c173a28bcea59ec4580b42c70a43bbf7632b3a4097d,approved_spec_copy,archive:inputs,
compact_somalia_original,results/experiments/compact_climate_weather_oracle_v1_somalia_local/preflight/frozen_inventory_before.csv,140353,25c451084d015d94cd4a90fff08347e88f898d1fdf8688cc7de7613b03bbef36,ledger_or_check,archive:ledgers,climate2015
compact_somalia_original,results/experiments/compact_climate_weather_oracle_v1_somalia_local/report/comparison_metadata.json,5285,451ac23cd462d12a2d6fbab398d10beaf261347d138f9d9a79c014a838767a07,metric_or_report,archive:metrics (values extracted by explicit field selection),
compact_somalia_original,results/experiments/compact_climate_weather_oracle_v1_somalia_local/report/som_metrics_long.csv,35135,f5d9da2233edb4f34918514d2e906531964e3efebc3231e64ac85b24f3744c18,metric_or_report,archive:metrics (values extracted by explicit field selection),
compact_somalia_original,results/experiments/compact_climate_weather_oracle_v1_somalia_local/report/som_oracle_minus_baseline_deltas.csv,26426,4f2ba8b66b50e738920da69979d55e1d9b61c4a8f104015095c3df82d4d31215,metric_or_report,archive:metrics (values extracted by explicit field selection),
compact_somalia_original,results/experiments/compact_climate_weather_oracle_v1_somalia_local/report/som_undefined_reasons.csv,106,0f5b3a18fca1da4f15307995c35d723c4d5ea009b1194a96f68d27620c010778,metric_or_report,archive:metrics (values extracted by explicit field selection),
compact_somalia_original,results/experiments/compact_climate_weather_oracle_v1_somalia_local/runs/compact_baseline/0m/run_metadata.json,25627,420eeca460e5c9d4abfafe12b1c6d10e7713750c6b9ce2c70d7e0996af27dc38,model_recipe_member,bundle:models.tar,climate2015
compact_somalia_original,results/experiments/compact_climate_weather_oracle_v1_somalia_local/runs/compact_baseline/0m/batches/2022/batch_record.json,1475,4e488c929254df42adc8fe6ee976c5d5b5cc5f3c6c3855e6ecc091df8daa02f0,model_recipe_member,bundle:models.tar,
compact_somalia_original,results/experiments/compact_climate_weather_oracle_v1_somalia_local/runs/compact_baseline/0m/batches/2022/fit_keys.csv.gz,2861,fc624ac3d344d9077cd8b98e2dc51eebff2fe06bca1536caefc3a71f7fff4816,model_recipe_member,bundle:models.tar,
compact_somalia_original,results/experiments/compact_climate_weather_oracle_v1_somalia_local/runs/compact_baseline/0m/batches/2022/model_phase2_worse.ubj,949897,39f19cbaf0fafae692c395e3bf7c62a674f100830b289ef867d5dfbb7b543d1e,booster,bundle:models.tar,
compact_somalia_original,results/experiments/compact_climate_weather_oracle_v1_somalia_local/runs/compact_baseline/0m/batches/2022/model_phase3_worse.ubj,159239,d35c3aa6b5d1c08dc8ddffc44a3a84cc4e1208e822801238c1ee029e073e66ce,booster,bundle:models.tar,
compact_somalia_original,results/experiments/compact_climate_weather_oracle_v1_somalia_local/runs/compact_baseline/0m/batches/2022/model_phase4_worse.ubj,535022,4d6af5c23e250ca948406d27fea70287c1bf8bb49473e65c647e18cc9c22d92d,booster,bundle:models.tar,
compact_somalia_original,results/experiments/compact_climate_weather_oracle_v1_somalia_local/runs/compact_baseline/0m/batches/2022/model_phase5_worse.ubj,164274,6d4d1f75e80a4379026209ad5972b20dd2561cfa2c5454516f8cfaee52f150ee,booster,bundle:models.tar,
compact_somalia_original,results/experiments/compact_climate_weather_oracle_v1_somalia_local/runs/compact_baseline/0m/batches/2022/predictions.csv,306029,5f22e1edbc360070ad7e98a029c25813845d090598e69c7801cdd19bb4ad2fe8,predictions,archive:predictions,
compact_somalia_original,results/experiments/compact_climate_weather_oracle_v1_somalia_local/runs/compact_baseline/0m/batches/2023/batch_record.json,1462,22c79902a62e1442b6bcf155c9fd6a1607123259e54aa5a7eaf4be09d171e621,model_recipe_member,bundle:models.tar,
compact_somalia_original,results/experiments/compact_climate_weather_oracle_v1_somalia_local/runs/compact_baseline/0m/batches/2023/fit_keys.csv.gz,6343,65f31fc76369bf825868d3ebaae1e5c45b729e2f11808077395cf4db70fbce1e,model_recipe_member,bundle:models.tar,
compact_somalia_original,results/experiments/compact_climate_weather_oracle_v1_somalia_local/runs/compact_baseline/0m/batches/2023/model_phase2_worse.ubj,2062648,986089810031e0f582945c2594b5a190eb279ec8c97ce96c8fc8fb8debb192f3,booster,bundle:models.tar,
compact_somalia_original,results/experiments/compact_climate_weather_oracle_v1_somalia_local/runs/compact_baseline/0m/batches/2023/model_phase3_worse.ubj,186941,1e1a03294c104b61ffb2da27bb718fbd69c5f1f4dcf956c792a0d40a8d847684,booster,bundle:models.tar,
compact_somalia_original,results/experiments/compact_climate_weather_oracle_v1_somalia_local/runs/compact_baseline/0m/batches/2023/model_phase4_worse.ubj,1435855,5067640c8eecbcbd972854d541871f8be63c8fe49ab8ef7b9235e7eb12a5f1c6,booster,bundle:models.tar,
compact_somalia_original,results/experiments/compact_climate_weather_oracle_v1_somalia_local/runs/compact_baseline/0m/batches/2023/model_phase5_worse.ubj,511010,2ded0bfc4fd3ef3993cafcfb639451924a38233c537ee4b6775933c93e084d18,booster,bundle:models.tar,
compact_somalia_original,results/experiments/compact_climate_weather_oracle_v1_somalia_local/runs/compact_baseline/0m/batches/2023/predictions.csv,316019,32b0565ce22fd64f29e28dd12596e1336daf426d4dc1bec7ced628748a28b52d,predictions,archive:predictions,
compact_somalia_original,results/experiments/compact_climate_weather_oracle_v1_somalia_local/runs/compact_baseline/0m/batches/2024/batch_record.json,1445,fae5b35efe933b6b578553fc30b00d6a4dd800d136a1821549a16e891dcb09a9,model_recipe_member,bundle:models.tar,
compact_somalia_original,results/experiments/compact_climate_weather_oracle_v1_somalia_local/runs/compact_baseline/0m/batches/2024/fit_keys.csv.gz,10213,57e73bab695e1b7245913b9e673652f6ccc098da59a0dd10da4ebd7cafcd878c,model_recipe_member,bundle:models.tar,
compact_somalia_original,results/experiments/compact_climate_weather_oracle_v1_somalia_local/runs/compact_baseline/0m/batches/2024/model_phase2_worse.ubj,2816601,0c90675df14404c9dda38c11c02280ef178f4fb9b3a1f471012aacc294468138,booster,bundle:models.tar,
compact_somalia_original,results/experiments/compact_climate_weather_oracle_v1_somalia_local/runs/compact_baseline/0m/batches/2024/model_phase3_worse.ubj,201838,d99dc9f207aeb6301388fe2772b6e2ebbae816e2cd237374574623909b00955f,booster,bundle:models.tar,
compact_somalia_original,results/experiments/compact_climate_weather_oracle_v1_somalia_local/runs/compact_baseline/0m/batches/2024/model_phase4_worse.ubj,2299875,98db009b3572a555f57d2eb0b234e46232abee73f28cf088f9f729385843718f,booster,bundle:models.tar,
compact_somalia_original,results/experiments/compact_climate_weather_oracle_v1_somalia_local/runs/compact_baseline/0m/batches/2024/model_phase5_worse.ubj,632547,4cc437fe7e91cc0cba25dce917d19e10a863b099c56ab865bbc4ca7c0e737ed0,booster,bundle:models.tar,
compact_somalia_original,results/experiments/compact_climate_weather_oracle_v1_somalia_local/runs/compact_baseline/0m/batches/2024/predictions.csv,178501,dff667d05374e493206b5f7b84dd9fdab2b2b04d4f781e2c56d6fe15393e0fff,predictions,archive:predictions,
compact_somalia_original,results/experiments/compact_climate_weather_oracle_v1_somalia_local/runs/compact_baseline/0m/batches/2025/batch_record.json,1478,20ce2d6a53f89b180558a24cf988bf7b1783dc20ac3f7204db260be490225ebb,model_recipe_member,bundle:models.tar,
compact_somalia_original,results/experiments/compact_climate_weather_oracle_v1_somalia_local/runs/compact_baseline/0m/batches/2025/fit_keys.csv.gz,12521,22feb6d83ec840e4dd5a7f9995e56a2580bbe74cad85395859d890f4dd0c5b7a,model_recipe_member,bundle:models.tar,
compact_somalia_original,results/experiments/compact_climate_weather_oracle_v1_somalia_local/runs/compact_baseline/0m/batches/2025/model_phase2_worse.ubj,3255135,aaa2843e4613045cb28100a4c857c8aad500ff156dc349abe4d6383153557426,booster,bundle:models.tar,
compact_somalia_original,results/experiments/compact_climate_weather_oracle_v1_somalia_local/runs/compact_baseline/0m/batches/2025/model_phase3_worse.ubj,192722,e6de79538164accdbb5b90e35a34546a60fe40bb3c7fc78ef3fca734d61b6962,booster,bundle:models.tar,
compact_somalia_original,results/experiments/compact_climate_weather_oracle_v1_somalia_local/runs/compact_baseline/0m/batches/2025/model_phase4_worse.ubj,2709173,0149ccdf817f8ed5f3e43f169409400b73b30771880f10da34782ba64ae52909,booster,bundle:models.tar,
compact_somalia_original,results/experiments/compact_climate_weather_oracle_v1_somalia_local/runs/compact_baseline/0m/batches/2025/model_phase5_worse.ubj,632685,ccf2f96e02e7c2ef8184bcbcfe963abc512fd3f12fdb610664fe81cdf3efe702,booster,bundle:models.tar,
compact_somalia_original,results/experiments/compact_climate_weather_oracle_v1_somalia_local/runs/compact_baseline/0m/batches/2025/predictions.csv,478820,a898b188f89887aed420c84995da0d89e087ac0512d22608b5199d59bae30a4f,predictions,archive:predictions,
compact_somalia_original,results/experiments/compact_climate_weather_oracle_v1_somalia_local/runs/compact_baseline/0m/metrics/metrics_overall.csv,1553,4e978c27295497408aa57d7a8d782d36f28ecef4fa481bddd4f63d633c7e9f6e,metric_or_report,archive:metrics (values extracted by explicit field selection),
compact_somalia_original,results/experiments/compact_climate_weather_oracle_v1_somalia_local/runs/compact_baseline/0m/predictions/predictions_2022.csv,306029,5f22e1edbc360070ad7e98a029c25813845d090598e69c7801cdd19bb4ad2fe8,predictions,archive:predictions,
compact_somalia_original,results/experiments/compact_climate_weather_oracle_v1_somalia_local/runs/compact_baseline/0m/predictions/predictions_2023.csv,316019,32b0565ce22fd64f29e28dd12596e1336daf426d4dc1bec7ced628748a28b52d,predictions,archive:predictions,
compact_somalia_original,results/experiments/compact_climate_weather_oracle_v1_somalia_local/runs/compact_baseline/0m/predictions/predictions_2024.csv,178501,dff667d05374e493206b5f7b84dd9fdab2b2b04d4f781e2c56d6fe15393e0fff,predictions,archive:predictions,
compact_somalia_original,results/experiments/compact_climate_weather_oracle_v1_somalia_local/runs/compact_baseline/0m/predictions/predictions_2025.csv,478820,a898b188f89887aed420c84995da0d89e087ac0512d22608b5199d59bae30a4f,predictions,archive:predictions,
compact_somalia_original,results/experiments/compact_climate_weather_oracle_v1_somalia_local/runs/compact_baseline/12m/run_metadata.json,25632,50bedfd27d55b1521afb9bf492b49b4d5333626e40f80124dd961d78a09a7ead,model_recipe_member,bundle:models.tar,climate2015
compact_somalia_original,results/experiments/compact_climate_weather_oracle_v1_somalia_local/runs/compact_baseline/12m/batches/2022/batch_record.json,1477,659f74f47a5c80d20da90b8462a2948b27b495370dac391dd053796eceddfbf3,model_recipe_member,bundle:models.tar,
compact_somalia_original,results/experiments/compact_climate_weather_oracle_v1_somalia_local/runs/compact_baseline/12m/batches/2022/fit_keys.csv.gz,2730,78a36e12f0581065e7a4d2a03d8527a444c2dc06c20d952dbfdd6f8a3598e9dc,model_recipe_member,bundle:models.tar,
compact_somalia_original,results/experiments/compact_climate_weather_oracle_v1_somalia_local/runs/compact_baseline/12m/batches/2022/model_phase2_worse.ubj,956337,44a14a6dbc30b1eaf503ba5008b13372d0ccbfe4bbc2db2f94570bff661cf00c,booster,bundle:models.tar,
compact_somalia_original,results/experiments/compact_climate_weather_oracle_v1_somalia_local/runs/compact_baseline/12m/batches/2022/model_phase3_worse.ubj,160249,70972c1b9e8a193f0087786dbc24e1280cb50d0758b617bba17156885620cc0e,booster,bundle:models.tar,
compact_somalia_original,results/experiments/compact_climate_weather_oracle_v1_somalia_local/runs/compact_baseline/12m/batches/2022/model_phase4_worse.ubj,541133,519373828ee7eb4102f8d0b011b1be1510abd85fb73635fbd473a9b115a9b89e,booster,bundle:models.tar,
compact_somalia_original,results/experiments/compact_climate_weather_oracle_v1_somalia_local/runs/compact_baseline/12m/batches/2022/model_phase5_worse.ubj,162830,637837b5e7edcd99cfe12cdc3980cf6b30534dc121a9fc55471b46dda2d5be18,booster,bundle:models.tar,
compact_somalia_original,results/experiments/compact_climate_weather_oracle_v1_somalia_local/runs/compact_baseline/12m/batches/2022/predictions.csv,306023,016eaf993fb1d7b5e83e2e13f28c25d8c3b55fdd0aea00722a8fb9b60d646c2d,predictions,archive:predictions,
compact_somalia_original,results/experiments/compact_climate_weather_oracle_v1_somalia_local/runs/compact_baseline/12m/batches/2023/batch_record.json,1462,c5d5af5ed95698e9f5badbe61f2da20b92d0a5b8a158a19b67bcdbc69c3d7742,model_recipe_member,bundle:models.tar,
compact_somalia_original,results/experiments/compact_climate_weather_oracle_v1_somalia_local/runs/compact_baseline/12m/batches/2023/fit_keys.csv.gz,3042,d266f506b1f523a089155a7d1f42102cf497a8f0ebb4648fd487211ff5241de4,model_recipe_member,bundle:models.tar,
compact_somalia_original,results/experiments/compact_climate_weather_oracle_v1_somalia_local/runs/compact_baseline/12m/batches/2023/model_phase2_worse.ubj,1015062,5d4c4e57969d642ce5cfa9ea71ea974d0279b3d8e14508dfea5f685f70d80bfb,booster,bundle:models.tar,
compact_somalia_original,results/experiments/compact_climate_weather_oracle_v1_somalia_local/runs/compact_baseline/12m/batches/2023/model_phase3_worse.ubj,159294,15c5e3a5dbe381d40916fbe569cb442bc838579c4978f71e5e80365ecf5c3090,booster,bundle:models.tar,
compact_somalia_original,results/experiments/compact_climate_weather_oracle_v1_somalia_local/runs/compact_baseline/12m/batches/2023/model_phase4_worse.ubj,570376,d809b4fee3d4433fa8db8480b38a19375fb3533dc91098ad533975319a4e8217,booster,bundle:models.tar,
compact_somalia_original,results/experiments/compact_climate_weather_oracle_v1_somalia_local/runs/compact_baseline/12m/batches/2023/model_phase5_worse.ubj,162491,1c2475146d2f4c2d923e91f057d8c3f539d79fd00ce143db0bf265de53357654,booster,bundle:models.tar,
compact_somalia_original,results/experiments/compact_climate_weather_oracle_v1_somalia_local/runs/compact_baseline/12m/batches/2023/predictions.csv,318741,130a069a42db7d7f0e93fb3aecc8b0fb576e698591911403b9b19fc04c0f0410,predictions,archive:predictions,
compact_somalia_original,results/experiments/compact_climate_weather_oracle_v1_somalia_local/runs/compact_baseline/12m/batches/2024/batch_record.json,1445,a5aae1b4607926cc9ecd550c53623587ebcc501f7ec8ae489ca6c8f77cbe4a4c,model_recipe_member,bundle:models.tar,
compact_somalia_original,results/experiments/compact_climate_weather_oracle_v1_somalia_local/runs/compact_baseline/12m/batches/2024/fit_keys.csv.gz,7935,07e1c4ccb461abf5ad7c2badf2be228e443a1489f08554c857ea14cada117e05,model_recipe_member,bundle:models.tar,
compact_somalia_original,results/experiments/compact_climate_weather_oracle_v1_somalia_local/runs/compact_baseline/12m/batches/2024/model_phase2_worse.ubj,2585160,8d71baf82a87b7d775978efaea7f424581a509f7b827d85503e7e5e960b1fb50,booster,bundle:models.tar,
compact_somalia_original,results/experiments/compact_climate_weather_oracle_v1_somalia_local/runs/compact_baseline/12m/batches/2024/model_phase3_worse.ubj,217068,72c3281712747a15c6cf5251028e2c4e3016ee624f8f26cd20f01a62cc9cdf5d,booster,bundle:models.tar,
compact_somalia_original,results/experiments/compact_climate_weather_oracle_v1_somalia_local/runs/compact_baseline/12m/batches/2024/model_phase4_worse.ubj,1831223,9db2751bee040058eafb8608d858113158cc300990c6a6067ddc93941611b715,booster,bundle:models.tar,
compact_somalia_original,results/experiments/compact_climate_weather_oracle_v1_somalia_local/runs/compact_baseline/12m/batches/2024/model_phase5_worse.ubj,566138,78ccab48c646342f417700cf08fe7cdb148a1c332bec65bafaf0cd0cde2e0b6d,booster,bundle:models.tar,
compact_somalia_original,results/experiments/compact_climate_weather_oracle_v1_somalia_local/runs/compact_baseline/12m/batches/2024/predictions.csv,179023,21bd448a12cc686557d464ad6a6a8c5672d8316eb8ff1af701eafa97abfc96a8,predictions,archive:predictions,
compact_somalia_original,results/experiments/compact_climate_weather_oracle_v1_somalia_local/runs/compact_baseline/12m/batches/2025/batch_record.json,1478,0a5d0e8234fae87d3f96d9cc9c19980c818e333023b5267d5d86eb5414016794,model_recipe_member,bundle:models.tar,
compact_somalia_original,results/experiments/compact_climate_weather_oracle_v1_somalia_local/runs/compact_baseline/12m/batches/2025/fit_keys.csv.gz,11415,017046cb8e5a115256d8355ea6902f07956c9fb61f32c8d97c035cacff8e38e3,model_recipe_member,bundle:models.tar,
compact_somalia_original,results/experiments/compact_climate_weather_oracle_v1_somalia_local/runs/compact_baseline/12m/batches/2025/model_phase2_worse.ubj,3356511,4f3f67d20ac09d7f35ee93e8d4cf9eae62590ef7259ee343694b9f0938433049,booster,bundle:models.tar,
compact_somalia_original,results/experiments/compact_climate_weather_oracle_v1_somalia_local/runs/compact_baseline/12m/batches/2025/model_phase3_worse.ubj,226523,ca90ca0bf266dad29c40980861a38a1e21bcc98d91bcf056df37159783ccbb7c,booster,bundle:models.tar,
compact_somalia_original,results/experiments/compact_climate_weather_oracle_v1_somalia_local/runs/compact_baseline/12m/batches/2025/model_phase4_worse.ubj,2684704,22897648a8444b2cc81bf6d7d3282f619159b50ac14f66979ed93b71a7109964,booster,bundle:models.tar,
compact_somalia_original,results/experiments/compact_climate_weather_oracle_v1_somalia_local/runs/compact_baseline/12m/batches/2025/model_phase5_worse.ubj,649655,b11ad97c1cbef7752b8654ec1709bdb07042d0623b7547cc63a79a1fd4d7128c,booster,bundle:models.tar,
compact_somalia_original,results/experiments/compact_climate_weather_oracle_v1_somalia_local/runs/compact_baseline/12m/batches/2025/predictions.csv,480256,86c269ab6031d2274f93a05a091c53b24189b57dbbecf07e8b39c0105740e946,predictions,archive:predictions,
compact_somalia_original,results/experiments/compact_climate_weather_oracle_v1_somalia_local/runs/compact_baseline/12m/metrics/metrics_overall.csv,1554,ffc1e28462c921af77ce98c9283d70bd2464b77769fdb487a07bc8eb46491ac1,metric_or_report,archive:metrics (values extracted by explicit field selection),
compact_somalia_original,results/experiments/compact_climate_weather_oracle_v1_somalia_local/runs/compact_baseline/12m/predictions/predictions_2022.csv,306023,016eaf993fb1d7b5e83e2e13f28c25d8c3b55fdd0aea00722a8fb9b60d646c2d,predictions,archive:predictions,
compact_somalia_original,results/experiments/compact_climate_weather_oracle_v1_somalia_local/runs/compact_baseline/12m/predictions/predictions_2023.csv,318741,130a069a42db7d7f0e93fb3aecc8b0fb576e698591911403b9b19fc04c0f0410,predictions,archive:predictions,
compact_somalia_original,results/experiments/compact_climate_weather_oracle_v1_somalia_local/runs/compact_baseline/12m/predictions/predictions_2024.csv,179023,21bd448a12cc686557d464ad6a6a8c5672d8316eb8ff1af701eafa97abfc96a8,predictions,archive:predictions,
compact_somalia_original,results/experiments/compact_climate_weather_oracle_v1_somalia_local/runs/compact_baseline/12m/predictions/predictions_2025.csv,480256,86c269ab6031d2274f93a05a091c53b24189b57dbbecf07e8b39c0105740e946,predictions,archive:predictions,
compact_somalia_original,results/experiments/compact_climate_weather_oracle_v1_somalia_local/runs/compact_baseline/3m/run_metadata.json,25624,9a665058bcb769bb177fb59086873e0063d3de122c2e91bade8bdb84e46b51b8,model_recipe_member,bundle:models.tar,climate2015
compact_somalia_original,results/experiments/compact_climate_weather_oracle_v1_somalia_local/runs/compact_baseline/3m/batches/2022/batch_record.json,1475,3559376b8a55b52e8ac247caaa0a6306e5c269f87095d1c84357978df269e3ee,model_recipe_member,bundle:models.tar,
compact_somalia_original,results/experiments/compact_climate_weather_oracle_v1_somalia_local/runs/compact_baseline/3m/batches/2022/fit_keys.csv.gz,2820,15a1edc6eb3c464e500b6029721bcf4987d1ea1c4b63b53fbb491735cdb003ad,model_recipe_member,bundle:models.tar,
compact_somalia_original,results/experiments/compact_climate_weather_oracle_v1_somalia_local/runs/compact_baseline/3m/batches/2022/model_phase2_worse.ubj,982686,ca52ec5b69c04e24fb1b6ecf318fdab059d82fa118d913f5b16e883ef56078f9,booster,bundle:models.tar,
compact_somalia_original,results/experiments/compact_climate_weather_oracle_v1_somalia_local/runs/compact_baseline/3m/batches/2022/model_phase3_worse.ubj,159579,3d24b99f27cfc6c1d26f12fd10e005da659bd027a4debdb060d86614981dcddd,booster,bundle:models.tar,
compact_somalia_original,results/experiments/compact_climate_weather_oracle_v1_somalia_local/runs/compact_baseline/3m/batches/2022/model_phase4_worse.ubj,538224,b158644e6b332d22fedd3c114f54aa3bc8d016be4ee63d5b0f90634ea3bbe817,booster,bundle:models.tar,
compact_somalia_original,results/experiments/compact_climate_weather_oracle_v1_somalia_local/runs/compact_baseline/3m/batches/2022/model_phase5_worse.ubj,162172,79c4468473a1786553a35963c9cc4ce2af9c79ba8ec46330d52697472d47c42e,booster,bundle:models.tar,
compact_somalia_original,results/experiments/compact_climate_weather_oracle_v1_somalia_local/runs/compact_baseline/3m/batches/2022/predictions.csv,304845,fd44047adc2baeca5d6e85a8e8f5262989505deea3f99c9de7f976b868f5faee,predictions,archive:predictions,
compact_somalia_original,results/experiments/compact_climate_weather_oracle_v1_somalia_local/runs/compact_baseline/3m/batches/2023/batch_record.json,1460,5678a53934b36c9ec20ffd775faaa3bd933c1ca2c5344f74c9ebf9d2bc180b6a,model_recipe_member,bundle:models.tar,
compact_somalia_original,results/experiments/compact_climate_weather_oracle_v1_somalia_local/runs/compact_baseline/3m/batches/2023/fit_keys.csv.gz,6310,85addc2fbc2172b82c007b4d30bce577ab85287b47783b3aceb901812854d4d4,model_recipe_member,bundle:models.tar,
compact_somalia_original,results/experiments/compact_climate_weather_oracle_v1_somalia_local/runs/compact_baseline/3m/batches/2023/model_phase2_worse.ubj,2070712,eeba4b92ede9e2a74582d4e85c06fa4ad7bcda742f19c2039f1bb6844c0e4b5b,booster,bundle:models.tar,
compact_somalia_original,results/experiments/compact_climate_weather_oracle_v1_somalia_local/runs/compact_baseline/3m/batches/2023/model_phase3_worse.ubj,189392,5cb84c1cb5db76ccf7ec72a1b387ac6af68f452359b9ddbbd0cd9bfcec3ebe89,booster,bundle:models.tar,
compact_somalia_original,results/experiments/compact_climate_weather_oracle_v1_somalia_local/runs/compact_baseline/3m/batches/2023/model_phase4_worse.ubj,1417300,2faaaa092e392caef9f3165b4798b9ad8b56a3a29525c8793d1cf7aeba834637,booster,bundle:models.tar,
compact_somalia_original,results/experiments/compact_climate_weather_oracle_v1_somalia_local/runs/compact_baseline/3m/batches/2023/model_phase5_worse.ubj,488499,793987e7b30ab16a5497323a64af13560cf20da29956aa4bc3018ba2494501ef,booster,bundle:models.tar,
compact_somalia_original,results/experiments/compact_climate_weather_oracle_v1_somalia_local/runs/compact_baseline/3m/batches/2023/predictions.csv,315839,0ffbeb2c2998ca6fd690266c29f617f222737c5210a5f8efd890d015c7c989fe,predictions,archive:predictions,
compact_somalia_original,results/experiments/compact_climate_weather_oracle_v1_somalia_local/runs/compact_baseline/3m/batches/2024/batch_record.json,1445,49dfc9a4b9862dd630bb061f5002110116abb25b2a0590d575115888c56d7c96,model_recipe_member,bundle:models.tar,
compact_somalia_original,results/experiments/compact_climate_weather_oracle_v1_somalia_local/runs/compact_baseline/3m/batches/2024/fit_keys.csv.gz,10072,d93ed860eed6eea4a83132ef579bdf56987bd37ab1190bff50ec8a2dde473f87,model_recipe_member,bundle:models.tar,
compact_somalia_original,results/experiments/compact_climate_weather_oracle_v1_somalia_local/runs/compact_baseline/3m/batches/2024/model_phase2_worse.ubj,2873655,7aa37e26f6a4bd3f9c4d2dbd21b7f83214f2e63e92fb4c6444e6947a0633c797,booster,bundle:models.tar,
compact_somalia_original,results/experiments/compact_climate_weather_oracle_v1_somalia_local/runs/compact_baseline/3m/batches/2024/model_phase3_worse.ubj,205784,135b701536b7274ddfb9aeccf4934d0eabce48ad327ba16cd8bc5e3b7378870e,booster,bundle:models.tar,
compact_somalia_original,results/experiments/compact_climate_weather_oracle_v1_somalia_local/runs/compact_baseline/3m/batches/2024/model_phase4_worse.ubj,2303686,3c71692991a77b161cb474f7176884d0a8733870ef700fa46a04d387872a192a,booster,bundle:models.tar,
compact_somalia_original,results/experiments/compact_climate_weather_oracle_v1_somalia_local/runs/compact_baseline/3m/batches/2024/model_phase5_worse.ubj,623978,b164262ae5d48444839e7daf04b6bb8b39d945c83b45662e7845f09dd03e8bf8,booster,bundle:models.tar,
compact_somalia_original,results/experiments/compact_climate_weather_oracle_v1_somalia_local/runs/compact_baseline/3m/batches/2024/predictions.csv,178698,b490c19caa2c1503d830388e0065f068e880ae61b5ed575c685f9f7ad2e48baa,predictions,archive:predictions,
compact_somalia_original,results/experiments/compact_climate_weather_oracle_v1_somalia_local/runs/compact_baseline/3m/batches/2025/batch_record.json,1477,7041661c8b38eac0ca7ae35fa09208bd38eef2538503886e8eb4c80c9eca8099,model_recipe_member,bundle:models.tar,
compact_somalia_original,results/experiments/compact_climate_weather_oracle_v1_somalia_local/runs/compact_baseline/3m/batches/2025/fit_keys.csv.gz,12310,91bc6d2ea8d2249fb0e16941d71ba4d3ea6c737d419189d0d26af10f9d5360e9,model_recipe_member,bundle:models.tar,
compact_somalia_original,results/experiments/compact_climate_weather_oracle_v1_somalia_local/runs/compact_baseline/3m/batches/2025/model_phase2_worse.ubj,3364478,ac2d7f5ce1050c8c11449ce60d393d12bcd1da74853543cb7756b1f9352b913f,booster,bundle:models.tar,
compact_somalia_original,results/experiments/compact_climate_weather_oracle_v1_somalia_local/runs/compact_baseline/3m/batches/2025/model_phase3_worse.ubj,198231,58e1475dab85fd33d109a74911b817c31aadddc01cebef2148f5631620283a76,booster,bundle:models.tar,
compact_somalia_original,results/experiments/compact_climate_weather_oracle_v1_somalia_local/runs/compact_baseline/3m/batches/2025/model_phase4_worse.ubj,2698306,87324ec3bcc00eef31f4326295c0b0909a99c3d99b6ca4787a231e788dd04373,booster,bundle:models.tar,
compact_somalia_original,results/experiments/compact_climate_weather_oracle_v1_somalia_local/runs/compact_baseline/3m/batches/2025/model_phase5_worse.ubj,634253,889d334d37edd24fbe7b7b5dd450b7ddd95882f558835d5ead15d18c10385f6b,booster,bundle:models.tar,
compact_somalia_original,results/experiments/compact_climate_weather_oracle_v1_somalia_local/runs/compact_baseline/3m/batches/2025/predictions.csv,478325,d625d33e51f82565ad2facad13dd838b2c6d485f7ec9e971d99664ab1c89ed23,predictions,archive:predictions,
compact_somalia_original,results/experiments/compact_climate_weather_oracle_v1_somalia_local/runs/compact_baseline/3m/metrics/metrics_overall.csv,1561,ceb3af27fd228020586bca39503dcd75625cdcaccdb473149b2a86208a53f73f,metric_or_report,archive:metrics (values extracted by explicit field selection),
compact_somalia_original,results/experiments/compact_climate_weather_oracle_v1_somalia_local/runs/compact_baseline/3m/predictions/predictions_2022.csv,304845,fd44047adc2baeca5d6e85a8e8f5262989505deea3f99c9de7f976b868f5faee,predictions,archive:predictions,
compact_somalia_original,results/experiments/compact_climate_weather_oracle_v1_somalia_local/runs/compact_baseline/3m/predictions/predictions_2023.csv,315839,0ffbeb2c2998ca6fd690266c29f617f222737c5210a5f8efd890d015c7c989fe,predictions,archive:predictions,
compact_somalia_original,results/experiments/compact_climate_weather_oracle_v1_somalia_local/runs/compact_baseline/3m/predictions/predictions_2024.csv,178698,b490c19caa2c1503d830388e0065f068e880ae61b5ed575c685f9f7ad2e48baa,predictions,archive:predictions,
compact_somalia_original,results/experiments/compact_climate_weather_oracle_v1_somalia_local/runs/compact_baseline/3m/predictions/predictions_2025.csv,478325,d625d33e51f82565ad2facad13dd838b2c6d485f7ec9e971d99664ab1c89ed23,predictions,archive:predictions,
compact_somalia_original,results/experiments/compact_climate_weather_oracle_v1_somalia_local/runs/compact_baseline/6m/run_metadata.json,25628,a1455708b923d898a0a6967fa159a57d4973051d02b3229d5885c37746b96d84,model_recipe_member,bundle:models.tar,climate2015
compact_somalia_original,results/experiments/compact_climate_weather_oracle_v1_somalia_local/runs/compact_baseline/6m/batches/2022/batch_record.json,1476,33d98d22792e5a8df1d948bf159a7f1718cda44ae352043460a1bab9bcbdf5d6,model_recipe_member,bundle:models.tar,
compact_somalia_original,results/experiments/compact_climate_weather_oracle_v1_somalia_local/runs/compact_baseline/6m/batches/2022/fit_keys.csv.gz,2855,68de30606d3db97e479fff8a6006bfa9e06d9ddd1fa544bbd1ca300abd197214,model_recipe_member,bundle:models.tar,
compact_somalia_original,results/experiments/compact_climate_weather_oracle_v1_somalia_local/runs/compact_baseline/6m/batches/2022/model_phase2_worse.ubj,939016,77d2ab4f94b4b6473f482865df4933e43b028a62b321b7993b4c999c1fdcbabb,booster,bundle:models.tar,
compact_somalia_original,results/experiments/compact_climate_weather_oracle_v1_somalia_local/runs/compact_baseline/6m/batches/2022/model_phase3_worse.ubj,159851,0482a836d2ca86e55b8d96cd7e01f479298ec676c486e724079f3e0b8b4c04e9,booster,bundle:models.tar,
compact_somalia_original,results/experiments/compact_climate_weather_oracle_v1_somalia_local/runs/compact_baseline/6m/batches/2022/model_phase4_worse.ubj,540655,9c48811515520cc086750ee0a39e18414513de029e342c1fe8b44a87f75b86b1,booster,bundle:models.tar,
compact_somalia_original,results/experiments/compact_climate_weather_oracle_v1_somalia_local/runs/compact_baseline/6m/batches/2022/model_phase5_worse.ubj,164212,fdbc1ff1214d0e68af49a351887d7773e484ec467c984ca641862802da99f207,booster,bundle:models.tar,
compact_somalia_original,results/experiments/compact_climate_weather_oracle_v1_somalia_local/runs/compact_baseline/6m/batches/2022/predictions.csv,306020,e3cf62c7ec32789a1dbc0290f8eddbc8d9963a0e5ab98f9d2c2df09c57f2c1ec,predictions,archive:predictions,
compact_somalia_original,results/experiments/compact_climate_weather_oracle_v1_somalia_local/runs/compact_baseline/6m/batches/2023/batch_record.json,1461,611d3621e38b4f3161971bb32ab27b6e5e3540b8af538d2ac982d3b1fd7d149b,model_recipe_member,bundle:models.tar,
compact_somalia_original,results/experiments/compact_climate_weather_oracle_v1_somalia_local/runs/compact_baseline/6m/batches/2023/fit_keys.csv.gz,4777,5c5c50d0db18a6d9a9f55f1d6ad47132174ecbd24eb264409df3ef25af47f862,model_recipe_member,bundle:models.tar,
compact_somalia_original,results/experiments/compact_climate_weather_oracle_v1_somalia_local/runs/compact_baseline/6m/batches/2023/model_phase2_worse.ubj,1618613,45651ac0b7abb035e7f02c0bb03411abd82902fb0ead99d6f8676b11c40f4f43,booster,bundle:models.tar,
compact_somalia_original,results/experiments/compact_climate_weather_oracle_v1_somalia_local/runs/compact_baseline/6m/batches/2023/model_phase3_worse.ubj,183742,a93a9b43cb7e5ce4c44ead47fe5c728714ae8e956229f22ecdf0f91e16749ce8,booster,bundle:models.tar,
compact_somalia_original,results/experiments/compact_climate_weather_oracle_v1_somalia_local/runs/compact_baseline/6m/batches/2023/model_phase4_worse.ubj,1123144,03a75611276fa0bfeb0a7ed2432e1ed504b3faada95dca4182f7647882497193,booster,bundle:models.tar,
compact_somalia_original,results/experiments/compact_climate_weather_oracle_v1_somalia_local/runs/compact_baseline/6m/batches/2023/model_phase5_worse.ubj,326941,df16ed4527552cbedcd16c1ef750971f5851b602468769e2c48621d535739fce,booster,bundle:models.tar,
compact_somalia_original,results/experiments/compact_climate_weather_oracle_v1_somalia_local/runs/compact_baseline/6m/batches/2023/predictions.csv,315670,66629197770e71674c0ba9193ec6df875327bc6e48f9c9981b88ccd657a3f8bc,predictions,archive:predictions,
compact_somalia_original,results/experiments/compact_climate_weather_oracle_v1_somalia_local/runs/compact_baseline/6m/batches/2024/batch_record.json,1446,2cb6966309999d601bbfcfc4701643eb3778f3ad1ba0bd82820cf89f707dc849,model_recipe_member,bundle:models.tar,
compact_somalia_original,results/experiments/compact_climate_weather_oracle_v1_somalia_local/runs/compact_baseline/6m/batches/2024/fit_keys.csv.gz,8913,230026026fa5dd6561f6136d9c57678fe3a5ff15b001492296dff61b16ae4233,model_recipe_member,bundle:models.tar,
compact_somalia_original,results/experiments/compact_climate_weather_oracle_v1_somalia_local/runs/compact_baseline/6m/batches/2024/model_phase2_worse.ubj,2775938,2cdae8676abf671ac5de86b64f318e17d46a0453427adb858dfbaf6f487484db,booster,bundle:models.tar,
compact_somalia_original,results/experiments/compact_climate_weather_oracle_v1_somalia_local/runs/compact_baseline/6m/batches/2024/model_phase3_worse.ubj,212793,9e8aa3d16c9d50d82b0ac14a3c761c1e3e0197e0cb33982e2d230fd73f253219,booster,bundle:models.tar,
compact_somalia_original,results/experiments/compact_climate_weather_oracle_v1_somalia_local/runs/compact_baseline/6m/batches/2024/model_phase4_worse.ubj,2079041,0d4fb805423be9d3f1565e45a74b4d92c38e10e686334892b2bc21d102381c80,booster,bundle:models.tar,
compact_somalia_original,results/experiments/compact_climate_weather_oracle_v1_somalia_local/runs/compact_baseline/6m/batches/2024/model_phase5_worse.ubj,621932,4945751bc63ede3e61c7329d88c5131a966bb67be124293afb23585fe45c41b7,booster,bundle:models.tar,
compact_somalia_original,results/experiments/compact_climate_weather_oracle_v1_somalia_local/runs/compact_baseline/6m/batches/2024/predictions.csv,178530,8fbda204e446967c5db85e66583498ef30f0b202f44729c9b553bc2cfc836f7f,predictions,archive:predictions,
compact_somalia_original,results/experiments/compact_climate_weather_oracle_v1_somalia_local/runs/compact_baseline/6m/batches/2025/batch_record.json,1478,899ff77afe3b1e07d4298633a66ee518cc84c753e3dfeb3933dc7769fd60ddf4,model_recipe_member,bundle:models.tar,
compact_somalia_original,results/experiments/compact_climate_weather_oracle_v1_somalia_local/runs/compact_baseline/6m/batches/2025/fit_keys.csv.gz,12559,27fd8aedc0b382b35e27a82a438d64481d0c9c35a92880e5bb7521e4e368b97e,model_recipe_member,bundle:models.tar,
compact_somalia_original,results/experiments/compact_climate_weather_oracle_v1_somalia_local/runs/compact_baseline/6m/batches/2025/model_phase2_worse.ubj,3345916,7d14fb52cbe74c21db4c951e0e7ce59fd054be81e82eb5cb3fa0dec1b528cb14,booster,bundle:models.tar,
compact_somalia_original,results/experiments/compact_climate_weather_oracle_v1_somalia_local/runs/compact_baseline/6m/batches/2025/model_phase3_worse.ubj,215512,4934921d3c515d53926602fb871b46642940cdc1a51aa2569b9aa7252f997d64,booster,bundle:models.tar,
compact_somalia_original,results/experiments/compact_climate_weather_oracle_v1_somalia_local/runs/compact_baseline/6m/batches/2025/model_phase4_worse.ubj,2872425,fde58a889976b81c688e5310467b7e09d15e4f556ee790d199bf6e591bc0daef,booster,bundle:models.tar,
compact_somalia_original,results/experiments/compact_climate_weather_oracle_v1_somalia_local/runs/compact_baseline/6m/batches/2025/model_phase5_worse.ubj,634851,0e7c331653b119ad4120655e285b4504d470b3f897a5b4fe0ae75abf541d686a,booster,bundle:models.tar,
compact_somalia_original,results/experiments/compact_climate_weather_oracle_v1_somalia_local/runs/compact_baseline/6m/batches/2025/predictions.csv,478558,ea36fd722a89e3525b38a76cffd8e21537f5c1c239ac6c47a6cc322966c9b9d3,predictions,archive:predictions,
compact_somalia_original,results/experiments/compact_climate_weather_oracle_v1_somalia_local/runs/compact_baseline/6m/metrics/metrics_overall.csv,1549,74981952702f9e296efc202db697246aae8498e4fd7b013066c9807872e7dd9a,metric_or_report,archive:metrics (values extracted by explicit field selection),
compact_somalia_original,results/experiments/compact_climate_weather_oracle_v1_somalia_local/runs/compact_baseline/6m/predictions/predictions_2022.csv,306020,e3cf62c7ec32789a1dbc0290f8eddbc8d9963a0e5ab98f9d2c2df09c57f2c1ec,predictions,archive:predictions,
compact_somalia_original,results/experiments/compact_climate_weather_oracle_v1_somalia_local/runs/compact_baseline/6m/predictions/predictions_2023.csv,315670,66629197770e71674c0ba9193ec6df875327bc6e48f9c9981b88ccd657a3f8bc,predictions,archive:predictions,
compact_somalia_original,results/experiments/compact_climate_weather_oracle_v1_somalia_local/runs/compact_baseline/6m/predictions/predictions_2024.csv,178530,8fbda204e446967c5db85e66583498ef30f0b202f44729c9b553bc2cfc836f7f,predictions,archive:predictions,
compact_somalia_original,results/experiments/compact_climate_weather_oracle_v1_somalia_local/runs/compact_baseline/6m/predictions/predictions_2025.csv,478558,ea36fd722a89e3525b38a76cffd8e21537f5c1c239ac6c47a6cc322966c9b9d3,predictions,archive:predictions,
compact_somalia_original,results/experiments/compact_climate_weather_oracle_v1_somalia_local/runs/compact_weather_oracle/12m/run_metadata.json,26266,40f5f4f821588b936f0847070980e0cc93b5fdb3e02020a8a347a7d6e13c6499,model_recipe_member,bundle:models.tar,climate2015
compact_somalia_original,results/experiments/compact_climate_weather_oracle_v1_somalia_local/runs/compact_weather_oracle/12m/batches/2022/batch_record.json,1482,34fedd924536b78e90d695423d9d4a4bad34d7b9a6b2620b4dc4f63fbf0f3f15,model_recipe_member,bundle:models.tar,
compact_somalia_original,results/experiments/compact_climate_weather_oracle_v1_somalia_local/runs/compact_weather_oracle/12m/batches/2022/fit_keys.csv.gz,2730,c5e530dd029209ff975e768b589b009c96d9c1859e50d4120241373bfc63691e,model_recipe_member,bundle:models.tar,
compact_somalia_original,results/experiments/compact_climate_weather_oracle_v1_somalia_local/runs/compact_weather_oracle/12m/batches/2022/model_phase2_worse.ubj,965875,a2cc20c2d3fc6cb9f63606cded12978d234a4dca5628eb9140cba4304ac8aace,booster,bundle:models.tar,
compact_somalia_original,results/experiments/compact_climate_weather_oracle_v1_somalia_local/runs/compact_weather_oracle/12m/batches/2022/model_phase3_worse.ubj,161154,68175eaa58bd713ebbac4d7e680ad708ce469ef16c57df6ad919df5ab6df637b,booster,bundle:models.tar,
compact_somalia_original,results/experiments/compact_climate_weather_oracle_v1_somalia_local/runs/compact_weather_oracle/12m/batches/2022/model_phase4_worse.ubj,537072,32fdfb6e1b2daa03280844aed441f481f3da1c92cd40752c6ea2311a90d6db17,booster,bundle:models.tar,
compact_somalia_original,results/experiments/compact_climate_weather_oracle_v1_somalia_local/runs/compact_weather_oracle/12m/batches/2022/model_phase5_worse.ubj,164076,3f75d94d17b482296df98501063d0a7a2e635ee6de767ff79407209643198701,booster,bundle:models.tar,
compact_somalia_original,results/experiments/compact_climate_weather_oracle_v1_somalia_local/runs/compact_weather_oracle/12m/batches/2022/predictions.csv,313862,02a25d380bc0a45b349a8557c87102738272003e7d4d6dd31897d71debbe235f,predictions,archive:predictions,
compact_somalia_original,results/experiments/compact_climate_weather_oracle_v1_somalia_local/runs/compact_weather_oracle/12m/batches/2023/batch_record.json,1467,2e1f7b8917e0db19bd77805ae10ff82c6241f4f4a87633fb19ba23ccc513af1b,model_recipe_member,bundle:models.tar,
compact_somalia_original,results/experiments/compact_climate_weather_oracle_v1_somalia_local/runs/compact_weather_oracle/12m/batches/2023/fit_keys.csv.gz,3042,6f49b97c4e16564527ecaf84b5bac1d4b00608531ae4393cf92e9ee58fba55cd,model_recipe_member,bundle:models.tar,
compact_somalia_original,results/experiments/compact_climate_weather_oracle_v1_somalia_local/runs/compact_weather_oracle/12m/batches/2023/model_phase2_worse.ubj,1010180,76c0e9df0e93bee39f8add9dca62305a957108b6d23c0aa5e28aee9effd04f55,booster,bundle:models.tar,
compact_somalia_original,results/experiments/compact_climate_weather_oracle_v1_somalia_local/runs/compact_weather_oracle/12m/batches/2023/model_phase3_worse.ubj,160064,e90319da57d070cba84ece53391ffc0e3964855cdec0e113d839d130f82e9cd9,booster,bundle:models.tar,
compact_somalia_original,results/experiments/compact_climate_weather_oracle_v1_somalia_local/runs/compact_weather_oracle/12m/batches/2023/model_phase4_worse.ubj,564349,a79cc811f315457080718a54239ff0a9fa67aaebd354c3ea9e8fb292e1643067,booster,bundle:models.tar,
compact_somalia_original,results/experiments/compact_climate_weather_oracle_v1_somalia_local/runs/compact_weather_oracle/12m/batches/2023/model_phase5_worse.ubj,163261,760c8c8fdf0c8d78fbc66140272094f6cf5bb80ac304fcee96899dd24539e943,booster,bundle:models.tar,
compact_somalia_original,results/experiments/compact_climate_weather_oracle_v1_somalia_local/runs/compact_weather_oracle/12m/batches/2023/predictions.csv,326157,1b9b11ef4f6ee6412a90d688a643deec55440e15a4afd1c01af7b57dd67ecb12,predictions,archive:predictions,
compact_somalia_original,results/experiments/compact_climate_weather_oracle_v1_somalia_local/runs/compact_weather_oracle/12m/batches/2024/batch_record.json,1453,61ae9362bfd41d2b494efc492a71a8d5d2e3810097e915c77c84fa7a05bd1f00,model_recipe_member,bundle:models.tar,
compact_somalia_original,results/experiments/compact_climate_weather_oracle_v1_somalia_local/runs/compact_weather_oracle/12m/batches/2024/fit_keys.csv.gz,7935,3c6beb2c25acb3f33f0fa46b25acb42437b94c73cbbbcbf39845fcb3f181ef6f,model_recipe_member,bundle:models.tar,
compact_somalia_original,results/experiments/compact_climate_weather_oracle_v1_somalia_local/runs/compact_weather_oracle/12m/batches/2024/model_phase2_worse.ubj,2554865,34daed3bb81dc1b7300f9c41307c4a14ee6df7d6343bac437f2778772154f56f,booster,bundle:models.tar,
compact_somalia_original,results/experiments/compact_climate_weather_oracle_v1_somalia_local/runs/compact_weather_oracle/12m/batches/2024/model_phase3_worse.ubj,217632,ca1b9abc5e5d35fd38ec1f1db2b993104524088672e15b116a028911ab6b0cbc,booster,bundle:models.tar,
compact_somalia_original,results/experiments/compact_climate_weather_oracle_v1_somalia_local/runs/compact_weather_oracle/12m/batches/2024/model_phase4_worse.ubj,1821061,463ffe0a62b8336517ecf056dae01bdbf08b1f59942365b32c209155a5765dcd,booster,bundle:models.tar,
compact_somalia_original,results/experiments/compact_climate_weather_oracle_v1_somalia_local/runs/compact_weather_oracle/12m/batches/2024/model_phase5_worse.ubj,578543,1714dc8da21e53be842a4a211cfe41501d4d82d56840defaaca8a4107623e441,booster,bundle:models.tar,
compact_somalia_original,results/experiments/compact_climate_weather_oracle_v1_somalia_local/runs/compact_weather_oracle/12m/batches/2024/predictions.csv,183340,9f0f3a2cf580af120b4f9b6f1cc88c4ba2d616a4a6f4e751715fb64fba63972b,predictions,archive:predictions,
compact_somalia_original,results/experiments/compact_climate_weather_oracle_v1_somalia_local/runs/compact_weather_oracle/12m/batches/2025/batch_record.json,1485,9fe8c26b79b63ac86a0cf244b35ab515e6d88927e74cf4a7fd3c0f83e640ac47,model_recipe_member,bundle:models.tar,
compact_somalia_original,results/experiments/compact_climate_weather_oracle_v1_somalia_local/runs/compact_weather_oracle/12m/batches/2025/fit_keys.csv.gz,11415,92a9d013c5939a41c3573462a5ca0ac2549c80336c0231a206a3e06856f6d0a9,model_recipe_member,bundle:models.tar,
compact_somalia_original,results/experiments/compact_climate_weather_oracle_v1_somalia_local/runs/compact_weather_oracle/12m/batches/2025/model_phase2_worse.ubj,3305058,86c42d27943e25a643bc48aec46adfb5108bfdd5bd059deab383be2d9b5ad615,booster,bundle:models.tar,
compact_somalia_original,results/experiments/compact_climate_weather_oracle_v1_somalia_local/runs/compact_weather_oracle/12m/batches/2025/model_phase3_worse.ubj,227156,d22b706e3617724a0a055c4233804bd71f3c6087dd076a01f138d2cf64f2f824,booster,bundle:models.tar,
compact_somalia_original,results/experiments/compact_climate_weather_oracle_v1_somalia_local/runs/compact_weather_oracle/12m/batches/2025/model_phase4_worse.ubj,2701337,d21de642f23f1f4adbf7a9b521a4939fa78a647e1911f0c49b87c24308263d09,booster,bundle:models.tar,
compact_somalia_original,results/experiments/compact_climate_weather_oracle_v1_somalia_local/runs/compact_weather_oracle/12m/batches/2025/model_phase5_worse.ubj,639138,d43f0a3d886c16ebd014cda9c982a50e80d1eeacaff7229397edfb17fac91f29,booster,bundle:models.tar,
compact_somalia_original,results/experiments/compact_climate_weather_oracle_v1_somalia_local/runs/compact_weather_oracle/12m/batches/2025/predictions.csv,490914,55e176aaa7e78815cee30cd7183deaccbe450a929882a5d240665541a54460cd,predictions,archive:predictions,
compact_somalia_original,results/experiments/compact_climate_weather_oracle_v1_somalia_local/runs/compact_weather_oracle/12m/metrics/metrics_overall.csv,1526,a84c73aa5875e7be1c4f0c93e89659c5afd47334e487acc258896f8e86466c1a,metric_or_report,archive:metrics (values extracted by explicit field selection),
compact_somalia_original,results/experiments/compact_climate_weather_oracle_v1_somalia_local/runs/compact_weather_oracle/12m/predictions/predictions_2022.csv,313862,02a25d380bc0a45b349a8557c87102738272003e7d4d6dd31897d71debbe235f,predictions,archive:predictions,
compact_somalia_original,results/experiments/compact_climate_weather_oracle_v1_somalia_local/runs/compact_weather_oracle/12m/predictions/predictions_2023.csv,326157,1b9b11ef4f6ee6412a90d688a643deec55440e15a4afd1c01af7b57dd67ecb12,predictions,archive:predictions,
compact_somalia_original,results/experiments/compact_climate_weather_oracle_v1_somalia_local/runs/compact_weather_oracle/12m/predictions/predictions_2024.csv,183340,9f0f3a2cf580af120b4f9b6f1cc88c4ba2d616a4a6f4e751715fb64fba63972b,predictions,archive:predictions,
compact_somalia_original,results/experiments/compact_climate_weather_oracle_v1_somalia_local/runs/compact_weather_oracle/12m/predictions/predictions_2025.csv,490914,55e176aaa7e78815cee30cd7183deaccbe450a929882a5d240665541a54460cd,predictions,archive:predictions,
compact_somalia_original,results/experiments/compact_climate_weather_oracle_v1_somalia_local/runs/compact_weather_oracle/3m/run_metadata.json,26012,14df86ea06fd0f6aeede56e342a6d7bc704e2ace9ded3714c2b33d43ac1e6d07,model_recipe_member,bundle:models.tar,climate2015
compact_somalia_original,results/experiments/compact_climate_weather_oracle_v1_somalia_local/runs/compact_weather_oracle/3m/batches/2022/batch_record.json,1481,d0d735ac0b1ab964f6965522f2e36ab40391b22394d46b331f07e1a8fd116374,model_recipe_member,bundle:models.tar,
compact_somalia_original,results/experiments/compact_climate_weather_oracle_v1_somalia_local/runs/compact_weather_oracle/3m/batches/2022/fit_keys.csv.gz,2820,c2904b45b4e3fa9af75f348c8216c8e9b9e4ef2a54fffe6f7952d9397adc2f99,model_recipe_member,bundle:models.tar,
compact_somalia_original,results/experiments/compact_climate_weather_oracle_v1_somalia_local/runs/compact_weather_oracle/3m/batches/2022/model_phase2_worse.ubj,967252,4db5a4e0feb6a2ba58668aa0feef44c18d4daaa5a3ceb5b589eb6cec9ac8ea10,booster,bundle:models.tar,
compact_somalia_original,results/experiments/compact_climate_weather_oracle_v1_somalia_local/runs/compact_weather_oracle/3m/batches/2022/model_phase3_worse.ubj,159794,4ec0ac1da0e3f14c2c07190907fe0e58e74acaff7684f9e17cd6363d7ffc1361,booster,bundle:models.tar,
compact_somalia_original,results/experiments/compact_climate_weather_oracle_v1_somalia_local/runs/compact_weather_oracle/3m/batches/2022/model_phase4_worse.ubj,534769,9a2ea988fd49dccef5b31edd391df788187234bbdeee497040c10afbe1dafaae,booster,bundle:models.tar,
compact_somalia_original,results/experiments/compact_climate_weather_oracle_v1_somalia_local/runs/compact_weather_oracle/3m/batches/2022/model_phase5_worse.ubj,162727,778fdd428dfe04b766c3f0058ea6689bb82871931aaebb4c4e8f7d76c7401692,booster,bundle:models.tar,
compact_somalia_original,results/experiments/compact_climate_weather_oracle_v1_somalia_local/runs/compact_weather_oracle/3m/batches/2022/predictions.csv,312798,cd1d68510262fad4e2666933938e736b1436ba17019745645cc91f875e870b80,predictions,archive:predictions,
compact_somalia_original,results/experiments/compact_climate_weather_oracle_v1_somalia_local/runs/compact_weather_oracle/3m/batches/2023/batch_record.json,1468,77a6e594bce1af2a6fcdea43d22b826152a68f0e8fa7caa813118dc8e3fbd71a,model_recipe_member,bundle:models.tar,
compact_somalia_original,results/experiments/compact_climate_weather_oracle_v1_somalia_local/runs/compact_weather_oracle/3m/batches/2023/fit_keys.csv.gz,6310,f76e1b4fe17f64eaa8e510a3af425342178f25e088d63f2e01e21c87c84cd816,model_recipe_member,bundle:models.tar,
compact_somalia_original,results/experiments/compact_climate_weather_oracle_v1_somalia_local/runs/compact_weather_oracle/3m/batches/2023/model_phase2_worse.ubj,2025923,92d389227793514ce04a638087367f2ecc8c202b70d62d2a99a413c2b5124b43,booster,bundle:models.tar,
compact_somalia_original,results/experiments/compact_climate_weather_oracle_v1_somalia_local/runs/compact_weather_oracle/3m/batches/2023/model_phase3_worse.ubj,189944,2cf6a8d63e97d18598066ed52ffc51622d31ecd41ec67ce86100b9efac5076c7,booster,bundle:models.tar,
compact_somalia_original,results/experiments/compact_climate_weather_oracle_v1_somalia_local/runs/compact_weather_oracle/3m/batches/2023/model_phase4_worse.ubj,1420849,54d93d9082f027191bdcd74bf05985cc8bb1ac612315d0f3cfe67a47955416b2,booster,bundle:models.tar,
compact_somalia_original,results/experiments/compact_climate_weather_oracle_v1_somalia_local/runs/compact_weather_oracle/3m/batches/2023/model_phase5_worse.ubj,482185,e89fa4ef6de25ce0e5702b11b4112d92dfeb3daffc21e4db81b8a6d8271ae01a,booster,bundle:models.tar,
compact_somalia_original,results/experiments/compact_climate_weather_oracle_v1_somalia_local/runs/compact_weather_oracle/3m/batches/2023/predictions.csv,323198,27894fb4d734bab269d5ad6b6f53bf7343bfb97039d0ad633dae48a6b53b5e52,predictions,archive:predictions,
compact_somalia_original,results/experiments/compact_climate_weather_oracle_v1_somalia_local/runs/compact_weather_oracle/3m/batches/2024/batch_record.json,1453,5630066d5e8414c77fcecaeb5b6e61c839f3098fb0527c8b3e1130367484b0c9,model_recipe_member,bundle:models.tar,
compact_somalia_original,results/experiments/compact_climate_weather_oracle_v1_somalia_local/runs/compact_weather_oracle/3m/batches/2024/fit_keys.csv.gz,10072,ad7c7fd637b1270c8c1d3af7731092ac55e64d2ba0949d94e6c0442664019348,model_recipe_member,bundle:models.tar,
compact_somalia_original,results/experiments/compact_climate_weather_oracle_v1_somalia_local/runs/compact_weather_oracle/3m/batches/2024/model_phase2_worse.ubj,2842930,a0d89b358a0708113ab91abdff9774906e615f55d4b8c17d609ff821bd256591,booster,bundle:models.tar,
compact_somalia_original,results/experiments/compact_climate_weather_oracle_v1_somalia_local/runs/compact_weather_oracle/3m/batches/2024/model_phase3_worse.ubj,208244,e59650a634a02cd72d5f1d2e96bbd26be1aa4f1168701604c2d6a60fbef2e023,booster,bundle:models.tar,
compact_somalia_original,results/experiments/compact_climate_weather_oracle_v1_somalia_local/runs/compact_weather_oracle/3m/batches/2024/model_phase4_worse.ubj,2281674,ca9f0c42c461a5af62f5e29cd63c3defac9e60561f58a4ef62b96035f7b10659,booster,bundle:models.tar,
compact_somalia_original,results/experiments/compact_climate_weather_oracle_v1_somalia_local/runs/compact_weather_oracle/3m/batches/2024/model_phase5_worse.ubj,604410,c698f113963b51c8e1cc9bd742d22ff0255b571e8ff65e845f9564f530c12c20,booster,bundle:models.tar,
compact_somalia_original,results/experiments/compact_climate_weather_oracle_v1_somalia_local/runs/compact_weather_oracle/3m/batches/2024/predictions.csv,183030,56ba6edaa83a98f7f1a56480ebd90e2375bcda9d671196276f2a97342922218c,predictions,archive:predictions,
compact_somalia_original,results/experiments/compact_climate_weather_oracle_v1_somalia_local/runs/compact_weather_oracle/3m/batches/2025/batch_record.json,1483,c04391a3d0db4267068051702f9486cf117e1f8c3712b30f349a04698fea8eb2,model_recipe_member,bundle:models.tar,
compact_somalia_original,results/experiments/compact_climate_weather_oracle_v1_somalia_local/runs/compact_weather_oracle/3m/batches/2025/fit_keys.csv.gz,12310,87112dfc42a8d6490524f86456465187794e9de6d8573023684066cda3d0d1b0,model_recipe_member,bundle:models.tar,
compact_somalia_original,results/experiments/compact_climate_weather_oracle_v1_somalia_local/runs/compact_weather_oracle/3m/batches/2025/model_phase2_worse.ubj,3285065,fd64ceb81c938fa3fc931d58804de846670f911ba5bf2e189947e05b1a90a406,booster,bundle:models.tar,
compact_somalia_original,results/experiments/compact_climate_weather_oracle_v1_somalia_local/runs/compact_weather_oracle/3m/batches/2025/model_phase3_worse.ubj,200420,944b46d5b5c3c356a87896b77b88940147affe8ad281643a4d68d6ed1307c60a,booster,bundle:models.tar,
compact_somalia_original,results/experiments/compact_climate_weather_oracle_v1_somalia_local/runs/compact_weather_oracle/3m/batches/2025/model_phase4_worse.ubj,2668525,77df67881e60e764e64765227ffc3a9188ce2a982d64cd9b0e91e3f870b9f859,booster,bundle:models.tar,
compact_somalia_original,results/experiments/compact_climate_weather_oracle_v1_somalia_local/runs/compact_weather_oracle/3m/batches/2025/model_phase5_worse.ubj,619169,60914ee0eed4703e05b73875d1fd7333156f12461e90cdbd6656ce5b1ea7cf9f,booster,bundle:models.tar,
compact_somalia_original,results/experiments/compact_climate_weather_oracle_v1_somalia_local/runs/compact_weather_oracle/3m/batches/2025/predictions.csv,489591,50c0c23920af4e25364533e60f2aac1fb09a87d910c8fe1e91b6130a2920b2ff,predictions,archive:predictions,
compact_somalia_original,results/experiments/compact_climate_weather_oracle_v1_somalia_local/runs/compact_weather_oracle/3m/metrics/metrics_overall.csv,1542,4a1903f53e27f52da883f0ad4f632b716cd824740f9dd02f66c05830017662c9,metric_or_report,archive:metrics (values extracted by explicit field selection),
compact_somalia_original,results/experiments/compact_climate_weather_oracle_v1_somalia_local/runs/compact_weather_oracle/3m/predictions/predictions_2022.csv,312798,cd1d68510262fad4e2666933938e736b1436ba17019745645cc91f875e870b80,predictions,archive:predictions,
compact_somalia_original,results/experiments/compact_climate_weather_oracle_v1_somalia_local/runs/compact_weather_oracle/3m/predictions/predictions_2023.csv,323198,27894fb4d734bab269d5ad6b6f53bf7343bfb97039d0ad633dae48a6b53b5e52,predictions,archive:predictions,
compact_somalia_original,results/experiments/compact_climate_weather_oracle_v1_somalia_local/runs/compact_weather_oracle/3m/predictions/predictions_2024.csv,183030,56ba6edaa83a98f7f1a56480ebd90e2375bcda9d671196276f2a97342922218c,predictions,archive:predictions,
compact_somalia_original,results/experiments/compact_climate_weather_oracle_v1_somalia_local/runs/compact_weather_oracle/3m/predictions/predictions_2025.csv,489591,50c0c23920af4e25364533e60f2aac1fb09a87d910c8fe1e91b6130a2920b2ff,predictions,archive:predictions,
compact_somalia_original,results/experiments/compact_climate_weather_oracle_v1_somalia_local/runs/compact_weather_oracle/6m/run_metadata.json,26262,30cce471832b9b6e8642cca04f817b676367483c743366ce192af5beb4b13e78,model_recipe_member,bundle:models.tar,climate2015
compact_somalia_original,results/experiments/compact_climate_weather_oracle_v1_somalia_local/runs/compact_weather_oracle/6m/batches/2022/batch_record.json,1482,a3e96ae3e41ae17167f2ed2a92ab3867de7ae97bb5e73f973773951cd710fb1b,model_recipe_member,bundle:models.tar,
compact_somalia_original,results/experiments/compact_climate_weather_oracle_v1_somalia_local/runs/compact_weather_oracle/6m/batches/2022/fit_keys.csv.gz,2855,8ff33cf4f4697c71622f083e3582463f540b39d08aebc31c560a6cf892d83b06,model_recipe_member,bundle:models.tar,
compact_somalia_original,results/experiments/compact_climate_weather_oracle_v1_somalia_local/runs/compact_weather_oracle/6m/batches/2022/model_phase2_worse.ubj,941353,e4f3444e6db07d1b2610fc259bae065ccf2eb800bff1267031796e77e99471db,booster,bundle:models.tar,
compact_somalia_original,results/experiments/compact_climate_weather_oracle_v1_somalia_local/runs/compact_weather_oracle/6m/batches/2022/model_phase3_worse.ubj,160553,9fe0d8e0935d8ddc6ec09e1ef42eb078d7838376fe7df590aaa2024af8de572a,booster,bundle:models.tar,
compact_somalia_original,results/experiments/compact_climate_weather_oracle_v1_somalia_local/runs/compact_weather_oracle/6m/batches/2022/model_phase4_worse.ubj,531296,d3722a78fb678c7c5a99bd3e2e90a5854757270e04cb2db51876407574ac19e4,booster,bundle:models.tar,
compact_somalia_original,results/experiments/compact_climate_weather_oracle_v1_somalia_local/runs/compact_weather_oracle/6m/batches/2022/model_phase5_worse.ubj,163685,68a0af0a00754ab03b59d12389214f8a020a671ef2ee48c5550f5abf609f6ec5,booster,bundle:models.tar,
compact_somalia_original,results/experiments/compact_climate_weather_oracle_v1_somalia_local/runs/compact_weather_oracle/6m/batches/2022/predictions.csv,312795,224082f1869780c227279018cb7b61581646f49f7a08f2b5376867f2781e9fba,predictions,archive:predictions,
compact_somalia_original,results/experiments/compact_climate_weather_oracle_v1_somalia_local/runs/compact_weather_oracle/6m/batches/2023/batch_record.json,1468,42f213a5de997f53404d9c0a1e4e7b61f1c715158effd0c80db347df877fdf37,model_recipe_member,bundle:models.tar,
compact_somalia_original,results/experiments/compact_climate_weather_oracle_v1_somalia_local/runs/compact_weather_oracle/6m/batches/2023/fit_keys.csv.gz,4777,3fbd327d91739001dfedeaeb4abbd093b67b4a3d7b69de92a367bcf63478d8c9,model_recipe_member,bundle:models.tar,
compact_somalia_original,results/experiments/compact_climate_weather_oracle_v1_somalia_local/runs/compact_weather_oracle/6m/batches/2023/model_phase2_worse.ubj,1637894,b5e4629003a0beb60423799b470e13048c0c2b231f530170b72ca9e789dbc0d7,booster,bundle:models.tar,
compact_somalia_original,results/experiments/compact_climate_weather_oracle_v1_somalia_local/runs/compact_weather_oracle/6m/batches/2023/model_phase3_worse.ubj,183625,f043319a428a5ca68ff2ca9c624c634e629be122b8be48d60b0bfe819e9f750d,booster,bundle:models.tar,
compact_somalia_original,results/experiments/compact_climate_weather_oracle_v1_somalia_local/runs/compact_weather_oracle/6m/batches/2023/model_phase4_worse.ubj,1101612,e956f56607cf324f1b46eada02f19c4df72a1b8c9ca3e4bd0cb3c26257867bff,booster,bundle:models.tar,
compact_somalia_original,results/experiments/compact_climate_weather_oracle_v1_somalia_local/runs/compact_weather_oracle/6m/batches/2023/model_phase5_worse.ubj,334100,65743e7d64665fc49bb9946409598658ee158291e4088f7f591e8460adac3f79,booster,bundle:models.tar,
compact_somalia_original,results/experiments/compact_climate_weather_oracle_v1_somalia_local/runs/compact_weather_oracle/6m/batches/2023/predictions.csv,323107,cf041dfda8df5c6a627dae4d68b06cf5ce687b368f8d70215a7bd23792e11e1f,predictions,archive:predictions,
compact_somalia_original,results/experiments/compact_climate_weather_oracle_v1_somalia_local/runs/compact_weather_oracle/6m/batches/2024/batch_record.json,1452,f867c05860b8ef40782e5293fd3163a93fa2a46b5ed5b7e526cc3dc74081478f,model_recipe_member,bundle:models.tar,
compact_somalia_original,results/experiments/compact_climate_weather_oracle_v1_somalia_local/runs/compact_weather_oracle/6m/batches/2024/fit_keys.csv.gz,8913,4826b30b1bdb08ece005231ca050729db6568a0fb3a22821312e0364f0077feb,model_recipe_member,bundle:models.tar,
compact_somalia_original,results/experiments/compact_climate_weather_oracle_v1_somalia_local/runs/compact_weather_oracle/6m/batches/2024/model_phase2_worse.ubj,2773376,079e30b2b6d5bb8b801c86f8ddbd88684b2dd02bac2f703f131942d65f65f126,booster,bundle:models.tar,
compact_somalia_original,results/experiments/compact_climate_weather_oracle_v1_somalia_local/runs/compact_weather_oracle/6m/batches/2024/model_phase3_worse.ubj,217102,bfd30c0559965515e0855117a31d46ea8ed6991ac70973823adf11fc060345f7,booster,bundle:models.tar,
compact_somalia_original,results/experiments/compact_climate_weather_oracle_v1_somalia_local/runs/compact_weather_oracle/6m/batches/2024/model_phase4_worse.ubj,2064193,1d4aed3a57488c0ee90ce9c494ff94a68d7872e138f86552d0b7fe4a7fba21ef,booster,bundle:models.tar,
compact_somalia_original,results/experiments/compact_climate_weather_oracle_v1_somalia_local/runs/compact_weather_oracle/6m/batches/2024/model_phase5_worse.ubj,616714,e2b3034d5eb35d02a6ccc53500517c1d33b4a998932421c2378bb5702ea34b9e,booster,bundle:models.tar,
compact_somalia_original,results/experiments/compact_climate_weather_oracle_v1_somalia_local/runs/compact_weather_oracle/6m/batches/2024/predictions.csv,182943,5908f09eadbe0a64a32a76e0b647502e84590ee10c9c811422a42838e213c8db,predictions,archive:predictions,
compact_somalia_original,results/experiments/compact_climate_weather_oracle_v1_somalia_local/runs/compact_weather_oracle/6m/batches/2025/batch_record.json,1484,05bb93b8d9abd9c002cf40602f87baae4ee3806460531d9de3c1e72fd12770c4,model_recipe_member,bundle:models.tar,
compact_somalia_original,results/experiments/compact_climate_weather_oracle_v1_somalia_local/runs/compact_weather_oracle/6m/batches/2025/fit_keys.csv.gz,12559,5133a7edfdd05b17bd6882dc601bff8ee7684ce3e68b0a4a5d0098a305cb9b97,model_recipe_member,bundle:models.tar,
compact_somalia_original,results/experiments/compact_climate_weather_oracle_v1_somalia_local/runs/compact_weather_oracle/6m/batches/2025/model_phase2_worse.ubj,3328392,5eb6768a055d170ddef490592746a26541f4c18b967fac508d888f9c25d2be8c,booster,bundle:models.tar,
compact_somalia_original,results/experiments/compact_climate_weather_oracle_v1_somalia_local/runs/compact_weather_oracle/6m/batches/2025/model_phase3_worse.ubj,214852,468ed88444aa27931c9e8f7a0812528fdc68850c499add9a0d16d1a254d03fe2,booster,bundle:models.tar,
compact_somalia_original,results/experiments/compact_climate_weather_oracle_v1_somalia_local/runs/compact_weather_oracle/6m/batches/2025/model_phase4_worse.ubj,2914803,05d97cbe20b94536e3bacdbf2a90e27597e8a4a18e6a7eb03d123cb66b1f5a30,booster,bundle:models.tar,
compact_somalia_original,results/experiments/compact_climate_weather_oracle_v1_somalia_local/runs/compact_weather_oracle/6m/batches/2025/model_phase5_worse.ubj,628891,5f12909950fb6e9e379e7d4fc3fbe22efc73bed7e3671819b149c9dd8647eb91,booster,bundle:models.tar,
compact_somalia_original,results/experiments/compact_climate_weather_oracle_v1_somalia_local/runs/compact_weather_oracle/6m/batches/2025/predictions.csv,489921,ea8543267fb02d2c7d976021d76954025854395dbea93eba05a5920e48d38d06,predictions,archive:predictions,
compact_somalia_original,results/experiments/compact_climate_weather_oracle_v1_somalia_local/runs/compact_weather_oracle/6m/metrics/metrics_overall.csv,1560,f2d9c388b44131f768262df36f117b8d2718ffa37134b86cfbe796c17090e843,metric_or_report,archive:metrics (values extracted by explicit field selection),
compact_somalia_original,results/experiments/compact_climate_weather_oracle_v1_somalia_local/runs/compact_weather_oracle/6m/predictions/predictions_2022.csv,312795,224082f1869780c227279018cb7b61581646f49f7a08f2b5376867f2781e9fba,predictions,archive:predictions,
compact_somalia_original,results/experiments/compact_climate_weather_oracle_v1_somalia_local/runs/compact_weather_oracle/6m/predictions/predictions_2023.csv,323107,cf041dfda8df5c6a627dae4d68b06cf5ce687b368f8d70215a7bd23792e11e1f,predictions,archive:predictions,
compact_somalia_original,results/experiments/compact_climate_weather_oracle_v1_somalia_local/runs/compact_weather_oracle/6m/predictions/predictions_2024.csv,182943,5908f09eadbe0a64a32a76e0b647502e84590ee10c9c811422a42838e213c8db,predictions,archive:predictions,
compact_somalia_original,results/experiments/compact_climate_weather_oracle_v1_somalia_local/runs/compact_weather_oracle/6m/predictions/predictions_2025.csv,489921,ea8543267fb02d2c7d976021d76954025854395dbea93eba05a5920e48d38d06,predictions,archive:predictions,
compact_somalia_original,results/experiments/compact_climate_weather_oracle_v1_somalia_local/verification/verification.json,96467,01751ac0652cff8fe950fbba1b89f88937d1a61c73d8124702ca8dbb85fdaa31,metric_or_report,archive:metrics (values extracted by explicit field selection),
compact_global_2026_extension,results/experiments/compact_climate_weather_oracle_eval_2026_jan_apr_v1/inputs/coverage_by_month_2026.csv,410,77aa091b44541a33a4605aaf365f963886f955d703b5b28934c760cfd6f5120c,ledger_or_check,archive:ledgers,
compact_global_2026_extension,results/experiments/compact_climate_weather_oracle_eval_2026_jan_apr_v1/inputs/eval_keys_2026_jan_apr.csv,51384,8c9b4fb00626de02b4459788c277825627ed45f4313a935cb043b3aaf1e63bb2,ledger_or_check,archive:ledgers,
compact_global_2026_extension,results/experiments/compact_climate_weather_oracle_eval_2026_jan_apr_v1/inputs/extension_manifest.json,14344,913fae43952ced0982a77abc6fe97b3a0325ac7bf8bfae8f2c98380fb766ab70,ledger_or_check,archive:ledgers,
compact_global_2026_extension,results/experiments/compact_climate_weather_oracle_eval_2026_jan_apr_v1/inputs/fit_valid_keys.csv,665032,a3d8e5613608278e194518e6b1055e1ee1a06f6698b155f17f7d3e0bc8015111,ledger_or_check,archive:ledgers,
compact_global_2026_extension,results/experiments/compact_climate_weather_oracle_eval_2026_jan_apr_v1/inputs/approved_spec/approval.md,1829,7f2f7e127d7f5562aa10fcb03d30e352dc0497188596e935815006fac54f0897,approved_spec_copy,archive:inputs,
compact_global_2026_extension,results/experiments/compact_climate_weather_oracle_eval_2026_jan_apr_v1/inputs/approved_spec/design.md,13440,455d622c5109d11fb2d485dc95be90dc29857d6d902b7d56c56cf604660aa48d,approved_spec_copy,archive:inputs,
compact_global_2026_extension,results/experiments/compact_climate_weather_oracle_eval_2026_jan_apr_v1/inputs/approved_spec/expected_runs.csv,1322,18852d18331fec2b35a5a09729b499ff19aeab4d83d10e4ba5ed71879444df09,approved_spec_copy,archive:inputs,
compact_global_2026_extension,results/experiments/compact_climate_weather_oracle_eval_2026_jan_apr_v1/inputs/approved_spec/implement.md,10706,c5dc3ff6b94caec826c8b3c35a8890d69a3d9c3eb400c62ad95c520401a1cb1b,approved_spec_copy,archive:inputs,
compact_global_2026_extension,results/experiments/compact_climate_weather_oracle_eval_2026_jan_apr_v1/inputs/approved_spec/prd.md,12554,5ca30fade877dacf20e63b7bfe00036be2fd642b3652cc77e7287cb651639835,approved_spec_copy,archive:inputs,
compact_global_2026_extension,results/experiments/compact_climate_weather_oracle_eval_2026_jan_apr_v1/inputs/approved_spec/research/contracts.md,9503,168558328805dfc4edac40f7b56d4ad32d5f715f0ce2ec3212b8995a750e8edf,approved_spec_copy,archive:inputs,
compact_global_2026_extension,results/experiments/compact_climate_weather_oracle_eval_2026_jan_apr_v1/preflight/protected_inventory_before.csv,255205,c9720c511b2a097f3fea46db1bec543a853d6d0b170600b6d74905f03f78b920,ledger_or_check,archive:ledgers,climate2015
compact_global_2026_extension,results/experiments/compact_climate_weather_oracle_eval_2026_jan_apr_v1/report/all_metrics_long.csv,548774,187ecac1310374e99c20873cf8caba73ea07b1c267ee7e96bb00f0df724f4866,metric_or_report,archive:metrics (values extracted by explicit field selection),
compact_global_2026_extension,results/experiments/compact_climate_weather_oracle_eval_2026_jan_apr_v1/report/comparison_metadata.json,10071,a5d0a2f04e3c81cdba76f106b342fdab32b7a1f1a2dfe54dfeb1f6ce3129f401,metric_or_report,archive:metrics (values extracted by explicit field selection),
compact_global_2026_extension,results/experiments/compact_climate_weather_oracle_eval_2026_jan_apr_v1/report/coverage_by_month.csv,410,77aa091b44541a33a4605aaf365f963886f955d703b5b28934c760cfd6f5120c,metric_or_report,archive:metrics (values extracted by explicit field selection),
compact_global_2026_extension,results/experiments/compact_climate_weather_oracle_eval_2026_jan_apr_v1/report/global_deltas.csv,28985,cd8e572a0e20ff6f43bea5e52021d422a9b15bc7fcdbfde0e67ed0a289d921d1,metric_or_report,archive:metrics (values extracted by explicit field selection),
compact_global_2026_extension,results/experiments/compact_climate_weather_oracle_eval_2026_jan_apr_v1/report/global_metrics.csv,55075,bf04f11f5b27bf772b22a5a91d026166193e58f6120d46b7eb609bced7b89035,metric_or_report,archive:metrics (values extracted by explicit field selection),
compact_global_2026_extension,results/experiments/compact_climate_weather_oracle_eval_2026_jan_apr_v1/report/regional_deltas.csv,258690,0790b6dac0e3a7db00b51201d3d8d23d9f4cf2adb50d0094945f865010f1b033,metric_or_report,archive:metrics (values extracted by explicit field selection),
compact_global_2026_extension,results/experiments/compact_climate_weather_oracle_eval_2026_jan_apr_v1/report/regional_metrics.csv,493878,8211a32f2c13b0d247d53183eb7f4d896985f873dced7de3ab7b5e331d8b69a3,metric_or_report,archive:metrics (values extracted by explicit field selection),
compact_global_2026_extension,results/experiments/compact_climate_weather_oracle_eval_2026_jan_apr_v1/report/undefined_reasons.csv,501,f0ede90ea9de6140812727d9dc8042ea5aca29e1e055f5ddc4f96dfc0d0309b1,metric_or_report,archive:metrics (values extracted by explicit field selection),
compact_global_2026_extension,results/experiments/compact_climate_weather_oracle_eval_2026_jan_apr_v1/runs/compact_baseline/0m/run_metadata.json,28698,c185c940fa9043c1a2cbd243cc587d71aa819af3438077ffed37109f9245c49b,model_recipe_member,bundle:models.tar,climate2015
compact_global_2026_extension,results/experiments/compact_climate_weather_oracle_eval_2026_jan_apr_v1/runs/compact_baseline/0m/batches/2026/batch_record.json,1481,ac82c7e96f2b9e8fce8c78ab1fde65ba866415bf97194af993adc15ee93d0ad1,model_recipe_member,bundle:models.tar,
compact_global_2026_extension,results/experiments/compact_climate_weather_oracle_eval_2026_jan_apr_v1/runs/compact_baseline/0m/batches/2026/fit_keys.csv.gz,147729,daba896760119a0cc37f4ea5c3947893f6c09e30c13463231b6298db9b53e872,model_recipe_member,bundle:models.tar,
compact_global_2026_extension,results/experiments/compact_climate_weather_oracle_eval_2026_jan_apr_v1/runs/compact_baseline/0m/batches/2026/model_phase2_worse.ubj,9470275,305e50e60388f4b151be6f1f9a26cdf1c02258dd4e59f03cc6405289a2996369,booster,bundle:models.tar,
compact_global_2026_extension,results/experiments/compact_climate_weather_oracle_eval_2026_jan_apr_v1/runs/compact_baseline/0m/batches/2026/model_phase3_worse.ubj,297068,63223820a8c4c7605b4c94f6c778d01c665601176fe84f70cb57f47bf9c5d599,booster,bundle:models.tar,
compact_global_2026_extension,results/experiments/compact_climate_weather_oracle_eval_2026_jan_apr_v1/runs/compact_baseline/0m/batches/2026/model_phase4_worse.ubj,6929610,bd3beb21cb914c3b1ad94a3d98780c6e7ab0712dd412c9c3829ebd09bf77ce85,booster,bundle:models.tar,
compact_global_2026_extension,results/experiments/compact_climate_weather_oracle_eval_2026_jan_apr_v1/runs/compact_baseline/0m/batches/2026/model_phase5_worse.ubj,1030025,20497dcfdf258ee825eab2dc3aca233577f1f3a7e71b1f1bd6543108593afbac,booster,bundle:models.tar,
compact_global_2026_extension,results/experiments/compact_climate_weather_oracle_eval_2026_jan_apr_v1/runs/compact_baseline/0m/batches/2026/predictions.csv,1101945,5831c2a412b3be5ae1693e54adf9313438c64e0b4db95f5542743640c048543d,predictions,archive:predictions,
compact_global_2026_extension,results/experiments/compact_climate_weather_oracle_eval_2026_jan_apr_v1/runs/compact_baseline/0m/predictions/predictions_2022_2026.csv,8323768,c9132a555a9c3f0f0f22116e73b43e3a26cd33d7a64be50091f32428afcf61c5,predictions,archive:predictions,
compact_global_2026_extension,results/experiments/compact_climate_weather_oracle_eval_2026_jan_apr_v1/runs/compact_baseline/12m/run_metadata.json,28712,96e41c731bc095a2bbb9b81cdd2a4a082281e92babb802ba68a4935f45b90ee8,model_recipe_member,bundle:models.tar,climate2015
compact_global_2026_extension,results/experiments/compact_climate_weather_oracle_eval_2026_jan_apr_v1/runs/compact_baseline/12m/batches/2026/batch_record.json,1482,59cf339996f9a0181362882329dcf9f2ca06ebf86298442bd26b5e1b3d29a9aa,model_recipe_member,bundle:models.tar,
compact_global_2026_extension,results/experiments/compact_climate_weather_oracle_eval_2026_jan_apr_v1/runs/compact_baseline/12m/batches/2026/fit_keys.csv.gz,119433,671e1f47c74a699b860180fb880cf8507b985fc9488f7ceef235f1e71d64b13a,model_recipe_member,bundle:models.tar,
compact_global_2026_extension,results/experiments/compact_climate_weather_oracle_eval_2026_jan_apr_v1/runs/compact_baseline/12m/batches/2026/model_phase2_worse.ubj,9151617,25ce1951d337f00367027246bd947669782d5579dfced1b29d1243ad09b9828c,booster,bundle:models.tar,
compact_global_2026_extension,results/experiments/compact_climate_weather_oracle_eval_2026_jan_apr_v1/runs/compact_baseline/12m/batches/2026/model_phase3_worse.ubj,285833,0ea12a02f6fa1a38492cc36a183c8d7171879a03f54adc74c613e61762c22651,booster,bundle:models.tar,
compact_global_2026_extension,results/experiments/compact_climate_weather_oracle_eval_2026_jan_apr_v1/runs/compact_baseline/12m/batches/2026/model_phase4_worse.ubj,6584276,5cf4b96409cc99398bfabbe1d2909b3c66182c6dcdb5336d2b079f79ddb8d1d8,booster,bundle:models.tar,
compact_global_2026_extension,results/experiments/compact_climate_weather_oracle_eval_2026_jan_apr_v1/runs/compact_baseline/12m/batches/2026/model_phase5_worse.ubj,1116160,163195f2457e794dbb910058e2447d9f12c7556554277c7d45d1dd8bc526ad70,booster,bundle:models.tar,
compact_global_2026_extension,results/experiments/compact_climate_weather_oracle_eval_2026_jan_apr_v1/runs/compact_baseline/12m/batches/2026/predictions.csv,1104081,c1bbc746dfcfa6fec56ee119e81a9e1b13c5a4e495dc38983d2e41b45ced82ff,predictions,archive:predictions,
compact_global_2026_extension,results/experiments/compact_climate_weather_oracle_eval_2026_jan_apr_v1/runs/compact_baseline/12m/predictions/predictions_2022_2026.csv,8361056,45a7de672b16bf1fafa853753225a26c0bfa4590621b720d324bf9b55f686813,predictions,archive:predictions,
compact_global_2026_extension,results/experiments/compact_climate_weather_oracle_eval_2026_jan_apr_v1/runs/compact_baseline/3m/run_metadata.json,28698,f050efcb3f5fe62b83566345eac4b0227d4bd93fc3f8128a14c8f0f6082b6f23,model_recipe_member,bundle:models.tar,climate2015
compact_global_2026_extension,results/experiments/compact_climate_weather_oracle_eval_2026_jan_apr_v1/runs/compact_baseline/3m/batches/2026/batch_record.json,1481,3d058435ad47023bf4d1e1c28e243f8120823c9b276a37fa431f03c97b65c7f7,model_recipe_member,bundle:models.tar,
compact_global_2026_extension,results/experiments/compact_climate_weather_oracle_eval_2026_jan_apr_v1/runs/compact_baseline/3m/batches/2026/fit_keys.csv.gz,146189,1963a1fa2663ac9464a207c38a3163a3eb9c789b6cbbd47a00f4277be427bc4a,model_recipe_member,bundle:models.tar,
compact_global_2026_extension,results/experiments/compact_climate_weather_oracle_eval_2026_jan_apr_v1/runs/compact_baseline/3m/batches/2026/model_phase2_worse.ubj,9428246,6370a87666a1efff4f7d5df1486625afeebccb414f975da9c4222e09944373f8,booster,bundle:models.tar,
compact_global_2026_extension,results/experiments/compact_climate_weather_oracle_eval_2026_jan_apr_v1/runs/compact_baseline/3m/batches/2026/model_phase3_worse.ubj,313119,ec87f9cd7f6328d8d9a6bb01973eced3880fea204d228e249c52ccaccbd13e4c,booster,bundle:models.tar,
compact_global_2026_extension,results/experiments/compact_climate_weather_oracle_eval_2026_jan_apr_v1/runs/compact_baseline/3m/batches/2026/model_phase4_worse.ubj,6735389,d8524b4b0f7976c2bc21ec3d250006462fbd0bd25d569227daf7239b0b4af517,booster,bundle:models.tar,
compact_global_2026_extension,results/experiments/compact_climate_weather_oracle_eval_2026_jan_apr_v1/runs/compact_baseline/3m/batches/2026/model_phase5_worse.ubj,1098729,3dd48dfc90ff71b74475c8d76e2ff4ab06b44d86bf0ccaf3d548d8eda2267ac2,booster,bundle:models.tar,
compact_global_2026_extension,results/experiments/compact_climate_weather_oracle_eval_2026_jan_apr_v1/runs/compact_baseline/3m/batches/2026/predictions.csv,1104021,42edef186ce39614aab93256c56752d7899066a81970460610d9e4f7f6ab4edc,predictions,archive:predictions,
compact_global_2026_extension,results/experiments/compact_climate_weather_oracle_eval_2026_jan_apr_v1/runs/compact_baseline/3m/predictions/predictions_2022_2026.csv,8335007,9985a7d5e04251d9e1f067b917172291aa4c975f0d6a6c75c2dccbd55a17266d,predictions,archive:predictions,
compact_global_2026_extension,results/experiments/compact_climate_weather_oracle_eval_2026_jan_apr_v1/runs/compact_baseline/6m/run_metadata.json,28698,ef1a2df924ad8a5d4dc318e38b3544de77e670a711ad83aea53b2cf34647c9ac,model_recipe_member,bundle:models.tar,climate2015
compact_global_2026_extension,results/experiments/compact_climate_weather_oracle_eval_2026_jan_apr_v1/runs/compact_baseline/6m/batches/2026/batch_record.json,1481,d10c6d847dfd632346a5de3241afc3d809e1100f1a19b35dd345dab94f92e472,model_recipe_member,bundle:models.tar,
compact_global_2026_extension,results/experiments/compact_climate_weather_oracle_eval_2026_jan_apr_v1/runs/compact_baseline/6m/batches/2026/fit_keys.csv.gz,130651,6c04ab6ff773df2224e152cd8d2c39c57ef09e2851b0e47b708e0af91ac6eea1,model_recipe_member,bundle:models.tar,
compact_global_2026_extension,results/experiments/compact_climate_weather_oracle_eval_2026_jan_apr_v1/runs/compact_baseline/6m/batches/2026/model_phase2_worse.ubj,9277090,1f05caa78ddb237957b339153636f5035e5c1a1f87ed83f94628aaac90abb84c,booster,bundle:models.tar,
compact_global_2026_extension,results/experiments/compact_climate_weather_oracle_eval_2026_jan_apr_v1/runs/compact_baseline/6m/batches/2026/model_phase3_worse.ubj,302846,0c09c395b1dbdeb535430cb79e62fe3b474115f5adb910f30112b591ba756555,booster,bundle:models.tar,
compact_global_2026_extension,results/experiments/compact_climate_weather_oracle_eval_2026_jan_apr_v1/runs/compact_baseline/6m/batches/2026/model_phase4_worse.ubj,6454819,7a914ad0dc4202c4e22dc4c4cf9c9b976e315769545a3bbb73bdcb877da887f2,booster,bundle:models.tar,
compact_global_2026_extension,results/experiments/compact_climate_weather_oracle_eval_2026_jan_apr_v1/runs/compact_baseline/6m/batches/2026/model_phase5_worse.ubj,1087703,7a6807c04810c7854dda2e316fde82c1df9190f5503454fc13bf5158c8e2c8f6,booster,bundle:models.tar,
compact_global_2026_extension,results/experiments/compact_climate_weather_oracle_eval_2026_jan_apr_v1/runs/compact_baseline/6m/batches/2026/predictions.csv,1095494,12c32fc7aa8117dc87d831831b60d998dbbdfd49e64cafcbfb8cd2f33c51feeb,predictions,archive:predictions,
compact_global_2026_extension,results/experiments/compact_climate_weather_oracle_eval_2026_jan_apr_v1/runs/compact_baseline/6m/predictions/predictions_2022_2026.csv,8321229,4720dc2fbc4ff91fee8e34367c4de1fd8e68a639191fa37142e33ad3557d4d2e,predictions,archive:predictions,
compact_global_2026_extension,results/experiments/compact_climate_weather_oracle_eval_2026_jan_apr_v1/runs/compact_weather_oracle/12m/run_metadata.json,29386,65e7540fa74c89b4f9e96e23b4114efb7659f0728fca1aaa06f22b6f4fb48420,model_recipe_member,bundle:models.tar,climate2015
compact_global_2026_extension,results/experiments/compact_climate_weather_oracle_eval_2026_jan_apr_v1/runs/compact_weather_oracle/12m/batches/2026/batch_record.json,1487,5b5e303ab892c45483e0549a06ff90a13f0a1514e9b27adbdb3bd3d9d0bf9fa6,model_recipe_member,bundle:models.tar,
compact_global_2026_extension,results/experiments/compact_climate_weather_oracle_eval_2026_jan_apr_v1/runs/compact_weather_oracle/12m/batches/2026/fit_keys.csv.gz,119433,ecb67315f815440d57f69c1a40e532d0c27b18c2f11cf2c3d0e4791ff0877ecf,model_recipe_member,bundle:models.tar,
compact_global_2026_extension,results/experiments/compact_climate_weather_oracle_eval_2026_jan_apr_v1/runs/compact_weather_oracle/12m/batches/2026/model_phase2_worse.ubj,9016377,bbc8d2dd67a4df844c6a6ef0574f95c65ce232a7b153eb27f284d0992d8d3a90,booster,bundle:models.tar,
compact_global_2026_extension,results/experiments/compact_climate_weather_oracle_eval_2026_jan_apr_v1/runs/compact_weather_oracle/12m/batches/2026/model_phase3_worse.ubj,284764,7b59b201ca3ad03f177812c90dd6015ef6693663056f42cd50f1c15bc70897a5,booster,bundle:models.tar,
compact_global_2026_extension,results/experiments/compact_climate_weather_oracle_eval_2026_jan_apr_v1/runs/compact_weather_oracle/12m/batches/2026/model_phase4_worse.ubj,6826048,95a982fc30186f6f8d9a43ad188a8ce904f3a2b8dcba3c740f9d6c2d27f0d27c,booster,bundle:models.tar,
compact_global_2026_extension,results/experiments/compact_climate_weather_oracle_eval_2026_jan_apr_v1/runs/compact_weather_oracle/12m/batches/2026/model_phase5_worse.ubj,1058973,c34edc73e1a7089bc6b9b830f58b1d64d258cc43d37bb10a859c6825c9bb702c,booster,bundle:models.tar,
compact_global_2026_extension,results/experiments/compact_climate_weather_oracle_eval_2026_jan_apr_v1/runs/compact_weather_oracle/12m/batches/2026/predictions.csv,1130469,71f24397760aaf5e43b756f5ec26fecfe2bd29629474f3bfbe6de5388759f2fe,predictions,archive:predictions,
compact_global_2026_extension,results/experiments/compact_climate_weather_oracle_eval_2026_jan_apr_v1/runs/compact_weather_oracle/12m/predictions/predictions_2022_2026.csv,8558051,b3f10bb309db01bdd0c92034ea3126c5ec1cee4af80d317d05b1c5cc662263df,predictions,archive:predictions,
compact_global_2026_extension,results/experiments/compact_climate_weather_oracle_eval_2026_jan_apr_v1/runs/compact_weather_oracle/3m/run_metadata.json,29124,5c55a608548ce359cda95ff081431288a188a3ed81edcd5fba7741b58f1658fd,model_recipe_member,bundle:models.tar,climate2015
compact_global_2026_extension,results/experiments/compact_climate_weather_oracle_eval_2026_jan_apr_v1/runs/compact_weather_oracle/3m/batches/2026/batch_record.json,1487,d33065254f7faf5c5841e3bd628a2fd23866230f3265889ef0b214e8a784cbc8,model_recipe_member,bundle:models.tar,
compact_global_2026_extension,results/experiments/compact_climate_weather_oracle_eval_2026_jan_apr_v1/runs/compact_weather_oracle/3m/batches/2026/fit_keys.csv.gz,146189,89fe7782561a70a513edfef15a863146128b579d867b7a82b81f350634e24b15,model_recipe_member,bundle:models.tar,
compact_global_2026_extension,results/experiments/compact_climate_weather_oracle_eval_2026_jan_apr_v1/runs/compact_weather_oracle/3m/batches/2026/model_phase2_worse.ubj,9748410,af9603ce15f1d80b02a257fa81b98001b4193601125bbfd02269edbd7b4cd023,booster,bundle:models.tar,
compact_global_2026_extension,results/experiments/compact_climate_weather_oracle_eval_2026_jan_apr_v1/runs/compact_weather_oracle/3m/batches/2026/model_phase3_worse.ubj,317620,e03603fa7cf1609b717d0966d933440a89aeabaad99db43d8041ed6f246e529c,booster,bundle:models.tar,
compact_global_2026_extension,results/experiments/compact_climate_weather_oracle_eval_2026_jan_apr_v1/runs/compact_weather_oracle/3m/batches/2026/model_phase4_worse.ubj,6719696,47c20f0c1c6c3cd676f0813c6071414314f62ecb03e68a2a4c4140e0a806afda,booster,bundle:models.tar,
compact_global_2026_extension,results/experiments/compact_climate_weather_oracle_eval_2026_jan_apr_v1/runs/compact_weather_oracle/3m/batches/2026/model_phase5_worse.ubj,1130035,379c451c6c312496c66c4f2a7fbb1e06bfbbaa75b956d94cb1494c540e284677,booster,bundle:models.tar,
compact_global_2026_extension,results/experiments/compact_climate_weather_oracle_eval_2026_jan_apr_v1/runs/compact_weather_oracle/3m/batches/2026/predictions.csv,1129125,5b8413c18bf20ae0f1d05e25cd35b2b5e5a7dba8eabb4c5d2d77f6fd5ed3168a,predictions,archive:predictions,
compact_global_2026_extension,results/experiments/compact_climate_weather_oracle_eval_2026_jan_apr_v1/runs/compact_weather_oracle/3m/predictions/predictions_2022_2026.csv,8530308,0c8356ea52b35106dd9bc105420c08f93115e5754e107b009da76bb6fc537656,predictions,archive:predictions,
compact_global_2026_extension,results/experiments/compact_climate_weather_oracle_eval_2026_jan_apr_v1/runs/compact_weather_oracle/6m/run_metadata.json,29373,98bed27f94dd7392c5a33b62ca3da1580a54badfdbead2f95e11d2abd92ffa8a,model_recipe_member,bundle:models.tar,climate2015
compact_global_2026_extension,results/experiments/compact_climate_weather_oracle_eval_2026_jan_apr_v1/runs/compact_weather_oracle/6m/batches/2026/batch_record.json,1487,ecf4d7ed2570d0fb342aabbf20dfa88c67915a21945905f32e9ce6f32fb1b3d2,model_recipe_member,bundle:models.tar,
compact_global_2026_extension,results/experiments/compact_climate_weather_oracle_eval_2026_jan_apr_v1/runs/compact_weather_oracle/6m/batches/2026/fit_keys.csv.gz,130651,333b154c473b74cc7f052911b60dd1ac4fd8ef300148ec3886de40250bbdc8b4,model_recipe_member,bundle:models.tar,
compact_global_2026_extension,results/experiments/compact_climate_weather_oracle_eval_2026_jan_apr_v1/runs/compact_weather_oracle/6m/batches/2026/model_phase2_worse.ubj,9103637,d3bf323dd2629981e6881564afa404d15712c735daba57ef5510ab0513eefa14,booster,bundle:models.tar,
compact_global_2026_extension,results/experiments/compact_climate_weather_oracle_eval_2026_jan_apr_v1/runs/compact_weather_oracle/6m/batches/2026/model_phase3_worse.ubj,300969,3884ddb8f04dee1356611e39ded9629144c36e0cbd81a8cf85d6f9480a8cb0a5,booster,bundle:models.tar,
compact_global_2026_extension,results/experiments/compact_climate_weather_oracle_eval_2026_jan_apr_v1/runs/compact_weather_oracle/6m/batches/2026/model_phase4_worse.ubj,6769017,9c67b59682365b559acb48941bb2379e2c6d02f544a4d7d8aede2cb1e9244727,booster,bundle:models.tar,
compact_global_2026_extension,results/experiments/compact_climate_weather_oracle_eval_2026_jan_apr_v1/runs/compact_weather_oracle/6m/batches/2026/model_phase5_worse.ubj,1059983,70510e74cddc91d0e6486a1425f510210bbe721dc676b40b514b8ff7f939ed65,booster,bundle:models.tar,
compact_global_2026_extension,results/experiments/compact_climate_weather_oracle_eval_2026_jan_apr_v1/runs/compact_weather_oracle/6m/batches/2026/predictions.csv,1120977,d67498cca9bfa818c49351daba1469bea12162d77e171cda1e860999b0f748e6,predictions,archive:predictions,
compact_global_2026_extension,results/experiments/compact_climate_weather_oracle_eval_2026_jan_apr_v1/runs/compact_weather_oracle/6m/predictions/predictions_2022_2026.csv,8516472,5c7e0ce7b01f69da55456ee2bff2660d99a6d6024fb7e0873084bc9541a46d76,predictions,archive:predictions,
compact_global_2026_extension,results/experiments/compact_climate_weather_oracle_eval_2026_jan_apr_v1/verification/artifact_inventory.csv,25860,a5ba615ca986051be274a87a9d0ce9f1f4bc501c6e7a8a489f42ad1536f6db39,ledger_or_check,archive:ledgers,
compact_global_2026_extension,results/experiments/compact_climate_weather_oracle_eval_2026_jan_apr_v1/verification/verification_summary.json,2653,8dee633fa0dc6db73223ec85993a52ca03206cb8b88fd9063c4d1e14fd678e72,ledger_or_check,archive:ledgers,
compact_somalia_2026_extension,results/experiments/compact_climate_weather_oracle_eval_2026_jan_apr_v1_somalia_local/inputs/coverage_by_month_2026.csv,192,4c2f467b4427f82349f603098e15f17f620783b008126b77b0daf1b4e2b97cfe,ledger_or_check,archive:ledgers,
compact_somalia_2026_extension,results/experiments/compact_climate_weather_oracle_eval_2026_jan_apr_v1_somalia_local/inputs/eval_keys_2026_jan_apr.csv,10879,327ce47931cb6226b802ae51e6b075c250a4da22461381e30a583179c06963e6,ledger_or_check,archive:ledgers,
compact_somalia_2026_extension,results/experiments/compact_climate_weather_oracle_eval_2026_jan_apr_v1_somalia_local/inputs/extension_manifest.json,14158,bce554fbbbac4d43d82a866c430c3fe4192baad59cdb103dc4e86c8c5bfe75ae,ledger_or_check,archive:ledgers,
compact_somalia_2026_extension,results/experiments/compact_climate_weather_oracle_eval_2026_jan_apr_v1_somalia_local/inputs/fit_valid_keys.csv,82317,d40480181c118745800ccc86a8779f186938d1cf3bcc9304e41ec1b8ec6b9ac9,ledger_or_check,archive:ledgers,
compact_somalia_2026_extension,results/experiments/compact_climate_weather_oracle_eval_2026_jan_apr_v1_somalia_local/inputs/som_membership_area_ids.csv,4533,e7301834714a58114f27fe1e2902b87137e700fc15a87877d4174a5308b94ae7,ledger_or_check,archive:ledgers,
compact_somalia_2026_extension,results/experiments/compact_climate_weather_oracle_eval_2026_jan_apr_v1_somalia_local/inputs/approved_spec/approval.md,1829,7f2f7e127d7f5562aa10fcb03d30e352dc0497188596e935815006fac54f0897,approved_spec_copy,archive:inputs,
compact_somalia_2026_extension,results/experiments/compact_climate_weather_oracle_eval_2026_jan_apr_v1_somalia_local/inputs/approved_spec/design.md,13440,455d622c5109d11fb2d485dc95be90dc29857d6d902b7d56c56cf604660aa48d,approved_spec_copy,archive:inputs,
compact_somalia_2026_extension,results/experiments/compact_climate_weather_oracle_eval_2026_jan_apr_v1_somalia_local/inputs/approved_spec/expected_runs.csv,1322,18852d18331fec2b35a5a09729b499ff19aeab4d83d10e4ba5ed71879444df09,approved_spec_copy,archive:inputs,
compact_somalia_2026_extension,results/experiments/compact_climate_weather_oracle_eval_2026_jan_apr_v1_somalia_local/inputs/approved_spec/implement.md,10706,c5dc3ff6b94caec826c8b3c35a8890d69a3d9c3eb400c62ad95c520401a1cb1b,approved_spec_copy,archive:inputs,
compact_somalia_2026_extension,results/experiments/compact_climate_weather_oracle_eval_2026_jan_apr_v1_somalia_local/inputs/approved_spec/prd.md,12554,5ca30fade877dacf20e63b7bfe00036be2fd642b3652cc77e7287cb651639835,approved_spec_copy,archive:inputs,
compact_somalia_2026_extension,results/experiments/compact_climate_weather_oracle_eval_2026_jan_apr_v1_somalia_local/inputs/approved_spec/research/contracts.md,9503,168558328805dfc4edac40f7b56d4ad32d5f715f0ce2ec3212b8995a750e8edf,approved_spec_copy,archive:inputs,
compact_somalia_2026_extension,results/experiments/compact_climate_weather_oracle_eval_2026_jan_apr_v1_somalia_local/preflight/protected_inventory_before.csv,255205,c9720c511b2a097f3fea46db1bec543a853d6d0b170600b6d74905f03f78b920,ledger_or_check,archive:ledgers,climate2015
compact_somalia_2026_extension,results/experiments/compact_climate_weather_oracle_eval_2026_jan_apr_v1_somalia_local/report/comparison_metadata.json,8720,083598321e374a8ebd0f24c11f0d19ad0c71fbd4fb197a3326e626cc32a92b24,metric_or_report,archive:metrics (values extracted by explicit field selection),
compact_somalia_2026_extension,results/experiments/compact_climate_weather_oracle_eval_2026_jan_apr_v1_somalia_local/report/coverage_by_month.csv,192,4c2f467b4427f82349f603098e15f17f620783b008126b77b0daf1b4e2b97cfe,metric_or_report,archive:metrics (values extracted by explicit field selection),
compact_somalia_2026_extension,results/experiments/compact_climate_weather_oracle_eval_2026_jan_apr_v1_somalia_local/report/som_metrics_long.csv,50503,2b473ba66e0fe6d03d031c75c553377e9aeaef01549a56990effaf63b25759f7,metric_or_report,archive:metrics (values extracted by explicit field selection),
compact_somalia_2026_extension,results/experiments/compact_climate_weather_oracle_eval_2026_jan_apr_v1_somalia_local/report/som_oracle_minus_baseline_deltas.csv,37703,2f753a5cd45e331e1ab16f23dce4909824a5c8ef00a953f318f14539387f4994,metric_or_report,archive:metrics (values extracted by explicit field selection),
compact_somalia_2026_extension,results/experiments/compact_climate_weather_oracle_eval_2026_jan_apr_v1_somalia_local/report/som_undefined_reasons.csv,106,0f5b3a18fca1da4f15307995c35d723c4d5ea009b1194a96f68d27620c010778,metric_or_report,archive:metrics (values extracted by explicit field selection),
compact_somalia_2026_extension,results/experiments/compact_climate_weather_oracle_eval_2026_jan_apr_v1_somalia_local/runs/compact_baseline/0m/run_metadata.json,28992,2e85413bd3e81ce1756392958b56b164ab7c06d67a72bcbe43fe3cd7497e5a08,model_recipe_member,bundle:models.tar,climate2015
compact_somalia_2026_extension,results/experiments/compact_climate_weather_oracle_eval_2026_jan_apr_v1_somalia_local/runs/compact_baseline/0m/batches/2026/batch_record.json,1447,bc67e7009adb1ec0dd81e494131010764b790d5931bf573ac08c91f405b69569,model_recipe_member,bundle:models.tar,
compact_somalia_2026_extension,results/experiments/compact_climate_weather_oracle_eval_2026_jan_apr_v1_somalia_local/runs/compact_baseline/0m/batches/2026/fit_keys.csv.gz,18258,ca32c15501a70306766f91b3805fcf949ae236ce8b52287844a9e087f3c08ec1,model_recipe_member,bundle:models.tar,
compact_somalia_2026_extension,results/experiments/compact_climate_weather_oracle_eval_2026_jan_apr_v1_somalia_local/runs/compact_baseline/0m/batches/2026/model_phase2_worse.ubj,4157037,d174141cc629746b7250b8fd184d5f7d669807ba89f8b6c9fc0ade176c00d6c5,booster,bundle:models.tar,
compact_somalia_2026_extension,results/experiments/compact_climate_weather_oracle_eval_2026_jan_apr_v1_somalia_local/runs/compact_baseline/0m/batches/2026/model_phase3_worse.ubj,192926,47d44831ed7486c164cc3c193f219691b3f68a2d32fb2d4d1c761cf7bb75417a,booster,bundle:models.tar,
compact_somalia_2026_extension,results/experiments/compact_climate_weather_oracle_eval_2026_jan_apr_v1_somalia_local/runs/compact_baseline/0m/batches/2026/model_phase4_worse.ubj,3555160,d37063ffbcaf9b897af34dcf6d08049a6658a4961269b0788827231fdea8cdd2,booster,bundle:models.tar,
compact_somalia_2026_extension,results/experiments/compact_climate_weather_oracle_eval_2026_jan_apr_v1_somalia_local/runs/compact_baseline/0m/batches/2026/model_phase5_worse.ubj,619164,ad750c56d106858624d990e1aa9d5d8620165bfe6f44f452dda399c84f30db56,booster,bundle:models.tar,
compact_somalia_2026_extension,results/experiments/compact_climate_weather_oracle_eval_2026_jan_apr_v1_somalia_local/runs/compact_baseline/0m/batches/2026/predictions.csv,235678,53f012f935a9e5941b4d9fd1db90c89ef84002cc92916ac1ab01370c22b9b0cc,predictions,archive:predictions,
compact_somalia_2026_extension,results/experiments/compact_climate_weather_oracle_eval_2026_jan_apr_v1_somalia_local/runs/compact_baseline/0m/predictions/predictions_2022_2026.csv,1513863,fce689e5b1239db53681fd513fd9f0c9afe3c74bb6f7b9ce3f41e48d8a535d76,predictions,archive:predictions,
compact_somalia_2026_extension,results/experiments/compact_climate_weather_oracle_eval_2026_jan_apr_v1_somalia_local/runs/compact_baseline/12m/run_metadata.json,29006,0305497f6ee82b7f029bcb546736475dc0108eed30af62743432f6a4b95b2de9,model_recipe_member,bundle:models.tar,climate2015
compact_somalia_2026_extension,results/experiments/compact_climate_weather_oracle_eval_2026_jan_apr_v1_somalia_local/runs/compact_baseline/12m/batches/2026/batch_record.json,1448,ccf525cb1ff1be8387a7e82adb981a90885ff101141e5ef9e440838423a81e3a,model_recipe_member,bundle:models.tar,
compact_somalia_2026_extension,results/experiments/compact_climate_weather_oracle_eval_2026_jan_apr_v1_somalia_local/runs/compact_baseline/12m/batches/2026/fit_keys.csv.gz,12521,23aa2d8c6ee9c2b9c9b73bc4825b7fd0f586dd5c4bba74d35e392a415ce70f3c,model_recipe_member,bundle:models.tar,
compact_somalia_2026_extension,results/experiments/compact_climate_weather_oracle_eval_2026_jan_apr_v1_somalia_local/runs/compact_baseline/12m/batches/2026/model_phase2_worse.ubj,3393232,4b32e62e2f36feddf975e582700b4bbaf570e6bc10d46fe75405b703b2ba7979,booster,bundle:models.tar,
compact_somalia_2026_extension,results/experiments/compact_climate_weather_oracle_eval_2026_jan_apr_v1_somalia_local/runs/compact_baseline/12m/batches/2026/model_phase3_worse.ubj,206385,01c0a4e2c4acd88c47f722048dc8d91fbd4f9f66af21773510b3355e593be71e,booster,bundle:models.tar,
compact_somalia_2026_extension,results/experiments/compact_climate_weather_oracle_eval_2026_jan_apr_v1_somalia_local/runs/compact_baseline/12m/batches/2026/model_phase4_worse.ubj,2933600,22c3430bb931a3b43c78c5bb30676c60aacba3c6ede1ac296e9942c6ba6c0726,booster,bundle:models.tar,
compact_somalia_2026_extension,results/experiments/compact_climate_weather_oracle_eval_2026_jan_apr_v1_somalia_local/runs/compact_baseline/12m/batches/2026/model_phase5_worse.ubj,653736,12975261907f9719bc3e873eb3b5019ccdd57520134dd2b8392585ef1dd88158,booster,bundle:models.tar,
compact_somalia_2026_extension,results/experiments/compact_climate_weather_oracle_eval_2026_jan_apr_v1_somalia_local/runs/compact_baseline/12m/batches/2026/predictions.csv,236133,f8034502f980ca057aaa45b05bbca1915253ca422bdf93c336f7418b25b14b21,predictions,archive:predictions,
compact_somalia_2026_extension,results/experiments/compact_climate_weather_oracle_eval_2026_jan_apr_v1_somalia_local/runs/compact_baseline/12m/predictions/predictions_2022_2026.csv,1518992,b49dd4c47fbdba640cab58df662b4dbd4d82cfbbdf85eee3e4d87d2fc3bd032f,predictions,archive:predictions,
compact_somalia_2026_extension,results/experiments/compact_climate_weather_oracle_eval_2026_jan_apr_v1_somalia_local/runs/compact_baseline/3m/run_metadata.json,28992,ceb941132f2111b60ef119c1e64f83661d72e2520b8d272e4a463500d5fcfc3b,model_recipe_member,bundle:models.tar,climate2015
compact_somalia_2026_extension,results/experiments/compact_climate_weather_oracle_eval_2026_jan_apr_v1_somalia_local/runs/compact_baseline/3m/batches/2026/batch_record.json,1447,44e01693243758f0d7d57b9afc6b4150450da8c6abb13d5a190891b37f4754a0,model_recipe_member,bundle:models.tar,
compact_somalia_2026_extension,results/experiments/compact_climate_weather_oracle_eval_2026_jan_apr_v1_somalia_local/runs/compact_baseline/3m/batches/2026/fit_keys.csv.gz,18159,d72ade24e03ad0f1caf32b7ce7ca6d0d70b054d4b2e8bd4d766890cf103b0a72,model_recipe_member,bundle:models.tar,
compact_somalia_2026_extension,results/experiments/compact_climate_weather_oracle_eval_2026_jan_apr_v1_somalia_local/runs/compact_baseline/3m/batches/2026/model_phase2_worse.ubj,4154523,62d784d8d25a0a6af2fbda3e20dade35b777e309adf7152440f60df68861adb1,booster,bundle:models.tar,
compact_somalia_2026_extension,results/experiments/compact_climate_weather_oracle_eval_2026_jan_apr_v1_somalia_local/runs/compact_baseline/3m/batches/2026/model_phase3_worse.ubj,198846,d70121dbd172e46948d213d1ef3ab9fe019a66ef333b53728944e0717b91054a,booster,bundle:models.tar,
compact_somalia_2026_extension,results/experiments/compact_climate_weather_oracle_eval_2026_jan_apr_v1_somalia_local/runs/compact_baseline/3m/batches/2026/model_phase4_worse.ubj,3595752,e5973086576820195f246b7e83a7ecd0dacfc8b6e80fd33b43e5d19c1ce521fc,booster,bundle:models.tar,
compact_somalia_2026_extension,results/experiments/compact_climate_weather_oracle_eval_2026_jan_apr_v1_somalia_local/runs/compact_baseline/3m/batches/2026/model_phase5_worse.ubj,619099,ae7cdc8eb47fa8724477f75349fe5514a79fb51a239f74758aa1c0030ed6c372,booster,bundle:models.tar,
compact_somalia_2026_extension,results/experiments/compact_climate_weather_oracle_eval_2026_jan_apr_v1_somalia_local/runs/compact_baseline/3m/batches/2026/predictions.csv,235117,6ee325757766b038866f3048d5dd44fb14a0004f5d2d9acafc6629459c26a84c,predictions,archive:predictions,
compact_somalia_2026_extension,results/experiments/compact_climate_weather_oracle_eval_2026_jan_apr_v1_somalia_local/runs/compact_baseline/3m/predictions/predictions_2022_2026.csv,1511640,07b61a46d86f8e273f8aa0533f686d8459236c5bbeb8d1658f43be5b49e7e00d,predictions,archive:predictions,
compact_somalia_2026_extension,results/experiments/compact_climate_weather_oracle_eval_2026_jan_apr_v1_somalia_local/runs/compact_baseline/6m/run_metadata.json,28991,e216672b4361eee06ecb5043b4102fc7d418082ebd401e1c8df34c06e403cffe,model_recipe_member,bundle:models.tar,climate2015
compact_somalia_2026_extension,results/experiments/compact_climate_weather_oracle_eval_2026_jan_apr_v1_somalia_local/runs/compact_baseline/6m/batches/2026/batch_record.json,1446,06471849ded141a7af7ae32728af46d2aa28ab678c8969e7348a2e6d3efa8e0b,model_recipe_member,bundle:models.tar,
compact_somalia_2026_extension,results/experiments/compact_climate_weather_oracle_eval_2026_jan_apr_v1_somalia_local/runs/compact_baseline/6m/batches/2026/fit_keys.csv.gz,15321,1073f2707475624cbef2c9bcc8263d11e9590975025f8fec77b6976126c5daab,model_recipe_member,bundle:models.tar,
compact_somalia_2026_extension,results/experiments/compact_climate_weather_oracle_eval_2026_jan_apr_v1_somalia_local/runs/compact_baseline/6m/batches/2026/model_phase2_worse.ubj,3918208,a1356aa8bdc7d3a107c9d1dc0773d33b41ef24620a09e2829236e56c1d9da569,booster,bundle:models.tar,
compact_somalia_2026_extension,results/experiments/compact_climate_weather_oracle_eval_2026_jan_apr_v1_somalia_local/runs/compact_baseline/6m/batches/2026/model_phase3_worse.ubj,202447,fa2c6e6d52887dc2644f98a301750c2b96b308286fb31798432a83cc6776bd4d,booster,bundle:models.tar,
compact_somalia_2026_extension,results/experiments/compact_climate_weather_oracle_eval_2026_jan_apr_v1_somalia_local/runs/compact_baseline/6m/batches/2026/model_phase4_worse.ubj,3262412,b07f3d21453cc6a5634874343e67f9671de2cccf5cf7940fd7caa029ccf6cc6d,booster,bundle:models.tar,
compact_somalia_2026_extension,results/experiments/compact_climate_weather_oracle_eval_2026_jan_apr_v1_somalia_local/runs/compact_baseline/6m/batches/2026/model_phase5_worse.ubj,626901,71f39248bb6749312d62dc8b0d0d2efbceb9dedc01427a223fb60c9c6ef4f49e,booster,bundle:models.tar,
compact_somalia_2026_extension,results/experiments/compact_climate_weather_oracle_eval_2026_jan_apr_v1_somalia_local/runs/compact_baseline/6m/batches/2026/predictions.csv,235479,69aa22908c3918b2b07a1b31832c435b076d3f3efba571c66b281b570aca4b74,predictions,archive:predictions,
compact_somalia_2026_extension,results/experiments/compact_climate_weather_oracle_eval_2026_jan_apr_v1_somalia_local/runs/compact_baseline/6m/predictions/predictions_2022_2026.csv,1513073,39010cb344ff4c242f6eb153fc08519ff47115c54c8f80f6147964d82aed5c97,predictions,archive:predictions,
compact_somalia_2026_extension,results/experiments/compact_climate_weather_oracle_eval_2026_jan_apr_v1_somalia_local/runs/compact_weather_oracle/12m/run_metadata.json,29681,08af7305fdf984c98ad957118b8961e84988d2a3d23bc58ceb9ef3563ca318f3,model_recipe_member,bundle:models.tar,climate2015
compact_somalia_2026_extension,results/experiments/compact_climate_weather_oracle_eval_2026_jan_apr_v1_somalia_local/runs/compact_weather_oracle/12m/batches/2026/batch_record.json,1454,d2402a79caa53df7ce03a3e155859d221a87de4e4ff9ba5c0c12501178bf8529,model_recipe_member,bundle:models.tar,
compact_somalia_2026_extension,results/experiments/compact_climate_weather_oracle_eval_2026_jan_apr_v1_somalia_local/runs/compact_weather_oracle/12m/batches/2026/fit_keys.csv.gz,12521,64005ad77d146a533575c5fc69bfde288041225eab1b289de4edf9d8ed352313,model_recipe_member,bundle:models.tar,
compact_somalia_2026_extension,results/experiments/compact_climate_weather_oracle_eval_2026_jan_apr_v1_somalia_local/runs/compact_weather_oracle/12m/batches/2026/model_phase2_worse.ubj,3455406,15ee45e83c3e220dc2f976b0f19aac25caa42d461d9c83b9fdad7681e2e4cfbe,booster,bundle:models.tar,
compact_somalia_2026_extension,results/experiments/compact_climate_weather_oracle_eval_2026_jan_apr_v1_somalia_local/runs/compact_weather_oracle/12m/batches/2026/model_phase3_worse.ubj,206541,cae2b04a33d9ec60f88c6400f6ac246bce861dcf28d22fabb78dce61db64a45b,booster,bundle:models.tar,
compact_somalia_2026_extension,results/experiments/compact_climate_weather_oracle_eval_2026_jan_apr_v1_somalia_local/runs/compact_weather_oracle/12m/batches/2026/model_phase4_worse.ubj,2897592,4f3c2ec5ad9ebcc6550cff85992e0b8dd7618c19f2ecff2ba68e492edad92dd5,booster,bundle:models.tar,
compact_somalia_2026_extension,results/experiments/compact_climate_weather_oracle_eval_2026_jan_apr_v1_somalia_local/runs/compact_weather_oracle/12m/batches/2026/model_phase5_worse.ubj,669608,eeedb0b4424ab74fbc40f7b3081e9054589c5533aa7189a278b342068a4e8d55,booster,bundle:models.tar,
compact_somalia_2026_extension,results/experiments/compact_climate_weather_oracle_eval_2026_jan_apr_v1_somalia_local/runs/compact_weather_oracle/12m/batches/2026/predictions.csv,241350,3583af951a6ac681dc03a1f4c763c82a823607113bd98b3ce2a11ac19f9cb095,predictions,archive:predictions,
compact_somalia_2026_extension,results/experiments/compact_climate_weather_oracle_eval_2026_jan_apr_v1_somalia_local/runs/compact_weather_oracle/12m/predictions/predictions_2022_2026.csv,1554439,885d4413cb3bc7200dbbbd216795d3a65e6fc68ecc3a250e9e39c2299a0dc9d3,predictions,archive:predictions,
compact_somalia_2026_extension,results/experiments/compact_climate_weather_oracle_eval_2026_jan_apr_v1_somalia_local/runs/compact_weather_oracle/3m/run_metadata.json,29418,4f0f9620d0915eb8009ffbf386c9859f327e99477ca28878437bec8e924746ab,model_recipe_member,bundle:models.tar,climate2015
compact_somalia_2026_extension,results/experiments/compact_climate_weather_oracle_eval_2026_jan_apr_v1_somalia_local/runs/compact_weather_oracle/3m/batches/2026/batch_record.json,1453,397181bbf8e6bfc9d195afb0b7ea6f80e2995141a8f822c82de986caa3146edd,model_recipe_member,bundle:models.tar,
compact_somalia_2026_extension,results/experiments/compact_climate_weather_oracle_eval_2026_jan_apr_v1_somalia_local/runs/compact_weather_oracle/3m/batches/2026/fit_keys.csv.gz,18159,6c1bf579fdc7057663e458c2e23ee8b0cd61c583a9fd9f57b0c497d10bf02582,model_recipe_member,bundle:models.tar,
compact_somalia_2026_extension,results/experiments/compact_climate_weather_oracle_eval_2026_jan_apr_v1_somalia_local/runs/compact_weather_oracle/3m/batches/2026/model_phase2_worse.ubj,4107742,794a9cbb325b15f69fb31a24b9f46b3a9c456db8f7dfb503ef60e01dadfe9d19,booster,bundle:models.tar,
compact_somalia_2026_extension,results/experiments/compact_climate_weather_oracle_eval_2026_jan_apr_v1_somalia_local/runs/compact_weather_oracle/3m/batches/2026/model_phase3_worse.ubj,200826,c88768665390bba72e79dea00713d7c2696a0a15f71b78967548dd1894b76b5d,booster,bundle:models.tar,
compact_somalia_2026_extension,results/experiments/compact_climate_weather_oracle_eval_2026_jan_apr_v1_somalia_local/runs/compact_weather_oracle/3m/batches/2026/model_phase4_worse.ubj,3483221,1d0796582b3ce55c7fac51f87f93f1cffd5f6ca0c968822f4204822edcb2cd75,booster,bundle:models.tar,
compact_somalia_2026_extension,results/experiments/compact_climate_weather_oracle_eval_2026_jan_apr_v1_somalia_local/runs/compact_weather_oracle/3m/batches/2026/model_phase5_worse.ubj,609042,dda054883f0456ac348fd448fa08aeb847395e55a307a4401eb11efae9f95cb9,booster,bundle:models.tar,
compact_somalia_2026_extension,results/experiments/compact_climate_weather_oracle_eval_2026_jan_apr_v1_somalia_local/runs/compact_weather_oracle/3m/batches/2026/predictions.csv,240517,a1c1935aef7da3e9facd05d88aeb97ca5fe48dc1d99888e72340c71975abc623,predictions,archive:predictions,
compact_somalia_2026_extension,results/experiments/compact_climate_weather_oracle_eval_2026_jan_apr_v1_somalia_local/runs/compact_weather_oracle/3m/predictions/predictions_2022_2026.csv,1547950,4c53ea9ce8ee340d2bb7d00810260cc6e27f222bcecfb6cc8dc25a3c7395cd69,predictions,archive:predictions,
compact_somalia_2026_extension,results/experiments/compact_climate_weather_oracle_eval_2026_jan_apr_v1_somalia_local/runs/compact_weather_oracle/6m/run_metadata.json,29666,b7f61a126787645bf0bdc3f9e8013ca30171151dc84b0f68c84d3a30b4f29542,model_recipe_member,bundle:models.tar,climate2015
compact_somalia_2026_extension,results/experiments/compact_climate_weather_oracle_eval_2026_jan_apr_v1_somalia_local/runs/compact_weather_oracle/6m/batches/2026/batch_record.json,1452,5a686e3bcb1ce5bd3f75cabfce4806ac4f0c276079833c454bfb3f4b14038996,model_recipe_member,bundle:models.tar,
compact_somalia_2026_extension,results/experiments/compact_climate_weather_oracle_eval_2026_jan_apr_v1_somalia_local/runs/compact_weather_oracle/6m/batches/2026/fit_keys.csv.gz,15321,629f9afeeb69a92237a4a7d93501291517f7237abd4fd69eb05be4cee567866e,model_recipe_member,bundle:models.tar,
compact_somalia_2026_extension,results/experiments/compact_climate_weather_oracle_eval_2026_jan_apr_v1_somalia_local/runs/compact_weather_oracle/6m/batches/2026/model_phase2_worse.ubj,3734014,79f2aae8334e8cacdf2887a9754264a2828ddc6c70d9a43f4632b119adf4fcbc,booster,bundle:models.tar,
compact_somalia_2026_extension,results/experiments/compact_climate_weather_oracle_eval_2026_jan_apr_v1_somalia_local/runs/compact_weather_oracle/6m/batches/2026/model_phase3_worse.ubj,203561,ca90cad8adf065d7bba9227a79808ba3082763b3f21ee0454047ebac0022c22b,booster,bundle:models.tar,
compact_somalia_2026_extension,results/experiments/compact_climate_weather_oracle_eval_2026_jan_apr_v1_somalia_local/runs/compact_weather_oracle/6m/batches/2026/model_phase4_worse.ubj,3314180,a159da9e9ab3bf05b2b55696723469fa858a8c38abc2306bee3aff5cf1574427,booster,bundle:models.tar,
compact_somalia_2026_extension,results/experiments/compact_climate_weather_oracle_eval_2026_jan_apr_v1_somalia_local/runs/compact_weather_oracle/6m/batches/2026/model_phase5_worse.ubj,635632,52f16bf2ca800c416c6e852f7e85895555ec0919053d794b0fe5d210004312e3,booster,bundle:models.tar,
compact_somalia_2026_extension,results/experiments/compact_climate_weather_oracle_eval_2026_jan_apr_v1_somalia_local/runs/compact_weather_oracle/6m/batches/2026/predictions.csv,240898,71dad06c2e80307f4c2e900b8c51d03317d49fdac8df557b6c28bffd31f43e81,predictions,archive:predictions,
compact_somalia_2026_extension,results/experiments/compact_climate_weather_oracle_eval_2026_jan_apr_v1_somalia_local/runs/compact_weather_oracle/6m/predictions/predictions_2022_2026.csv,1548480,3ee2068b1102ccb0e317b8903b70e654a51a0274296c4679728ccc4fd236209f,predictions,archive:predictions,
compact_somalia_2026_extension,results/experiments/compact_climate_weather_oracle_eval_2026_jan_apr_v1_somalia_local/verification/artifact_inventory.csv,26506,73eb7ac007bfb40bd588ea18482d042da76b62e21753c8075c301b50cafa1dea,ledger_or_check,archive:ledgers,
compact_somalia_2026_extension,results/experiments/compact_climate_weather_oracle_eval_2026_jan_apr_v1_somalia_local/verification/verification_summary.json,2722,8980fb5979353ae7cbdbe8d4d57bbfa2eb6cd3b79005ae3d445cda468d4f582c,ledger_or_check,archive:ledgers,
compact_global_launch,results/launch/nowcasting_2026_04_compact_cds_v1/report_outputs.json,20170,af15a6ba0a5af8ccb1c5e23a0d9bc79a3674a17068dee36ea4cbc124a9c185c5,metric_or_report,archive:metrics (values extracted by explicit field selection),
compact_global_launch,results/launch/nowcasting_2026_04_compact_cds_v1/verification.json,40631,e0385eaf9211c8e8a6f57f784a0b0efca855273d8458fbd4f2bdda2ba840769c,metric_or_report,archive:metrics (values extracted by explicit field selection),
compact_global_launch,results/launch/nowcasting_2026_04_compact_cds_v1/logs/assemble_attempt1_failed_roundtrip.log,2988,219f5f5ed92295b058ee6fba7046c14895a2edacc786cfa932400b06b3315d37,log,archive:logs,
compact_global_launch,results/launch/nowcasting_2026_04_compact_cds_v1/logs/assemble_attempt1_partial_outputs_sha256.txt,1220,267dcac48bdf3db72b642aed5c88990e88c87f16d3cca033353c0993fa244102,log,archive:logs,
compact_global_launch,results/launch/nowcasting_2026_04_compact_cds_v1/logs/assemble_attempt2.pid,125,444cd1755838bc78fa700d2e21d8b1b8d220ec8dbc05690e0720b20073ce99d4,process_pid,"exclude:process id file, no content value",
compact_global_launch,results/launch/nowcasting_2026_04_compact_cds_v1/logs/assemble_attempt2_code_sha256.txt,315,9109c680a0804d181f8bbd9d0c93c8288945995a3e34dfda166f4a5cf687e215,log,archive:logs,
compact_global_launch,results/launch/nowcasting_2026_04_compact_cds_v1/logs/assemble_attempt2_code_sha256_launch_copy.txt,315,9109c680a0804d181f8bbd9d0c93c8288945995a3e34dfda166f4a5cf687e215,log,archive:logs,
compact_global_launch,results/launch/nowcasting_2026_04_compact_cds_v1/logs/assemble_attempt2_superseded_stopped.log,1228,e6431f16de966a29dec5bf7817dcb96528be666af8cdd5c58bb9ac284100b2fb,log,archive:logs,
compact_global_launch,results/launch/nowcasting_2026_04_compact_cds_v1/logs/assemble_attempt3.log,1954,b34ba58151bf76a6460c6d2329c4f46b7f64e6048e47981bbf5fc6adc95dc513,log,archive:logs,
compact_global_launch,results/launch/nowcasting_2026_04_compact_cds_v1/logs/assemble_attempt3.pid,364,4be933e94feb92d5aeffb79e68bb57d6ec96a4c0037e886f20b5fee8108419c7,process_pid,"exclude:process id file, no content value",
compact_global_launch,results/launch/nowcasting_2026_04_compact_cds_v1/logs/assemble_attempt3_code_sha256.txt,524,e4ccaacab74f20d8abe7e18fe2982b3447c67b6e66847b64a00a68e1bae215cf,log,archive:logs,
compact_global_launch,results/launch/nowcasting_2026_04_compact_cds_v1/logs/fits_remaining.log,1309,a14f5288297172f6aba83bce5a512e36ae319a4f508736d6ad83e98e3d16d4f9,log,archive:logs,
compact_global_launch,results/launch/nowcasting_2026_04_compact_cds_v1/logs/fits_remaining.pid,114,e159946919d22c74978fdee9ac473f14075574eb6014bb411c1b064bc2e5e858,process_pid,"exclude:process id file, no content value",
compact_global_launch,results/launch/nowcasting_2026_04_compact_cds_v1/logs/fits_remaining_pins.txt,1631,18c0fbbaa5edc0149a8a8969a7c36df1b57345372c1f8650db0164f788be6561,log,archive:logs,
compact_global_launch,results/launch/nowcasting_2026_04_compact_cds_v1/logs/pilot_h0.log,972,6b15394b4ccfc4c71981b417741893385e16881c8f818a493dc83646d03070f6,log,archive:logs,
compact_global_launch,results/launch/nowcasting_2026_04_compact_cds_v1/logs/pilot_h0.pid,141,3dca446f2391a207cf60ecec53b679520542cc6ac17d4bdfe3009c870801e48a,process_pid,"exclude:process id file, no content value",
compact_global_launch,results/launch/nowcasting_2026_04_compact_cds_v1/logs/pilot_h0_pins.txt,1161,a4a223c4c36498ece32c0ee62187dcf8ce29b47e5266d48856f16376d78a1900,log,archive:logs,
compact_global_launch,results/launch/nowcasting_2026_04_compact_cds_v1/logs/report.log,842,e42480888d9b5e59ad250d977aa00ece52b65bb303cb160f3b6b6bb126cb3d7c,log,archive:logs,
compact_global_launch,results/launch/nowcasting_2026_04_compact_cds_v1/logs/validate_only_attempt3.log,1194,eceb2625600e8ae996a04a33a3ef8bf431dd93ddf00a83feb3b54a1a266cc3d2,log,archive:logs,
compact_global_launch,results/launch/nowcasting_2026_04_compact_cds_v1/population/area_population_paired_differences.csv,7486218,8544b81f68ecc85e74208a2d7ce9be9c8ab2d4c0f524d5f93dad5c4685d02054,launch_prediction_summary,archive:population,
compact_global_launch,results/launch/nowcasting_2026_04_compact_cds_v1/population/area_population_predictions.csv,25122435,65b1604da8f608bafd475b60e79f3f59bf60e467b1dad7cbd466eddfa7be200a,launch_prediction_summary,archive:population,
compact_global_launch,results/launch/nowcasting_2026_04_compact_cds_v1/population/country_population_cap_audit.csv,6817,3479f62fad9b090fe81a0d7eee4e23d1504cb0c7517bc0b682a85d9388b6c93b,launch_prediction_summary,archive:population,
compact_global_launch,results/launch/nowcasting_2026_04_compact_cds_v1/population/country_population_paired_differences.csv,83013,c1e910d8471541e9e459672c04222bb8c30c139800cc86999e131d13a1d39d1b,launch_prediction_summary,archive:population,
compact_global_launch,results/launch/nowcasting_2026_04_compact_cds_v1/population/country_population_summary.csv,218612,d78bf47a045c95a91685a58cbcd70648372ed7ed40f1b14ac4b52c3cc57f5a54,launch_prediction_summary,archive:population,
compact_global_launch,results/launch/nowcasting_2026_04_compact_cds_v1/population/global_population_paired_differences.csv,2497,47df0c13b83e66ec6e4b3bf3e25e06b0fd559f147632d9421b0084007e30309a,launch_prediction_summary,archive:population,
compact_global_launch,results/launch/nowcasting_2026_04_compact_cds_v1/population/global_population_summary.csv,5154,66e02b6d928021af8a3fea7e3321981becd04b291a6952c3c79ac0a26596d133,launch_prediction_summary,archive:population,
compact_global_launch,results/launch/nowcasting_2026_04_compact_cds_v1/population/region_population_paired_differences.csv,15040,d9262add0b91a9fb4d835a501bf280672233c1b72fb17dfa4ce1f55eebdcc507,launch_prediction_summary,archive:population,
compact_global_launch,results/launch/nowcasting_2026_04_compact_cds_v1/population/regional_population_summary.csv,38335,44134e26b0e6ee131edfa623a95faeab2aa16e6dd553dbb824f2259938c0f9fa,launch_prediction_summary,archive:population,
compact_global_launch,results/launch/nowcasting_2026_04_compact_cds_v1/preflight/old_artifact_inventory_before.csv,132228,38034e0b2f9a6ff2b21670b75bb406545b36b18efe47159b94275b41997f585d,ledger_or_check,archive:ledgers,
compact_global_launch,results/launch/nowcasting_2026_04_compact_cds_v1/runs/compact_baseline/0m/artifact_record.json,1199,c4313d23a752972ef99f132fa798ab63e73cb911878f7e6e5c497b0c5c0ac7d9,model_recipe_member,bundle:models.tar,
compact_global_launch,results/launch/nowcasting_2026_04_compact_cds_v1/runs/compact_baseline/0m/feature_schema.json,12995,c583fd35f9e8c5076bc476274ecade40b4417cc814c4bb0ea27c35ad1a692f91,model_recipe_member,bundle:models.tar,
compact_global_launch,results/launch/nowcasting_2026_04_compact_cds_v1/runs/compact_baseline/0m/fit_keys.csv.gz,139020,0b409f719785333dca4f0537961de220b5aefb2ff748e20f34eb6628b8e740f8,model_recipe_member,bundle:models.tar,
compact_global_launch,results/launch/nowcasting_2026_04_compact_cds_v1/runs/compact_baseline/0m/fit_targets.csv.gz,482129,674d84a9969188259bca50dcd9947d0de80949600298e761cbffbacca3b32dde,model_recipe_member,bundle:models.tar,
compact_global_launch,results/launch/nowcasting_2026_04_compact_cds_v1/runs/compact_baseline/0m/fit_weights.csv.gz,151461,756db99c8004337fe2fad08f0e1bfc1bb4b2f0f00e906785b31ed42d346c9944,model_recipe_member,bundle:models.tar,
compact_global_launch,results/launch/nowcasting_2026_04_compact_cds_v1/runs/compact_baseline/0m/inference_features.csv.gz,7820922,e773aba35bcb4e6905bc32738d737f122a09085f590fa97f8810f404a7eb63e9,feature_matrix,archive:features,
compact_global_launch,results/launch/nowcasting_2026_04_compact_cds_v1/runs/compact_baseline/0m/model_phase2_worse.ubj,9412413,b9436dddd07ebbba3be094d671bbb291002c6db9d78a7019c30774dff99b1b6b,booster,bundle:models.tar,
compact_global_launch,results/launch/nowcasting_2026_04_compact_cds_v1/runs/compact_baseline/0m/model_phase3_worse.ubj,302916,9293ac3e9936827c66908f7f2ba3af72f30e36e0aa4a869c500226d95549b0e2,booster,bundle:models.tar,
compact_global_launch,results/launch/nowcasting_2026_04_compact_cds_v1/runs/compact_baseline/0m/model_phase4_worse.ubj,6860857,54cb909806af44b2878ee3b49640a717be234ec0f169b4af3580933acfdeb50c,booster,bundle:models.tar,
compact_global_launch,results/launch/nowcasting_2026_04_compact_cds_v1/runs/compact_baseline/0m/model_phase5_worse.ubj,1095933,8f6c343013ab2626914ffa3a2002b49bf51150ee9aec9790b19c6375dc1dfc49,booster,bundle:models.tar,
compact_global_launch,results/launch/nowcasting_2026_04_compact_cds_v1/runs/compact_baseline/0m/predictions_raw.csv,835584,e07b733c99daa0a37f0fbb843a4a09f83bb3a8606a80daa5046aa11d024b0277,predictions,archive:predictions,
compact_global_launch,results/launch/nowcasting_2026_04_compact_cds_v1/runs/compact_baseline/0m/run_metadata.json,17518,e5b269f4e75ed4d2dd20a0ed4731a1c51a4f6ec9b5f5a99ffc86eb745f339a01,model_recipe_member,bundle:models.tar,climate2015
compact_global_launch,results/launch/nowcasting_2026_04_compact_cds_v1/runs/compact_baseline/12m/artifact_record.json,1200,387f506df76e4d4e9ba1590923e027debf944d0ef9506d7212ae9b46b4003349,model_recipe_member,bundle:models.tar,
compact_global_launch,results/launch/nowcasting_2026_04_compact_cds_v1/runs/compact_baseline/12m/feature_schema.json,12996,15ef9f1509e43a1a027860d794b8f37ba0360401c4795573c4adc39ef75a17e0,model_recipe_member,bundle:models.tar,
compact_global_launch,results/launch/nowcasting_2026_04_compact_cds_v1/runs/compact_baseline/12m/fit_keys.csv.gz,139020,ac50325fd8a8f5215c3f77c11f6090c924ef3e5cd923727844f2a40d853b1480,model_recipe_member,bundle:models.tar,
compact_global_launch,results/launch/nowcasting_2026_04_compact_cds_v1/runs/compact_baseline/12m/fit_targets.csv.gz,482129,068bc1cc0a6b44616a8cbe521693147eb4bf99bbe6b963bcab04263422b4276e,model_recipe_member,bundle:models.tar,
compact_global_launch,results/launch/nowcasting_2026_04_compact_cds_v1/runs/compact_baseline/12m/fit_weights.csv.gz,151461,8e9b4b63347494d6b73a35920e6684444c530f993c7c1d95c1684da4e6d337f1,model_recipe_member,bundle:models.tar,
compact_global_launch,results/launch/nowcasting_2026_04_compact_cds_v1/runs/compact_baseline/12m/inference_features.csv.gz,7821050,5416b5900094cae3ee410723370a03cefd8c757e9f8fadac95e52e99d2559a8f,feature_matrix,archive:features,
compact_global_launch,results/launch/nowcasting_2026_04_compact_cds_v1/runs/compact_baseline/12m/model_phase2_worse.ubj,9531471,d63c62204b59663b37e66dbe9b5714925c47b5619d1da4bc8ee341e75f43bd40,booster,bundle:models.tar,
compact_global_launch,results/launch/nowcasting_2026_04_compact_cds_v1/runs/compact_baseline/12m/model_phase3_worse.ubj,311002,1ea917da4f056b8592805b5709576857cf6d2276f5824d3677b193637d49e93f,booster,bundle:models.tar,
compact_global_launch,results/launch/nowcasting_2026_04_compact_cds_v1/runs/compact_baseline/12m/model_phase4_worse.ubj,7336802,3bd33099fe1cc44474f05eb9659e96d51a4424c78dafea01b1d0468977d459ea,booster,bundle:models.tar,
compact_global_launch,results/launch/nowcasting_2026_04_compact_cds_v1/runs/compact_baseline/12m/model_phase5_worse.ubj,1196433,de2d504dc080658c91a6656d32f37e32c08af6bd12caff0b84d41e9866448aa7,booster,bundle:models.tar,
compact_global_launch,results/launch/nowcasting_2026_04_compact_cds_v1/runs/compact_baseline/12m/predictions_raw.csv,846328,54f281e75476c53a18010368ee452e344a9ccb4ad4d63d325bd1e7d7f2f3c0ae,predictions,archive:predictions,
compact_global_launch,results/launch/nowcasting_2026_04_compact_cds_v1/runs/compact_baseline/12m/run_metadata.json,17844,e671f3c5e5d6072d08d33fe28ced4f67451552b1eb345179d5f3c1b4fc95b7bc,model_recipe_member,bundle:models.tar,climate2015
compact_global_launch,results/launch/nowcasting_2026_04_compact_cds_v1/runs/compact_baseline/6m/artifact_record.json,1199,efe003e435154f321b654be60e1c39c7fe4f2e424f6b5aa55e0f84970d7bb738,model_recipe_member,bundle:models.tar,
compact_global_launch,results/launch/nowcasting_2026_04_compact_cds_v1/runs/compact_baseline/6m/feature_schema.json,12995,d0d2e573fa26be70b75a849951443cc881bebd2ad7ac96cb368f01dee7fc8bc8,model_recipe_member,bundle:models.tar,
compact_global_launch,results/launch/nowcasting_2026_04_compact_cds_v1/runs/compact_baseline/6m/fit_keys.csv.gz,139020,e2830ba07eca5fc4f67e0949c591501652368f36b8269423ba81906c59611697,model_recipe_member,bundle:models.tar,
compact_global_launch,results/launch/nowcasting_2026_04_compact_cds_v1/runs/compact_baseline/6m/fit_targets.csv.gz,482129,3bd9bb53ab91519eba295aaff30eb5812713226b9e542cb32167f72c8b5c6191,model_recipe_member,bundle:models.tar,
compact_global_launch,results/launch/nowcasting_2026_04_compact_cds_v1/runs/compact_baseline/6m/fit_weights.csv.gz,151461,2e14e8a5e6842f2912e8a1095258a6303127c8ef0af89aae53bbf875c1044818,model_recipe_member,bundle:models.tar,
compact_global_launch,results/launch/nowcasting_2026_04_compact_cds_v1/runs/compact_baseline/6m/inference_features.csv.gz,7821164,76cdd394447a350489ffacdced1ccdd52c6d3d876ad47391f50be36a9115d20e,feature_matrix,archive:features,
compact_global_launch,results/launch/nowcasting_2026_04_compact_cds_v1/runs/compact_baseline/6m/model_phase2_worse.ubj,9544131,72263d099aeb6b945e066e672a897356020aca130cc2933efad5d2c8815d1f40,booster,bundle:models.tar,
compact_global_launch,results/launch/nowcasting_2026_04_compact_cds_v1/runs/compact_baseline/6m/model_phase3_worse.ubj,309923,3ea30a85a60a0e237efd74ae592d2e2781c2f91c3306c4eb386d08b1ce72b2a1,booster,bundle:models.tar,
compact_global_launch,results/launch/nowcasting_2026_04_compact_cds_v1/runs/compact_baseline/6m/model_phase4_worse.ubj,6563488,77494a278e5878d4b0a7bcceef9d76f0a6c728a8543baf1417dc78eea4541aad,booster,bundle:models.tar,
compact_global_launch,results/launch/nowcasting_2026_04_compact_cds_v1/runs/compact_baseline/6m/model_phase5_worse.ubj,1103065,2e7990ae187143a7f685f4255b7a275bf7d0f1119990397b8fbd756cde92b5e2,booster,bundle:models.tar,
compact_global_launch,results/launch/nowcasting_2026_04_compact_cds_v1/runs/compact_baseline/6m/predictions_raw.csv,845522,1eb3e6dbf7c960913da4ef4c0a61d8dee3965e81824390b8301fb431efd38c0b,predictions,archive:predictions,
compact_global_launch,results/launch/nowcasting_2026_04_compact_cds_v1/runs/compact_baseline/6m/run_metadata.json,17756,bd1c85baf460cb199eb0980adb0dc05eacce294c16584bebdeb8b64e5256f3c7,model_recipe_member,bundle:models.tar,climate2015
compact_global_launch,results/launch/nowcasting_2026_04_compact_cds_v1/runs/compact_cds_weather/12m/artifact_record.json,1203,52a23de6f22f8a2b3dafca304cee5e64dacf2d12b5ddaba2fffaabfa2507ecff,model_recipe_member,bundle:models.tar,
compact_global_launch,results/launch/nowcasting_2026_04_compact_cds_v1/runs/compact_cds_weather/12m/feature_schema.json,13497,040b218fe1a1f3720d80740a7bb1cdc01aae7ba4ac34387d0ec26281063c5d7e,model_recipe_member,bundle:models.tar,
compact_global_launch,results/launch/nowcasting_2026_04_compact_cds_v1/runs/compact_cds_weather/12m/fit_keys.csv.gz,139020,b2da13162bc7b07149f1448d08eddeec850c1ea8f89765d8b135b4143cfcd6c6,model_recipe_member,bundle:models.tar,
compact_global_launch,results/launch/nowcasting_2026_04_compact_cds_v1/runs/compact_cds_weather/12m/fit_targets.csv.gz,482129,5f80984098a499b3f90db43337365cb601cc5bcf8113df8c8f3251be12306f3c,model_recipe_member,bundle:models.tar,
compact_global_launch,results/launch/nowcasting_2026_04_compact_cds_v1/runs/compact_cds_weather/12m/fit_weights.csv.gz,151461,1bb6a6d6702c5817b7c3a8a7eb2e53758aa670ca7cdc564acc618e70f835da71,model_recipe_member,bundle:models.tar,
compact_global_launch,results/launch/nowcasting_2026_04_compact_cds_v1/runs/compact_cds_weather/12m/inference_features.csv.gz,8166341,3071421f2136188dfffbd6685df35d09ac60dc1b9d445c50d8a4a79024909c05,feature_matrix,archive:features,
compact_global_launch,results/launch/nowcasting_2026_04_compact_cds_v1/runs/compact_cds_weather/12m/model_phase2_worse.ubj,9379298,aa562daeb67450e9e6f2007bef9e6defd394a46229e8b4eeb02986310ab65565,booster,bundle:models.tar,
compact_global_launch,results/launch/nowcasting_2026_04_compact_cds_v1/runs/compact_cds_weather/12m/model_phase3_worse.ubj,314899,01d0d3c7429b64ff03f7c3f6225f07c57189468170ef6dc611599f1d89b20f12,booster,bundle:models.tar,
compact_global_launch,results/launch/nowcasting_2026_04_compact_cds_v1/runs/compact_cds_weather/12m/model_phase4_worse.ubj,7434003,21c0a2ca07b8c457190aea45ecbc12584ef790cf740eef8611d26e8ef677413c,booster,bundle:models.tar,
compact_global_launch,results/launch/nowcasting_2026_04_compact_cds_v1/runs/compact_cds_weather/12m/model_phase5_worse.ubj,1271257,30c2091256ea6a9b033e2dd4f96a3d6e91b3c0992264b1864b3a6aca573da005,booster,bundle:models.tar,
compact_global_launch,results/launch/nowcasting_2026_04_compact_cds_v1/runs/compact_cds_weather/12m/predictions_raw.csv,862626,8c536fda355c8cb21a718b9d0ae3fbe3851eadc35e849f7d05db9301e6e6eaae,predictions,archive:predictions,
compact_global_launch,results/launch/nowcasting_2026_04_compact_cds_v1/runs/compact_cds_weather/12m/run_metadata.json,18348,164725fd061adf941d30d120c92a19c29f48f104ccbbc4c8c4ff07f3fab5e18e,model_recipe_member,bundle:models.tar,climate2015
compact_global_launch,results/launch/nowcasting_2026_04_compact_cds_v1/runs/compact_cds_weather/6m/artifact_record.json,1202,c6e4afa290c8880bb04be5362865c478240d1e7444d793252928a1f9335833c0,model_recipe_member,bundle:models.tar,
compact_global_launch,results/launch/nowcasting_2026_04_compact_cds_v1/runs/compact_cds_weather/6m/feature_schema.json,13496,4d14e3053d04587ac4a2e37c8e66414e9f5d92b9e10ec6fcba39c78fa3d970b3,model_recipe_member,bundle:models.tar,
compact_global_launch,results/launch/nowcasting_2026_04_compact_cds_v1/runs/compact_cds_weather/6m/fit_keys.csv.gz,139020,b3a84cdbab6431d03a1e78a292847d1cf55a06918b794751fedafe851fc8e0e1,model_recipe_member,bundle:models.tar,
compact_global_launch,results/launch/nowcasting_2026_04_compact_cds_v1/runs/compact_cds_weather/6m/fit_targets.csv.gz,482129,90d3e6e80c39d9ac03c93cd181b4310322ab154a43741a1afe40a7dc7df881d8,model_recipe_member,bundle:models.tar,
compact_global_launch,results/launch/nowcasting_2026_04_compact_cds_v1/runs/compact_cds_weather/6m/fit_weights.csv.gz,151461,f2d55ec827d37ca73d2d650b72bc49ee46eeab752cb0185c3d52c3684a657a94,model_recipe_member,bundle:models.tar,
compact_global_launch,results/launch/nowcasting_2026_04_compact_cds_v1/runs/compact_cds_weather/6m/inference_features.csv.gz,8166442,2ceeaf9b6a51fd16b96faa6bd4d5c0e7688d62e5e0fdfb17d5bab9a10c593b3f,feature_matrix,archive:features,
compact_global_launch,results/launch/nowcasting_2026_04_compact_cds_v1/runs/compact_cds_weather/6m/model_phase2_worse.ubj,9300088,226872e96387aee2b17826d45ca9b37b37c7c83d18ad34dc254f182fb95ce51f,booster,bundle:models.tar,
compact_global_launch,results/launch/nowcasting_2026_04_compact_cds_v1/runs/compact_cds_weather/6m/model_phase3_worse.ubj,307908,3c878312a19d9048795131f734e96304030f3f77122bf1a2a1ae6550eb7550d0,booster,bundle:models.tar,
compact_global_launch,results/launch/nowcasting_2026_04_compact_cds_v1/runs/compact_cds_weather/6m/model_phase4_worse.ubj,6656944,b31229e4090449ea1fee34fe76a67a8c3d1658b34e02efb7ba3f467824dfdd6c,booster,bundle:models.tar,
compact_global_launch,results/launch/nowcasting_2026_04_compact_cds_v1/runs/compact_cds_weather/6m/model_phase5_worse.ubj,1178440,42440f6232a73d77259f7ffbd36a02d268d0b6de5478e636c5645a8293de2a57,booster,bundle:models.tar,
compact_global_launch,results/launch/nowcasting_2026_04_compact_cds_v1/runs/compact_cds_weather/6m/predictions_raw.csv,862864,44295a9a22d8454df357aa37a7a59961d483d94fd01c46c47b2a6babc177f0ad,predictions,archive:predictions,
compact_global_launch,results/launch/nowcasting_2026_04_compact_cds_v1/runs/compact_cds_weather/6m/run_metadata.json,18344,67c5e29a6d261694259b504384bbccf52d2e13520736d3c5bf8dc89107730ed4,model_recipe_member,bundle:models.tar,climate2015
compact_global_launch,results/launch/nowcasting_2026_04_compact_cds_v1/visualizations/crisis_categorical_compact_baseline_0m_2026-04.csv,250830,996ebd22401822e2903d5b6eb94713d639e709fd578c2c285da78c39faed19b6,ledger_or_check,archive:ledgers,
compact_global_launch,results/launch/nowcasting_2026_04_compact_cds_v1/visualizations/crisis_categorical_compact_baseline_12m_2027-04.csv,256733,fa728f20b3249f82120306094c2974b9b724b896c3833abbf19cabefdea945de,ledger_or_check,archive:ledgers,
compact_global_launch,results/launch/nowcasting_2026_04_compact_cds_v1/visualizations/crisis_categorical_compact_baseline_6m_2026-10.csv,251546,17f61685bb0b81c1e541dc2e61077facea46cdb2b539bd755966de948d8fa8c9,ledger_or_check,archive:ledgers,
compact_global_launch,results/launch/nowcasting_2026_04_compact_cds_v1/visualizations/crisis_categorical_compact_cds_weather_12m_2027-04.csv,275135,379bf2578616c7183abd288704de0294d15d26ffc47fef796470ef83aea6caed,ledger_or_check,archive:ledgers,
compact_global_launch,results/launch/nowcasting_2026_04_compact_cds_v1/visualizations/crisis_categorical_compact_cds_weather_6m_2026-10.csv,270095,a1b4dcd830647cc0595039600f09c0398f9bdcc8edf9aaebdf362155af30918c,ledger_or_check,archive:ledgers,
compact_global_launch,results/launch/nowcasting_2026_04_compact_cds_v1/visualizations/figure_metadata.json,12338,6fef9a7fc02f725a47fd2a66f5f99379dc6995cea268c2ca847e436531b534f1,ledger_or_check,archive:ledgers,
compact_global_launch,results/launch/nowcasting_2026_04_compact_cds_v1/visualizations/p3plus_share_comparison_2x3.csv,3497984,565d0fcd128a8305e81a703640fccd8de4db15a9af87fbbc849626718cbb671a,ledger_or_check,archive:ledgers,
compact_global_launch,results/launch/nowcasting_2026_04_compact_cds_v1/visualizations/p3plus_share_difference_1x2.csv,905887,4ec806601ad46e86a3708efee1faa5c89e32498d96d6112211aeb6a79773a30d,ledger_or_check,archive:ledgers,
compact_somalia_launch,results/launch/nowcasting_2026_04_compact_cds_v1_somalia_local/report_outputs.json,11677,74274aab98a0bab5c4d230e51242dcf5f411cfc5535abcae1d856fe891e9154e,metric_or_report,archive:metrics (values extracted by explicit field selection),
compact_somalia_launch,results/launch/nowcasting_2026_04_compact_cds_v1_somalia_local/verification.json,40137,beb7a4236b46f81630e98945f63ff276957537abe2c134d9256a75bea2960be1,metric_or_report,archive:metrics (values extracted by explicit field selection),
compact_somalia_launch,results/launch/nowcasting_2026_04_compact_cds_v1_somalia_local/inputs/nowcasting_2026_04_compact_cds_v1_somalia_local_manifest.json,98451,f76da0649f74999a06ac02a694dd6a71d1c9e91c230a4f0f4b31a20792f4a15f,ledger_or_check,archive:ledgers,
compact_somalia_launch,results/launch/nowcasting_2026_04_compact_cds_v1_somalia_local/inputs/som_membership_area_ids.csv,4533,e7301834714a58114f27fe1e2902b87137e700fc15a87877d4174a5308b94ae7,ledger_or_check,archive:ledgers,
compact_somalia_launch,results/launch/nowcasting_2026_04_compact_cds_v1_somalia_local/inputs/approved_spec/approval.md,920,cb07afd45e3268d559067a4b656996dc6850ab814be493c3fc071ebd4d410a22,approved_spec_copy,archive:inputs,
compact_somalia_launch,results/launch/nowcasting_2026_04_compact_cds_v1_somalia_local/inputs/approved_spec/design.md,9066,89ef778dc5dde873847bf6461316cca0fb103018882999bbc7df746db08f5f65,approved_spec_copy,archive:inputs,
compact_somalia_launch,results/launch/nowcasting_2026_04_compact_cds_v1_somalia_local/inputs/approved_spec/expected_runs.csv,945,bfa6f72d407889ca71d5c6bf7133896c2a3e52be83449bf15f7f742878cc7323,approved_spec_copy,archive:inputs,
compact_somalia_launch,results/launch/nowcasting_2026_04_compact_cds_v1_somalia_local/inputs/approved_spec/implement.md,6075,990fce07687b746891c78bd46e7ba611f0b16427727fe1d8f14546f4c4e8e525,approved_spec_copy,archive:inputs,
compact_somalia_launch,results/launch/nowcasting_2026_04_compact_cds_v1_somalia_local/inputs/approved_spec/prd.md,7608,edb0caffee5a6dd101529d8b88437a207c67003ed51ece805a68c45ef3a9c4f4,approved_spec_copy,archive:inputs,
compact_somalia_launch,results/launch/nowcasting_2026_04_compact_cds_v1_somalia_local/inputs/inference/inference_compact_baseline_h0.csv,3436314,a175bb4359141c81339006add97ec3bf7798cc01add3d5f38f033ef9a7ae354b,feature_matrix,archive:features,
compact_somalia_launch,results/launch/nowcasting_2026_04_compact_cds_v1_somalia_local/inputs/inference/inference_compact_baseline_h12.csv,3437218,c55a66e2f8389ff6c19fcb7a489d74b8dc2b0b678a5ca887d9e193dd2f0eba4c,feature_matrix,archive:features,
compact_somalia_launch,results/launch/nowcasting_2026_04_compact_cds_v1_somalia_local/inputs/inference/inference_compact_baseline_h6.csv,3437218,afbe4dbf9e6543539ec61839b612d6a35c49d5dd23403c3730898661239db107,feature_matrix,archive:features,
compact_somalia_launch,results/launch/nowcasting_2026_04_compact_cds_v1_somalia_local/inputs/inference/inference_compact_cds_weather_h12.csv,3637227,70f0ac4327192cc2376ef51bd6e1841eb7de2e4a4b5ccbfd82ef990659d34754,feature_matrix,archive:features,
compact_somalia_launch,results/launch/nowcasting_2026_04_compact_cds_v1_somalia_local/inputs/inference/inference_compact_cds_weather_h6.csv,3637227,c8b49824a659e06b3fe92327ab1eeaf0fe366640b3a81413c888c5086b90afba,feature_matrix,archive:features,
compact_somalia_launch,results/launch/nowcasting_2026_04_compact_cds_v1_somalia_local/inputs/ledgers/country_population_cap_audit_som.csv,543,2783053193d3a707e720f8d18dd12fe0b0e3a438687621b1e3de881b8ef9a821,ledger_or_check,archive:ledgers,
compact_somalia_launch,results/launch/nowcasting_2026_04_compact_cds_v1_somalia_local/inputs/ledgers/parent_country_population_cap_audit.csv,6817,3479f62fad9b090fe81a0d7eee4e23d1504cb0c7517bc0b682a85d9388b6c93b,ledger_or_check,archive:ledgers,
compact_somalia_launch,results/launch/nowcasting_2026_04_compact_cds_v1_somalia_local/inputs/ledgers/population_april_2026_som.csv,9924,a80982cc1adcba67fb3e29e0ce69c62c5b9350d343a72cfc89754977b176bec0,ledger_or_check,archive:ledgers,
compact_somalia_launch,results/launch/nowcasting_2026_04_compact_cds_v1_somalia_local/inputs/ledgers/som_launch_coverage.csv,32166,246089d9745de3e4684be72b2d170c97e6c2657db819f89c21333de81f5b38df,ledger_or_check,archive:ledgers,
compact_somalia_launch,results/launch/nowcasting_2026_04_compact_cds_v1_somalia_local/inputs/parent_contract/expected_feature_contract.csv,869696,6a16ccd49085ab08cfb1747ea2e851879cab54b72e73158936a64c4568e7cb82,approved_spec_copy,archive:inputs,climate2015
compact_somalia_launch,results/launch/nowcasting_2026_04_compact_cds_v1_somalia_local/inputs/parent_contract/expected_feature_contract_metadata.json,72099,6295074fa8a94f45e75c695ea3997a8b6927f1b1b00bb8358ab290c4416de410,approved_spec_copy,archive:inputs,
compact_somalia_launch,results/launch/nowcasting_2026_04_compact_cds_v1_somalia_local/inputs/parent_contract/expected_run_index.csv,1521,25fff00d23b6a2df22f81900832f8b884909eb172d4bd07832544591cf87b616,approved_spec_copy,archive:inputs,
compact_somalia_launch,results/launch/nowcasting_2026_04_compact_cds_v1_somalia_local/inputs/training/fit_selection_compact_baseline_h0.csv,528972,0770909c57e6e70a5a037faeeb9416a76473e8ee42efcc97a30ff86d66396eeb,ledger_or_check,archive:ledgers,
compact_somalia_launch,results/launch/nowcasting_2026_04_compact_cds_v1_somalia_local/inputs/training/fit_selection_compact_baseline_h12.csv,528972,0770909c57e6e70a5a037faeeb9416a76473e8ee42efcc97a30ff86d66396eeb,ledger_or_check,archive:ledgers,
compact_somalia_launch,results/launch/nowcasting_2026_04_compact_cds_v1_somalia_local/inputs/training/fit_selection_compact_baseline_h6.csv,528972,0770909c57e6e70a5a037faeeb9416a76473e8ee42efcc97a30ff86d66396eeb,ledger_or_check,archive:ledgers,
compact_somalia_launch,results/launch/nowcasting_2026_04_compact_cds_v1_somalia_local/inputs/training/fit_selection_compact_cds_weather_h12.csv,528972,0770909c57e6e70a5a037faeeb9416a76473e8ee42efcc97a30ff86d66396eeb,ledger_or_check,archive:ledgers,
compact_somalia_launch,results/launch/nowcasting_2026_04_compact_cds_v1_somalia_local/inputs/training/fit_selection_compact_cds_weather_h6.csv,528972,0770909c57e6e70a5a037faeeb9416a76473e8ee42efcc97a30ff86d66396eeb,ledger_or_check,archive:ledgers,
compact_somalia_launch,results/launch/nowcasting_2026_04_compact_cds_v1_somalia_local/population/area_population_paired_differences.csv,1185024,35d1bca77fffda1edcf4b79c63d5610f8f292fd622d75de8dcf0d03b76b985b5,launch_prediction_summary,archive:population,
compact_somalia_launch,results/launch/nowcasting_2026_04_compact_cds_v1_somalia_local/population/area_population_predictions.csv,3879011,10626cf14be8e749e5b2578cef30fc1d1cf54e0b5f8fda00b720955a0ebfbe53,launch_prediction_summary,archive:population,
compact_somalia_launch,results/launch/nowcasting_2026_04_compact_cds_v1_somalia_local/population/som_population_paired_differences.csv,2500,16ed901ecf0d1f229513eca782e6b032be468d0d5c2b6f32e85350b01419050b,launch_prediction_summary,archive:population,
compact_somalia_launch,results/launch/nowcasting_2026_04_compact_cds_v1_somalia_local/population/som_population_summary.csv,5237,8d306c0affe34aa688b3305ea6ede71b103ec96c580339108a056c690de3ab27,launch_prediction_summary,archive:population,
compact_somalia_launch,results/launch/nowcasting_2026_04_compact_cds_v1_somalia_local/preflight/frozen_inventory_before.csv,140353,25c451084d015d94cd4a90fff08347e88f898d1fdf8688cc7de7613b03bbef36,ledger_or_check,archive:ledgers,climate2015
compact_somalia_launch,results/launch/nowcasting_2026_04_compact_cds_v1_somalia_local/runs/compact_baseline/0m/artifact_record.json,1199,2e4a301c272c5601db7ff34b57bc6dcf5f1b281bbaadfb329948687a73fca639,model_recipe_member,bundle:models.tar,
compact_somalia_launch,results/launch/nowcasting_2026_04_compact_cds_v1_somalia_local/runs/compact_baseline/0m/feature_schema.json,12995,c583fd35f9e8c5076bc476274ecade40b4417cc814c4bb0ea27c35ad1a692f91,model_recipe_member,bundle:models.tar,
compact_somalia_launch,results/launch/nowcasting_2026_04_compact_cds_v1_somalia_local/runs/compact_baseline/0m/fit_keys.csv.gz,16061,d76dd3a0ca890b677c8a6937f597fefddda8198a9d3abc812c380e939a53f7e8,model_recipe_member,bundle:models.tar,
compact_somalia_launch,results/launch/nowcasting_2026_04_compact_cds_v1_somalia_local/runs/compact_baseline/0m/fit_targets.csv.gz,30576,c2f098a7ddd37f6ebcac90a989dc2ad18bc977f85674394dc54f9f2ea4be7c7c,model_recipe_member,bundle:models.tar,
compact_somalia_launch,results/launch/nowcasting_2026_04_compact_cds_v1_somalia_local/runs/compact_baseline/0m/fit_weights.csv.gz,18035,c35429268df9b386306843877b42db23978c9815ba5ba6606f43cf0d9d1bf00d,model_recipe_member,bundle:models.tar,
compact_somalia_launch,results/launch/nowcasting_2026_04_compact_cds_v1_somalia_local/runs/compact_baseline/0m/inference_features.csv.gz,836105,47201c40ec66c5437b723734bff81ea528436415b53433d2b9e4763cdda12374,feature_matrix,archive:features,
compact_somalia_launch,results/launch/nowcasting_2026_04_compact_cds_v1_somalia_local/runs/compact_baseline/0m/model_phase2_worse.ubj,4090874,1b72bcd2c26df0957a13b0724558b7e23f0dd34c1313b7c4d4a8756d626d8192,booster,bundle:models.tar,
compact_somalia_launch,results/launch/nowcasting_2026_04_compact_cds_v1_somalia_local/runs/compact_baseline/0m/model_phase3_worse.ubj,190274,4e5be5697a64f6249c78ecf5c88d4f0bcf35727b698afa14d26a6f8ead5616a2,booster,bundle:models.tar,
compact_somalia_launch,results/launch/nowcasting_2026_04_compact_cds_v1_somalia_local/runs/compact_baseline/0m/model_phase4_worse.ubj,3465804,52a7b870797b986d51b1db12ed5a86e92a30b5f11c7f827b00f517b18d457299,booster,bundle:models.tar,
compact_somalia_launch,results/launch/nowcasting_2026_04_compact_cds_v1_somalia_local/runs/compact_baseline/0m/model_phase5_worse.ubj,621347,c31a5c8e828384c7a3c76bc50828f1d2252e95df9795c0c73b9451285f3eadc3,booster,bundle:models.tar,
compact_somalia_launch,results/launch/nowcasting_2026_04_compact_cds_v1_somalia_local/runs/compact_baseline/0m/predictions_raw.csv,122435,38d089714323f168d3c61840883a32eaea11c3410790e9dd4589230c6400a940,predictions,archive:predictions,
compact_somalia_launch,results/launch/nowcasting_2026_04_compact_cds_v1_somalia_local/runs/compact_baseline/0m/run_metadata.json,19174,3287b1d59dab7c8e586fbbb975112783fc65929e40990b3152ef0263c06bcfb2,model_recipe_member,bundle:models.tar,climate2015
compact_somalia_launch,results/launch/nowcasting_2026_04_compact_cds_v1_somalia_local/runs/compact_baseline/12m/artifact_record.json,1200,0022c4eb2b654a88818674854381d18b854bcd9591bc572c90a38c9dd2df74dc,model_recipe_member,bundle:models.tar,
compact_somalia_launch,results/launch/nowcasting_2026_04_compact_cds_v1_somalia_local/runs/compact_baseline/12m/feature_schema.json,12996,15ef9f1509e43a1a027860d794b8f37ba0360401c4795573c4adc39ef75a17e0,model_recipe_member,bundle:models.tar,
compact_somalia_launch,results/launch/nowcasting_2026_04_compact_cds_v1_somalia_local/runs/compact_baseline/12m/fit_keys.csv.gz,16061,61bb189b1c41d8ff3cdb311a6214be86e10be0bd09c455eb783c9745ee2b6f09,model_recipe_member,bundle:models.tar,
compact_somalia_launch,results/launch/nowcasting_2026_04_compact_cds_v1_somalia_local/runs/compact_baseline/12m/fit_targets.csv.gz,30576,fbf1200e3c13c0a37acc3d3e3d90dffb91a8bf570fe634283863582ac1f60c20,model_recipe_member,bundle:models.tar,
compact_somalia_launch,results/launch/nowcasting_2026_04_compact_cds_v1_somalia_local/runs/compact_baseline/12m/fit_weights.csv.gz,18035,215b1fc36227f25020982c781d1c0f50d263bf8748e62cb6c46bd0a9b452e99c,model_recipe_member,bundle:models.tar,
compact_somalia_launch,results/launch/nowcasting_2026_04_compact_cds_v1_somalia_local/runs/compact_baseline/12m/inference_features.csv.gz,836124,45148ccdb4b0ff65af0ce00c36b926fa4afa21ce52b53b4c92a6cda8e4005e90,feature_matrix,archive:features,
compact_somalia_launch,results/launch/nowcasting_2026_04_compact_cds_v1_somalia_local/runs/compact_baseline/12m/model_phase2_worse.ubj,4250869,b8565cc71fa80c56622efe8ea90e0d5924b560ba0a4f1ad9d127bd8790b14d87,booster,bundle:models.tar,
compact_somalia_launch,results/launch/nowcasting_2026_04_compact_cds_v1_somalia_local/runs/compact_baseline/12m/model_phase3_worse.ubj,196654,56f313772ee994f86c8291cf6a4dd91a5b389f24f3aec839444615c6e0475d0c,booster,bundle:models.tar,
compact_somalia_launch,results/launch/nowcasting_2026_04_compact_cds_v1_somalia_local/runs/compact_baseline/12m/model_phase4_worse.ubj,3799070,1f4b5b5f35115f168f759d51a7ec9db5e8e584644fbeba7eb23ab7c75cd423ba,booster,bundle:models.tar,
compact_somalia_launch,results/launch/nowcasting_2026_04_compact_cds_v1_somalia_local/runs/compact_baseline/12m/model_phase5_worse.ubj,652864,75756e2d021a952325a3dd3e9d5cb04cd2fc88af2970f3fce819dcc112f44d0f,booster,bundle:models.tar,
compact_somalia_launch,results/launch/nowcasting_2026_04_compact_cds_v1_somalia_local/runs/compact_baseline/12m/predictions_raw.csv,124104,a7637a4df054a4d18ab962e2acbdf4629c774d262c6fb427fd6e587672e970b9,predictions,archive:predictions,
compact_somalia_launch,results/launch/nowcasting_2026_04_compact_cds_v1_somalia_local/runs/compact_baseline/12m/run_metadata.json,19176,12f9f5e3fd71fc35ff1c5928edd183029e43534b7f5a881503fe70a972c4b32b,model_recipe_member,bundle:models.tar,climate2015
compact_somalia_launch,results/launch/nowcasting_2026_04_compact_cds_v1_somalia_local/runs/compact_baseline/6m/artifact_record.json,1199,35a81f7b4c3af217019108d9e1420fd11c97832248b6816dc00122cc0925b19b,model_recipe_member,bundle:models.tar,
compact_somalia_launch,results/launch/nowcasting_2026_04_compact_cds_v1_somalia_local/runs/compact_baseline/6m/feature_schema.json,12995,d0d2e573fa26be70b75a849951443cc881bebd2ad7ac96cb368f01dee7fc8bc8,model_recipe_member,bundle:models.tar,
compact_somalia_launch,results/launch/nowcasting_2026_04_compact_cds_v1_somalia_local/runs/compact_baseline/6m/fit_keys.csv.gz,16061,a569061dd8d5cc64994336a92d2e49a2da6b4f9b1225ae203bcb13a084480752,model_recipe_member,bundle:models.tar,
compact_somalia_launch,results/launch/nowcasting_2026_04_compact_cds_v1_somalia_local/runs/compact_baseline/6m/fit_targets.csv.gz,30576,7928f5fcbf32521a10e81c7cdbea2db696f5f10cac29502ef7146dbf5a8cd128,model_recipe_member,bundle:models.tar,
compact_somalia_launch,results/launch/nowcasting_2026_04_compact_cds_v1_somalia_local/runs/compact_baseline/6m/fit_weights.csv.gz,18035,1db0004a1637ffc49dd502ac44d110791ea7e78ed4565604f293e4dd677486bd,model_recipe_member,bundle:models.tar,
compact_somalia_launch,results/launch/nowcasting_2026_04_compact_cds_v1_somalia_local/runs/compact_baseline/6m/inference_features.csv.gz,836140,3518b36c3b0ffc48890368da420f878f2eadd3a7f69085e7a6b0f1f2748e6302,feature_matrix,archive:features,
compact_somalia_launch,results/launch/nowcasting_2026_04_compact_cds_v1_somalia_local/runs/compact_baseline/6m/model_phase2_worse.ubj,4194843,5d8a577d9402f936dd549d6d3df3bd2fa960cf2bee56d7d976b27789d3a7ab49,booster,bundle:models.tar,
compact_somalia_launch,results/launch/nowcasting_2026_04_compact_cds_v1_somalia_local/runs/compact_baseline/6m/model_phase3_worse.ubj,192790,5dbba9e19ed97bb1b704d88cb51d5eb425fa5dc64931cb653358efc0f26a65ab,booster,bundle:models.tar,
compact_somalia_launch,results/launch/nowcasting_2026_04_compact_cds_v1_somalia_local/runs/compact_baseline/6m/model_phase4_worse.ubj,3662189,ab26f3b42fe09473a5d2379da530155093f03051a64bca518de51c9d45471049,booster,bundle:models.tar,
compact_somalia_launch,results/launch/nowcasting_2026_04_compact_cds_v1_somalia_local/runs/compact_baseline/6m/model_phase5_worse.ubj,637791,541d02cccc6471734604ef53eb91add1ea7391cee0b49bdbc0c6d19e6b59c8da,booster,bundle:models.tar,
compact_somalia_launch,results/launch/nowcasting_2026_04_compact_cds_v1_somalia_local/runs/compact_baseline/6m/predictions_raw.csv,122508,a6161abe769c3872dd56ba5b0530e71cddf6f48492687e4687a9c5b33f3c0ef4,predictions,archive:predictions,
compact_somalia_launch,results/launch/nowcasting_2026_04_compact_cds_v1_somalia_local/runs/compact_baseline/6m/run_metadata.json,19174,0be004e83aa1464d3d2793efd5d908aefbe2f21261dd4d62d67a6262a838fa6f,model_recipe_member,bundle:models.tar,climate2015
compact_somalia_launch,results/launch/nowcasting_2026_04_compact_cds_v1_somalia_local/runs/compact_cds_weather/12m/artifact_record.json,1203,5cadac4df1ec6ce80e281ff9a6e37354f90d794817e470571b60588fdc2a87df,model_recipe_member,bundle:models.tar,
compact_somalia_launch,results/launch/nowcasting_2026_04_compact_cds_v1_somalia_local/runs/compact_cds_weather/12m/feature_schema.json,13497,040b218fe1a1f3720d80740a7bb1cdc01aae7ba4ac34387d0ec26281063c5d7e,model_recipe_member,bundle:models.tar,
compact_somalia_launch,results/launch/nowcasting_2026_04_compact_cds_v1_somalia_local/runs/compact_cds_weather/12m/fit_keys.csv.gz,16061,43b793abd3920c3b66e0743728ca951e0828a9c4f303e6996e2af8336b2f05a1,model_recipe_member,bundle:models.tar,
compact_somalia_launch,results/launch/nowcasting_2026_04_compact_cds_v1_somalia_local/runs/compact_cds_weather/12m/fit_targets.csv.gz,30576,2f0d0ab2cd5325505b112232b0591bdb22b2826a62f0ac5f2eb77c05cb1a90a2,model_recipe_member,bundle:models.tar,
compact_somalia_launch,results/launch/nowcasting_2026_04_compact_cds_v1_somalia_local/runs/compact_cds_weather/12m/fit_weights.csv.gz,18035,7cc56c2920ef34cd6ea2dd9c7c4b4289366e92345510b45ae2d1b1203fc4ace0,model_recipe_member,bundle:models.tar,
compact_somalia_launch,results/launch/nowcasting_2026_04_compact_cds_v1_somalia_local/runs/compact_cds_weather/12m/inference_features.csv.gz,856131,60ce2507d012d3fa2f7873dc3d60d09bfb265afa8015c3344b4a6e0afe5bb965,feature_matrix,archive:features,
compact_somalia_launch,results/launch/nowcasting_2026_04_compact_cds_v1_somalia_local/runs/compact_cds_weather/12m/model_phase2_worse.ubj,4096933,7cbf5051ea12cc5c762c29625b586b16edd7a9932eb9bbd661e1360dfb1cbf17,booster,bundle:models.tar,
compact_somalia_launch,results/launch/nowcasting_2026_04_compact_cds_v1_somalia_local/runs/compact_cds_weather/12m/model_phase3_worse.ubj,197083,3108d98fcb6b6ff7e7874a0663c6eb1e2432e8a2cd4f7a033d89afc761b26059,booster,bundle:models.tar,
compact_somalia_launch,results/launch/nowcasting_2026_04_compact_cds_v1_somalia_local/runs/compact_cds_weather/12m/model_phase4_worse.ubj,3787126,ee548fce471e69280a0bda56e12dfdef9bd21dc34db1ecd24c56aa14e45e4c8e,booster,bundle:models.tar,
compact_somalia_launch,results/launch/nowcasting_2026_04_compact_cds_v1_somalia_local/runs/compact_cds_weather/12m/model_phase5_worse.ubj,661869,69f0449fcf4663c751a48180c993a550bdda5b4f45f2d540d0de74b661dfaf3a,booster,bundle:models.tar,
compact_somalia_launch,results/launch/nowcasting_2026_04_compact_cds_v1_somalia_local/runs/compact_cds_weather/12m/predictions_raw.csv,126544,53f284be02876238332922b28524066959b2c8f0cab21297e14c944d46e634f0,predictions,archive:predictions,
compact_somalia_launch,results/launch/nowcasting_2026_04_compact_cds_v1_somalia_local/runs/compact_cds_weather/12m/run_metadata.json,19681,6e9a6cab499306b9188a2bd4011b2dab14b1952f1e7155afe7e7c38482604924,model_recipe_member,bundle:models.tar,climate2015
compact_somalia_launch,results/launch/nowcasting_2026_04_compact_cds_v1_somalia_local/runs/compact_cds_weather/6m/artifact_record.json,1202,fb842f8318e88efab66622f3a08131e413212a1ddeefa71afbb41baa90048a22,model_recipe_member,bundle:models.tar,
compact_somalia_launch,results/launch/nowcasting_2026_04_compact_cds_v1_somalia_local/runs/compact_cds_weather/6m/feature_schema.json,13496,4d14e3053d04587ac4a2e37c8e66414e9f5d92b9e10ec6fcba39c78fa3d970b3,model_recipe_member,bundle:models.tar,
compact_somalia_launch,results/launch/nowcasting_2026_04_compact_cds_v1_somalia_local/runs/compact_cds_weather/6m/fit_keys.csv.gz,16061,cc05a82cd49329672b1fcc68cd9b699e72e61757958752785a982726b00cf741,model_recipe_member,bundle:models.tar,
compact_somalia_launch,results/launch/nowcasting_2026_04_compact_cds_v1_somalia_local/runs/compact_cds_weather/6m/fit_targets.csv.gz,30576,9a4ea314c7aca1b3a612021fc3d5e8843cfb30d5be94a5b42b1baeb9df9b10c0,model_recipe_member,bundle:models.tar,
compact_somalia_launch,results/launch/nowcasting_2026_04_compact_cds_v1_somalia_local/runs/compact_cds_weather/6m/fit_weights.csv.gz,18035,0b7d5c896311ad034956d4291ea8a4fcaeb4c5473f8eb01e2ee0ce93f1a88c33,model_recipe_member,bundle:models.tar,
compact_somalia_launch,results/launch/nowcasting_2026_04_compact_cds_v1_somalia_local/runs/compact_cds_weather/6m/inference_features.csv.gz,856154,7bed30f7e9711ad24654459d8592787352b407f40a1e9ce66047606c366d3a68,feature_matrix,archive:features,
compact_somalia_launch,results/launch/nowcasting_2026_04_compact_cds_v1_somalia_local/runs/compact_cds_weather/6m/model_phase2_worse.ubj,3998417,e1ed0e8a4ef35b9e61f4157c1ab645cfe2a6ab54dcb86b203bb8dce4cf1960c2,booster,bundle:models.tar,
compact_somalia_launch,results/launch/nowcasting_2026_04_compact_cds_v1_somalia_local/runs/compact_cds_weather/6m/model_phase3_worse.ubj,194241,856c909e17c0dcea559df69b40eda3fa95e48a592c81eded04afcbfbbd7ff16e,booster,bundle:models.tar,
compact_somalia_launch,results/launch/nowcasting_2026_04_compact_cds_v1_somalia_local/runs/compact_cds_weather/6m/model_phase4_worse.ubj,3506968,00627fa669724e3f75f50c7edfbcf6e60bc8b83c240394df9619045f30e6c995,booster,bundle:models.tar,
compact_somalia_launch,results/launch/nowcasting_2026_04_compact_cds_v1_somalia_local/runs/compact_cds_weather/6m/model_phase5_worse.ubj,641760,76cec8c900ce6f8e910fa8782e452f411fab77600aab47fc3699d2e5e713ad28,booster,bundle:models.tar,
compact_somalia_launch,results/launch/nowcasting_2026_04_compact_cds_v1_somalia_local/runs/compact_cds_weather/6m/predictions_raw.csv,125442,f8786248932afd84ad4c60bea94c44c8ba8f4bf525b975eb84b0507f3b84973e,predictions,archive:predictions,
compact_somalia_launch,results/launch/nowcasting_2026_04_compact_cds_v1_somalia_local/runs/compact_cds_weather/6m/run_metadata.json,19678,2241263e6d69a25f52844ce7421337f9028a8c9c52c5dfc9ba1cb85bec62916f,model_recipe_member,bundle:models.tar,climate2015
compact_somalia_launch,results/launch/nowcasting_2026_04_compact_cds_v1_somalia_local/scope/run_scope.json,2350,158e2165ac32eaadb4b041cb3c13fee3dad6a14dff729195d5b68682cf4402a0,ledger_or_check,archive:ledgers,
compact_somalia_launch,results/launch/nowcasting_2026_04_compact_cds_v1_somalia_local/visualizations/crisis_categorical_compact_baseline_0m_2026-04.csv,39969,3de29e99ac344d011cf9a64b567d4c72bef92896150c7dd0c8d0905df042800c,ledger_or_check,archive:ledgers,
compact_somalia_launch,results/launch/nowcasting_2026_04_compact_cds_v1_somalia_local/visualizations/crisis_categorical_compact_baseline_12m_2027-04.csv,40899,01537d9161b0c3c391d1a9fd47dbc28f2f1fb606429592fcce1a6b1d0100bac9,ledger_or_check,archive:ledgers,
compact_somalia_launch,results/launch/nowcasting_2026_04_compact_cds_v1_somalia_local/visualizations/crisis_categorical_compact_baseline_6m_2026-10.csv,40086,9e4e369dc3753135e5ac9cac637e6c6c6661a490d178b4d2c209f9e3c9604f75,ledger_or_check,archive:ledgers,
compact_somalia_launch,results/launch/nowcasting_2026_04_compact_cds_v1_somalia_local/visualizations/crisis_categorical_compact_cds_weather_12m_2027-04.csv,43628,b87cd0203b269b6da76ebb687ded1a0bc50a67b70279e363d5e32fbd5b367a65,ledger_or_check,archive:ledgers,
compact_somalia_launch,results/launch/nowcasting_2026_04_compact_cds_v1_somalia_local/visualizations/crisis_categorical_compact_cds_weather_6m_2026-10.csv,42780,67349a3da6df0db80a7a956e5efb344a14843bd856aff433105423c7ce43aaa1,ledger_or_check,archive:ledgers,
compact_somalia_launch,results/launch/nowcasting_2026_04_compact_cds_v1_somalia_local/visualizations/figure_metadata.json,8995,2c7c301048af5afc7f2977298241413e478227513b7332ecd538263d87ca10ed,ledger_or_check,archive:ledgers,
compact_somalia_launch,results/launch/nowcasting_2026_04_compact_cds_v1_somalia_local/visualizations/p3plus_share_comparison_2x3.csv,531365,e53101b394b7e86b49796ba6b37416e6a82005a1dc9d614d23ccaf49732a20aa,ledger_or_check,archive:ledgers,
compact_somalia_launch,results/launch/nowcasting_2026_04_compact_cds_v1_somalia_local/visualizations/p3plus_share_difference_1x2.csv,139025,cdbec421de4ac6cea26e1bdbdbed0716934a8c33a4bf392656747f5c56b44445,ledger_or_check,archive:ledgers,
