file,init_year,member,interval_h,cell_lat,cell_lon,launch_point_cell,points_in_cell,start_m,end_m,increment_m,endpoint_bound_m,excess_m,E_start,E_end
original_prcp_2026,2026,3,3672-4392,29.5,63.5,False,0,0.014052346708922414,0.013929041691881139,-0.00012330501704127528,0.0001220703134094947,1.234703631780576e-06,-13,-13
original_prcp_2026,2026,3,3672-4392,28.5,63.5,True,2,0.0033101592089224141,0.0031868541918811388,-0.00012330501704127528,0.0001220703134094947,1.234703631780576e-06,-13,-13
original_prcp_2026,2026,3,3672-4392,27.5,48.5,False,0,0.0085591826464224141,0.0084358776293811388,-0.00012330501704127528,0.0001220703134094947,1.234703631780576e-06,-13,-13
original_prcp_2026,2026,3,3672-4392,26.5,35.5,False,0,0.0018453154589224141,0.0017220104418811388,-0.00012330501704127528,0.0001220703134094947,1.234703631780576e-06,-13,-13
original_prcp_2026,2026,3,3672-4392,25.5,24.5,False,0,0.0026998076464224141,0.0025765026293811388,-0.00012330501704127528,0.0001220703134094947,1.234703631780576e-06,-13,-13
original_prcp_2026,2026,3,3672-4392,25.5,29.5,False,0,0.0023335967089224141,0.0022102916918811388,-0.00012330501704127528,0.0001220703134094947,1.234703631780576e-06,-13,-13
original_prcp_2026,2026,3,3672-4392,25.5,34.5,False,0,0.0016011748339224141,0.0014778698168811388,-0.00012330501704127528,0.0001220703134094947,1.234703631780576e-06,-13,-13
original_prcp_2026,2026,3,3672-4392,25.5,47.5,False,0,0.014662698271422414,0.014539393254381139,-0.00012330501704127528,0.0001220703134094947,1.234703631780576e-06,-13,-13
original_prcp_2026,2026,3,3672-4392,24.5,21.5,False,0,0.0036763701464224141,0.0035530651293811388,-0.00012330501704127528,0.0001220703134094947,1.234703631780576e-06,-13,-13
original_prcp_2026,2026,3,3672-4392,24.5,33.5,False,0,0.0011128935839224141,0.00098958856688113883,-0.00012330501704127528,0.0001220703134094947,1.234703631780576e-06,-13,-13
original_prcp_2026,2026,3,3672-4392,22.5,48.5,False,0,0.0034322295214224141,0.0033089245043811388,-0.00012330501704127528,0.0001220703134094947,1.234703631780576e-06,-13,-13
original_prcp_2026,2026,3,3672-4392,21.5,26.5,False,0,0.0018453154589224141,0.0017220104418811388,-0.00012330501704127528,0.0001220703134094947,1.234703631780576e-06,-13,-13
original_prcp_2026,2026,3,3672-4392,20.5,31.5,False,0,0.00099082327142241411,0.00086751825438113883,-0.00012330501704127528,0.0001220703134094947,1.234703631780576e-06,-13,-13
original_prcp_2026,2026,3,3672-4392,20.5,44.5,False,0,0.023817971708922414,0.023694666691881139,-0.00012330501704127528,0.0001220703134094947,1.234703631780576e-06,-13,-13
original_prcp_2026,2026,3,3672-4392,19.5,25.5,False,0,0.0063619170214224141,0.0062386120043811388,-0.00012330501704127528,0.0001220703134094947,1.234703631780576e-06,-13,-13
original_prcp_2026,2026,3,3672-4392,18.5,24.5,False,0,0.0053853545214224141,0.0052620495043811388,-0.00012330501704127528,0.0001220703134094947,1.234703631780576e-06,-13,-13
original_prcp_2026,2026,3,3672-4392,18.5,26.5,False,0,0.0023335967089224141,0.0022102916918811388,-0.00012330501704127528,0.0001220703134094947,1.234703631780576e-06,-13,-13
original_prcp_2026,2026,3,3672-4392,-1.5,-56.5,False,0,0.89906211233392241,0.89893880731688114,-0.00012330501704127528,0.0001220703134094947,1.234703631780576e-06,-13,-13
original_prcp_2026,2026,3,3672-4392,-15.5,27.5,True,4,0.036391213896422414,0.036267908879381139,-0.00012330501704127528,0.0001220703134094947,1.234703631780576e-06,-13,-13
original_prcp_2026,2026,3,3672-4392,-16.5,20.5,False,0,0.021620706083922414,0.021497401066881139,-0.00012330501704127528,0.0001220703134094947,1.234703631780576e-06,-13,-13
original_prcp_2026,2026,3,3672-4392,-16.5,23.5,True,4,0.011488870146422414,0.011365565129381139,-0.00012330501704127528,0.0001220703134094947,1.234703631780576e-06,-13,-13
original_prcp_2026,2026,3,3672-4392,-17.5,20.5,False,0,0.011733010771422414,0.011609705754381139,-0.00012330501704127528,0.0001220703134094947,1.234703631780576e-06,-13,-13
original_prcp_2026,2026,3,3672-4392,-19.5,21.5,False,0,0.0052632842089224141,0.0051399791918811388,-0.00012330501704127528,0.0001220703134094947,1.234703631780576e-06,-13,-13
original_prcp_2026,2026,3,3672-4392,-19.5,26.5,False,0,0.11219687795892241,0.11207357294188114,-0.00012330501704127528,0.0001220703134094947,1.234703631780576e-06,-13,-13
original_prcp_2026,2026,3,3672-4392,-19.5,27.5,True,1,0.12647910452142241,0.12635579950438114,-0.00012330501704127528,0.0001220703134094947,1.234703631780576e-06,-13,-13
original_prcp_2026,2026,3,3672-4392,-23.5,121.5,False,0,0.019789651396422414,0.019666346379381139,-0.00012330501704127528,0.0001220703134094947,1.234703631780576e-06,-13,-13
original_prcp_2026,2026,4,3672-4392,31.5,39.5,False,0,0.018515775504056364,0.018370985664660111,-0.00014478983939625323,0.00012207032705191523,2.2719512344338e-05,-13,-13
original_prcp_2026,2026,4,3672-4392,30.5,4.5,False,0,0.019492338004056364,0.019347548164660111,-0.00014478983939625323,0.00012207032705191523,2.2719512344338e-05,-13,-13
original_prcp_2026,2026,4,3672-4392,29.5,64.5,False,0,0.026694486441556364,0.026549696602160111,-0.00014478983939625323,0.00012207032705191523,2.2719512344338e-05,-13,-13
original_prcp_2026,2026,4,3672-4392,25.5,44.5,False,0,0.079428861441556364,0.079284071602160111,-0.00014478983939625323,0.00012207032705191523,2.2719512344338e-05,-13,-13
original_prcp_2026,2026,4,3672-4392,24.5,45.5,False,0,0.060263822379056364,0.060119032539660111,-0.00014478983939625323,0.00012207032705191523,2.2719512344338e-05,-13,-13
original_prcp_2026,2026,4,3672-4392,23.5,43.5,False,0,0.043296048941556364,0.043151259102160111,-0.00014478983939625323,0.00012207032705191523,2.2719512344338e-05,-13,-13
original_prcp_2026,2026,4,3672-4392,22.5,43.5,False,0,0.052207181754056364,0.052062391914660111,-0.00014478983939625323,0.00012207032705191523,2.2719512344338e-05,-13,-13
original_prcp_2026,2026,4,3672-4392,22.5,49.5,False,0,0.0045997598790563643,0.0044549700396601111,-0.00014478983939625323,0.00012207032705191523,2.2719512344338e-05,-13,-13
original_prcp_2026,2026,4,3672-4392,21.5,11.5,False,0,0.0030128458165563643,0.0028680559771601111,-0.00014478983939625323,0.00012207032705191523,2.2719512344338e-05,-13,-13
original_prcp_2026,2026,4,3672-4392,21.5,22.5,False,0,0.0030128458165563643,0.0028680559771601111,-0.00014478983939625323,0.00012207032705191523,2.2719512344338e-05,-13,-13
original_prcp_2026,2026,4,3672-4392,-11.5,-48.5,False,0,0.10347671300405636,0.10333192316466011,-0.00014478983939625323,0.00012207032705191523,2.2719512344338e-05,-13,-13
original_prcp_2026,2026,4,3672-4392,-11.5,-43.5,False,0,0.092368314566556364,0.092223524727160111,-0.00014478983939625323,0.00012207032705191523,2.2719512344338e-05,-13,-13
original_prcp_2026,2026,4,3672-4392,-17.5,117.5,False,0,0.0087501505040563643,0.0086053606646601111,-0.00014478983939625323,0.00012207032705191523,2.2719512344338e-05,-13,-13
original_prcp_2026,2026,5,3672-4392,37.5,61.5,False,0,0.042607837540344917,0.042481536516788765,-0.00012630102355615236,0.0001220703134094947,4.2307101466576569e-06,-13,-13
original_prcp_2026,2026,5,3672-4392,34.5,52.5,False,0,0.016362720352844917,0.016236419329288765,-0.00012630102355615236,0.0001220703134094947,4.2307101466576569e-06,-13,-13
original_prcp_2026,2026,5,3672-4392,33.5,54.5,False,0,0.0075736578528449172,0.0074473568292887649,-0.00012630102355615236,0.0001220703134094947,4.2307101466576569e-06,-13,-13
original_prcp_2026,2026,5,3672-4392,33.5,57.5,False,0,0.0057426031653449172,0.0056163021417887649,-0.00012630102355615236,0.0001220703134094947,4.2307101466576569e-06,-13,-13
original_prcp_2026,2026,5,3672-4392,32.5,37.5,False,0,0.027959400040344917,0.027833099016788765,-0.00012630102355615236,0.0001220703134094947,4.2307101466576569e-06,-13,-13
original_prcp_2026,2026,5,3672-4392,32.5,38.5,False,0,0.035649829727844917,0.035523528704288765,-0.00012630102355615236,0.0001220703134094947,4.2307101466576569e-06,-13,-13
original_prcp_2026,2026,5,3672-4392,32.5,54.5,False,0,0.0081840094153449172,0.0080577083917887649,-0.00012630102355615236,0.0001220703134094947,4.2307101466576569e-06,-13,-13
original_prcp_2026,2026,5,3672-4392,32.5,63.5,False,0,0.083867603165344917,0.083741302141788765,-0.00012630102355615236,0.0001220703134094947,4.2307101466576569e-06,-13,-13
original_prcp_2026,2026,5,3672-4392,31.5,41.5,False,0,0.011968189102844917,0.011841888079288765,-0.00012630102355615236,0.0001220703134094947,4.2307101466576569e-06,-13,-13
original_prcp_2026,2026,5,3672-4392,31.5,53.5,False,0,0.016728931290344917,0.016602630266788765,-0.00012630102355615236,0.0001220703134094947,4.2307101466576569e-06,-13,-13
original_prcp_2026,2026,5,3672-4392,28.5,32.5,False,0,0.0024467047278449172,0.0023204037042887649,-0.00012630102355615236,0.0001220703134094947,4.2307101466576569e-06,-13,-13
original_prcp_2026,2026,5,3672-4392,28.5,44.5,False,0,0.020146900040344917,0.020020599016788765,-0.00012630102355615236,0.0001220703134094947,4.2307101466576569e-06,-13,-13
original_prcp_2026,2026,5,3672-4392,27.5,37.5,False,0,0.0031791266028449172,0.0030528255792887649,-0.00012630102355615236,0.0001220703134094947,4.2307101466576569e-06,-13,-13
original_prcp_2026,2026,5,3672-4392,27.5,44.5,False,0,0.019536548477844917,0.019410247454288765,-0.00012630102355615236,0.0001220703134094947,4.2307101466576569e-06,-13,-13
original_prcp_2026,2026,5,3672-4392,27.5,46.5,False,0,0.029058032852844917,0.028931731829288765,-0.00012630102355615236,0.0001220703134094947,4.2307101466576569e-06,-13,-13
original_prcp_2026,2026,5,3672-4392,27.5,60.5,False,0,0.018071704727844917,0.017945403704288765,-0.00012630102355615236,0.0001220703134094947,4.2307101466576569e-06,-13,-13
original_prcp_2026,2026,5,3672-4392,26.5,48.5,False,0,0.011601978165344917,0.011475677141788765,-0.00012630102355615236,0.0001220703134094947,4.2307101466576569e-06,-13,-13
original_prcp_2026,2026,5,3672-4392,25.5,-0.5,False,0,0.00085979066534491722,0.00073348964178876486,-0.00012630102355615236,0.0001220703134094947,4.2307101466576569e-06,-13,-13
original_prcp_2026,2026,5,3672-4392,25.5,33.5,False,0,0.00049357972784491722,0.00036727870428876486,-0.00012630102355615236,0.0001220703134094947,4.2307101466576569e-06,-13,-13
original_prcp_2026,2026,5,3672-4392,24.5,-1.5,False,0,0.0011039312903449172,0.00097763026678876486,-0.00012630102355615236,0.0001220703134094947,4.2307101466576569e-06,-13,-13
original_prcp_2026,2026,5,3672-4392,24.5,23.5,False,0,0.0011039312903449172,0.00097763026678876486,-0.00012630102355615236,0.0001220703134094947,4.2307101466576569e-06,-13,-13
original_prcp_2026,2026,5,3672-4392,23.5,6.5,False,0,0.0025687750403449172,0.0024424740167887649,-0.00012630102355615236,0.0001220703134094947,4.2307101466576569e-06,-13,-13
original_prcp_2026,2026,5,3672-4392,22.5,-1.5,False,0,0.0020804937903449172,0.0019541927667887649,-0.00012630102355615236,0.0001220703134094947,4.2307101466576569e-06,-13,-13
original_prcp_2026,2026,5,3672-4392,22.5,24.5,False,0,0.0012260016028449172,0.0010997005792887649,-0.00012630102355615236,0.0001220703134094947,4.2307101466576569e-06,-13,-13
original_prcp_2026,2026,5,3672-4392,22.5,34.5,False,0,0.0011039312903449172,0.00097763026678876486,-0.00012630102355615236,0.0001220703134094947,4.2307101466576569e-06,-13,-13
original_prcp_2026,2026,5,3672-4392,21.5,-9.5,False,0,0.0081840094153449172,0.0080577083917887649,-0.00012630102355615236,0.0001220703134094947,4.2307101466576569e-06,-13,-13
original_prcp_2026,2026,5,3672-4392,21.5,14.5,False,0,0.0035453375403449172,0.0034190365167887649,-0.00012630102355615236,0.0001220703134094947,4.2307101466576569e-06,-13,-13
original_prcp_2026,2026,5,3672-4392,21.5,35.5,True,1,0.0024467047278449172,0.0023204037042887649,-0.00012630102355615236,0.0001220703134094947,4.2307101466576569e-06,-13,-13
original_prcp_2026,2026,5,3672-4392,21.5,44.5,False,0,0.0058646734778449172,0.0057383724542887649,-0.00012630102355615236,0.0001220703134094947,4.2307101466576569e-06,-13,-13
original_prcp_2026,2026,5,3672-4392,21.5,48.5,False,0,0.0018363531653449172,0.0017100521417887649,-0.00012630102355615236,0.0001220703134094947,4.2307101466576569e-06,-13,-13
original_prcp_2026,2026,5,3672-4392,20.5,3.5,False,0,0.011968189102844917,0.011841888079288765,-0.00012630102355615236,0.0001220703134094947,4.2307101466576569e-06,-13,-13
original_prcp_2026,2026,5,3672-4392,20.5,5.5,False,0,0.0046439703528449172,0.0045176693292887649,-0.00012630102355615236,0.0001220703134094947,4.2307101466576569e-06,-13,-13
original_prcp_2026,2026,5,3672-4392,20.5,25.5,False,0,0.0059867437903449172,0.0058604427667887649,-0.00012630102355615236,0.0001220703134094947,4.2307101466576569e-06,-13,-13
original_prcp_2026,2026,5,3672-4392,20.5,29.5,True,1,0.00012736879034491722,1.0677667887648568e-06,-0.00012630102355615236,0.0001220703134094947,4.2307101466576569e-06,-13,-13
original_prcp_2026,2026,5,3672-4392,19.5,14.5,False,0,0.0083060797278449172,0.0081797787042887649,-0.00012630102355615236,0.0001220703134094947,4.2307101466576569e-06,-13,-13
original_prcp_2026,2026,5,3672-4392,19.5,22.5,False,0,0.0020804937903449172,0.0019541927667887649,-0.00012630102355615236,0.0001220703134094947,4.2307101466576569e-06,-13,-13
original_prcp_2026,2026,5,3672-4392,19.5,51.5,False,0,0.00049357972784491722,0.00036727870428876486,-0.00012630102355615236,0.0001220703134094947,4.2307101466576569e-06,-13,-13
original_prcp_2026,2026,5,3672-4392,19.5,52.5,False,0,0.00049357972784491722,0.00036727870428876486,-0.00012630102355615236,0.0001220703134094947,4.2307101466576569e-06,-13,-13
original_prcp_2026,2026,5,3672-4392,18.5,22.5,False,0,0.0035453375403449172,0.0034190365167887649,-0.00012630102355615236,0.0001220703134094947,4.2307101466576569e-06,-13,-13
original_prcp_2026,2026,5,3672-4392,17.5,25.5,True,3,0.0053763922278449172,0.0052500912042887649,-0.00012630102355615236,0.0001220703134094947,4.2307101466576569e-06,-13,-13
original_prcp_2026,2026,5,3672-4392,17.5,31.5,False,0,0.065923267227844917,0.065796966204288765,-0.00012630102355615236,0.0001220703134094947,4.2307101466576569e-06,-13,-13
original_prcp_2026,2026,5,3672-4392,17.5,39.5,False,0,0.0011039312903449172,0.00097763026678876486,-0.00012630102355615236,0.0001220703134094947,4.2307101466576569e-06,-13,-13
original_prcp_2026,2026,5,3672-4392,17.5,40.5,False,0,0.00012736879034491722,1.0677667887648568e-06,-0.00012630102355615236,0.0001220703134094947,4.2307101466576569e-06,-13,-13
original_prcp_2026,2026,5,3672-4392,16.5,24.5,False,0,0.031133228165344917,0.031006927141788765,-0.00012630102355615236,0.0001220703134094947,4.2307101466576569e-06,-13,-13
original_prcp_2026,2026,5,3672-4392,16.5,31.5,False,0,0.11316447816534492,0.11303817714178876,-0.00012630102355615236,0.0001220703134094947,4.2307101466576569e-06,-13,-13
original_prcp_2026,2026,5,3672-4392,15.5,29.5,True,1,0.11975627504034492,0.11962997401678876,-0.00012630102355615236,0.0001220703134094947,4.2307101466576569e-06,-13,-13
original_prcp_2026,2026,5,3672-4392,-20.5,121.5,False,0,0.0061088141028449172,0.0059825130792887649,-0.00012630102355615236,0.0001220703134094947,4.2307101466576569e-06,-13,-13
original_prcp_2026,2026,10,3672-4392,38.5,83.5,False,0,0.00390625,0.0037841796875,-0.0001220703125,9.1552734375e-05,3.0517578125e-05,-14,-13
original_prcp_2026,2026,10,3672-4392,31.5,55.5,False,0,0.010986328125,0.0108642578125,-0.0001220703125,9.1552734375e-05,3.0517578125e-05,-14,-13
original_prcp_2026,2026,10,3672-4392,27.5,36.5,False,0,0.005126953125,0.0050048828125,-0.0001220703125,9.1552734375e-05,3.0517578125e-05,-14,-13
original_prcp_2026,2026,10,3672-4392,26.5,13.5,False,0,0.002685546875,0.0025634765625,-0.0001220703125,9.1552734375e-05,3.0517578125e-05,-14,-13
original_prcp_2026,2026,10,3672-4392,25.5,17.5,False,0,0.0015869140625,0.00146484375,-0.0001220703125,9.1552734375e-05,3.0517578125e-05,-14,-13
original_prcp_2026,2026,10,3672-4392,18.5,12.5,False,0,0.0028076171875,0.002685546875,-0.0001220703125,9.1552734375e-05,3.0517578125e-05,-14,-13
original_prcp_2026,2026,10,3672-4392,15.5,10.5,True,1,0.046875,0.0467529296875,-0.0001220703125,9.1552734375e-05,3.0517578125e-05,-14,-13
original_prcp_2026,2026,10,3672-4392,-26.5,124.5,False,0,0.0224609375,0.0223388671875,-0.0001220703125,9.1552734375e-05,3.0517578125e-05,-14,-13
original_prcp_2026,2026,10,3672-4392,-27.5,127.5,False,0,0.0660400390625,0.06591796875,-0.0001220703125,9.1552734375e-05,3.0517578125e-05,-14,-13
original_prcp_2026,2026,14,3672-4392,31.5,3.5,False,0,0.0096736580599099398,0.0095470105297863483,-0.00012664753012359142,0.00012207032705191523,4.5772030716761947e-06,-13,-13
original_prcp_2026,2026,14,3672-4392,29.5,6.5,False,0,0.0039363533724099398,0.0038097058422863483,-0.00012664753012359142,0.00012207032705191523,4.5772030716761947e-06,-13,-13
original_prcp_2026,2026,14,3672-4392,27.5,22.5,False,0,0.0012508064974099398,0.0011241589672863483,-0.00012664753012359142,0.00012207032705191523,4.5772030716761947e-06,-13,-13
original_prcp_2026,2026,14,3672-4392,27.5,60.5,False,0,0.01174885337240994,0.011622205842286348,-0.00012664753012359142,0.00012207032705191523,4.5772030716761947e-06,-13,-13
original_prcp_2026,2026,14,3672-4392,26.5,30.5,False,0,0.0029597908724099398,0.0028331433422863483,-0.00012664753012359142,0.00012207032705191523,4.5772030716761947e-06,-13,-13
original_prcp_2026,2026,14,3672-4392,25.5,29.5,False,0,0.0024715096224099398,0.0023448620922863483,-0.00012664753012359142,0.00012207032705191523,4.5772030716761947e-06,-13,-13
original_prcp_2026,2026,14,3672-4392,22.5,-12.5,True,1,0.0054011971224099398,0.0052745495922863483,-0.00012664753012359142,0.00012207032705191523,4.5772030716761947e-06,-13,-13
original_prcp_2026,2026,14,3672-4392,22.5,9.5,False,0,0.0017390877474099398,0.0016124402172863483,-0.00012664753012359142,0.00012207032705191523,4.5772030716761947e-06,-13,-13
original_prcp_2026,2026,14,3672-4392,22.5,53.5,False,0,0.00027424399740993977,0.00014759646728634834,-0.00012664753012359142,0.00012207032705191523,4.5772030716761947e-06,-13,-13
original_prcp_2026,2026,14,3672-4392,21.5,8.5,False,0,0.0018611580599099398,0.0017345105297863483,-0.00012664753012359142,0.00012207032705191523,4.5772030716761947e-06,-13,-13
original_prcp_2026,2026,14,3672-4392,21.5,18.5,False,0,0.02090412680990994,0.020777479279786348,-0.00012664753012359142,0.00012207032705191523,4.5772030716761947e-06,-13,-13
original_prcp_2026,2026,14,3672-4392,21.5,28.5,True,1,0.00027424399740993977,0.00014759646728634834,-0.00012664753012359142,0.00012207032705191523,4.5772030716761947e-06,-13,-13
original_prcp_2026,2026,14,3672-4392,20.5,2.5,False,0,0.01834065024740994,0.018214002717286348,-0.00012664753012359142,0.00012207032705191523,4.5772030716761947e-06,-13,-13
original_prcp_2026,2026,14,3672-4392,20.5,18.5,True,1,0.01711994712240994,0.016993299592286348,-0.00012664753012359142,0.00012207032705191523,4.5772030716761947e-06,-13,-13
original_prcp_2026,2026,14,3672-4392,20.5,21.5,False,0,0.00076252524740993977,0.00063587771728634834,-0.00012664753012359142,0.00012207032705191523,4.5772030716761947e-06,-13,-13
original_prcp_2026,2026,14,3672-4392,20.5,29.5,True,1,0.0025935799349099398,0.0024669324047863483,-0.00012664753012359142,0.00012207032705191523,4.5772030716761947e-06,-13,-13
original_prcp_2026,2026,14,3672-4392,20.5,44.5,False,0,0.01052815024740994,0.010401502717286348,-0.00012664753012359142,0.00012207032705191523,4.5772030716761947e-06,-13,-13
original_prcp_2026,2026,14,3672-4392,18.5,24.5,False,0,0.0068660408724099398,0.0067393933422863483,-0.00012664753012359142,0.00012207032705191523,4.5772030716761947e-06,-13,-13
original_prcp_2026,2026,14,3672-4392,-17.5,15.5,True,1,0.05178791587240994,0.051661268342286348,-0.00012664753012359142,0.00012207032705191523,4.5772030716761947e-06,-13,-13
original_prcp_2026,2026,14,3672-4392,-17.5,120.5,False,0,0.02688557212240994,0.026758924592286348,-0.00012664753012359142,0.00012207032705191523,4.5772030716761947e-06,-13,-13
original_prcp_2026,2026,19,4392-5136,23.5,-8.5,False,0,0.006051343007129617,0.0059231310151517391,-0.00012821199197787791,0.00012207043619127944,6.1415557865984738e-06,-13,-13
original_prcp_2026,2026,19,4392-5136,21.5,25.5,False,0,0.022164624257129617,0.022036412265151739,-0.00012821199197787791,0.00012207043619127944,6.1415557865984738e-06,-13,-13
original_prcp_2026,2026,19,4392-5136,21.5,31.5,False,0,0.001168530507129617,0.0010403185151517391,-0.00012821199197787791,0.00012207043619127944,6.1415557865984738e-06,-13,-13
original_prcp_2026,2026,19,4392-5136,20.5,30.5,False,0,0.001412671132129617,0.0012844591401517391,-0.00012821199197787791,0.00012207043619127944,6.1415557865984738e-06,-13,-13
original_prcp_2026,2026,19,4392-5136,20.5,32.5,True,1,0.002511303944629617,0.0023830919526517391,-0.00012821199197787791,0.00012207043619127944,6.1415557865984738e-06,-13,-13
original_prcp_2026,2026,19,4392-5136,20.5,68.5,False,0,0.11579255394462962,0.11566434195265174,-0.00012821199197787791,0.00012207043619127944,6.1415557865984738e-06,-13,-13
original_prcp_2026,2026,19,4392-5136,19.5,33.5,False,0,0.008736889882129617,0.0086086778901517391,-0.00012821199197787791,0.00012207043619127944,6.1415557865984738e-06,-13,-13
original_prcp_2026,2026,19,4392-5136,18.5,14.5,False,0,0.007394116444629617,0.0072659044526517391,-0.00012821199197787791,0.00012207043619127944,6.1415557865984738e-06,-13,-13
original_prcp_2026,2026,19,4392-5136,17.5,20.5,False,0,0.015694897694629617,0.015566685702651739,-0.00012821199197787791,0.00012207043619127944,6.1415557865984738e-06,-13,-13
original_prcp_2026,2026,19,4392-5136,16.5,15.5,False,0,0.014596264882129617,0.014468052890151739,-0.00012821199197787791,0.00012207043619127944,6.1415557865984738e-06,-13,-13
original_prcp_2026,2026,19,4392-5136,15.5,19.5,False,0,0.082711499257129617,0.082583287265151739,-0.00012821199197787791,0.00012207043619127944,6.1415557865984738e-06,-13,-13
original_prcp_2026,2026,20,3672-4392,39.5,65.5,False,0,0.032849407848516421,0.032786622370622354,-6.2785477894067299e-05,6.1035157159494702e-05,1.7503207345725968e-06,-14,-14
original_prcp_2026,2026,20,3672-4392,39.5,85.5,False,0,0.0040408140985164209,0.0039780286206223536,-6.2785477894067299e-05,6.1035157159494702e-05,1.7503207345725968e-06,-14,-14
original_prcp_2026,2026,20,3672-4392,39.5,86.5,False,0,0.0027590758172664209,0.0026962903393723536,-6.2785477894067299e-05,6.1035157159494702e-05,1.7503207345725968e-06,-14,-14
original_prcp_2026,2026,20,3672-4392,38.5,62.5,False,0,0.016675091442266421,0.016612305964372354,-6.2785477894067299e-05,6.1035157159494702e-05,1.7503207345725968e-06,-14,-14
original_prcp_2026,2026,20,3672-4392,38.5,78.5,False,0,0.0094119078485164209,0.0093491223706223536,-6.2785477894067299e-05,6.1035157159494702e-05,1.7503207345725968e-06,-14,-14
original_prcp_2026,2026,20,3672-4392,37.5,62.5,False,0,0.027173138317266421,0.027110352839372354,-6.2785477894067299e-05,6.1035157159494702e-05,1.7503207345725968e-06,-14,-14
original_prcp_2026,2026,20,3672-4392,37.5,64.5,False,0,0.023755169567266421,0.023692384089372354,-6.2785477894067299e-05,6.1035157159494702e-05,1.7503207345725968e-06,-14,-14
original_prcp_2026,2026,20,3672-4392,37.5,65.5,False,0,0.026440716442266421,0.026377930964372354,-6.2785477894067299e-05,6.1035157159494702e-05,1.7503207345725968e-06,-14,-14
original_prcp_2026,2026,20,3672-4392,37.5,68.5,False,0,0.058240032848516421,0.058177247370622354,-6.2785477894067299e-05,6.1035157159494702e-05,1.7503207345725968e-06,-14,-14
original_prcp_2026,2026,20,3672-4392,37.5,79.5,False,0,0.011853314098516421,0.011790528620622354,-6.2785477894067299e-05,6.1035157159494702e-05,1.7503207345725968e-06,-14,-14
original_prcp_2026,2026,20,3672-4392,37.5,80.5,False,0,0.0097170836297664209,0.0096542981518723536,-6.2785477894067299e-05,6.1035157159494702e-05,1.7503207345725968e-06,-14,-14
original_prcp_2026,2026,20,3672-4392,36.5,57.5,False,0,0.077038860973516421,0.076976075495622354,-6.2785477894067299e-05,6.1035157159494702e-05,1.7503207345725968e-06,-14,-14
original_prcp_2026,2026,20,3672-4392,36.5,62.5,False,0,0.029736614879766421,0.029673829401872354,-6.2785477894067299e-05,6.1035157159494702e-05,1.7503207345725968e-06,-14,-14
original_prcp_2026,2026,20,3672-4392,36.5,64.5,True,2,0.034436321911016421,0.034373536433122354,-6.2785477894067299e-05,6.1035157159494702e-05,1.7503207345725968e-06,-14,-14
original_prcp_2026,2026,20,3672-4392,34.5,61.5,False,0,0.046582318004766421,0.046519532526872354,-6.2785477894067299e-05,6.1035157159494702e-05,1.7503207345725968e-06,-14,-14
original_prcp_2026,2026,20,3672-4392,33.5,47.5,False,0,0.13203153675476642,0.13196875127687235,-6.2785477894067299e-05,6.1035157159494702e-05,1.7503207345725968e-06,-14,-14
original_prcp_2026,2026,20,3672-4392,33.5,55.5,False,0,0.0097170836297664209,0.0096542981518723536,-6.2785477894067299e-05,6.1035157159494702e-05,1.7503207345725968e-06,-14,-14
original_prcp_2026,2026,20,3672-4392,33.5,61.5,False,0,0.048108196911016421,0.048045411433122354,-6.2785477894067299e-05,6.1035157159494702e-05,1.7503207345725968e-06,-14,-14
original_prcp_2026,2026,20,3672-4392,32.5,38.5,False,0,0.072522259411016421,0.072459473933122354,-6.2785477894067299e-05,6.1035157159494702e-05,1.7503207345725968e-06,-14,-14
original_prcp_2026,2026,20,3672-4392,32.5,61.5,False,0,0.026990032848516421,0.026927247370622354,-6.2785477894067299e-05,6.1035157159494702e-05,1.7503207345725968e-06,-14,-14
original_prcp_2026,2026,20,3672-4392,31.5,42.5,False,0,0.027295208629766421,0.027232423151872354,-6.2785477894067299e-05,6.1035157159494702e-05,1.7503207345725968e-06,-14,-14
original_prcp_2026,2026,20,3672-4392,31.5,44.5,False,0,0.026257610973516421,0.026194825495622354,-6.2785477894067299e-05,6.1035157159494702e-05,1.7503207345725968e-06,-14,-14
original_prcp_2026,2026,20,3672-4392,31.5,49.5,False,0,0.039563275036016421,0.039500489558122354,-6.2785477894067299e-05,6.1035157159494702e-05,1.7503207345725968e-06,-14,-14
original_prcp_2026,2026,20,3672-4392,30.5,54.5,False,0,0.010693646129766421,0.010630860651872354,-6.2785477894067299e-05,6.1035157159494702e-05,1.7503207345725968e-06,-14,-14
original_prcp_2026,2026,20,3672-4392,28.5,4.5,False,0,0.00025663441101642093,0.00019384893312235363,-6.2785477894067299e-05,6.1035157159494702e-05,1.7503207345725968e-06,-14,-14
original_prcp_2026,2026,20,3672-4392,28.5,8.5,False,0,0.00080595081726642093,0.00074316533937235363,-6.2785477894067299e-05,6.1035157159494702e-05,1.7503207345725968e-06,-14,-14
original_prcp_2026,2026,20,3672-4392,28.5,47.5,False,0,0.010754681286016421,0.010691895808122354,-6.2785477894067299e-05,6.1035157159494702e-05,1.7503207345725968e-06,-14,-14
original_prcp_2026,2026,20,3672-4392,27.5,10.5,False,0,0.0041628844110164209,0.0041000989331223536,-6.2785477894067299e-05,6.1035157159494702e-05,1.7503207345725968e-06,-14,-14
original_prcp_2026,2026,20,3672-4392,27.5,14.5,False,0,0.0035525328485164209,0.0034897473706223536,-6.2785477894067299e-05,6.1035157159494702e-05,1.7503207345725968e-06,-14,-14
original_prcp_2026,2026,20,3672-4392,27.5,31.5,False,0,0.0093508726922664209,0.0092880872143723536,-6.2785477894067299e-05,6.1035157159494702e-05,1.7503207345725968e-06,-14,-14
original_prcp_2026,2026,20,3672-4392,26.5,15.5,False,0,0.0026980406610164209,0.0026352551831223536,-6.2785477894067299e-05,6.1035157159494702e-05,1.7503207345725968e-06,-14,-14
original_prcp_2026,2026,20,3672-4392,26.5,26.5,False,0,0.0017825133172664209,0.0017197278393723536,-6.2785477894067299e-05,6.1035157159494702e-05,1.7503207345725968e-06,-14,-14
original_prcp_2026,2026,20,3672-4392,26.5,32.5,False,0,0.0045901305047664209,0.0045273450268723536,-6.2785477894067299e-05,6.1035157159494702e-05,1.7503207345725968e-06,-14,-14
original_prcp_2026,2026,20,3672-4392,26.5,34.5,False,0,0.0011111265985164209,0.0010483411206223536,-6.2785477894067299e-05,6.1035157159494702e-05,1.7503207345725968e-06,-14,-14
original_prcp_2026,2026,20,3672-4392,26.5,44.5,False,0,0.057629681286016421,0.057566895808122354,-6.2785477894067299e-05,6.1035157159494702e-05,1.7503207345725968e-06,-14,-14
original_prcp_2026,2026,20,3672-4392,25.5,18.5,False,0,0.015942669567266421,0.015879884089372354,-6.2785477894067299e-05,6.1035157159494702e-05,1.7503207345725968e-06,-14,-14
original_prcp_2026,2026,20,3672-4392,25.5,28.5,False,0,0.0015994078485164209,0.0015366223706223536,-6.2785477894067299e-05,6.1035157159494702e-05,1.7503207345725968e-06,-14,-14
original_prcp_2026,2026,20,3672-4392,25.5,44.5,False,0,0.087536907848516421,0.087474122370622354,-6.2785477894067299e-05,6.1035157159494702e-05,1.7503207345725968e-06,-14,-14
original_prcp_2026,2026,20,3672-4392,24.5,28.5,False,0,0.0026370055047664209,0.0025742200268723536,-6.2785477894067299e-05,6.1035157159494702e-05,1.7503207345725968e-06,-14,-14
original_prcp_2026,2026,20,3672-4392,24.5,32.5,False,0,0.00019559925476642093,0.00013281377687235363,-6.2785477894067299e-05,6.1035157159494702e-05,1.7503207345725968e-06,-14,-14
original_prcp_2026,2026,20,3672-4392,24.5,33.5,False,0,0.00013456409851642093,7.1778620622353628e-05,-6.2785477894067299e-05,6.1035157159494702e-05,1.7503207345725968e-06,-14,-14
original_prcp_2026,2026,20,3672-4392,24.5,49.5,False,0,0.012585735973516421,0.012522950495622354,-6.2785477894067299e-05,6.1035157159494702e-05,1.7503207345725968e-06,-14,-14
original_prcp_2026,2026,20,3672-4392,23.5,12.5,False,0,0.0023318297235164209,0.0022690442456223536,-6.2785477894067299e-05,6.1035157159494702e-05,1.7503207345725968e-06,-14,-14
original_prcp_2026,2026,20,3672-4392,23.5,44.5,False,0,0.062878704723516421,0.062815919245622354,-6.2785477894067299e-05,6.1035157159494702e-05,1.7503207345725968e-06,-14,-14
original_prcp_2026,2026,20,3672-4392,22.5,10.5,False,0,0.0012942320672664209,0.0012314465893723536,-6.2785477894067299e-05,6.1035157159494702e-05,1.7503207345725968e-06,-14,-14
original_prcp_2026,2026,20,3672-4392,22.5,13.5,False,0,0.013196087536016421,0.013133302058122354,-6.2785477894067299e-05,6.1035157159494702e-05,1.7503207345725968e-06,-14,-14
original_prcp_2026,2026,20,3672-4392,22.5,31.5,False,0,0.00019559925476642093,0.00013281377687235363,-6.2785477894067299e-05,6.1035157159494702e-05,1.7503207345725968e-06,-14,-14
original_prcp_2026,2026,20,3672-4392,22.5,46.5,False,0,0.040173626598516421,0.040110841120622354,-6.2785477894067299e-05,6.1035157159494702e-05,1.7503207345725968e-06,-14,-14
original_prcp_2026,2026,20,3672-4392,21.5,6.5,False,0,0.0050173765985164209,0.0049545911206223536,-6.2785477894067299e-05,6.1035157159494702e-05,1.7503207345725968e-06,-14,-14
original_prcp_2026,2026,20,3672-4392,21.5,12.5,False,0,0.0023928648797664209,0.0023300794018723536,-6.2785477894067299e-05,6.1035157159494702e-05,1.7503207345725968e-06,-14,-14
original_prcp_2026,2026,20,3672-4392,21.5,20.5,False,0,0.0033694273797664209,0.0033066419018723536,-6.2785477894067299e-05,6.1035157159494702e-05,1.7503207345725968e-06,-14,-14
original_prcp_2026,2026,20,3672-4392,21.5,21.5,False,0,0.0030032164422664209,0.0029404309643723536,-6.2785477894067299e-05,6.1035157159494702e-05,1.7503207345725968e-06,-14,-14
original_prcp_2026,2026,20,3672-4392,21.5,29.5,False,0,0.0044070250360164209,0.0043442395581223536,-6.2785477894067299e-05,6.1035157159494702e-05,1.7503207345725968e-06,-14,-14
original_prcp_2026,2026,20,3672-4392,21.5,45.5,False,0,0.049817181286016421,0.049754395808122354,-6.2785477894067299e-05,6.1035157159494702e-05,1.7503207345725968e-06,-14,-14
original_prcp_2026,2026,20,3672-4392,20.5,12.5,False,0,0.0026370055047664209,0.0025742200268723536,-6.2785477894067299e-05,6.1035157159494702e-05,1.7503207345725968e-06,-14,-14
original_prcp_2026,2026,20,3672-4392,19.5,10.5,False,0,0.0021487242547664209,0.0020859387768723536,-6.2785477894067299e-05,6.1035157159494702e-05,1.7503207345725968e-06,-14,-14
original_prcp_2026,2026,20,3672-4392,19.5,19.5,False,0,0.010571575817266421,0.010508790339372354,-6.2785477894067299e-05,6.1035157159494702e-05,1.7503207345725968e-06,-14,-14
original_prcp_2026,2026,20,3672-4392,18.5,16.5,False,0,0.019787884411016421,0.019725098933122354,-6.2785477894067299e-05,6.1035157159494702e-05,1.7503207345725968e-06,-14,-14
original_prcp_2026,2026,20,3672-4392,18.5,20.5,False,0,0.012158489879766421,0.012095704401872354,-6.2785477894067299e-05,6.1035157159494702e-05,1.7503207345725968e-06,-14,-14
original_prcp_2026,2026,20,3672-4392,18.5,22.5,False,0,0.033398724254766421,0.033335938776872354,-6.2785477894067299e-05,6.1035157159494702e-05,1.7503207345725968e-06,-14,-14
original_prcp_2026,2026,20,3672-4392,18.5,30.5,False,0,0.0091067320672664209,0.0090439465893723536,-6.2785477894067299e-05,6.1035157159494702e-05,1.7503207345725968e-06,-14,-14
original_prcp_2026,2026,20,3672-4392,17.5,13.5,False,0,0.0088015562860164209,0.0087387708081223536,-6.2785477894067299e-05,6.1035157159494702e-05,1.7503207345725968e-06,-14,-14
original_prcp_2026,2026,20,3672-4392,17.5,29.5,False,0,0.015942669567266421,0.015879884089372354,-6.2785477894067299e-05,6.1035157159494702e-05,1.7503207345725968e-06,-14,-14
original_prcp_2026,2026,20,3672-4392,16.5,21.5,True,1,0.11286649769226642,0.11280371221437235,-6.2785477894067299e-05,6.1035157159494702e-05,1.7503207345725968e-06,-14,-14
original_prcp_2026,2026,20,3672-4392,-9.5,31.5,True,4,0.15095243519226642,0.15088964971437235,-6.2785477894067299e-05,6.1035157159494702e-05,1.7503207345725968e-06,-14,-14
original_prcp_2026,2026,20,3672-4392,-20.5,-67.5,False,0,0.019543743786016421,0.019480958308122354,-6.2785477894067299e-05,6.1035157159494702e-05,1.7503207345725968e-06,-14,-14
original_prcp_2026,2026,21,4392-5136,26.5,29.5,False,0,0.011866900968016125,0.011741788781364448,-0.00012511218665167689,0.00012207032705191523,3.0418595997616649e-06,-13,-13
original_prcp_2026,2026,21,4392-5136,24.5,70.5,True,4,0.18252119784301613,0.18239608565636445,-0.00012511218665167689,0.00012207032705191523,3.0418595997616649e-06,-13,-13
original_prcp_2026,2026,21,4392-5136,22.5,28.5,False,0,0.0019792056555161253,0.0018540934688644484,-0.00012511218665167689,0.00012207032705191523,3.0418595997616649e-06,-13,-13
original_prcp_2026,2026,21,4392-5136,22.5,51.5,False,0,0.015040729093016125,0.014915616906364448,-0.00012511218665167689,0.00012207032705191523,3.0418595997616649e-06,-13,-13
original_prcp_2026,2026,21,4392-5136,22.5,53.5,False,0,0.035426471280516125,0.035301359093864448,-0.00012511218665167689,0.00012207032705191523,3.0418595997616649e-06,-13,-13
original_prcp_2026,2026,21,4392-5136,20.5,10.5,False,0,0.0060075259680161253,0.0058824137813644484,-0.00012511218665167689,0.00012207032705191523,3.0418595997616649e-06,-13,-13
original_prcp_2026,2026,21,4392-5136,20.5,24.5,False,0,0.0045426822180161253,0.0044175700313644484,-0.00012511218665167689,0.00012207032705191523,3.0418595997616649e-06,-13,-13
original_prcp_2026,2026,21,4392-5136,20.5,47.5,False,0,0.032008502530516125,0.031883390343864448,-0.00012511218665167689,0.00012207032705191523,3.0418595997616649e-06,-13,-13
original_prcp_2026,2026,21,4392-5136,19.5,14.5,False,0,0.0042985415930161253,0.0041734294063644484,-0.00012511218665167689,0.00012207032705191523,3.0418595997616649e-06,-13,-13
original_prcp_2026,2026,21,4392-5136,19.5,20.5,False,0,0.00075850253051612526,0.00063339034386444837,-0.00012511218665167689,0.00012207032705191523,3.0418595997616649e-06,-13,-13
original_prcp_2026,2026,21,4392-5136,19.5,21.5,False,0,0.00088057284301612526,0.00075546065636444837,-0.00012511218665167689,0.00012207032705191523,3.0418595997616649e-06,-13,-13
original_prcp_2026,2026,21,4392-5136,18.5,6.5,False,0,0.018702838468016125,0.018577726281364448,-0.00012511218665167689,0.00012207032705191523,3.0418595997616649e-06,-13,-13
original_prcp_2026,2026,21,4392-5136,18.5,18.5,False,0,0.0027116275305161253,0.0025865153438644484,-0.00012511218665167689,0.00012207032705191523,3.0418595997616649e-06,-13,-13
original_prcp_2026,2026,21,4392-5136,17.5,20.5,False,0,0.0036881900305161253,0.0035630778438644484,-0.00012511218665167689,0.00012207032705191523,3.0418595997616649e-06,-13,-13
original_prcp_2026,2026,21,4392-5136,16.5,6.5,False,0,0.12209639315551613,0.12197128096886445,-0.00012511218665167689,0.00012207032705191523,3.0418595997616649e-06,-13,-13
original_prcp_2026,2026,21,4392-5136,16.5,14.5,False,0,0.028834674405516125,0.028709562218864448,-0.00012511218665167689,0.00012207032705191523,3.0418595997616649e-06,-13,-13
original_prcp_2026,2026,21,4392-5136,16.5,18.5,False,0,0.013820025968016125,0.013694913781364448,-0.00012511218665167689,0.00012207032705191523,3.0418595997616649e-06,-13,-13
original_prcp_2026,2026,21,4392-5136,16.5,26.5,False,0,0.012599322843016125,0.012474210656364448,-0.00012511218665167689,0.00012207032705191523,3.0418595997616649e-06,-13,-13
original_prcp_2026,2026,21,4392-5136,15.5,21.5,True,1,0.11416182284301613,0.11403671065636445,-0.00012511218665167689,0.00012207032705191523,3.0418595997616649e-06,-13,-13
original_prcp_2026,2026,21,4392-5136,-17.5,117.5,False,0,0.055934283780516125,0.055809171593864448,-0.00012511218665167689,0.00012207032705191523,3.0418595997616649e-06,-13,-13
original_prcp_2026,2026,21,4392-5136,-21.5,-67.5,False,0,0.048243854093016125,0.048118741906364448,-0.00012511218665167689,0.00012207032705191523,3.0418595997616649e-06,-13,-13
original_prcp_2026,2026,27,4392-5136,33.5,48.5,False,0,0.056785996886901557,0.056656930508324876,-0.00012906637857668102,0.00012207032705191523,6.9960515247657895e-06,-13,-13
original_prcp_2026,2026,27,4392-5136,32.5,55.5,False,0,0.0053943953244015574,0.0052653289458248764,-0.00012906637857668102,0.00012207032705191523,6.9960515247657895e-06,-13,-13
original_prcp_2026,2026,27,4392-5136,32.5,57.5,False,0,0.0042957625119015574,0.0041666961333248764,-0.00012906637857668102,0.00012207032705191523,6.9960515247657895e-06,-13,-13
original_prcp_2026,2026,27,4392-5136,29.5,38.5,False,0,0.0029529890744015574,0.0028239226958248764,-0.00012906637857668102,0.00012207032705191523,6.9960515247657895e-06,-13,-13
original_prcp_2026,2026,27,4392-5136,28.5,6.5,False,0,0.0024647078244015574,0.0023356414458248764,-0.00012906637857668102,0.00012207032705191523,6.9960515247657895e-06,-13,-13
original_prcp_2026,2026,27,4392-5136,28.5,37.5,False,0,0.0025867781369015574,0.0024577117583248764,-0.00012906637857668102,0.00012207032705191523,6.9960515247657895e-06,-13,-13
original_prcp_2026,2026,27,4392-5136,27.5,32.5,False,0,0.00099986407440155745,0.00087079769582487643,-0.00012906637857668102,0.00012207032705191523,6.9960515247657895e-06,-13,-13
original_prcp_2026,2026,27,4392-5136,27.5,33.5,False,0,0.00087779376190155745,0.00074872738332487643,-0.00012906637857668102,0.00012207032705191523,6.9960515247657895e-06,-13,-13
original_prcp_2026,2026,27,4392-5136,27.5,65.5,False,0,0.037498887511901557,0.037369821133324876,-0.00012906637857668102,0.00012207032705191523,6.9960515247657895e-06,-13,-13
original_prcp_2026,2026,27,4392-5136,27.5,67.5,True,3,0.030052598449401557,0.029923532070824876,-0.00012906637857668102,0.00012207032705191523,6.9960515247657895e-06,-13,-13
original_prcp_2026,2026,27,4392-5136,26.5,71.5,False,0,0.041405137511901557,0.041276071133324876,-0.00012906637857668102,0.00012207032705191523,6.9960515247657895e-06,-13,-13
original_prcp_2026,2026,27,4392-5136,25.5,3.5,False,0,0.0016102156369015574,0.0014811492583248764,-0.00012906637857668102,0.00012207032705191523,6.9960515247657895e-06,-13,-13
original_prcp_2026,2026,27,4392-5136,24.5,3.5,False,0,0.0013660750119015574,0.0012370086333248764,-0.00012906637857668102,0.00012207032705191523,6.9960515247657895e-06,-13,-13
original_prcp_2026,2026,27,4392-5136,24.5,17.5,False,0,0.00063365313690155745,0.00050458675832487643,-0.00012906637857668102,0.00012207032705191523,6.9960515247657895e-06,-13,-13
original_prcp_2026,2026,27,4392-5136,24.5,29.5,False,0,0.0013660750119015574,0.0012370086333248764,-0.00012906637857668102,0.00012207032705191523,6.9960515247657895e-06,-13,-13
original_prcp_2026,2026,27,4392-5136,23.5,-4.5,False,0,0.0049061140744015574,0.0047770476958248764,-0.00012906637857668102,0.00012207032705191523,6.9960515247657895e-06,-13,-13
original_prcp_2026,2026,27,4392-5136,23.5,2.5,False,0,0.0017322859494015574,0.0016032195708248764,-0.00012906637857668102,0.00012207032705191523,6.9960515247657895e-06,-13,-13
original_prcp_2026,2026,27,4392-5136,23.5,3.5,False,0,0.00051158282440155745,0.00038251644582487643,-0.00012906637857668102,0.00012207032705191523,6.9960515247657895e-06,-13,-13
original_prcp_2026,2026,27,4392-5136,23.5,10.5,False,0,0.00014537188690155745,1.6305508324876428e-05,-0.00012906637857668102,0.00012207032705191523,6.9960515247657895e-06,-13,-13
original_prcp_2026,2026,27,4392-5136,23.5,32.5,False,0,0.00051158282440155745,0.00038251644582487643,-0.00012906637857668102,0.00012207032705191523,6.9960515247657895e-06,-13,-13
original_prcp_2026,2026,27,4392-5136,22.5,6.5,False,0,0.00038951251190155745,0.00026044613332487643,-0.00012906637857668102,0.00012207032705191523,6.9960515247657895e-06,-13,-13
original_prcp_2026,2026,27,4392-5136,21.5,-4.5,False,0,0.0095447859494015574,0.0094157195708248764,-0.00012906637857668102,0.00012207032705191523,6.9960515247657895e-06,-13,-13
original_prcp_2026,2026,27,4392-5136,21.5,1.5,False,0,0.0038074812619015574,0.0036784148833248764,-0.00012906637857668102,0.00012207032705191523,6.9960515247657895e-06,-13,-13
original_prcp_2026,2026,27,4392-5136,21.5,7.5,False,0,0.00026744219940155745,0.00013837582082487643,-0.00012906637857668102,0.00012207032705191523,6.9960515247657895e-06,-13,-13
original_prcp_2026,2026,27,4392-5136,21.5,8.5,False,0,0.00014537188690155745,1.6305508324876428e-05,-0.00012906637857668102,0.00012207032705191523,6.9960515247657895e-06,-13,-13
original_prcp_2026,2026,27,4392-5136,21.5,25.5,False,0,0.0052723250119015574,0.0051432586333248764,-0.00012906637857668102,0.00012207032705191523,6.9960515247657895e-06,-13,-13
original_prcp_2026,2026,27,4392-5136,21.5,38.5,False,0,0.00051158282440155745,0.00038251644582487643,-0.00012906637857668102,0.00012207032705191523,6.9960515247657895e-06,-13,-13
original_prcp_2026,2026,27,4392-5136,19.5,1.5,False,0,0.025535996886901557,0.025406930508324876,-0.00012906637857668102,0.00012207032705191523,6.9960515247657895e-06,-13,-13
original_prcp_2026,2026,27,4392-5136,18.5,44.5,False,0,0.012962754699401557,0.012833688320824876,-0.00012906637857668102,0.00012207032705191523,6.9960515247657895e-06,-13,-13
original_prcp_2026,2026,27,4392-5136,16.5,22.5,False,0,0.053001817199401557,0.052872750820824876,-0.00012906637857668102,0.00012207032705191523,6.9960515247657895e-06,-13,-13
original_prcp_2026,2026,27,4392-5136,15.5,18.5,False,0,0.053856309386901557,0.053727243008324876,-0.00012906637857668102,0.00012207032705191523,6.9960515247657895e-06,-13,-13
original_prcp_2026,2026,28,3672-4392,34.5,45.5,False,0,0.056031080690843282,0.055908203125,-0.00012287756584328235,9.1552734403421709e-05,3.1324831439860645e-05,-14,-13
original_prcp_2026,2026,28,3672-4392,28.5,12.5,False,0,0.0041511978783432824,0.0040283203125,-0.00012287756584328235,9.1552734403421709e-05,3.1324831439860645e-05,-14,-13
original_prcp_2026,2026,28,3672-4392,24.5,-4.5,False,0,0.0023201431908432824,0.002197265625,-0.00012287756584328235,9.1552734403421709e-05,3.1324831439860645e-05,-14,-13
original_prcp_2026,2026,28,3672-4392,23.5,43.5,False,0,0.023438307253343282,0.0233154296875,-0.00012287756584328235,9.1552734403421709e-05,3.1324831439860645e-05,-14,-13
original_prcp_2026,2026,28,3672-4392,22.5,13.5,False,0,0.0035408463158432824,0.00341796875,-0.00012287756584328235,9.1552734403421709e-05,3.1324831439860645e-05,-14,-13
original_prcp_2026,2026,28,3672-4392,22.5,33.5,False,0,0.0010994400658432824,0.0009765625,-0.00012287756584328235,9.1552734403421709e-05,3.1324831439860645e-05,-14,-13
original_prcp_2026,2026,28,3672-4392,18.5,24.5,False,0,0.0020760025658432824,0.001953125,-0.00012287756584328235,9.1552734403421709e-05,3.1324831439860645e-05,-14,-13
original_prcp_2026,2026,28,3672-4392,15.5,22.5,True,1,0.047852369753343282,0.0477294921875,-0.00012287756584328235,9.1552734403421709e-05,3.1324831439860645e-05,-14,-13
original_prcp_2026,2026,29,3672-4392,32.5,37.5,False,0,0.043702756212042004,0.043579629316980117,-0.0001231268950618869,0.00012207031298316906,1.0565820787178382e-06,-13,-13
original_prcp_2026,2026,29,3672-4392,32.5,45.5,False,0,0.108277951524542,0.10815482462948012,-0.0001231268950618869,0.00012207031298316906,1.0565820787178382e-06,-13,-13
original_prcp_2026,2026,29,3672-4392,32.5,46.5,False,0,0.092652951524542004,0.092529824629480117,-0.0001231268950618869,0.00012207031298316906,1.0565820787178382e-06,-13,-13
original_prcp_2026,2026,29,3672-4392,31.5,49.5,False,0,0.097413693712042004,0.097290566816980117,-0.0001231268950618869,0.00012207031298316906,1.0565820787178382e-06,-13,-13
original_prcp_2026,2026,29,3672-4392,30.5,46.5,False,0,0.057984982774542004,0.057861855879480117,-0.0001231268950618869,0.00012207031298316906,1.0565820787178382e-06,-13,-13
original_prcp_2026,2026,29,3672-4392,30.5,60.5,False,0,0.057130490587042004,0.057007363691980117,-0.0001231268950618869,0.00012207031298316906,1.0565820787178382e-06,-13,-13
original_prcp_2026,2026,29,3672-4392,29.5,41.5,False,0,0.021485959337042004,0.021362832441980117,-0.0001231268950618869,0.00012207031298316906,1.0565820787178382e-06,-13,-13
original_prcp_2026,2026,29,3672-4392,28.5,46.5,False,0,0.081178342149542004,0.081055215254480117,-0.0001231268950618869,0.00012207031298316906,1.0565820787178382e-06,-13,-13
original_prcp_2026,2026,29,3672-4392,27.5,-1.5,False,0,0.00085607652454200434,0.00073294962948011744,-0.0001231268950618869,0.00012207031298316906,1.0565820787178382e-06,-13,-13
original_prcp_2026,2026,29,3672-4392,27.5,24.5,False,0,0.00048986558704200434,0.00036673869198011744,-0.0001231268950618869,0.00012207031298316906,1.0565820787178382e-06,-13,-13
original_prcp_2026,2026,29,3672-4392,27.5,36.5,False,0,0.037110959337042004,0.036987832441980117,-0.0001231268950618869,0.00012207031298316906,1.0565820787178382e-06,-13,-13
original_prcp_2026,2026,29,3672-4392,26.5,14.5,False,0,0.0021988499620420043,0.0020757230669801174,-0.0001231268950618869,0.00012207031298316906,1.0565820787178382e-06,-13,-13
original_prcp_2026,2026,29,3672-4392,26.5,22.5,False,0,0.00024572496204200434,0.00012259806698011744,-0.0001231268950618869,0.00012207031298316906,1.0565820787178382e-06,-13,-13
original_prcp_2026,2026,29,3672-4392,26.5,27.5,False,0,0.0025650608995420043,0.0024419340044801174,-0.0001231268950618869,0.00012207031298316906,1.0565820787178382e-06,-13,-13
original_prcp_2026,2026,29,3672-4392,26.5,40.5,False,0,0.093507443712042004,0.093384316816980117,-0.0001231268950618869,0.00012207031298316906,1.0565820787178382e-06,-13,-13
original_prcp_2026,2026,29,3672-4392,25.5,21.5,False,0,0.00024572496204200434,0.00012259806698011744,-0.0001231268950618869,0.00012207031298316906,1.0565820787178382e-06,-13,-13
original_prcp_2026,2026,29,3672-4392,25.5,43.5,False,0,0.062501584337042004,0.062378457441980117,-0.0001231268950618869,0.00012207031298316906,1.0565820787178382e-06,-13,-13
original_prcp_2026,2026,29,3672-4392,24.5,24.5,False,0,0.00048986558704200434,0.00036673869198011744,-0.0001231268950618869,0.00012207031298316906,1.0565820787178382e-06,-13,-13
original_prcp_2026,2026,29,3672-4392,24.5,47.5,False,0,0.102540646837042,0.10241751994198012,-0.0001231268950618869,0.00012207031298316906,1.0565820787178382e-06,-13,-13
original_prcp_2026,2026,29,3672-4392,23.5,19.5,False,0,0.00036779527454200434,0.00024466837948011744,-0.0001231268950618869,0.00012207031298316906,1.0565820787178382e-06,-13,-13
original_prcp_2026,2026,29,3672-4392,23.5,31.5,False,0,0.0026871312120420043,0.0025640043169801174,-0.0001231268950618869,0.00012207031298316906,1.0565820787178382e-06,-13,-13
original_prcp_2026,2026,29,3672-4392,22.5,16.5,False,0,0.00073400621204200434,0.00061087931698011744,-0.0001231268950618869,0.00012207031298316906,1.0565820787178382e-06,-13,-13
original_prcp_2026,2026,29,3672-4392,21.5,27.5,False,0,0.0062271702745420043,0.0061040433794801174,-0.0001231268950618869,0.00012207031298316906,1.0565820787178382e-06,-13,-13
original_prcp_2026,2026,29,3672-4392,21.5,34.5,True,1,0.011598264024542004,0.011475137129480117,-0.0001231268950618869,0.00012207031298316906,1.0565820787178382e-06,-13,-13
original_prcp_2026,2026,29,3672-4392,21.5,35.5,True,1,0.033204709337042004,0.033081582441980117,-0.0001231268950618869,0.00012207031298316906,1.0565820787178382e-06,-13,-13
original_prcp_2026,2026,29,3672-4392,21.5,47.5,False,0,0.043336545274542004,0.043213418379480117,-0.0001231268950618869,0.00012207031298316906,1.0565820787178382e-06,-13,-13
original_prcp_2026,2026,29,3672-4392,20.5,23.5,False,0,0.0021988499620420043,0.0020757230669801174,-0.0001231268950618869,0.00012207031298316906,1.0565820787178382e-06,-13,-13
original_prcp_2026,2026,29,3672-4392,20.5,29.5,True,1,0.00097814683704200434,0.00085501994198011744,-0.0001231268950618869,0.00012207031298316906,1.0565820787178382e-06,-13,-13
original_prcp_2026,2026,29,3672-4392,20.5,43.5,False,0,0.134889279649542,0.13476615275448012,-0.0001231268950618869,0.00012207031298316906,1.0565820787178382e-06,-13,-13
original_prcp_2026,2026,29,3672-4392,20.5,47.5,False,0,0.037843381212042004,0.037720254316980117,-0.0001231268950618869,0.00012207031298316906,1.0565820787178382e-06,-13,-13
original_prcp_2026,2026,29,3672-4392,20.5,50.5,False,0,0.024171506212042004,0.024048379316980117,-0.0001231268950618869,0.00012207031298316906,1.0565820787178382e-06,-13,-13
original_prcp_2026,2026,29,3672-4392,19.5,21.5,False,0,0.0021988499620420043,0.0020757230669801174,-0.0001231268950618869,0.00012207031298316906,1.0565820787178382e-06,-13,-13
original_prcp_2026,2026,29,3672-4392,18.5,45.5,False,0,0.053468381212042004,0.053345254316980117,-0.0001231268950618869,0.00012207031298316906,1.0565820787178382e-06,-13,-13
original_prcp_2026,2026,29,3672-4392,17.5,21.5,False,0,0.0034195530870420043,0.0032964261919801174,-0.0001231268950618869,0.00012207031298316906,1.0565820787178382e-06,-13,-13
original_prcp_2026,2026,29,3672-4392,17.5,46.5,False,0,0.012941037462042004,0.012817910566980117,-0.0001231268950618869,0.00012207031298316906,1.0565820787178382e-06,-13,-13
original_prcp_2026,2026,29,3672-4392,-16.5,121.5,False,0,0.018434201524542004,0.018311074629480117,-0.0001231268950618869,0.00012207031298316906,1.0565820787178382e-06,-13,-13
original_prcp_2026,2026,31,3672-4392,38.5,60.5,False,0,0.023810551942915481,0.023683003256337543,-0.0001275486865779385,0.0001220703134094947,5.4783731684437953e-06,-13,-13
original_prcp_2026,2026,31,3672-4392,36.5,61.5,False,0,0.021979497255415481,0.021851948568837543,-0.0001275486865779385,0.0001220703134094947,5.4783731684437953e-06,-13,-13
original_prcp_2026,2026,31,3672-4392,34.5,38.5,False,0,0.013312505067915481,0.013184956381337543,-0.0001275486865779385,0.0001220703134094947,5.4783731684437953e-06,-13,-13
original_prcp_2026,2026,31,3672-4392,34.5,39.5,False,0,0.009772466005415481,0.0096449173188375426,-0.0001275486865779385,0.0001220703134094947,5.4783731684437953e-06,-13,-13
original_prcp_2026,2026,31,3672-4392,33.5,40.5,False,0,0.010871098817915481,0.010743550131337543,-0.0001275486865779385,0.0001220703134094947,5.4783731684437953e-06,-13,-13
original_prcp_2026,2026,31,3672-4392,33.5,46.5,False,0,0.028937505067915481,0.028809956381337543,-0.0001275486865779385,0.0001220703134094947,5.4783731684437953e-06,-13,-13
original_prcp_2026,2026,31,3672-4392,33.5,48.5,False,0,0.062140630067915481,0.062013081381337543,-0.0001275486865779385,0.0001220703134094947,5.4783731684437953e-06,-13,-13
original_prcp_2026,2026,31,3672-4392,33.5,51.5,False,0,0.036994145692915481,0.036866597006337543,-0.0001275486865779385,0.0001220703134094947,5.4783731684437953e-06,-13,-13
original_prcp_2026,2026,31,3672-4392,32.5,49.5,False,0,0.046393559755415481,0.046266011068837543,-0.0001275486865779385,0.0001220703134094947,5.4783731684437953e-06,-13,-13
original_prcp_2026,2026,31,3672-4392,32.5,51.5,False,0,0.032111333192915481,0.031983784506337543,-0.0001275486865779385,0.0001220703134094947,5.4783731684437953e-06,-13,-13
original_prcp_2026,2026,31,3672-4392,32.5,52.5,False,0,0.025275395692915481,0.025147847006337543,-0.0001275486865779385,0.0001220703134094947,5.4783731684437953e-06,-13,-13
original_prcp_2026,2026,31,3672-4392,31.5,41.5,False,0,0.004401372255415481,0.0042738235688375426,-0.0001275486865779385,0.0001220703134094947,5.4783731684437953e-06,-13,-13
original_prcp_2026,2026,31,3672-4392,30.5,47.5,False,0,0.002692387880415481,0.0025648391938375426,-0.0001275486865779385,0.0001220703134094947,5.4783731684437953e-06,-13,-13
original_prcp_2026,2026,31,3672-4392,29.5,7.5,False,0,0.003058598817915481,0.0029310501313375426,-0.0001275486865779385,0.0001220703134094947,5.4783731684437953e-06,-13,-13
original_prcp_2026,2026,31,3672-4392,29.5,44.5,False,0,0.006354497255415481,0.0062269485688375426,-0.0001275486865779385,0.0001220703134094947,5.4783731684437953e-06,-13,-13
original_prcp_2026,2026,31,3672-4392,29.5,54.5,False,0,0.019171880067915481,0.019044331381337543,-0.0001275486865779385,0.0001220703134094947,5.4783731684437953e-06,-13,-13
original_prcp_2026,2026,31,3672-4392,29.5,61.5,False,0,0.025397466005415481,0.025269917318837543,-0.0001275486865779385,0.0001220703134094947,5.4783731684437953e-06,-13,-13
original_prcp_2026,2026,31,3672-4392,29.5,63.5,False,0,0.024665044130415481,0.024537495443837543,-0.0001275486865779385,0.0001220703134094947,5.4783731684437953e-06,-13,-13
original_prcp_2026,2026,31,3672-4392,28.5,35.5,False,0,0.001593755067915481,0.0014662063813375426,-0.0001275486865779385,0.0001220703134094947,5.4783731684437953e-06,-13,-13
original_prcp_2026,2026,31,3672-4392,28.5,52.5,False,0,0.004157231630415481,0.0040296829438375426,-0.0001275486865779385,0.0001220703134094947,5.4783731684437953e-06,-13,-13
original_prcp_2026,2026,31,3672-4392,27.5,26.5,False,0,0.001227544130415481,0.0010999954438375426,-0.0001275486865779385,0.0001220703134094947,5.4783731684437953e-06,-13,-13
original_prcp_2026,2026,31,3672-4392,27.5,34.5,False,0,0.00049512225541548105,0.00036757356883754255,-0.0001275486865779385,0.0001220703134094947,5.4783731684437953e-06,-13,-13
original_prcp_2026,2026,31,3672-4392,27.5,45.5,False,0,0.002692387880415481,0.0025648391938375426,-0.0001275486865779385,0.0001220703134094947,5.4783731684437953e-06,-13,-13
original_prcp_2026,2026,31,3672-4392,26.5,15.5,False,0,0.004767583192915481,0.0046400345063375426,-0.0001275486865779385,0.0001220703134094947,5.4783731684437953e-06,-13,-13
original_prcp_2026,2026,31,3672-4392,26.5,33.5,False,0,0.002204106630415481,0.0020765579438375426,-0.0001275486865779385,0.0001220703134094947,5.4783731684437953e-06,-13,-13
original_prcp_2026,2026,31,3672-4392,26.5,52.5,False,0,0.00025098163041548105,0.00012343294383754255,-0.0001275486865779385,0.0001220703134094947,5.4783731684437953e-06,-13,-13
original_prcp_2026,2026,31,3672-4392,24.5,10.5,False,0,0.009162114442915481,0.0090345657563375426,-0.0001275486865779385,0.0001220703134094947,5.4783731684437953e-06,-13,-13
original_prcp_2026,2026,31,3672-4392,24.5,33.5,False,0,0.001227544130415481,0.0010999954438375426,-0.0001275486865779385,0.0001220703134094947,5.4783731684437953e-06,-13,-13
original_prcp_2026,2026,31,3672-4392,24.5,37.5,False,0,0.00025098163041548105,0.00012343294383754255,-0.0001275486865779385,0.0001220703134094947,5.4783731684437953e-06,-13,-13
original_prcp_2026,2026,31,3672-4392,24.5,46.5,False,0,0.010016606630415481,0.0098890579438375426,-0.0001275486865779385,0.0001220703134094947,5.4783731684437953e-06,-13,-13
original_prcp_2026,2026,31,3672-4392,24.5,49.5,False,0,0.001471684755415481,0.0013441360688375426,-0.0001275486865779385,0.0001220703134094947,5.4783731684437953e-06,-13,-13
original_prcp_2026,2026,31,3672-4392,23.5,29.5,False,0,0.00061719256791548105,0.00048964388133754255,-0.0001275486865779385,0.0001220703134094947,5.4783731684437953e-06,-13,-13
original_prcp_2026,2026,31,3672-4392,23.5,47.5,False,0,0.003302739442915481,0.0031751907563375426,-0.0001275486865779385,0.0001220703134094947,5.4783731684437953e-06,-13,-13
original_prcp_2026,2026,31,3672-4392,22.5,25.5,False,0,0.003668950380415481,0.0035414016938375426,-0.0001275486865779385,0.0001220703134094947,5.4783731684437953e-06,-13,-13
original_prcp_2026,2026,31,3672-4392,21.5,23.5,False,0,0.004279301942915481,0.0041517532563375426,-0.0001275486865779385,0.0001220703134094947,5.4783731684437953e-06,-13,-13
original_prcp_2026,2026,31,3672-4392,21.5,45.5,False,0,0.001593755067915481,0.0014662063813375426,-0.0001275486865779385,0.0001220703134094947,5.4783731684437953e-06,-13,-13
original_prcp_2026,2026,31,3672-4392,20.5,13.5,True,1,0.002204106630415481,0.0020765579438375426,-0.0001275486865779385,0.0001220703134094947,5.4783731684437953e-06,-13,-13
original_prcp_2026,2026,31,3672-4392,20.5,26.5,False,0,0.002082036317915481,0.0019544876313375426,-0.0001275486865779385,0.0001220703134094947,5.4783731684437953e-06,-13,-13
original_prcp_2026,2026,31,3672-4392,20.5,50.5,False,0,0.00061719256791548105,0.00048964388133754255,-0.0001275486865779385,0.0001220703134094947,5.4783731684437953e-06,-13,-13
original_prcp_2026,2026,31,3672-4392,19.5,24.5,False,0,0.002326176942915481,0.0021986282563375426,-0.0001275486865779385,0.0001220703134094947,5.4783731684437953e-06,-13,-13
original_prcp_2026,2026,31,3672-4392,19.5,33.5,False,0,0.006842778505415481,0.0067152298188375426,-0.0001275486865779385,0.0001220703134094947,5.4783731684437953e-06,-13,-13
original_prcp_2026,2026,31,3672-4392,18.5,9.5,False,0,0.006720708192915481,0.0065931595063375426,-0.0001275486865779385,0.0001220703134094947,5.4783731684437953e-06,-13,-13
original_prcp_2026,2026,31,3672-4392,18.5,33.5,True,1,0.027350591005415481,0.027223042318837543,-0.0001275486865779385,0.0001220703134094947,5.4783731684437953e-06,-13,-13
original_prcp_2026,2026,31,3672-4392,17.5,10.5,False,0,0.003791020692915481,0.0036634720063375426,-0.0001275486865779385,0.0001220703134094947,5.4783731684437953e-06,-13,-13
original_prcp_2026,2026,31,3672-4392,15.5,28.5,True,1,0.065558598817915481,0.065431050131337543,-0.0001275486865779385,0.0001220703134094947,5.4783731684437953e-06,-13,-13
original_prcp_2026,2026,31,3672-4392,-7.5,-42.5,False,0,0.099982426942915481,0.099854878256337543,-0.0001275486865779385,0.0001220703134094947,5.4783731684437953e-06,-13,-13
original_prcp_2026,2026,31,3672-4392,-14.5,123.5,False,0,0.007453130067915481,0.0073255813813375426,-0.0001275486865779385,0.0001220703134094947,5.4783731684437953e-06,-13,-13
original_prcp_2026,2026,31,3672-4392,-18.5,125.5,False,0,0.00012891131791548105,1.3626313375425525e-06,-0.0001275486865779385,0.0001220703134094947,5.4783731684437953e-06,-13,-13
original_prcp_2026,2026,33,4392-5136,17.5,16.5,False,0,0.005859375,0.0056935011380119249,-0.00016587386198807508,0.00012207031977595761,4.3803542212117463e-05,-13,-13
original_prcp_2026,2026,34,3672-4392,35.5,40.5,False,0,0.068866930945659988,0.068743772353627719,-0.00012315859203226864,0.00012207032705191523,1.088264980353415e-06,-13,-13
original_prcp_2026,2026,34,3672-4392,32.5,60.5,False,0,0.039081774695659988,0.038958616103627719,-0.00012315859203226864,0.00012207032705191523,1.088264980353415e-06,-13,-13
original_prcp_2026,2026,34,3672-4392,30.5,43.5,False,0,0.016864977820659988,0.016741819228627719,-0.00012315859203226864,0.00012207032705191523,1.088264980353415e-06,-13,-13
original_prcp_2026,2026,34,3672-4392,30.5,58.5,False,0,0.0084421262581599876,0.008318967666127719,-0.00012315859203226864,0.00012207032705191523,1.088264980353415e-06,-13,-13
original_prcp_2026,2026,34,3672-4392,30.5,59.5,False,0,0.031147204383159988,0.031024045791127719,-0.00012315859203226864,0.00012207032705191523,1.088264980353415e-06,-13,-13
original_prcp_2026,2026,34,3672-4392,29.5,24.5,False,0,0.0057565793831599876,0.005633420791127719,-0.00012315859203226864,0.00012207032705191523,1.088264980353415e-06,-13,-13
original_prcp_2026,2026,34,3672-4392,29.5,26.5,False,0,0.0045358762581599876,0.004412717666127719,-0.00012315859203226864,0.00012207032705191523,1.088264980353415e-06,-13,-13
original_prcp_2026,2026,34,3672-4392,29.5,49.5,False,0,0.018207751258159988,0.018084592666127719,-0.00012315859203226864,0.00012207032705191523,1.088264980353415e-06,-13,-13
original_prcp_2026,2026,34,3672-4392,28.5,23.5,False,0,0.0039255246956599876,0.003802366103627719,-0.00012315859203226864,0.00012207032705191523,1.088264980353415e-06,-13,-13
original_prcp_2026,2026,34,3672-4392,28.5,34.5,False,0,0.0077097043831599876,0.007586545791127719,-0.00012315859203226864,0.00012207032705191523,1.088264980353415e-06,-13,-13
original_prcp_2026,2026,34,3672-4392,28.5,60.5,False,0,0.020771227820659988,0.020648069228627719,-0.00012315859203226864,0.00012207032705191523,1.088264980353415e-06,-13,-13
original_prcp_2026,2026,34,3672-4392,27.5,-3.5,False,0,0.0047800168831599876,0.004656858291127719,-0.00012315859203226864,0.00012207032705191523,1.088264980353415e-06,-13,-13
original_prcp_2026,2026,34,3672-4392,27.5,41.5,False,0,0.0086862668831599876,0.008563108291127719,-0.00012315859203226864,0.00012207032705191523,1.088264980353415e-06,-13,-13
original_prcp_2026,2026,34,3672-4392,27.5,49.5,False,0,0.013569079383159988,0.013445920791127719,-0.00012315859203226864,0.00012207032705191523,1.088264980353415e-06,-13,-13
original_prcp_2026,2026,34,3672-4392,27.5,60.5,False,0,0.014179430945659988,0.014056272353627719,-0.00012315859203226864,0.00012207032705191523,1.088264980353415e-06,-13,-13
original_prcp_2026,2026,34,3672-4392,27.5,63.5,False,0,0.013447009070659988,0.013323850478627719,-0.00012315859203226864,0.00012207032705191523,1.088264980353415e-06,-13,-13
original_prcp_2026,2026,34,3672-4392,27.5,65.5,False,0,0.054096423133159988,0.053973264541127719,-0.00012315859203226864,0.00012207032705191523,1.088264980353415e-06,-13,-13
original_prcp_2026,2026,34,3672-4392,26.5,22.5,False,0,0.00062962625815998763,0.00050646766612771899,-0.00012315859203226864,0.00012207032705191523,1.088264980353415e-06,-13,-13
original_prcp_2026,2026,34,3672-4392,26.5,35.5,False,0,0.00026341532065998763,0.00014025672862771899,-0.00012315859203226864,0.00012207032705191523,1.088264980353415e-06,-13,-13
original_prcp_2026,2026,34,3672-4392,26.5,40.5,False,0,0.0092966184456599876,0.009173459853627719,-0.00012315859203226864,0.00012207032705191523,1.088264980353415e-06,-13,-13
original_prcp_2026,2026,34,3672-4392,26.5,49.5,False,0,0.013691149695659988,0.013567991103627719,-0.00012315859203226864,0.00012207032705191523,1.088264980353415e-06,-13,-13
original_prcp_2026,2026,34,3672-4392,26.5,51.5,False,0,0.0039255246956599876,0.003802366103627719,-0.00012315859203226864,0.00012207032705191523,1.088264980353415e-06,-13,-13
original_prcp_2026,2026,34,3672-4392,26.5,63.5,False,0,0.037250720008159988,0.037127561416127719,-0.00012315859203226864,0.00012207032705191523,1.088264980353415e-06,-13,-13
original_prcp_2026,2026,34,3672-4392,25.5,26.5,False,0,0.0012399778206599876,0.001116819228627719,-0.00012315859203226864,0.00012207032705191523,1.088264980353415e-06,-13,-13
original_prcp_2026,2026,34,3672-4392,25.5,28.5,False,0,0.0022165403206599876,0.002093381728627719,-0.00012315859203226864,0.00012207032705191523,1.088264980353415e-06,-13,-13
original_prcp_2026,2026,34,3672-4392,25.5,42.5,False,0,0.057880602820659988,0.057757444228627719,-0.00012315859203226864,0.00012207032705191523,1.088264980353415e-06,-13,-13
original_prcp_2026,2026,34,3672-4392,24.5,26.5,False,0,0.0018503293831599876,0.001727170791127719,-0.00012315859203226864,0.00012207032705191523,1.088264980353415e-06,-13,-13
original_prcp_2026,2026,34,3672-4392,24.5,46.5,False,0,0.038593493445659988,0.038470334853627719,-0.00012315859203226864,0.00012207032705191523,1.088264980353415e-06,-13,-13
original_prcp_2026,2026,34,3672-4392,23.5,-16.5,False,0,0.041279040320659988,0.041155881728627719,-0.00012315859203226864,0.00012207032705191523,1.088264980353415e-06,-13,-13
original_prcp_2026,2026,34,3672-4392,23.5,-5.5,False,0,0.0088083371956599876,0.008685178603627719,-0.00012315859203226864,0.00012207032705191523,1.088264980353415e-06,-13,-13
original_prcp_2026,2026,34,3672-4392,23.5,-2.5,False,0,0.0068552121956599876,0.006732053603627719,-0.00012315859203226864,0.00012207032705191523,1.088264980353415e-06,-13,-13
original_prcp_2026,2026,34,3672-4392,23.5,21.5,False,0,0.00075169657065998763,0.00062853797862771899,-0.00012315859203226864,0.00012207032705191523,1.088264980353415e-06,-13,-13
original_prcp_2026,2026,34,3672-4392,23.5,26.5,False,0,0.0029489621956599876,0.002825803603627719,-0.00012315859203226864,0.00012207032705191523,1.088264980353415e-06,-13,-13
original_prcp_2026,2026,34,3672-4392,23.5,46.5,False,0,0.044574938758159988,0.044451780166127719,-0.00012315859203226864,0.00012207032705191523,1.088264980353415e-06,-13,-13
original_prcp_2026,2026,34,3672-4392,21.5,11.5,False,0,0.0018503293831599876,0.001727170791127719,-0.00012315859203226864,0.00012207032705191523,1.088264980353415e-06,-13,-13
original_prcp_2026,2026,34,3672-4392,21.5,24.5,False,0,0.0062448606331599876,0.006121702041127719,-0.00012315859203226864,0.00012207032705191523,1.088264980353415e-06,-13,-13
original_prcp_2026,2026,34,3672-4392,21.5,26.5,False,0,0.0036813840706599876,0.003558225478627719,-0.00012315859203226864,0.00012207032705191523,1.088264980353415e-06,-13,-13
original_prcp_2026,2026,34,3672-4392,21.5,27.5,False,0,0.0011179075081599876,0.00099474891612771899,-0.00012315859203226864,0.00012207032705191523,1.088264980353415e-06,-13,-13
original_prcp_2026,2026,34,3672-4392,21.5,45.5,False,0,0.023456774695659988,0.023333616103627719,-0.00012315859203226864,0.00012207032705191523,1.088264980353415e-06,-13,-13
original_prcp_2026,2026,34,3672-4392,21.5,51.5,False,0,0.00075169657065998763,0.00062853797862771899,-0.00012315859203226864,0.00012207032705191523,1.088264980353415e-06,-13,-13
original_prcp_2026,2026,34,3672-4392,20.5,21.5,False,0,0.0077097043831599876,0.007586545791127719,-0.00012315859203226864,0.00012207032705191523,1.088264980353415e-06,-13,-13
original_prcp_2026,2026,34,3672-4392,20.5,51.5,False,0,0.00014134500815998763,1.8186416127718985e-05,-0.00012315859203226864,0.00012207032705191523,1.088264980353415e-06,-13,-13
original_prcp_2026,2026,34,3672-4392,19.5,22.5,False,0,0.013447009070659988,0.013323850478627719,-0.00012315859203226864,0.00012207032705191523,1.088264980353415e-06,-13,-13
original_prcp_2026,2026,34,3672-4392,19.5,23.5,False,0,0.0057565793831599876,0.005633420791127719,-0.00012315859203226864,0.00012207032705191523,1.088264980353415e-06,-13,-13
original_prcp_2026,2026,34,3672-4392,19.5,43.5,False,0,0.031391345008159988,0.031268186416127719,-0.00012315859203226864,0.00012207032705191523,1.088264980353415e-06,-13,-13
original_prcp_2026,2026,34,3672-4392,19.5,46.5,False,0,0.010883532508159988,0.010760373916127719,-0.00012315859203226864,0.00012207032705191523,1.088264980353415e-06,-13,-13
original_prcp_2026,2026,34,3672-4392,17.5,48.5,False,0,0.0017282590706599876,0.001605100478627719,-0.00012315859203226864,0.00012207032705191523,1.088264980353415e-06,-13,-13
original_prcp_2026,2026,34,3672-4392,17.5,49.5,True,6,0.00038548563315998763,0.00026232704112771899,-0.00012315859203226864,0.00012207032705191523,1.088264980353415e-06,-13,-13
original_prcp_2026,2026,34,3672-4392,-14.5,22.5,True,6,0.031757555945659988,0.031634397353627719,-0.00012315859203226864,0.00012207032705191523,1.088264980353415e-06,-13,-13
original_prcp_2026,2026,34,3672-4392,-15.5,27.5,True,4,0.012958727820659988,0.012835569228627719,-0.00012315859203226864,0.00012207032705191523,1.088264980353415e-06,-13,-13
original_prcp_2026,2026,34,3672-4392,-19.5,118.5,False,0,0.15346165750815999,0.15333849891612772,-0.00012315859203226864,0.00012207032705191523,1.088264980353415e-06,-13,-13
original_prcp_2026,2026,34,3672-4392,-19.5,127.5,False,0,0.017231188758159988,0.017108030166127719,-0.00012315859203226864,0.00012207032705191523,1.088264980353415e-06,-13,-13
original_prcp_2026,2026,35,4392-5136,25.5,21.5,False,0,0.00063156917167361826,0.00049239839427173138,-0.00013917077740188688,0.00012207032023070497,1.7100457171181915e-05,-13,-13
original_prcp_2026,2026,35,4392-5136,23.5,26.5,False,0,0.0019743426091736183,0.0018351718317717314,-0.00013917077740188688,0.00012207032023070497,1.7100457171181915e-05,-13,-13
original_prcp_2026,2026,35,4392-5136,18.5,23.5,True,1,0.0066130144841736183,0.0064738437067717314,-0.00013917077740188688,0.00012207032023070497,1.7100457171181915e-05,-13,-13
original_prcp_2026,2026,40,3672-4392,38.5,40.5,False,0,0.2042236328125,0.20411599830640625,-0.00010763450609374559,9.1552734829747351e-05,1.6081771263998235e-05,-14,-13
original_prcp_2026,2026,40,3672-4392,34.5,55.5,False,0,0.020751953125,0.020644318618906254,-0.00010763450609374559,9.1552734829747351e-05,1.6081771263998235e-05,-14,-13
original_prcp_2026,2026,40,3672-4392,33.5,42.5,False,0,0.0224609375,0.022353302993906254,-0.00010763450609374559,9.1552734829747351e-05,1.6081771263998235e-05,-14,-13
original_prcp_2026,2026,40,3672-4392,30.5,43.5,False,0,0.01025390625,0.010146271743906254,-0.00010763450609374559,9.1552734829747351e-05,1.6081771263998235e-05,-14,-13
original_prcp_2026,2026,40,3672-4392,29.5,20.5,False,0,0.0015869140625,0.0014792795564062544,-0.00010763450609374559,9.1552734829747351e-05,1.6081771263998235e-05,-14,-13
original_prcp_2026,2026,40,3672-4392,28.5,39.5,False,0,0.0113525390625,0.011244904556406254,-0.00010763450609374559,9.1552734829747351e-05,1.6081771263998235e-05,-14,-13
original_prcp_2026,2026,40,3672-4392,28.5,48.5,False,0,0.008056640625,0.0079490061189062544,-0.00010763450609374559,9.1552734829747351e-05,1.6081771263998235e-05,-14,-13
original_prcp_2026,2026,40,3672-4392,27.5,-6.5,False,0,0.000244140625,0.00013650611890625441,-0.00010763450609374559,9.1552734829747351e-05,1.6081771263998235e-05,-14,-13
original_prcp_2026,2026,40,3672-4392,27.5,-5.5,False,0,0.0003662109375,0.00025857643140625441,-0.00010763450609374559,9.1552734829747351e-05,1.6081771263998235e-05,-14,-13
original_prcp_2026,2026,40,3672-4392,27.5,11.5,False,0,0.0025634765625,0.0024558420564062544,-0.00010763450609374559,9.1552734829747351e-05,1.6081771263998235e-05,-14,-13
original_prcp_2026,2026,40,3672-4392,27.5,21.5,False,0,0.00048828125,0.00038064674390625441,-0.00010763450609374559,9.1552734829747351e-05,1.6081771263998235e-05,-14,-13
original_prcp_2026,2026,40,3672-4392,26.5,19.5,False,0,0.000244140625,0.00013650611890625441,-0.00010763450609374559,9.1552734829747351e-05,1.6081771263998235e-05,-14,-13
original_prcp_2026,2026,40,3672-4392,26.5,26.5,False,0,0.000732421875,0.00062478736890625441,-0.00010763450609374559,9.1552734829747351e-05,1.6081771263998235e-05,-14,-13
original_prcp_2026,2026,40,3672-4392,26.5,34.5,False,0,0.0003662109375,0.00025857643140625441,-0.00010763450609374559,9.1552734829747351e-05,1.6081771263998235e-05,-14,-13
original_prcp_2026,2026,40,3672-4392,25.5,18.5,False,0,0.0006103515625,0.00050271705640625441,-0.00010763450609374559,9.1552734829747351e-05,1.6081771263998235e-05,-14,-13
original_prcp_2026,2026,40,3672-4392,25.5,36.5,False,0,0.0010986328125,0.00099099830640625441,-0.00010763450609374559,9.1552734829747351e-05,1.6081771263998235e-05,-14,-13
original_prcp_2026,2026,40,3672-4392,25.5,41.5,False,0,0.0614013671875,0.061293732681406254,-0.00010763450609374559,9.1552734829747351e-05,1.6081771263998235e-05,-14,-13
original_prcp_2026,2026,40,3672-4392,25.5,53.5,False,0,0.000244140625,0.00013650611890625441,-0.00010763450609374559,9.1552734829747351e-05,1.6081771263998235e-05,-14,-13
original_prcp_2026,2026,40,3672-4392,24.5,-8.5,False,0,0.0001220703125,1.4435806406254414e-05,-0.00010763450609374559,9.1552734829747351e-05,1.6081771263998235e-05,-14,-13
original_prcp_2026,2026,40,3672-4392,24.5,41.5,False,0,0.0592041015625,0.059096467056406254,-0.00010763450609374559,9.1552734829747351e-05,1.6081771263998235e-05,-14,-13
original_prcp_2026,2026,40,3672-4392,23.5,-6.5,False,0,0.001220703125,0.0011130686189062544,-0.00010763450609374559,9.1552734829747351e-05,1.6081771263998235e-05,-14,-13
original_prcp_2026,2026,40,3672-4392,22.5,7.5,False,0,0.0013427734375,0.0012351389314062544,-0.00010763450609374559,9.1552734829747351e-05,1.6081771263998235e-05,-14,-13
original_prcp_2026,2026,40,3672-4392,22.5,14.5,False,0,0.0010986328125,0.00099099830640625441,-0.00010763450609374559,9.1552734829747351e-05,1.6081771263998235e-05,-14,-13
original_prcp_2026,2026,40,3672-4392,22.5,43.5,False,0,0.120849609375,0.12074197486890625,-0.00010763450609374559,9.1552734829747351e-05,1.6081771263998235e-05,-14,-13
original_prcp_2026,2026,40,3672-4392,21.5,23.5,False,0,0.0013427734375,0.0012351389314062544,-0.00010763450609374559,9.1552734829747351e-05,1.6081771263998235e-05,-14,-13
original_prcp_2026,2026,40,3672-4392,21.5,36.5,False,0,0.0115966796875,0.011489045181406254,-0.00010763450609374559,9.1552734829747351e-05,1.6081771263998235e-05,-14,-13
original_prcp_2026,2026,40,3672-4392,20.5,20.5,False,0,0.0003662109375,0.00025857643140625441,-0.00010763450609374559,9.1552734829747351e-05,1.6081771263998235e-05,-14,-13
original_prcp_2026,2026,40,3672-4392,19.5,21.5,False,0,0.0015869140625,0.0014792795564062544,-0.00010763450609374559,9.1552734829747351e-05,1.6081771263998235e-05,-14,-13
original_prcp_2026,2026,40,3672-4392,17.5,34.5,True,1,0.055419921875,0.055312287368906254,-0.00010763450609374559,9.1552734829747351e-05,1.6081771263998235e-05,-14,-13
original_prcp_2026,2026,41,3672-4392,33.5,48.5,False,0,0.050058766992151504,0.0499267578125,-0.00013200917965150438,0.00012207031295474735,9.9388666967570316e-06,-13,-13
original_prcp_2026,2026,41,3672-4392,32.5,43.5,False,0,0.0045265404296515044,0.00439453125,-0.00013200917965150438,0.00012207031295474735,9.9388666967570316e-06,-13,-13
original_prcp_2026,2026,41,3672-4392,30.5,58.5,False,0,0.0058693138671515044,0.0057373046875,-0.00013200917965150438,0.00012207031295474735,9.9388666967570316e-06,-13,-13
original_prcp_2026,2026,41,3672-4392,29.5,23.5,False,0,0.0056251732421515044,0.0054931640625,-0.00013200917965150438,0.00012207031295474735,9.9388666967570316e-06,-13,-13
original_prcp_2026,2026,41,3672-4392,29.5,37.5,False,0,0.0035499779296515044,0.00341796875,-0.00013200917965150438,0.00012207031295474735,9.9388666967570316e-06,-13,-13
original_prcp_2026,2026,41,3672-4392,29.5,47.5,False,0,0.0039161888671515044,0.0037841796875,-0.00013200917965150438,0.00012207031295474735,9.9388666967570316e-06,-13,-13
original_prcp_2026,2026,41,3672-4392,28.5,38.5,False,0,0.0012306419921515044,0.0010986328125,-0.00013200917965150438,0.00012207031295474735,9.9388666967570316e-06,-13,-13
original_prcp_2026,2026,41,3672-4392,28.5,41.5,False,0,0.00062029042965150438,0.00048828125,-0.00013200917965150438,0.00012207031295474735,9.9388666967570316e-06,-13,-13
original_prcp_2026,2026,41,3672-4392,27.5,6.5,False,0,0.00062029042965150438,0.00048828125,-0.00013200917965150438,0.00012207031295474735,9.9388666967570316e-06,-13,-13
original_prcp_2026,2026,41,3672-4392,27.5,30.5,False,0,0.0031837669921515044,0.0030517578125,-0.00013200917965150438,0.00012207031295474735,9.9388666967570316e-06,-13,-13
original_prcp_2026,2026,41,3672-4392,27.5,33.5,False,0,0.00049822011715150438,0.0003662109375,-0.00013200917965150438,0.00012207031295474735,9.9388666967570316e-06,-13,-13
original_prcp_2026,2026,41,3672-4392,27.5,42.5,False,0,0.0023292748046515044,0.002197265625,-0.00013200917965150438,0.00012207031295474735,9.9388666967570316e-06,-13,-13
original_prcp_2026,2026,41,3672-4392,26.5,5.5,False,0,0.0030616966796515044,0.0029296875,-0.00013200917965150438,0.00012207031295474735,9.9388666967570316e-06,-13,-13
original_prcp_2026,2026,41,3672-4392,26.5,25.5,False,0,0.00074236074215150438,0.0006103515625,-0.00013200917965150438,0.00012207031295474735,9.9388666967570316e-06,-13,-13
original_prcp_2026,2026,41,3672-4392,25.5,24.5,False,0,0.0015968529296515044,0.00146484375,-0.00013200917965150438,0.00012207031295474735,9.9388666967570316e-06,-13,-13
original_prcp_2026,2026,41,3672-4392,25.5,26.5,False,0,0.0015968529296515044,0.00146484375,-0.00013200917965150438,0.00012207031295474735,9.9388666967570316e-06,-13,-13
original_prcp_2026,2026,41,3672-4392,25.5,27.5,False,0,0.00037614980465150438,0.000244140625,-0.00013200917965150438,0.00012207031295474735,9.9388666967570316e-06,-13,-13
original_prcp_2026,2026,41,3672-4392,25.5,53.5,False,0,0.00025407949215150438,0.0001220703125,-0.00013200917965150438,0.00012207031295474735,9.9388666967570316e-06,-13,-13
original_prcp_2026,2026,41,3672-4392,24.5,23.5,False,0,0.0013527123046515044,0.001220703125,-0.00013200917965150438,0.00012207031295474735,9.9388666967570316e-06,-13,-13
original_prcp_2026,2026,41,3672-4392,24.5,26.5,False,0,0.00074236074215150438,0.0006103515625,-0.00013200917965150438,0.00012207031295474735,9.9388666967570316e-06,-13,-13
original_prcp_2026,2026,41,3672-4392,23.5,37.5,False,0,0.00049822011715150438,0.0003662109375,-0.00013200917965150438,0.00012207031295474735,9.9388666967570316e-06,-13,-13
original_prcp_2026,2026,41,3672-4392,23.5,47.5,False,0,0.051645681054651504,0.051513671875,-0.00013200917965150438,0.00012207031295474735,9.9388666967570316e-06,-13,-13
original_prcp_2026,2026,41,3672-4392,22.5,20.5,False,0,0.0034279076171515044,0.0032958984375,-0.00013200917965150438,0.00012207031295474735,9.9388666967570316e-06,-13,-13
original_prcp_2026,2026,41,3672-4392,20.5,14.5,False,0,0.0048927513671515044,0.0047607421875,-0.00013200917965150438,0.00012207031295474735,9.9388666967570316e-06,-13,-13
original_prcp_2026,2026,41,3672-4392,20.5,24.5,False,0,0.0011085716796515044,0.0009765625,-0.00013200917965150438,0.00012207031295474735,9.9388666967570316e-06,-13,-13
original_prcp_2026,2026,41,3672-4392,19.5,5.5,False,0,0.0069679466796515044,0.0068359375,-0.00013200917965150438,0.00012207031295474735,9.9388666967570316e-06,-13,-13
original_prcp_2026,2026,41,3672-4392,19.5,22.5,False,0,0.00098650136715150438,0.0008544921875,-0.00013200917965150438,0.00012207031295474735,9.9388666967570316e-06,-13,-13
original_prcp_2026,2026,41,3672-4392,18.5,11.5,False,0,0.0046486107421515044,0.0045166015625,-0.00013200917965150438,0.00012207031295474735,9.9388666967570316e-06,-13,-13
original_prcp_2026,2026,41,3672-4392,17.5,13.5,False,0,0.0059913841796515044,0.005859375,-0.00013200917965150438,0.00012207031295474735,9.9388666967570316e-06,-13,-13
original_prcp_2026,2026,41,3672-4392,17.5,16.5,False,0,0.011362477929651504,0.01123046875,-0.00013200917965150438,0.00012207031295474735,9.9388666967570316e-06,-13,-13
original_prcp_2026,2026,41,3672-4392,17.5,19.5,False,0,0.0048927513671515044,0.0047607421875,-0.00013200917965150438,0.00012207031295474735,9.9388666967570316e-06,-13,-13
original_prcp_2026,2026,41,3672-4392,-15.5,119.5,False,0,0.013925954492151504,0.0137939453125,-0.00013200917965150438,0.00012207031295474735,9.9388666967570316e-06,-13,-13
original_prcp_2026,2026,41,3672-4392,-18.5,27.5,True,1,0.015146657617151504,0.0150146484375,-0.00013200917965150438,0.00012207031295474735,9.9388666967570316e-06,-13,-13
original_prcp_2026,2026,41,3672-4392,-19.5,127.5,False,0,0.00062029042965150438,0.00048828125,-0.00013200917965150438,0.00012207031295474735,9.9388666967570316e-06,-13,-13
original_prcp_2026,2026,41,3672-4392,-20.5,16.5,False,0,0.045664235742151504,0.0455322265625,-0.00013200917965150438,0.00012207031295474735,9.9388666967570316e-06,-13,-13
original_prcp_2026,2026,41,3672-4392,-20.5,21.5,False,0,0.010141774804651504,0.010009765625,-0.00013200917965150438,0.00012207031295474735,9.9388666967570316e-06,-13,-13
original_prcp_2026,2026,41,3672-4392,-20.5,117.5,False,0,0.0040382591796515044,0.00390625,-0.00013200917965150438,0.00012207031295474735,9.9388666967570316e-06,-13,-13
original_prcp_2026,2026,41,3672-4392,-21.5,-68.5,False,0,0.030527516992151504,0.0303955078125,-0.00013200917965150438,0.00012207031295474735,9.9388666967570316e-06,-13,-13
original_prcp_2026,2026,41,3672-4392,-21.5,119.5,False,0,0.0051368919921515044,0.0050048828125,-0.00013200917965150438,0.00012207031295474735,9.9388666967570316e-06,-13,-13
original_prcp_2026,2026,41,3672-4392,-22.5,21.5,False,0,0.068735524804651504,0.068603515625,-0.00013200917965150438,0.00012207031295474735,9.9388666967570316e-06,-13,-13
original_prcp_2026,2026,41,3672-4392,-23.5,15.5,False,0,0.030893727929651504,0.03076171875,-0.00013200917965150438,0.00012207031295474735,9.9388666967570316e-06,-13,-13
original_prcp_2026,2026,41,3672-4392,-24.5,118.5,False,0,0.013071462304651504,0.012939453125,-0.00013200917965150438,0.00012207031295474735,9.9388666967570316e-06,-13,-13
original_prcp_2026,2026,41,3672-4392,-25.5,17.5,False,0,0.031137868554651504,0.031005859375,-0.00013200917965150438,0.00012207031295474735,9.9388666967570316e-06,-13,-13
original_prcp_2026,2026,43,3672-4392,19.5,23.5,False,0,0.0046716941869817674,0.0045193160922281095,-0.00015237809475365793,0.00012207032023070497,3.0307774522952968e-05,-13,-13
original_prcp_2026,2026,47,3672-4392,34.5,24.5,False,0,0.031373196728964103,0.03125,-0.00012319672896410339,0.00012207031295474735,1.1264160093560349e-06,-13,-13
original_prcp_2026,2026,47,3672-4392,29.5,20.5,False,0,0.00024526704146410339,0.0001220703125,-0.00012319672896410339,0.00012207031295474735,1.1264160093560349e-06,-13,-13
original_prcp_2026,2026,47,3672-4392,21.5,45.5,False,0,0.055298977978964103,0.05517578125,-0.00012319672896410339,0.00012207031295474735,1.1264160093560349e-06,-13,-13
original_prcp_2026,2026,47,3672-4392,20.5,20.5,False,0,0.00073354829146410339,0.0006103515625,-0.00012319672896410339,0.00012207031295474735,1.1264160093560349e-06,-13,-13
original_prcp_2026,2026,47,3672-4392,20.5,53.5,False,0,0.010132962353964103,0.010009765625,-0.00012319672896410339,0.00012207031295474735,1.1264160093560349e-06,-13,-13
original_prcp_2026,2026,47,3672-4392,19.5,48.5,False,0,0.0030528842289641034,0.0029296875,-0.00012319672896410339,0.00012207031295474735,1.1264160093560349e-06,-13,-13
original_prcp_2026,2026,47,3672-4392,16.5,48.5,True,1,0.016602688916464103,0.0164794921875,-0.00012319672896410339,0.00012207031295474735,1.1264160093560349e-06,-13,-13
original_prcp_2026,2026,47,3672-4392,-11.5,-48.5,False,0,0.081177884228964103,0.0810546875,-0.00012319672896410339,0.00012207031295474735,1.1264160093560349e-06,-13,-13
original_prcp_2026,2026,47,3672-4392,-12.5,-52.5,False,0,0.1894542514164641,0.1893310546875,-0.00012319672896410339,0.00012207031295474735,1.1264160093560349e-06,-13,-13
original_prcp_2026,2026,47,3672-4392,-12.5,-46.5,False,0,0.079102688916464103,0.0789794921875,-0.00012319672896410339,0.00012207031295474735,1.1264160093560349e-06,-13,-13
original_prcp_2026,2026,47,3672-4392,-15.5,26.5,True,4,0.0068370639164641034,0.0067138671875,-0.00012319672896410339,0.00012207031295474735,1.1264160093560349e-06,-13,-13
original_prcp_2026,2026,47,3672-4392,-17.5,124.5,False,0,0.00036733735396410339,0.000244140625,-0.00012319672896410339,0.00012207031295474735,1.1264160093560349e-06,-13,-13
original_prcp_2026,2026,47,3672-4392,-17.5,126.5,False,0,0.00024526704146410339,0.0001220703125,-0.00012319672896410339,0.00012207031295474735,1.1264160093560349e-06,-13,-13
original_prcp_2026,2026,47,3672-4392,-17.5,127.5,False,0,0.00012319672896410339,0,-0.00012319672896410339,0.00012207031295474735,1.1264160093560349e-06,-13,-13
original_prcp_2026,2026,47,3672-4392,-20.5,124.5,False,0,0.00012319672896410339,0,-0.00012319672896410339,0.00012207031295474735,1.1264160093560349e-06,-13,-13
original_prcp_2026,2026,47,3672-4392,-21.5,125.5,False,0,0.00085561860396410339,0.000732421875,-0.00012319672896410339,0.00012207031295474735,1.1264160093560349e-06,-13,-13
original_prcp_2026,2026,47,3672-4392,-23.5,122.5,False,0,0.0048839389164641034,0.0047607421875,-0.00012319672896410339,0.00012207031295474735,1.1264160093560349e-06,-13,-13
original_prcp_2026,2026,50,3672-4392,37.5,66.5,False,0,0.065796660076273383,0.065673828125,-0.00012283195127338331,0.00012207031252842171,7.6163874496160133e-07,-13,-13
original_prcp_2026,2026,50,3672-4392,36.5,66.5,False,0,0.077515410076273383,0.077392578125,-0.00012283195127338331,0.00012207031252842171,7.6163874496160133e-07,-13,-13
original_prcp_2026,2026,50,3672-4392,35.5,57.5,False,0,0.052490996013773383,0.0523681640625,-0.00012283195127338331,0.00012207031252842171,7.6163874496160133e-07,-13,-13
original_prcp_2026,2026,50,3672-4392,34.5,41.5,False,0,0.14672927726377338,0.1466064453125,-0.00012283195127338331,0.00012207031252842171,7.6163874496160133e-07,-13,-13
original_prcp_2026,2026,50,3672-4392,34.5,44.5,False,0,0.19116287101377338,0.1910400390625,-0.00012283195127338331,0.00012207031252842171,7.6163874496160133e-07,-13,-13
original_prcp_2026,2026,50,3672-4392,34.5,57.5,False,0,0.040161894451273383,0.0400390625,-0.00012283195127338331,0.00012207031252842171,7.6163874496160133e-07,-13,-13
original_prcp_2026,2026,50,3672-4392,33.5,54.5,False,0,0.052613066326273383,0.052490234375,-0.00012283195127338331,0.00012207031252842171,7.6163874496160133e-07,-13,-13
original_prcp_2026,2026,50,3672-4392,33.5,61.5,False,0,0.048096464763773383,0.0479736328125,-0.00012283195127338331,0.00012207031252842171,7.6163874496160133e-07,-13,-13
original_prcp_2026,2026,50,3672-4392,32.5,39.5,False,0,0.11023025382627338,0.110107421875,-0.00012283195127338331,0.00012207031252842171,7.6163874496160133e-07,-13,-13
original_prcp_2026,2026,50,3672-4392,32.5,48.5,False,0,0.14440994132627338,0.144287109375,-0.00012283195127338331,0.00012207031252842171,7.6163874496160133e-07,-13,-13
original_prcp_2026,2026,50,3672-4392,32.5,51.5,False,0,0.042847441326273383,0.042724609375,-0.00012283195127338331,0.00012207031252842171,7.6163874496160133e-07,-13,-13
original_prcp_2026,2026,50,3672-4392,31.5,38.5,False,0,0.056153105388773383,0.0560302734375,-0.00012283195127338331,0.00012207031252842171,7.6163874496160133e-07,-13,-13
original_prcp_2026,2026,50,3672-4392,31.5,60.5,False,0,0.031006621013773383,0.0308837890625,-0.00012283195127338331,0.00012207031252842171,7.6163874496160133e-07,-13,-13
original_prcp_2026,2026,50,3672-4392,30.5,60.5,False,0,0.032715605388773383,0.0325927734375,-0.00012283195127338331,0.00012207031252842171,7.6163874496160133e-07,-13,-13
original_prcp_2026,2026,50,3672-4392,28.5,22.5,False,0,0.0051277147637733833,0.0050048828125,-0.00012283195127338331,0.00012207031252842171,7.6163874496160133e-07,-13,-13
original_prcp_2026,2026,50,3672-4392,28.5,50.5,False,0,0.0029304491387733833,0.0028076171875,-0.00012283195127338331,0.00012207031252842171,7.6163874496160133e-07,-13,-13
original_prcp_2026,2026,50,3672-4392,27.5,43.5,False,0,0.056397246013773383,0.0562744140625,-0.00012283195127338331,0.00012207031252842171,7.6163874496160133e-07,-13,-13
original_prcp_2026,2026,50,3672-4392,27.5,47.5,False,0,0.012451933513773383,0.0123291015625,-0.00012283195127338331,0.00012207031252842171,7.6163874496160133e-07,-13,-13
original_prcp_2026,2026,50,3672-4392,27.5,54.5,False,0,0.0021980272637733833,0.0020751953125,-0.00012283195127338331,0.00012207031252842171,7.6163874496160133e-07,-13,-13
original_prcp_2026,2026,50,3672-4392,27.5,60.5,False,0,0.0087898241387733833,0.0086669921875,-0.00012283195127338331,0.00012207031252842171,7.6163874496160133e-07,-13,-13
original_prcp_2026,2026,50,3672-4392,26.5,30.5,False,0,0.0018318163262733833,0.001708984375,-0.00012283195127338331,0.00012207031252842171,7.6163874496160133e-07,-13,-13
original_prcp_2026,2026,50,3672-4392,25.5,17.5,False,0,0.0010993944512733833,0.0009765625,-0.00012283195127338331,0.00012207031252842171,7.6163874496160133e-07,-13,-13
original_prcp_2026,2026,50,3672-4392,25.5,24.5,False,0,0.0012214647637733833,0.0010986328125,-0.00012283195127338331,0.00012207031252842171,7.6163874496160133e-07,-13,-13
original_prcp_2026,2026,50,3672-4392,25.5,27.5,False,0,0.0012214647637733833,0.0010986328125,-0.00012283195127338331,0.00012207031252842171,7.6163874496160133e-07,-13,-13
original_prcp_2026,2026,50,3672-4392,25.5,31.5,False,0,0.00097732413877338331,0.0008544921875,-0.00012283195127338331,0.00012207031252842171,7.6163874496160133e-07,-13,-13
original_prcp_2026,2026,50,3672-4392,24.5,11.5,False,0,0.0058601366387733833,0.0057373046875,-0.00012283195127338331,0.00012207031252842171,7.6163874496160133e-07,-13,-13
original_prcp_2026,2026,50,3672-4392,22.5,13.5,False,0,0.0067146288262733833,0.006591796875,-0.00012283195127338331,0.00012207031252842171,7.6163874496160133e-07,-13,-13
original_prcp_2026,2026,50,3672-4392,22.5,36.5,False,0,0.0036628710137733833,0.0035400390625,-0.00012283195127338331,0.00012207031252842171,7.6163874496160133e-07,-13,-13
original_prcp_2026,2026,50,3672-4392,22.5,50.5,False,0,0.0047615038262733833,0.004638671875,-0.00012283195127338331,0.00012207031252842171,7.6163874496160133e-07,-13,-13
original_prcp_2026,2026,50,3672-4392,21.5,27.5,False,0,0.00073318351377338331,0.0006103515625,-0.00012283195127338331,0.00012207031252842171,7.6163874496160133e-07,-13,-13
original_prcp_2026,2026,50,3672-4392,21.5,34.5,True,1,0.0023200975762733833,0.002197265625,-0.00012283195127338331,0.00012207031252842171,7.6163874496160133e-07,-13,-13
original_prcp_2026,2026,50,3672-4392,21.5,36.5,False,0,0.013916777263773383,0.0137939453125,-0.00012283195127338331,0.00012207031252842171,7.6163874496160133e-07,-13,-13
original_prcp_2026,2026,50,3672-4392,21.5,52.5,False,0,0.0034187303887733833,0.0032958984375,-0.00012283195127338331,0.00012207031252842171,7.6163874496160133e-07,-13,-13
original_prcp_2026,2026,50,3672-4392,20.5,21.5,False,0,0.00012283195127338331,0,-0.00012283195127338331,0.00012207031252842171,7.6163874496160133e-07,-13,-13
original_prcp_2026,2026,50,3672-4392,20.5,22.5,False,0,0.00036697257627338331,0.000244140625,-0.00012283195127338331,0.00012207031252842171,7.6163874496160133e-07,-13,-13
original_prcp_2026,2026,50,3672-4392,20.5,46.5,False,0,0.0080574022637733833,0.0079345703125,-0.00012283195127338331,0.00012207031252842171,7.6163874496160133e-07,-13,-13
original_prcp_2026,2026,50,3672-4392,20.5,47.5,False,0,0.0052497850762733833,0.005126953125,-0.00012283195127338331,0.00012207031252842171,7.6163874496160133e-07,-13,-13
original_prcp_2026,2026,50,3672-4392,20.5,54.5,False,0,0.00097732413877338331,0.0008544921875,-0.00012283195127338331,0.00012207031252842171,7.6163874496160133e-07,-13,-13
original_prcp_2026,2026,50,3672-4392,19.5,29.5,True,1,0.0041511522637733833,0.0040283203125,-0.00012283195127338331,0.00012207031252842171,7.6163874496160133e-07,-13,-13
original_prcp_2026,2026,50,3672-4392,19.5,43.5,False,0,0.046265410076273383,0.046142578125,-0.00012283195127338331,0.00012207031252842171,7.6163874496160133e-07,-13,-13
original_prcp_2026,2026,50,3672-4392,19.5,48.5,False,0,0.0089118944512733833,0.0087890625,-0.00012283195127338331,0.00012207031252842171,7.6163874496160133e-07,-13,-13
original_prcp_2026,2026,50,3672-4392,18.5,27.5,False,0,0.0051277147637733833,0.0050048828125,-0.00012283195127338331,0.00012207031252842171,7.6163874496160133e-07,-13,-13
original_prcp_2026,2026,50,3672-4392,18.5,30.5,False,0,0.0095222460137733833,0.0093994140625,-0.00012283195127338331,0.00012207031252842171,7.6163874496160133e-07,-13,-13
original_prcp_2026,2026,50,3672-4392,17.5,27.5,False,0,0.016602324138773383,0.0164794921875,-0.00012283195127338331,0.00012207031252842171,7.6163874496160133e-07,-13,-13
original_prcp_2026,2026,50,3672-4392,16.5,26.5,False,0,0.021973417888773383,0.0218505859375,-0.00012283195127338331,0.00012207031252842171,7.6163874496160133e-07,-13,-13
original_prcp_2026,2026,50,3672-4392,16.5,46.5,False,0,0.0085456835137733833,0.0084228515625,-0.00012283195127338331,0.00012207031252842171,7.6163874496160133e-07,-13,-13
original_prcp_2026,2026,50,3672-4392,-12.5,-43.5,False,0,0.016724394451273383,0.0166015625,-0.00012283195127338331,0.00012207031252842171,7.6163874496160133e-07,-13,-13
original_prcp_2026,2026,50,3672-4392,-17.5,27.5,True,3,0.0047615038262733833,0.004638671875,-0.00012283195127338331,0.00012207031252842171,7.6163874496160133e-07,-13,-13
original_prcp_2026,2026,50,3672-4392,-19.5,14.5,False,0,0.0040290819512733833,0.00390625,-0.00012283195127338331,0.00012207031252842171,7.6163874496160133e-07,-13,-13
original_prcp_2026,2026,50,3672-4392,-20.5,118.5,False,0,0.0014656053887733833,0.0013427734375,-0.00012283195127338331,0.00012207031252842171,7.6163874496160133e-07,-13,-13
original_prcp_2026,2026,50,3672-4392,-21.5,22.5,False,0,0.0021980272637733833,0.0020751953125,-0.00012283195127338331,0.00012207031252842171,7.6163874496160133e-07,-13,-13
original_prcp_2026,2026,50,3672-4392,-21.5,25.5,False,0,0.0064704882012733833,0.00634765625,-0.00012283195127338331,0.00012207031252842171,7.6163874496160133e-07,-13,-13
original_prcp_2026,2026,50,3672-4392,-21.5,119.5,False,0,0.00073318351377338331,0.0006103515625,-0.00012283195127338331,0.00012207031252842171,7.6163874496160133e-07,-13,-13
original_prcp_2026,2026,50,3672-4392,-22.5,-68.5,False,0,0.015747831951273383,0.015625,-0.00012283195127338331,0.00012207031252842171,7.6163874496160133e-07,-13,-13
original_prcp_2026,2026,50,3672-4392,-23.5,122.5,False,0,0.00048904288877338331,0.0003662109375,-0.00012283195127338331,0.00012207031252842171,7.6163874496160133e-07,-13,-13
original_prcp_2026,2026,50,3672-4392,-23.5,123.5,False,0,0.00012283195127338331,0,-0.00012283195127338331,0.00012207031252842171,7.6163874496160133e-07,-13,-13
original_prcp_hindcast,1993,0,4392-5136,30.5,62.5,True,2,0.0037841796875,0.0036784688127227128,-0.00010571087477728724,9.1552741650957614e-05,1.4158133126329631e-05,-14,-13
original_prcp_hindcast,1993,0,4392-5136,26.5,69.5,True,2,0.1754150390625,0.17530932818772271,-0.00010571087477728724,9.1552741650957614e-05,1.4158133126329631e-05,-14,-13
original_prcp_hindcast,1993,0,4392-5136,25.5,1.5,False,0,0.0045166015625,0.0044108906877227128,-0.00010571087477728724,9.1552741650957614e-05,1.4158133126329631e-05,-14,-13
original_prcp_hindcast,1993,0,4392-5136,23.5,-2.5,False,0,0.00634765625,0.0062419453752227128,-0.00010571087477728724,9.1552741650957614e-05,1.4158133126329631e-05,-14,-13
original_prcp_hindcast,1993,0,4392-5136,22.5,-1.5,False,0,0.005615234375,0.0055095235002227128,-0.00010571087477728724,9.1552741650957614e-05,1.4158133126329631e-05,-14,-13
original_prcp_hindcast,1993,0,4392-5136,22.5,6.5,False,0,0.00732421875,0.0072185078752227128,-0.00010571087477728724,9.1552741650957614e-05,1.4158133126329631e-05,-14,-13
original_prcp_hindcast,1993,0,4392-5136,21.5,18.5,False,0,0.008056640625,0.0079509297502227128,-0.00010571087477728724,9.1552741650957614e-05,1.4158133126329631e-05,-14,-13
original_prcp_hindcast,1993,0,4392-5136,21.5,47.5,False,0,0.0068359375,0.0067302266252227128,-0.00010571087477728724,9.1552741650957614e-05,1.4158133126329631e-05,-14,-13
original_prcp_hindcast,1993,0,4392-5136,21.5,54.5,False,0,0.00146484375,0.0013591328752227128,-0.00010571087477728724,9.1552741650957614e-05,1.4158133126329631e-05,-14,-13
original_prcp_hindcast,1993,0,4392-5136,20.5,6.5,False,0,0.0045166015625,0.0044108906877227128,-0.00010571087477728724,9.1552741650957614e-05,1.4158133126329631e-05,-14,-13
original_prcp_hindcast,1993,0,4392-5136,19.5,-0.5,False,0,0.0428466796875,0.042740968812722713,-0.00010571087477728724,9.1552741650957614e-05,1.4158133126329631e-05,-14,-13
original_prcp_hindcast,1993,0,4392-5136,18.5,17.5,False,0,0.0006103515625,0.00050464068772271276,-0.00010571087477728724,9.1552741650957614e-05,1.4158133126329631e-05,-14,-13
original_prcp_hindcast,1993,0,4392-5136,18.5,25.5,False,0,0.0025634765625,0.0024577656877227128,-0.00010571087477728724,9.1552741650957614e-05,1.4158133126329631e-05,-14,-13
original_prcp_hindcast,1993,0,4392-5136,18.5,50.5,False,0,0.0001220703125,1.6359437722712755e-05,-0.00010571087477728724,9.1552741650957614e-05,1.4158133126329631e-05,-14,-13
original_prcp_hindcast,1993,0,4392-5136,17.5,8.5,True,1,0.0316162109375,0.031510500062722713,-0.00010571087477728724,9.1552741650957614e-05,1.4158133126329631e-05,-14,-13
original_prcp_hindcast,1993,0,4392-5136,16.5,8.5,True,1,0.0321044921875,0.031998781312722713,-0.00010571087477728724,9.1552741650957614e-05,1.4158133126329631e-05,-14,-13
original_prcp_hindcast,1993,0,4392-5136,16.5,9.5,False,0,0.0167236328125,0.016617921937722713,-0.00010571087477728724,9.1552741650957614e-05,1.4158133126329631e-05,-14,-13
original_prcp_hindcast,1993,0,4392-5136,16.5,10.5,False,0,0.0184326171875,0.018326906312722713,-0.00010571087477728724,9.1552741650957614e-05,1.4158133126329631e-05,-14,-13
original_prcp_hindcast,1993,0,4392-5136,15.5,4.5,True,1,0.1256103515625,0.12550464068772271,-0.00010571087477728724,9.1552741650957614e-05,1.4158133126329631e-05,-14,-13
original_prcp_hindcast,1993,0,4392-5136,15.5,5.5,True,1,0.125244140625,0.12513842975022271,-0.00010571087477728724,9.1552741650957614e-05,1.4158133126329631e-05,-14,-13
original_prcp_hindcast,1993,0,4392-5136,14.5,4.5,True,2,0.180419921875,0.18031421100022271,-0.00010571087477728724,9.1552741650957614e-05,1.4158133126329631e-05,-14,-13
original_prcp_hindcast,1993,0,4392-5136,14.5,6.5,True,2,0.13134765625,0.13124194537522271,-0.00010571087477728724,9.1552741650957614e-05,1.4158133126329631e-05,-14,-13
original_prcp_hindcast,1993,0,4392-5136,-16.5,120.5,False,0,0.0517578125,0.051652101625222713,-0.00010571087477728724,9.1552741650957614e-05,1.4158133126329631e-05,-14,-13
original_prcp_hindcast,1993,5,3672-4392,27.5,14.5,False,0,0.0003662109375,0.000244140625,-0.0001220703125,9.1552734375e-05,3.0517578125e-05,-14,-13
original_prcp_hindcast,1993,5,3672-4392,25.5,13.5,False,0,0.000244140625,0.0001220703125,-0.0001220703125,9.1552734375e-05,3.0517578125e-05,-14,-13
original_prcp_hindcast,1993,5,3672-4392,24.5,20.5,False,0,0.0001220703125,0,-0.0001220703125,9.1552734375e-05,3.0517578125e-05,-14,-13
original_prcp_hindcast,1993,5,3672-4392,19.5,43.5,False,0,0.0546875,0.0545654296875,-0.0001220703125,9.1552734375e-05,3.0517578125e-05,-14,-13
original_prcp_hindcast,1993,5,3672-4392,-17.5,121.5,False,0,0.0130615234375,0.012939453125,-0.0001220703125,9.1552734375e-05,3.0517578125e-05,-14,-13
original_prcp_hindcast,1993,6,3672-4392,32.5,48.5,False,0,0.060430002743487421,0.060302734375,-0.00012726836848742096,9.1552734829747351e-05,3.5715633657673607e-05,-14,-13
original_prcp_hindcast,1993,6,3672-4392,26.5,33.5,False,0,0.00061554961848742096,0.00048828125,-0.00012726836848742096,9.1552734829747351e-05,3.5715633657673607e-05,-14,-13
original_prcp_hindcast,1993,6,3672-4392,22.5,3.5,False,0,0.005132151180987421,0.0050048828125,-0.00012726836848742096,9.1552734829747351e-05,3.5715633657673607e-05,-14,-13
original_prcp_hindcast,1993,6,3672-4392,22.5,8.5,False,0,0.003056955868487421,0.0029296875,-0.00012726836848742096,9.1552734829747351e-05,3.5715633657673607e-05,-14,-13
original_prcp_hindcast,1993,6,3672-4392,22.5,9.5,False,0,0.002568674618487421,0.00244140625,-0.00012726836848742096,9.1552734829747351e-05,3.5715633657673607e-05,-14,-13
original_prcp_hindcast,1993,7,3672-4392,34.5,54.5,False,0,0.011962890625,0.0118408203125,-0.0001220703125,9.1552734375e-05,3.0517578125e-05,-14,-13
original_prcp_hindcast,1993,7,3672-4392,33.5,61.5,False,0,0.053955078125,0.0538330078125,-0.0001220703125,9.1552734375e-05,3.0517578125e-05,-14,-13
original_prcp_hindcast,1993,7,3672-4392,31.5,44.5,False,0,0.0093994140625,0.00927734375,-0.0001220703125,9.1552734375e-05,3.0517578125e-05,-14,-13
original_prcp_hindcast,1993,7,3672-4392,30.5,57.5,False,0,0.021240234375,0.0211181640625,-0.0001220703125,9.1552734375e-05,3.0517578125e-05,-14,-13
original_prcp_hindcast,1993,7,3672-4392,20.5,6.5,False,0,0.002685546875,0.0025634765625,-0.0001220703125,9.1552734375e-05,3.0517578125e-05,-14,-13
original_prcp_hindcast,1993,7,3672-4392,19.5,46.5,False,0,0.03515625,0.0350341796875,-0.0001220703125,9.1552734375e-05,3.0517578125e-05,-14,-13
original_prcp_hindcast,1993,7,3672-4392,-19.5,19.5,False,0,0.0223388671875,0.022216796875,-0.0001220703125,9.1552734375e-05,3.0517578125e-05,-14,-13
original_prcp_hindcast,1993,9,3672-4392,36.5,62.5,False,0,0.022338982950429909,0.022216796875,-0.00012218607542990867,0.00012207031252842171,1.1576290148695989e-07,-13,-13
original_prcp_hindcast,1993,9,3672-4392,35.5,62.5,False,0,0.044189568887929909,0.0440673828125,-0.00012218607542990867,0.00012207031252842171,1.1576290148695989e-07,-13,-13
original_prcp_hindcast,1993,9,3672-4392,32.5,45.5,False,0,0.044799920450429909,0.044677734375,-0.00012218607542990867,0.00012207031252842171,1.1576290148695989e-07,-13,-13
original_prcp_hindcast,1993,9,3672-4392,31.5,47.5,False,0,0.048217889200429909,0.048095703125,-0.00012218607542990867,0.00012207031252842171,1.1576290148695989e-07,-13,-13
original_prcp_hindcast,1993,9,3672-4392,31.5,60.5,False,0,0.011230584512929909,0.0111083984375,-0.00012218607542990867,0.00012207031252842171,1.1576290148695989e-07,-13,-13
original_prcp_hindcast,1993,9,3672-4392,31.5,61.5,False,0,0.0035401548254299087,0.00341796875,-0.00012218607542990867,0.00012207031252842171,1.1576290148695989e-07,-13,-13
original_prcp_hindcast,1993,9,3672-4392,30.5,37.5,False,0,0.0030518735754299087,0.0029296875,-0.00012218607542990867,0.00012207031252842171,1.1576290148695989e-07,-13,-13
original_prcp_hindcast,1993,9,3672-4392,29.5,43.5,False,0,0.029296990762929909,0.0291748046875,-0.00012218607542990867,0.00012207031252842171,1.1576290148695989e-07,-13,-13
original_prcp_hindcast,1993,9,3672-4392,28.5,44.5,False,0,0.074951287637929909,0.0748291015625,-0.00012218607542990867,0.00012207031252842171,1.1576290148695989e-07,-13,-13
original_prcp_hindcast,1993,9,3672-4392,27.5,30.5,False,0,0.00036632670042990867,0.000244140625,-0.00012218607542990867,0.00012207031252842171,1.1576290148695989e-07,-13,-13
original_prcp_hindcast,1993,9,3672-4392,27.5,35.5,False,0,0.0017091001379299087,0.0015869140625,-0.00012218607542990867,0.00012207031252842171,1.1576290148695989e-07,-13,-13
original_prcp_hindcast,1993,9,3672-4392,27.5,44.5,False,0,0.076538201700429909,0.076416015625,-0.00012218607542990867,0.00012207031252842171,1.1576290148695989e-07,-13,-13
original_prcp_hindcast,1993,9,3672-4392,27.5,45.5,False,0,0.097168084512929909,0.0970458984375,-0.00012218607542990867,0.00012207031252842171,1.1576290148695989e-07,-13,-13
original_prcp_hindcast,1993,9,3672-4392,27.5,51.5,False,0,0.0019532407629299087,0.0018310546875,-0.00012218607542990867,0.00012207031252842171,1.1576290148695989e-07,-13,-13
original_prcp_hindcast,1993,9,3672-4392,27.5,62.5,False,0,0.0064698423254299087,0.00634765625,-0.00012218607542990867,0.00012207031252842171,1.1576290148695989e-07,-13,-13
original_prcp_hindcast,1993,9,3672-4392,26.5,42.5,False,0,0.028564568887929909,0.0284423828125,-0.00012218607542990867,0.00012207031252842171,1.1576290148695989e-07,-13,-13
original_prcp_hindcast,1993,9,3672-4392,26.5,45.5,False,0,0.050415154825429909,0.05029296875,-0.00012218607542990867,0.00012207031252842171,1.1576290148695989e-07,-13,-13
original_prcp_hindcast,1993,9,3672-4392,26.5,48.5,False,0,0.083496209512929909,0.0833740234375,-0.00012218607542990867,0.00012207031252842171,1.1576290148695989e-07,-13,-13
original_prcp_hindcast,1993,9,3672-4392,25.5,44.5,False,0,0.081787225137929909,0.0816650390625,-0.00012218607542990867,0.00012207031252842171,1.1576290148695989e-07,-13,-13
original_prcp_hindcast,1993,9,3672-4392,25.5,51.5,False,0,0.016723748575429909,0.0166015625,-0.00012218607542990867,0.00012207031252842171,1.1576290148695989e-07,-13,-13
original_prcp_hindcast,1993,9,3672-4392,24.5,18.5,False,0,0.00012218607542990867,0,-0.00012218607542990867,0.00012207031252842171,1.1576290148695989e-07,-13,-13
original_prcp_hindcast,1993,9,3672-4392,24.5,58.5,False,0,0.0019532407629299087,0.0018310546875,-0.00012218607542990867,0.00012207031252842171,1.1576290148695989e-07,-13,-13
original_prcp_hindcast,1993,9,3672-4392,23.5,21.5,False,0,0.00048839701292990867,0.0003662109375,-0.00012218607542990867,0.00012207031252842171,1.1576290148695989e-07,-13,-13
original_prcp_hindcast,1993,9,3672-4392,23.5,48.5,False,0,0.043945428262929909,0.0438232421875,-0.00012218607542990867,0.00012207031252842171,1.1576290148695989e-07,-13,-13
original_prcp_hindcast,1993,9,3672-4392,22.5,17.5,False,0,0.00048839701292990867,0.0003662109375,-0.00012218607542990867,0.00012207031252842171,1.1576290148695989e-07,-13,-13
original_prcp_hindcast,1993,9,3672-4392,22.5,25.5,False,0,0.0012208188879299087,0.0010986328125,-0.00012218607542990867,0.00012207031252842171,1.1576290148695989e-07,-13,-13
original_prcp_hindcast,1993,9,3672-4392,22.5,36.5,False,0,0.0053712095129299087,0.0052490234375,-0.00012218607542990867,0.00012207031252842171,1.1576290148695989e-07,-13,-13
original_prcp_hindcast,1993,9,3672-4392,22.5,45.5,False,0,0.11083995951292991,0.1107177734375,-0.00012218607542990867,0.00012207031252842171,1.1576290148695989e-07,-13,-13
original_prcp_hindcast,1993,9,3672-4392,22.5,48.5,False,0,0.043457147012929909,0.0433349609375,-0.00012218607542990867,0.00012207031252842171,1.1576290148695989e-07,-13,-13
original_prcp_hindcast,1993,9,3672-4392,22.5,52.5,False,0,0.012573357950429909,0.012451171875,-0.00012218607542990867,0.00012207031252842171,1.1576290148695989e-07,-13,-13
original_prcp_hindcast,1993,9,3672-4392,21.5,6.5,False,0,0.00012218607542990867,0,-0.00012218607542990867,0.00012207031252842171,1.1576290148695989e-07,-13,-13
original_prcp_hindcast,1993,9,3672-4392,21.5,14.5,False,0,0.00036632670042990867,0.000244140625,-0.00012218607542990867,0.00012207031252842171,1.1576290148695989e-07,-13,-13
original_prcp_hindcast,1993,9,3672-4392,21.5,44.5,False,0,0.14843761576292991,0.1483154296875,-0.00012218607542990867,0.00012207031252842171,1.1576290148695989e-07,-13,-13
original_prcp_hindcast,1993,9,3672-4392,20.5,8.5,False,0,0.00024425638792990867,0.0001220703125,-0.00012218607542990867,0.00012207031252842171,1.1576290148695989e-07,-13,-13
original_prcp_hindcast,1993,9,3672-4392,20.5,14.5,False,0,0.00085460795042990867,0.000732421875,-0.00012218607542990867,0.00012207031252842171,1.1576290148695989e-07,-13,-13
original_prcp_hindcast,1993,9,3672-4392,20.5,25.5,False,0,0.0012208188879299087,0.0010986328125,-0.00012218607542990867,0.00012207031252842171,1.1576290148695989e-07,-13,-13
original_prcp_hindcast,1993,9,3672-4392,20.5,29.5,True,1,0.0013428892004299087,0.001220703125,-0.00012218607542990867,0.00012207031252842171,1.1576290148695989e-07,-13,-13
original_prcp_hindcast,1993,9,3672-4392,20.5,30.5,False,0,0.0018311704504299087,0.001708984375,-0.00012218607542990867,0.00012207031252842171,1.1576290148695989e-07,-13,-13
original_prcp_hindcast,1993,9,3672-4392,20.5,49.5,False,0,0.0079346860754299087,0.0078125,-0.00012218607542990867,0.00012207031252842171,1.1576290148695989e-07,-13,-13
original_prcp_hindcast,1993,9,3672-4392,18.5,4.5,False,0,0.027710076700429909,0.027587890625,-0.00012218607542990867,0.00012207031252842171,1.1576290148695989e-07,-13,-13
original_prcp_hindcast,1993,9,3672-4392,18.5,9.5,False,0,0.0017091001379299087,0.0015869140625,-0.00012218607542990867,0.00012207031252842171,1.1576290148695989e-07,-13,-13
original_prcp_hindcast,1993,9,3672-4392,18.5,16.5,False,0,0.0019532407629299087,0.0018310546875,-0.00012218607542990867,0.00012207031252842171,1.1576290148695989e-07,-13,-13
original_prcp_hindcast,1993,9,3672-4392,18.5,45.5,False,0,0.094360467325429909,0.09423828125,-0.00012218607542990867,0.00012207031252842171,1.1576290148695989e-07,-13,-13
original_prcp_hindcast,1993,9,3672-4392,17.5,22.5,False,0,0.011474725137929909,0.0113525390625,-0.00012218607542990867,0.00012207031252842171,1.1576290148695989e-07,-13,-13
original_prcp_hindcast,1993,9,3672-4392,17.5,28.5,True,1,0.0062257017004299087,0.006103515625,-0.00012218607542990867,0.00012207031252842171,1.1576290148695989e-07,-13,-13
original_prcp_hindcast,1993,9,3672-4392,16.5,27.5,False,0,0.0085450376379299087,0.0084228515625,-0.00012218607542990867,0.00012207031252842171,1.1576290148695989e-07,-13,-13
original_prcp_hindcast,1993,9,3672-4392,-10.5,-44.5,False,0,0.061035272012929909,0.0609130859375,-0.00012218607542990867,0.00012207031252842171,1.1576290148695989e-07,-13,-13
original_prcp_hindcast,1993,9,3672-4392,-15.5,22.5,True,7,0.030761834512929909,0.0306396484375,-0.00012218607542990867,0.00012207031252842171,1.1576290148695989e-07,-13,-13
original_prcp_hindcast,1993,9,3672-4392,-18.5,24.5,False,0,0.014770623575429909,0.0146484375,-0.00012218607542990867,0.00012207031252842171,1.1576290148695989e-07,-13,-13
original_prcp_hindcast,1993,9,3672-4392,-24.5,121.5,False,0,0.023071404825429909,0.02294921875,-0.00012218607542990867,0.00012207031252842171,1.1576290148695989e-07,-13,-13
original_prcp_hindcast,1993,13,3672-4392,27.5,24.5,False,0,0.00099682774452958256,0.0008616649165560375,-0.00013516282797354506,9.1552742105704965e-05,4.3610085867840098e-05,-14,-13
original_prcp_hindcast,1993,13,3672-4392,22.5,43.5,False,0,0.080952882432029583,0.080817719604056037,-0.00013516282797354506,9.1552742105704965e-05,4.3610085867840098e-05,-14,-13
original_prcp_hindcast,1993,13,3672-4392,-20.5,118.5,False,0,0.0031940933695295826,0.0030589305415560375,-0.00013516282797354506,9.1552742105704965e-05,4.3610085867840098e-05,-14,-13
original_prcp_hindcast,1993,15,3672-4392,25.5,33.5,False,0,0.0023657336132600904,0.0022225362627068534,-0.0001431973505532369,0.00012207032705191523,2.1127023501321673e-05,-13,-13
original_prcp_hindcast,1993,15,3672-4392,22.5,36.5,False,0,0.0022436633007600904,0.0021004659502068534,-0.0001431973505532369,0.00012207032705191523,2.1127023501321673e-05,-13,-13
original_prcp_hindcast,1993,15,3672-4392,21.5,10.5,False,0,0.0019995226757600904,0.0018563253252068534,-0.0001431973505532369,0.00012207032705191523,2.1127023501321673e-05,-13,-13
original_prcp_hindcast,1993,15,3672-4392,20.5,52.5,False,0,0.0048071398632600904,0.0046639425127068534,-0.0001431973505532369,0.00012207032705191523,2.1127023501321673e-05,-13,-13
original_prcp_hindcast,1993,15,3672-4392,16.5,17.5,False,0,0.0090796008007600904,0.0089364034502068534,-0.0001431973505532369,0.00012207032705191523,2.1127023501321673e-05,-13,-13
original_prcp_hindcast,1993,15,3672-4392,-16.5,127.5,False,0,0.02983155392576009,0.029688356575206853,-0.0001431973505532369,0.00012207032705191523,2.1127023501321673e-05,-13,-13
original_prcp_hindcast,1993,15,3672-4392,-22.5,122.5,False,0,0.07536378048826009,0.075220583137706853,-0.0001431973505532369,0.00012207032705191523,2.1127023501321673e-05,-13,-13
original_prcp_hindcast,1993,15,3672-4392,-29.5,125.5,False,0,0.06230225705076009,0.062159059700206853,-0.0001431973505532369,0.00012207032705191523,2.1127023501321673e-05,-13,-13
original_prcp_hindcast,1993,16,4392-5136,22.5,58.5,False,0,0.015335343647166155,0.015244824273395352,-9.0519373770803213e-05,6.1035170801915228e-05,2.9484202968887985e-05,-14,-14
original_prcp_hindcast,1993,16,4392-5136,21.5,52.5,False,0,0.0066073163034161553,0.0065167969296453521,-9.0519373770803213e-05,6.1035170801915228e-05,2.9484202968887985e-05,-14,-14
original_prcp_hindcast,1993,16,4392-5136,21.5,57.5,False,0,0.017166398334666155,0.017075878960895352,-9.0519373770803213e-05,6.1035170801915228e-05,2.9484202968887985e-05,-14,-14
original_prcp_hindcast,1993,16,4392-5136,16.5,48.5,True,1,0.012466691303416155,0.012376171929645352,-9.0519373770803213e-05,6.1035170801915228e-05,2.9484202968887985e-05,-14,-14
original_prcp_hindcast,1993,16,4392-5136,-17.5,116.5,False,0,0.079605363178416155,0.079514843804645352,-9.0519373770803213e-05,6.1035170801915228e-05,2.9484202968887985e-05,-14,-14
original_prcp_hindcast,1993,17,4392-5136,27.5,59.5,False,0,0.021048266266006976,0.020907920043100603,-0.00014034622290637344,0.00012207032705191523,1.8275895854458213e-05,-13,-13
original_prcp_hindcast,1993,17,4392-5136,27.5,65.5,False,0,0.089163500641006976,0.089023154418100603,-0.00014034622290637344,0.00012207032705191523,1.8275895854458213e-05,-13,-13
original_prcp_hindcast,1993,17,4392-5136,26.5,78.5,False,0,0.79765959439100698,0.7975192481681006,-0.00014034622290637344,0.00012207032705191523,1.8275895854458213e-05,-13,-13
original_prcp_hindcast,1993,17,4392-5136,25.5,32.5,False,0,0.00041838345350697637,0.00027803723060060292,-0.00014034622290637344,0.00012207032705191523,1.8275895854458213e-05,-13,-13
original_prcp_hindcast,1993,17,4392-5136,24.5,27.5,False,0,0.00066252407850697637,0.00052217785560060292,-0.00014034622290637344,0.00012207032705191523,1.8275895854458213e-05,-13,-13
original_prcp_hindcast,1993,17,4392-5136,21.5,16.5,False,0,0.0021273678285069764,0.0019870216056006029,-0.00014034622290637344,0.00012207032705191523,1.8275895854458213e-05,-13,-13
original_prcp_hindcast,1993,17,4392-5136,19.5,19.5,False,0,0.00041838345350697637,0.00027803723060060292,-0.00014034622290637344,0.00012207032705191523,1.8275895854458213e-05,-13,-13
original_prcp_hindcast,1993,17,4392-5136,18.5,48.5,False,0,0.0060336178285069764,0.0058932716056006029,-0.00014034622290637344,0.00012207032705191523,1.8275895854458213e-05,-13,-13
original_prcp_hindcast,1993,17,4392-5136,16.5,13.5,True,1,0.016287524078506976,0.016147177855600603,-0.00014034622290637344,0.00012207032705191523,1.8275895854458213e-05,-13,-13
original_prcp_hindcast,1993,17,4392-5136,16.5,30.5,False,0,0.046560961578506976,0.046420615355600603,-0.00014034622290637344,0.00012207032705191523,1.8275895854458213e-05,-13,-13
original_prcp_hindcast,1993,17,4392-5136,-18.5,121.5,False,0,0.068411547516006976,0.068271201293100603,-0.00014034622290637344,0.00012207032705191523,1.8275895854458213e-05,-13,-13
original_prcp_hindcast,1993,19,3672-4392,32.5,41.5,False,0,0.0489501953125,0.048828125,-0.0001220703125,9.1552734375e-05,3.0517578125e-05,-14,-13
original_prcp_hindcast,1993,19,3672-4392,32.5,43.5,False,0,0.0357666015625,0.03564453125,-0.0001220703125,9.1552734375e-05,3.0517578125e-05,-14,-13
original_prcp_hindcast,1993,19,3672-4392,28.5,56.5,False,0,0.062255859375,0.0621337890625,-0.0001220703125,9.1552734375e-05,3.0517578125e-05,-14,-13
original_prcp_hindcast,1993,19,3672-4392,26.5,29.5,False,0,0.0008544921875,0.000732421875,-0.0001220703125,9.1552734375e-05,3.0517578125e-05,-14,-13
original_prcp_hindcast,1993,19,3672-4392,26.5,48.5,False,0,0.059326171875,0.0592041015625,-0.0001220703125,9.1552734375e-05,3.0517578125e-05,-14,-13
original_prcp_hindcast,1993,19,3672-4392,25.5,23.5,False,0,0.000244140625,0.0001220703125,-0.0001220703125,9.1552734375e-05,3.0517578125e-05,-14,-13
original_prcp_hindcast,1993,19,3672-4392,23.5,-12.5,False,0,0.0107421875,0.0106201171875,-0.0001220703125,9.1552734375e-05,3.0517578125e-05,-14,-13
original_prcp_hindcast,1993,19,3672-4392,23.5,43.5,False,0,0.0909423828125,0.0908203125,-0.0001220703125,9.1552734375e-05,3.0517578125e-05,-14,-13
original_prcp_hindcast,1993,19,3672-4392,22.5,17.5,False,0,0.004150390625,0.0040283203125,-0.0001220703125,9.1552734375e-05,3.0517578125e-05,-14,-13
original_prcp_hindcast,1993,19,3672-4392,22.5,21.5,False,0,0.000244140625,0.0001220703125,-0.0001220703125,9.1552734375e-05,3.0517578125e-05,-14,-13
original_prcp_hindcast,1993,19,3672-4392,19.5,7.5,True,1,0.02587890625,0.0257568359375,-0.0001220703125,9.1552734375e-05,3.0517578125e-05,-14,-13
original_prcp_hindcast,1993,19,3672-4392,19.5,31.5,False,0,0.0006103515625,0.00048828125,-0.0001220703125,9.1552734375e-05,3.0517578125e-05,-14,-13
original_prcp_hindcast,1993,19,3672-4392,-24.5,121.5,False,0,0.0338134765625,0.03369140625,-0.0001220703125,9.1552734375e-05,3.0517578125e-05,-14,-13
original_prcp_hindcast,1993,23,3672-4392,32.5,42.5,False,0,0.024658203125,0.0245361328125,-0.0001220703125,9.1552734375e-05,3.0517578125e-05,-14,-13
original_prcp_hindcast,1993,23,3672-4392,19.5,43.5,False,0,0.029541015625,0.0294189453125,-0.0001220703125,9.1552734375e-05,3.0517578125e-05,-14,-13
original_prcp_hindcast,1993,24,3672-4392,33.5,53.5,False,0,0.037353515625,0.0372314453125,-0.0001220703125,9.1552734375e-05,3.0517578125e-05,-14,-13
original_prcp_hindcast,1993,24,3672-4392,29.5,53.5,False,0,0.0250244140625,0.02490234375,-0.0001220703125,9.1552734375e-05,3.0517578125e-05,-14,-13
original_prcp_hindcast,1993,24,3672-4392,28.5,38.5,False,0,0.0335693359375,0.033447265625,-0.0001220703125,9.1552734375e-05,3.0517578125e-05,-14,-13
original_prcp_hindcast,1993,24,3672-4392,28.5,44.5,False,0,0.053466796875,0.0533447265625,-0.0001220703125,9.1552734375e-05,3.0517578125e-05,-14,-13
original_prcp_hindcast,1993,24,3672-4392,27.5,52.5,False,0,0.00341796875,0.0032958984375,-0.0001220703125,9.1552734375e-05,3.0517578125e-05,-14,-13
original_prcp_hindcast,1993,24,3672-4392,26.5,22.5,False,0,0.0020751953125,0.001953125,-0.0001220703125,9.1552734375e-05,3.0517578125e-05,-14,-13
original_prcp_hindcast,1993,24,3672-4392,25.5,-1.5,False,0,0.0006103515625,0.00048828125,-0.0001220703125,9.1552734375e-05,3.0517578125e-05,-14,-13
original_prcp_hindcast,1993,24,3672-4392,24.5,19.5,False,0,0.0023193359375,0.002197265625,-0.0001220703125,9.1552734375e-05,3.0517578125e-05,-14,-13
original_prcp_hindcast,1993,24,3672-4392,21.5,12.5,False,0,0.003173828125,0.0030517578125,-0.0001220703125,9.1552734375e-05,3.0517578125e-05,-14,-13
original_prcp_hindcast,1994,1,4392-5136,27.5,23.5,False,0,0.00061618416111741681,0.00048828125,-0.00012790291111741681,0.00012207031295474735,5.8325981626694556e-06,-13,-13
original_prcp_hindcast,1994,1,4392-5136,26.5,23.5,False,0,0.00073825447361741681,0.0006103515625,-0.00012790291111741681,0.00012207031295474735,5.8325981626694556e-06,-13,-13
original_prcp_hindcast,1994,1,4392-5136,26.5,24.5,False,0,0.00037204353611741681,0.000244140625,-0.00012790291111741681,0.00012207031295474735,5.8325981626694556e-06,-13,-13
original_prcp_hindcast,1994,1,4392-5136,26.5,29.5,False,0,0.00049411384861741681,0.0003662109375,-0.00012790291111741681,0.00012207031295474735,5.8325981626694556e-06,-13,-13
original_prcp_hindcast,1994,1,4392-5136,25.5,-9.5,False,0,0.0020810279111174168,0.001953125,-0.00012790291111741681,0.00012207031295474735,5.8325981626694556e-06,-13,-13
original_prcp_hindcast,1994,1,4392-5136,24.5,60.5,False,0,0.0029355200986174168,0.0028076171875,-0.00012790291111741681,0.00012207031295474735,5.8325981626694556e-06,-13,-13
original_prcp_hindcast,1994,1,4392-5136,23.5,-14.5,False,0,0.0053769263486174168,0.0052490234375,-0.00012790291111741681,0.00012207031295474735,5.8325981626694556e-06,-13,-13
original_prcp_hindcast,1994,1,4392-5136,22.5,7.5,False,0,0.0018368872861174168,0.001708984375,-0.00012790291111741681,0.00012207031295474735,5.8325981626694556e-06,-13,-13
original_prcp_hindcast,1994,1,4392-5136,22.5,29.5,False,0,0.0011044654111174168,0.0009765625,-0.00012790291111741681,0.00012207031295474735,5.8325981626694556e-06,-13,-13
original_prcp_hindcast,1994,1,4392-5136,21.5,-6.5,False,0,0.0058652075986174168,0.0057373046875,-0.00012790291111741681,0.00012207031295474735,5.8325981626694556e-06,-13,-13
original_prcp_hindcast,1994,1,4392-5136,21.5,0.5,False,0,0.010748020098617417,0.0106201171875,-0.00012790291111741681,0.00012207031295474735,5.8325981626694556e-06,-13,-13
original_prcp_hindcast,1994,1,4392-5136,21.5,6.5,False,0,0.0026913794736174168,0.0025634765625,-0.00012790291111741681,0.00012207031295474735,5.8325981626694556e-06,-13,-13
original_prcp_hindcast,1994,1,4392-5136,20.5,11.5,False,0,0.0024472388486174168,0.0023193359375,-0.00012790291111741681,0.00012207031295474735,5.8325981626694556e-06,-13,-13
original_prcp_hindcast,1994,1,4392-5136,20.5,13.5,True,1,0.0050107154111174168,0.0048828125,-0.00012790291111741681,0.00012207031295474735,5.8325981626694556e-06,-13,-13
original_prcp_hindcast,1994,1,4392-5136,19.5,-12.5,False,0,0.0092831763486174168,0.0091552734375,-0.00012790291111741681,0.00012207031295474735,5.8325981626694556e-06,-13,-13
original_prcp_hindcast,1994,1,4392-5136,19.5,20.5,False,0,0.0078183325986174168,0.0076904296875,-0.00012790291111741681,0.00012207031295474735,5.8325981626694556e-06,-13,-13
original_prcp_hindcast,1994,1,4392-5136,18.5,-16.5,True,1,0.0076962622861174168,0.007568359375,-0.00012790291111741681,0.00012207031295474735,5.8325981626694556e-06,-13,-13
original_prcp_hindcast,1994,1,4392-5136,17.5,4.5,True,1,0.078863254473617417,0.0787353515625,-0.00012790291111741681,0.00012207031295474735,5.8325981626694556e-06,-13,-13
original_prcp_hindcast,1994,1,4392-5136,16.5,-2.5,False,0,0.090215793536117417,0.090087890625,-0.00012790291111741681,0.00012207031295474735,5.8325981626694556e-06,-13,-13
original_prcp_hindcast,1994,1,4392-5136,16.5,8.5,True,1,0.12036716072361742,0.1202392578125,-0.00012790291111741681,0.00012207031295474735,5.8325981626694556e-06,-13,-13
original_prcp_hindcast,1994,1,4392-5136,16.5,17.5,False,0,0.052496066973617417,0.0523681640625,-0.00012790291111741681,0.00012207031295474735,5.8325981626694556e-06,-13,-13
original_prcp_hindcast,1994,1,4392-5136,15.5,3.5,False,0,0.16773044197361742,0.1676025390625,-0.00012790291111741681,0.00012207031295474735,5.8325981626694556e-06,-13,-13
original_prcp_hindcast,1994,1,4392-5136,15.5,7.5,True,1,0.22754489509861742,0.2274169921875,-0.00012790291111741681,0.00012207031295474735,5.8325981626694556e-06,-13,-13
original_prcp_hindcast,1994,1,4392-5136,14.5,15.5,True,1,0.22571384041111742,0.2255859375,-0.00012790291111741681,0.00012207031295474735,5.8325981626694556e-06,-13,-13
original_prcp_hindcast,1994,1,4392-5136,13.5,2.5,True,4,0.44617282478611742,0.446044921875,-0.00012790291111741681,0.00012207031295474735,5.8325981626694556e-06,-13,-13
original_prcp_hindcast,1994,1,4392-5136,13.5,5.5,True,9,0.32520114509861742,0.3250732421875,-0.00012790291111741681,0.00012207031295474735,5.8325981626694556e-06,-13,-13
original_prcp_hindcast,1994,2,3672-4392,38.5,63.5,False,0,0.0224609375,0.0223388671875,-0.0001220703125,9.1552734375e-05,3.0517578125e-05,-14,-13
original_prcp_hindcast,1994,2,3672-4392,37.5,69.5,True,2,0.177490234375,0.1773681640625,-0.0001220703125,9.1552734375e-05,3.0517578125e-05,-14,-13
original_prcp_hindcast,1994,2,3672-4392,27.5,24.5,False,0,0.000244140625,0.0001220703125,-0.0001220703125,9.1552734375e-05,3.0517578125e-05,-14,-13
original_prcp_hindcast,1994,2,3672-4392,23.5,15.5,False,0,0.000244140625,0.0001220703125,-0.0001220703125,9.1552734375e-05,3.0517578125e-05,-14,-13
original_prcp_hindcast,1994,2,3672-4392,22.5,-4.5,False,0,0.0072021484375,0.007080078125,-0.0001220703125,9.1552734375e-05,3.0517578125e-05,-14,-13
original_prcp_hindcast,1994,2,3672-4392,22.5,6.5,False,0,0.001708984375,0.0015869140625,-0.0001220703125,9.1552734375e-05,3.0517578125e-05,-14,-13
original_prcp_hindcast,1994,2,3672-4392,-22.5,124.5,False,0,0.005126953125,0.0050048828125,-0.0001220703125,9.1552734375e-05,3.0517578125e-05,-14,-13
original_prcp_hindcast,1994,3,3672-4392,37.5,81.5,False,0,0.0010986328125,0.0009765625,-0.0001220703125,9.1552734375e-05,3.0517578125e-05,-14,-13
original_prcp_hindcast,1994,3,3672-4392,30.5,52.5,False,0,0.1043701171875,0.104248046875,-0.0001220703125,9.1552734375e-05,3.0517578125e-05,-14,-13
original_prcp_hindcast,1994,3,3672-4392,28.5,54.5,False,0,0.0570068359375,0.056884765625,-0.0001220703125,9.1552734375e-05,3.0517578125e-05,-14,-13
original_prcp_hindcast,1994,3,3672-4392,27.5,29.5,False,0,0.00146484375,0.0013427734375,-0.0001220703125,9.1552734375e-05,3.0517578125e-05,-14,-13
original_prcp_hindcast,1994,3,3672-4392,25.5,27.5,False,0,0.0001220703125,0,-0.0001220703125,9.1552734375e-05,3.0517578125e-05,-14,-13
original_prcp_hindcast,1994,3,3672-4392,24.5,40.5,False,0,0.0003662109375,0.000244140625,-0.0001220703125,9.1552734375e-05,3.0517578125e-05,-14,-13
original_prcp_hindcast,1994,3,3672-4392,23.5,36.5,False,0,0.0001220703125,0,-0.0001220703125,9.1552734375e-05,3.0517578125e-05,-14,-13
original_prcp_hindcast,1994,12,3672-4392,33.5,43.5,False,0,0.0047607421875,0.004638671875,-0.0001220703125,9.1552734375e-05,3.0517578125e-05,-14,-13
original_prcp_hindcast,1994,12,3672-4392,32.5,50.5,False,0,0.0914306640625,0.09130859375,-0.0001220703125,9.1552734375e-05,3.0517578125e-05,-14,-13
original_prcp_hindcast,1994,12,3672-4392,29.5,45.5,False,0,0.00634765625,0.0062255859375,-0.0001220703125,9.1552734375e-05,3.0517578125e-05,-14,-13
original_prcp_hindcast,1994,12,3672-4392,28.5,9.5,False,0,0.0006103515625,0.00048828125,-0.0001220703125,9.1552734375e-05,3.0517578125e-05,-14,-13
original_prcp_hindcast,1994,12,3672-4392,27.5,47.5,False,0,0.0052490234375,0.005126953125,-0.0001220703125,9.1552734375e-05,3.0517578125e-05,-14,-13
original_prcp_hindcast,1994,12,3672-4392,26.5,26.5,False,0,0.0003662109375,0.000244140625,-0.0001220703125,9.1552734375e-05,3.0517578125e-05,-14,-13
original_prcp_hindcast,1994,12,3672-4392,24.5,42.5,False,0,0.0238037109375,0.023681640625,-0.0001220703125,9.1552734375e-05,3.0517578125e-05,-14,-13
original_prcp_hindcast,1994,12,3672-4392,23.5,31.5,False,0,0.000244140625,0.0001220703125,-0.0001220703125,9.1552734375e-05,3.0517578125e-05,-14,-13
original_prcp_hindcast,1994,12,3672-4392,21.5,-18.5,False,0,0.00439453125,0.0042724609375,-0.0001220703125,9.1552734375e-05,3.0517578125e-05,-14,-13
original_prcp_hindcast,1994,12,3672-4392,21.5,30.5,False,0,0.0001220703125,0,-0.0001220703125,9.1552734375e-05,3.0517578125e-05,-14,-13
original_prcp_hindcast,1994,12,3672-4392,20.5,12.5,False,0,0.0009765625,0.0008544921875,-0.0001220703125,9.1552734375e-05,3.0517578125e-05,-14,-13
original_prcp_hindcast,1994,12,3672-4392,18.5,50.5,False,0,0.007080078125,0.0069580078125,-0.0001220703125,9.1552734375e-05,3.0517578125e-05,-14,-13
original_prcp_hindcast,1994,19,4392-5136,31.5,64.5,True,5,0.018555462449057814,0.0184326171875,-0.0001228452615578135,0.00012207031252842171,7.7494902939179156e-07,-13,-13
original_prcp_hindcast,1994,19,4392-5136,27.5,22.5,False,0,0.0014656186990578135,0.0013427734375,-0.0001228452615578135,0.00012207031252842171,7.7494902939179156e-07,-13,-13
original_prcp_hindcast,1994,19,4392-5136,27.5,27.5,False,0,0.0001228452615578135,0,-0.0001228452615578135,0.00012207031252842171,7.7494902939179156e-07,-13,-13
original_prcp_hindcast,1994,19,4392-5136,26.5,11.5,False,0,0.0006111265115578135,0.00048828125,-0.0001228452615578135,0.00012207031252842171,7.7494902939179156e-07,-13,-13
original_prcp_hindcast,1994,19,4392-5136,25.5,13.5,False,0,0.0004890561990578135,0.0003662109375,-0.0001228452615578135,0.00012207031252842171,7.7494902939179156e-07,-13,-13
original_prcp_hindcast,1994,19,4392-5136,24.5,-10.5,False,0,0.0074470640115578135,0.00732421875,-0.0001228452615578135,0.00012207031252842171,7.7494902939179156e-07,-13,-13
original_prcp_hindcast,1994,19,4392-5136,24.5,2.5,False,0,0.0009773374490578135,0.0008544921875,-0.0001228452615578135,0.00012207031252842171,7.7494902939179156e-07,-13,-13
original_prcp_hindcast,1994,19,4392-5136,24.5,70.5,True,4,0.54797440776155781,0.5478515625,-0.0001228452615578135,0.00012207031252842171,7.7494902939179156e-07,-13,-13
original_prcp_hindcast,1994,19,4392-5136,23.5,-8.5,False,0,0.012574017136557814,0.012451171875,-0.0001228452615578135,0.00012207031252842171,7.7494902939179156e-07,-13,-13
original_prcp_hindcast,1994,19,4392-5136,23.5,14.5,False,0,0.0008552671365578135,0.000732421875,-0.0001228452615578135,0.00012207031252842171,7.7494902939179156e-07,-13,-13
original_prcp_hindcast,1994,19,4392-5136,23.5,53.5,False,0,0.0052497983865578135,0.005126953125,-0.0001228452615578135,0.00012207031252842171,7.7494902939179156e-07,-13,-13
original_prcp_hindcast,1994,19,4392-5136,22.5,14.5,False,0,0.0006111265115578135,0.00048828125,-0.0001228452615578135,0.00012207031252842171,7.7494902939179156e-07,-13,-13
original_prcp_hindcast,1994,19,4392-5136,22.5,18.5,False,0,0.0010994077615578135,0.0009765625,-0.0001228452615578135,0.00012207031252842171,7.7494902939179156e-07,-13,-13
original_prcp_hindcast,1994,19,4392-5136,21.5,-12.5,False,0,0.017823040574057814,0.0177001953125,-0.0001228452615578135,0.00012207031252842171,7.7494902939179156e-07,-13,-13
original_prcp_hindcast,1994,19,4392-5136,21.5,-5.5,False,0,0.0096443296365578135,0.009521484375,-0.0001228452615578135,0.00012207031252842171,7.7494902939179156e-07,-13,-13
original_prcp_hindcast,1994,19,4392-5136,21.5,19.5,False,0,0.0004890561990578135,0.0003662109375,-0.0001228452615578135,0.00012207031252842171,7.7494902939179156e-07,-13,-13
original_prcp_hindcast,1994,19,4392-5136,20.5,-15.5,False,0,0.0072029233865578135,0.007080078125,-0.0001228452615578135,0.00012207031252842171,7.7494902939179156e-07,-13,-13
original_prcp_hindcast,1994,19,4392-5136,20.5,-4.5,False,0,0.010498821824057814,0.0103759765625,-0.0001228452615578135,0.00012207031252842171,7.7494902939179156e-07,-13,-13
original_prcp_hindcast,1994,19,4392-5136,20.5,3.5,False,0,0.0057380796365578135,0.005615234375,-0.0001228452615578135,0.00012207031252842171,7.7494902939179156e-07,-13,-13
original_prcp_hindcast,1994,19,4392-5136,20.5,4.5,False,0,0.0040290952615578135,0.00390625,-0.0001228452615578135,0.00012207031252842171,7.7494902939179156e-07,-13,-13
original_prcp_hindcast,1994,19,4392-5136,20.5,10.5,False,0,0.0001228452615578135,0,-0.0001228452615578135,0.00012207031252842171,7.7494902939179156e-07,-13,-13
original_prcp_hindcast,1994,19,4392-5136,20.5,14.5,False,0,0.0017097593240578135,0.0015869140625,-0.0001228452615578135,0.00012207031252842171,7.7494902939179156e-07,-13,-13
original_prcp_hindcast,1994,19,4392-5136,20.5,52.5,False,0,0.0039070249490578135,0.0037841796875,-0.0001228452615578135,0.00012207031252842171,7.7494902939179156e-07,-13,-13
original_prcp_hindcast,1994,19,4392-5136,19.5,4.5,False,0,0.014893353074057814,0.0147705078125,-0.0001228452615578135,0.00012207031252842171,7.7494902939179156e-07,-13,-13
original_prcp_hindcast,1994,19,4392-5136,19.5,17.5,False,0,0.0081794858865578135,0.008056640625,-0.0001228452615578135,0.00012207031252842171,7.7494902939179156e-07,-13,-13
original_prcp_hindcast,1994,19,4392-5136,17.5,-6.5,True,1,0.091187298386557814,0.091064453125,-0.0001228452615578135,0.00012207031252842171,7.7494902939179156e-07,-13,-13
original_prcp_hindcast,1994,19,4392-5136,17.5,5.5,False,0,0.064453899949057814,0.0643310546875,-0.0001228452615578135,0.00012207031252842171,7.7494902939179156e-07,-13,-13
original_prcp_hindcast,1994,19,4392-5136,-14.5,120.5,False,0,0.017578899949057814,0.0174560546875,-0.0001228452615578135,0.00012207031252842171,7.7494902939179156e-07,-13,-13
original_prcp_hindcast,1994,19,4392-5136,-21.5,119.5,False,0,0.0029304624490578135,0.0028076171875,-0.0001228452615578135,0.00012207031252842171,7.7494902939179156e-07,-13,-13
original_prcp_hindcast,1994,19,4392-5136,-22.5,118.5,False,0,0.0073249936990578135,0.0072021484375,-0.0001228452615578135,0.00012207031252842171,7.7494902939179156e-07,-13,-13
original_prcp_hindcast,1994,19,4392-5136,-22.5,121.5,False,0,0.0029304624490578135,0.0028076171875,-0.0001228452615578135,0.00012207031252842171,7.7494902939179156e-07,-13,-13
original_prcp_hindcast,1994,19,4392-5136,-24.5,117.5,False,0,0.011109173386557814,0.010986328125,-0.0001228452615578135,0.00012207031252842171,7.7494902939179156e-07,-13,-13
original_prcp_hindcast,1994,19,4392-5136,-24.5,120.5,False,0,0.0059822202615578135,0.005859375,-0.0001228452615578135,0.00012207031252842171,7.7494902939179156e-07,-13,-13
original_prcp_hindcast,1995,2,3672-4392,39.5,82.5,False,0,0.0101318359375,0.010009765625,-0.0001220703125,9.1552734375e-05,3.0517578125e-05,-14,-13
original_prcp_hindcast,1995,2,3672-4392,33.5,40.5,False,0,0.00927734375,0.0091552734375,-0.0001220703125,9.1552734375e-05,3.0517578125e-05,-14,-13
original_prcp_hindcast,1995,2,3672-4392,26.5,20.5,False,0,0.0006103515625,0.00048828125,-0.0001220703125,9.1552734375e-05,3.0517578125e-05,-14,-13
original_prcp_hindcast,1995,2,3672-4392,25.5,37.5,False,0,0.021240234375,0.0211181640625,-0.0001220703125,9.1552734375e-05,3.0517578125e-05,-14,-13
original_prcp_hindcast,1995,2,3672-4392,21.5,18.5,False,0,0.0003662109375,0.000244140625,-0.0001220703125,9.1552734375e-05,3.0517578125e-05,-14,-13
original_prcp_hindcast,1995,2,3672-4392,-10.5,-43.5,False,0,0.0673828125,0.0672607421875,-0.0001220703125,9.1552734375e-05,3.0517578125e-05,-14,-13
original_prcp_hindcast,1995,3,3672-4392,27.5,31.5,False,0,0.0010986328125,0.0009765625,-0.0001220703125,9.1552734375e-05,3.0517578125e-05,-14,-13
original_prcp_hindcast,1995,3,3672-4392,26.5,41.5,False,0,0.029052734375,0.0289306640625,-0.0001220703125,9.1552734375e-05,3.0517578125e-05,-14,-13
original_prcp_hindcast,1995,3,3672-4392,23.5,20.5,False,0,0.0001220703125,0,-0.0001220703125,9.1552734375e-05,3.0517578125e-05,-14,-13
original_prcp_hindcast,1995,3,3672-4392,21.5,20.5,False,0,0.0013427734375,0.001220703125,-0.0001220703125,9.1552734375e-05,3.0517578125e-05,-14,-13
original_prcp_hindcast,1995,3,3672-4392,19.5,32.5,True,1,0.0025634765625,0.00244140625,-0.0001220703125,9.1552734375e-05,3.0517578125e-05,-14,-13
original_prcp_hindcast,1995,3,3672-4392,-6.5,-44.5,False,0,0.2177734375,0.2176513671875,-0.0001220703125,9.1552734375e-05,3.0517578125e-05,-14,-13
original_prcp_hindcast,1995,3,3672-4392,-7.5,-41.5,False,0,0.154052734375,0.1539306640625,-0.0001220703125,9.1552734375e-05,3.0517578125e-05,-14,-13
original_prcp_hindcast,1995,3,3672-4392,-9.5,-43.5,False,0,0.117431640625,0.1173095703125,-0.0001220703125,9.1552734375e-05,3.0517578125e-05,-14,-13
original_prcp_hindcast,1995,5,3672-4392,39.5,87.5,False,0,0.008056640625,0.0079345703125,-0.0001220703125,9.1552734375e-05,3.0517578125e-05,-14,-13
original_prcp_hindcast,1995,5,3672-4392,32.5,44.5,False,0,0.0877685546875,0.087646484375,-0.0001220703125,9.1552734375e-05,3.0517578125e-05,-14,-13
original_prcp_hindcast,1995,5,3672-4392,26.5,31.5,False,0,0.0003662109375,0.000244140625,-0.0001220703125,9.1552734375e-05,3.0517578125e-05,-14,-13
original_prcp_hindcast,1995,5,3672-4392,25.5,48.5,False,0,0.04296875,0.0428466796875,-0.0001220703125,9.1552734375e-05,3.0517578125e-05,-14,-13
original_prcp_hindcast,1995,5,3672-4392,23.5,29.5,False,0,0.000244140625,0.0001220703125,-0.0001220703125,9.1552734375e-05,3.0517578125e-05,-14,-13
original_prcp_hindcast,1995,7,3672-4392,39.5,59.5,False,0,0.036502541207482864,0.036376953125,-0.00012558808248286368,9.1552734829747351e-05,3.4035347653116332e-05,-14,-13
original_prcp_hindcast,1995,7,3672-4392,36.5,68.5,True,11,0.23022812714498286,0.2301025390625,-0.00012558808248286368,9.1552734829747351e-05,3.4035347653116332e-05,-14,-13
original_prcp_hindcast,1995,7,3672-4392,35.5,55.5,False,0,0.020755470894982864,0.0206298828125,-0.00012558808248286368,9.1552734829747351e-05,3.4035347653116332e-05,-14,-13
original_prcp_hindcast,1995,7,3672-4392,28.5,41.5,False,0,0.026248634957482864,0.026123046875,-0.00012558808248286368,9.1552734829747351e-05,3.4035347653116332e-05,-14,-13
original_prcp_hindcast,1995,7,3672-4392,27.5,34.5,False,0,0.00012558808248286368,0,-0.00012558808248286368,9.1552734829747351e-05,3.4035347653116332e-05,-14,-13
original_prcp_hindcast,1995,7,3672-4392,27.5,46.5,False,0,0.026736916207482864,0.026611328125,-0.00012558808248286368,9.1552734829747351e-05,3.4035347653116332e-05,-14,-13
original_prcp_hindcast,1995,7,3672-4392,25.5,46.5,False,0,0.033816994332482864,0.03369140625,-0.00012558808248286368,9.1552734829747351e-05,3.4035347653116332e-05,-14,-13
original_prcp_hindcast,1995,7,3672-4392,20.5,26.5,False,0,0.0054966818324828637,0.00537109375,-0.00012558808248286368,9.1552734829747351e-05,3.4035347653116332e-05,-14,-13
original_prcp_hindcast,1995,16,3672-4392,27.5,10.5,False,0,0.0072021484375,0.007080078125,-0.0001220703125,9.1552734375e-05,3.0517578125e-05,-14,-13
original_prcp_hindcast,1995,16,3672-4392,26.5,60.5,False,0,0.0030517578125,0.0029296875,-0.0001220703125,9.1552734375e-05,3.0517578125e-05,-14,-13
original_prcp_hindcast,1995,16,3672-4392,25.5,47.5,False,0,0.0361328125,0.0360107421875,-0.0001220703125,9.1552734375e-05,3.0517578125e-05,-14,-13
original_prcp_hindcast,1995,16,3672-4392,24.5,22.5,False,0,0.0006103515625,0.00048828125,-0.0001220703125,9.1552734375e-05,3.0517578125e-05,-14,-13
original_prcp_hindcast,1995,16,3672-4392,21.5,4.5,False,0,0.0030517578125,0.0029296875,-0.0001220703125,9.1552734375e-05,3.0517578125e-05,-14,-13
original_prcp_hindcast,1995,16,3672-4392,-26.5,17.5,True,1,0.0277099609375,0.027587890625,-0.0001220703125,9.1552734375e-05,3.0517578125e-05,-14,-13
original_prcp_hindcast,1995,21,4392-5136,28.5,63.5,True,2,0.00634765625,0.0062196736980695277,-0.00012798255193047225,0.00012207031977595761,5.9122321545146406e-06,-13,-13
original_prcp_hindcast,1995,21,4392-5136,24.5,23.5,False,0,0.0008544921875,0.00072650963556952775,-0.00012798255193047225,0.00012207031977595761,5.9122321545146406e-06,-13,-13
original_prcp_hindcast,1995,21,4392-5136,24.5,24.5,False,0,0.0015869140625,0.0014589315105695277,-0.00012798255193047225,0.00012207031977595761,5.9122321545146406e-06,-13,-13
original_prcp_hindcast,1995,21,4392-5136,22.5,20.5,False,0,0.001708984375,0.0015810018230695277,-0.00012798255193047225,0.00012207031977595761,5.9122321545146406e-06,-13,-13
original_prcp_hindcast,1995,21,4392-5136,21.5,19.5,False,0,0.010986328125,0.010858345573069528,-0.00012798255193047225,0.00012207031977595761,5.9122321545146406e-06,-13,-13
original_prcp_hindcast,1995,21,4392-5136,19.5,20.5,False,0,0.0020751953125,0.0019472127605695277,-0.00012798255193047225,0.00012207031977595761,5.9122321545146406e-06,-13,-13
original_prcp_hindcast,1995,21,4392-5136,18.5,22.5,False,0,0.008544921875,0.0084169393230695277,-0.00012798255193047225,0.00012207031977595761,5.9122321545146406e-06,-13,-13
original_prcp_hindcast,1995,21,4392-5136,17.5,18.5,False,0,0.0208740234375,0.020746040885569528,-0.00012798255193047225,0.00012207031977595761,5.9122321545146406e-06,-13,-13
original_prcp_hindcast,1995,24,3672-4392,20.5,6.5,False,0,0.012939453125,0.0128173828125,-0.0001220703125,9.1552734375e-05,3.0517578125e-05,-14,-13
original_prcp_hindcast,1995,24,3672-4392,19.5,49.5,False,0,0.0018310546875,0.001708984375,-0.0001220703125,9.1552734375e-05,3.0517578125e-05,-14,-13
original_prcp_hindcast,1995,24,3672-4392,-18.5,26.5,True,1,0.0032958984375,0.003173828125,-0.0001220703125,9.1552734375e-05,3.0517578125e-05,-14,-13
original_prcp_hindcast,1996,1,3672-4392,33.5,63.5,False,0,0.04736328125,0.0472412109375,-0.0001220703125,9.1552734375e-05,3.0517578125e-05,-14,-13
original_prcp_hindcast,1996,1,3672-4392,27.5,0.5,False,0,0.00048828125,0.0003662109375,-0.0001220703125,9.1552734375e-05,3.0517578125e-05,-14,-13
original_prcp_hindcast,1996,1,3672-4392,26.5,1.5,False,0,0.000244140625,0.0001220703125,-0.0001220703125,9.1552734375e-05,3.0517578125e-05,-14,-13
original_prcp_hindcast,1996,1,3672-4392,26.5,51.5,False,0,0.00048828125,0.0003662109375,-0.0001220703125,9.1552734375e-05,3.0517578125e-05,-14,-13
original_prcp_hindcast,1996,1,3672-4392,20.5,34.5,False,0,0.00146484375,0.0013427734375,-0.0001220703125,9.1552734375e-05,3.0517578125e-05,-14,-13
original_prcp_hindcast,1996,1,3672-4392,19.5,15.5,False,0,0.004638671875,0.0045166015625,-0.0001220703125,9.1552734375e-05,3.0517578125e-05,-14,-13
original_prcp_hindcast,1996,1,3672-4392,16.5,25.5,False,0,0.0115966796875,0.011474609375,-0.0001220703125,9.1552734375e-05,3.0517578125e-05,-14,-13
original_prcp_hindcast,1996,1,3672-4392,-21.5,120.5,False,0,0.1220703125,0.1219482421875,-0.0001220703125,9.1552734375e-05,3.0517578125e-05,-14,-13
original_prcp_hindcast,1996,5,4392-5136,28.5,27.5,False,0,0.00013528931231121533,8.3872500908910297e-06,-0.0001269020622203243,0.0001220703134094947,4.8317488108295947e-06,-13,-13
original_prcp_hindcast,1996,5,4392-5136,27.5,27.5,False,0,0.00037942993731121533,0.00025252787509089103,-0.0001269020622203243,0.0001220703134094947,4.8317488108295947e-06,-13,-13
original_prcp_hindcast,1996,5,4392-5136,27.5,28.5,False,0,0.00050150024981121533,0.00037459818759089103,-0.0001269020622203243,0.0001220703134094947,4.8317488108295947e-06,-13,-13
original_prcp_hindcast,1996,5,4392-5136,25.5,11.5,False,0,0.0012339221248112153,0.001107020062590891,-0.0001269020622203243,0.0001220703134094947,4.8317488108295947e-06,-13,-13
original_prcp_hindcast,1996,5,4392-5136,25.5,13.5,False,0,0.00025735962481121533,0.00013045756259089103,-0.0001269020622203243,0.0001220703134094947,4.8317488108295947e-06,-13,-13
original_prcp_hindcast,1996,5,4392-5136,24.5,20.5,False,0,0.00025735962481121533,0.00013045756259089103,-0.0001269020622203243,0.0001220703134094947,4.8317488108295947e-06,-13,-13
original_prcp_hindcast,1996,5,4392-5136,24.5,42.5,False,0,0.00098978149981121533,0.00086287943759089103,-0.0001269020622203243,0.0001220703134094947,4.8317488108295947e-06,-13,-13
original_prcp_hindcast,1996,5,4392-5136,23.5,-0.5,False,0,0.0048960314998112153,0.004769129437590891,-0.0001269020622203243,0.0001220703134094947,4.8317488108295947e-06,-13,-13
original_prcp_hindcast,1996,5,4392-5136,23.5,30.5,False,0,0.00050150024981121533,0.00037459818759089103,-0.0001269020622203243,0.0001220703134094947,4.8317488108295947e-06,-13,-13
original_prcp_hindcast,1996,5,4392-5136,23.5,43.5,False,0,0.0019663439998112153,0.001839441937590891,-0.0001269020622203243,0.0001220703134094947,4.8317488108295947e-06,-13,-13
original_prcp_hindcast,1996,5,4392-5136,22.5,-9.5,False,0,0.0048960314998112153,0.004769129437590891,-0.0001269020622203243,0.0001220703134094947,4.8317488108295947e-06,-13,-13
original_prcp_hindcast,1996,5,4392-5136,22.5,29.5,False,0,0.00037942993731121533,0.00025252787509089103,-0.0001269020622203243,0.0001220703134094947,4.8317488108295947e-06,-13,-13
original_prcp_hindcast,1996,5,4392-5136,21.5,-16.5,False,0,0.0039194689998112153,0.003792566937590891,-0.0001269020622203243,0.0001220703134094947,4.8317488108295947e-06,-13,-13
original_prcp_hindcast,1996,5,4392-5136,21.5,-8.5,True,1,0.0035532580623112153,0.003426356000090891,-0.0001269020622203243,0.0001220703134094947,4.8317488108295947e-06,-13,-13
original_prcp_hindcast,1996,5,4392-5136,21.5,10.5,False,0,0.0018442736873112153,0.001717371625090891,-0.0001269020622203243,0.0001220703134094947,4.8317488108295947e-06,-13,-13
original_prcp_hindcast,1996,5,4392-5136,21.5,14.5,False,0,0.0018442736873112153,0.001717371625090891,-0.0001269020622203243,0.0001220703134094947,4.8317488108295947e-06,-13,-13
original_prcp_hindcast,1996,5,4392-5136,21.5,52.5,False,0,0.0023325549373112153,0.002205652875090891,-0.0001269020622203243,0.0001220703134094947,4.8317488108295947e-06,-13,-13
original_prcp_hindcast,1996,5,4392-5136,21.5,72.5,False,0,0.71510110962481122,0.71497420756259089,-0.0001269020622203243,0.0001220703134094947,4.8317488108295947e-06,-13,-13
original_prcp_hindcast,1996,5,4392-5136,20.5,4.5,False,0,0.0067270861873112153,0.006600184125090891,-0.0001269020622203243,0.0001220703134094947,4.8317488108295947e-06,-13,-13
original_prcp_hindcast,1996,5,4392-5136,20.5,6.5,False,0,0.0095347033748112153,0.009407801312590891,-0.0001269020622203243,0.0001220703134094947,4.8317488108295947e-06,-13,-13
original_prcp_hindcast,1996,5,4392-5136,20.5,71.5,False,0,0.63624368774981122,0.63611678568759089,-0.0001269020622203243,0.0001220703134094947,4.8317488108295947e-06,-13,-13
original_prcp_hindcast,1996,5,4392-5136,19.5,-17.5,False,0,0.0017222033748112153,0.001595301312590891,-0.0001269020622203243,0.0001220703134094947,4.8317488108295947e-06,-13,-13
original_prcp_hindcast,1996,5,4392-5136,19.5,8.5,False,0,0.030897008062311215,0.030770106000090891,-0.0001269020622203243,0.0001220703134094947,4.8317488108295947e-06,-13,-13
original_prcp_hindcast,1996,5,4392-5136,19.5,9.5,False,0,0.010999547124811215,0.010872645062590891,-0.0001269020622203243,0.0001220703134094947,4.8317488108295947e-06,-13,-13
original_prcp_hindcast,1996,5,4392-5136,19.5,70.5,False,0,0.39942728149981122,0.39930037943759089,-0.0001269020622203243,0.0001220703134094947,4.8317488108295947e-06,-13,-13
original_prcp_hindcast,1996,5,4392-5136,18.5,1.5,True,1,0.068738804937311215,0.068611902875090891,-0.0001269020622203243,0.0001220703134094947,4.8317488108295947e-06,-13,-13
original_prcp_hindcast,1996,5,4392-5136,18.5,15.5,False,0,0.0048960314998112153,0.004769129437590891,-0.0001269020622203243,0.0001220703134094947,4.8317488108295947e-06,-13,-13
original_prcp_hindcast,1996,5,4392-5136,18.5,29.5,False,0,0.017469273687311215,0.017342371625090891,-0.0001269020622203243,0.0001220703134094947,4.8317488108295947e-06,-13,-13
original_prcp_hindcast,1996,5,4392-5136,18.5,46.5,False,0,0.0026987658748112153,0.002571863812590891,-0.0001269020622203243,0.0001220703134094947,4.8317488108295947e-06,-13,-13
original_prcp_hindcast,1996,5,4392-5136,17.5,2.5,False,0,0.073011265874811215,0.072884363812590891,-0.0001269020622203243,0.0001220703134094947,4.8317488108295947e-06,-13,-13
original_prcp_hindcast,1996,5,4392-5136,17.5,8.5,True,1,0.063001500249811215,0.062874598187590891,-0.0001269020622203243,0.0001220703134094947,4.8317488108295947e-06,-13,-13
original_prcp_hindcast,1996,5,4392-5136,17.5,20.5,False,0,0.018689976812311215,0.018563074750090891,-0.0001269020622203243,0.0001220703134094947,4.8317488108295947e-06,-13,-13
original_prcp_hindcast,1996,5,4392-5136,16.5,8.5,True,1,0.056165562749811215,0.056038660687590891,-0.0001269020622203243,0.0001220703134094947,4.8317488108295947e-06,-13,-13
original_prcp_hindcast,1996,5,4392-5136,16.5,12.5,False,0,0.017713414312311215,0.017586512250090891,-0.0001269020622203243,0.0001220703134094947,4.8317488108295947e-06,-13,-13
original_prcp_hindcast,1996,5,4392-5136,16.5,14.5,False,0,0.017835484624811215,0.017708582562590891,-0.0001269020622203243,0.0001220703134094947,4.8317488108295947e-06,-13,-13
original_prcp_hindcast,1996,5,4392-5136,15.5,8.5,True,1,0.085340367437311215,0.085213465375090891,-0.0001269020622203243,0.0001220703134094947,4.8317488108295947e-06,-13,-13
original_prcp_hindcast,1996,5,4392-5136,15.5,25.5,False,0,0.10047708618731122,0.10035018412509089,-0.0001269020622203243,0.0001220703134094947,4.8317488108295947e-06,-13,-13
original_prcp_hindcast,1996,5,4392-5136,14.5,17.5,True,1,0.15711771118731122,0.15699080912509089,-0.0001269020622203243,0.0001220703134094947,4.8317488108295947e-06,-13,-13
original_prcp_hindcast,1996,5,4392-5136,-18.5,119.5,False,0,0.044080601812311215,0.043953699750090891,-0.0001269020622203243,0.0001220703134094947,4.8317488108295947e-06,-13,-13
original_prcp_hindcast,1996,6,4392-5136,30.5,-3.5,False,0,0.0024416569564209567,0.0023193359375,-0.0001223210189209567,0.00012207031252842171,2.5070639253499394e-07,-13,-13
original_prcp_hindcast,1996,6,4392-5136,29.5,-3.5,False,0,0.0017092350814209567,0.0015869140625,-0.0001223210189209567,0.00012207031252842171,2.5070639253499394e-07,-13,-13
original_prcp_hindcast,1996,6,4392-5136,28.5,-6.5,False,0,0.0014650944564209567,0.0013427734375,-0.0001223210189209567,0.00012207031252842171,2.5070639253499394e-07,-13,-13
original_prcp_hindcast,1996,6,4392-5136,26.5,12.5,False,0,0.0012209538314209567,0.0010986328125,-0.0001223210189209567,0.00012207031252842171,2.5070639253499394e-07,-13,-13
original_prcp_hindcast,1996,6,4392-5136,26.5,14.5,False,0,0.0003664616439209567,0.000244140625,-0.0001223210189209567,0.00012207031252842171,2.5070639253499394e-07,-13,-13
original_prcp_hindcast,1996,6,4392-5136,26.5,22.5,False,0,0.0001223210189209567,0,-0.0001223210189209567,0.00012207031252842171,2.5070639253499394e-07,-13,-13
original_prcp_hindcast,1996,6,4392-5136,25.5,-5.5,False,0,0.0046389225814209567,0.0045166015625,-0.0001223210189209567,0.00012207031252842171,2.5070639253499394e-07,-13,-13
original_prcp_hindcast,1996,6,4392-5136,25.5,21.5,False,0,0.0002443913314209567,0.0001220703125,-0.0001223210189209567,0.00012207031252842171,2.5070639253499394e-07,-13,-13
original_prcp_hindcast,1996,6,4392-5136,25.5,26.5,False,0,0.0008547428939209567,0.000732421875,-0.0001223210189209567,0.00012207031252842171,2.5070639253499394e-07,-13,-13
original_prcp_hindcast,1996,6,4392-5136,24.5,-3.5,False,0,0.0015871647689209567,0.00146484375,-0.0001223210189209567,0.00012207031252842171,2.5070639253499394e-07,-13,-13
original_prcp_hindcast,1996,6,4392-5136,22.5,16.5,False,0,0.0010988835189209567,0.0009765625,-0.0001223210189209567,0.00012207031252842171,2.5070639253499394e-07,-13,-13
original_prcp_hindcast,1996,6,4392-5136,21.5,5.5,False,0,0.0012209538314209567,0.0010986328125,-0.0001223210189209567,0.00012207031252842171,2.5070639253499394e-07,-13,-13
original_prcp_hindcast,1996,6,4392-5136,20.5,9.5,True,1,0.0007326725814209567,0.0006103515625,-0.0001223210189209567,0.00012207031252842171,2.5070639253499394e-07,-13,-13
original_prcp_hindcast,1996,6,4392-5136,19.5,-14.5,True,1,0.0086672428939209567,0.008544921875,-0.0001223210189209567,0.00012207031252842171,2.5070639253499394e-07,-13,-13
original_prcp_hindcast,1996,6,4392-5136,19.5,8.5,False,0,0.012939703831420957,0.0128173828125,-0.0001223210189209567,0.00012207031252842171,2.5070639253499394e-07,-13,-13
original_prcp_hindcast,1996,6,4392-5136,19.5,17.5,False,0,0.0019533757064209567,0.0018310546875,-0.0001223210189209567,0.00012207031252842171,2.5070639253499394e-07,-13,-13
original_prcp_hindcast,1996,6,4392-5136,19.5,19.5,False,0,0.0002443913314209567,0.0001220703125,-0.0001223210189209567,0.00012207031252842171,2.5070639253499394e-07,-13,-13
original_prcp_hindcast,1996,6,4392-5136,19.5,22.5,False,0,0.0004885319564209567,0.0003662109375,-0.0001223210189209567,0.00012207031252842171,2.5070639253499394e-07,-13,-13
original_prcp_hindcast,1996,6,4392-5136,19.5,30.5,True,1,0.0091555241439209567,0.009033203125,-0.0001223210189209567,0.00012207031252842171,2.5070639253499394e-07,-13,-13
original_prcp_hindcast,1996,6,4392-5136,18.5,9.5,False,0,0.0054934147689209567,0.00537109375,-0.0001223210189209567,0.00012207031252842171,2.5070639253499394e-07,-13,-13
original_prcp_hindcast,1996,6,4392-5136,18.5,10.5,False,0,0.0007326725814209567,0.0006103515625,-0.0001223210189209567,0.00012207031252842171,2.5070639253499394e-07,-13,-13
original_prcp_hindcast,1996,6,4392-5136,18.5,19.5,False,0,0.0003664616439209567,0.000244140625,-0.0001223210189209567,0.00012207031252842171,2.5070639253499394e-07,-13,-13
original_prcp_hindcast,1996,6,4392-5136,18.5,28.5,False,0,0.0041506413314209567,0.0040283203125,-0.0001223210189209567,0.00012207031252842171,2.5070639253499394e-07,-13,-13
original_prcp_hindcast,1996,6,4392-5136,18.5,31.5,True,1,0.013427985081420957,0.0133056640625,-0.0001223210189209567,0.00012207031252842171,2.5070639253499394e-07,-13,-13
original_prcp_hindcast,1996,6,4392-5136,17.5,-18.5,False,0,0.0039065007064209567,0.0037841796875,-0.0001223210189209567,0.00012207031252842171,2.5070639253499394e-07,-13,-13
original_prcp_hindcast,1996,6,4392-5136,17.5,14.5,False,0,0.0031740788314209567,0.0030517578125,-0.0001223210189209567,0.00012207031252842171,2.5070639253499394e-07,-13,-13
original_prcp_hindcast,1996,6,4392-5136,17.5,15.5,False,0,0.0021975163314209567,0.0020751953125,-0.0001223210189209567,0.00012207031252842171,2.5070639253499394e-07,-13,-13
original_prcp_hindcast,1996,6,4392-5136,15.5,23.5,True,4,0.034302008518920957,0.0341796875,-0.0001223210189209567,0.00012207031252842171,2.5070639253499394e-07,-13,-13
original_prcp_hindcast,1996,6,4392-5136,-21.5,122.5,False,0,0.0072023991439209567,0.007080078125,-0.0001223210189209567,0.00012207031252842171,2.5070639253499394e-07,-13,-13
original_prcp_hindcast,1996,6,4392-5136,-22.5,127.5,False,0,0.0029299382064209567,0.0028076171875,-0.0001223210189209567,0.00012207031252842171,2.5070639253499394e-07,-13,-13
original_prcp_hindcast,1996,6,4392-5136,-23.5,125.5,False,0,0.025757086643920957,0.025634765625,-0.0001223210189209567,0.00012207031252842171,2.5070639253499394e-07,-13,-13
original_prcp_hindcast,1996,6,4392-5136,-26.5,117.5,False,0,0.036987555393920957,0.036865234375,-0.0001223210189209567,0.00012207031252842171,2.5070639253499394e-07,-13,-13
original_prcp_hindcast,1996,7,3672-4392,31.5,38.5,False,0,0.003662109375,0.0035400390625,-0.0001220703125,9.1552734375e-05,3.0517578125e-05,-14,-13
original_prcp_hindcast,1996,7,3672-4392,28.5,6.5,False,0,0.0421142578125,0.0419921875,-0.0001220703125,9.1552734375e-05,3.0517578125e-05,-14,-13
original_prcp_hindcast,1996,7,3672-4392,24.5,-10.5,False,0,0.0030517578125,0.0029296875,-0.0001220703125,9.1552734375e-05,3.0517578125e-05,-14,-13
original_prcp_hindcast,1996,7,3672-4392,24.5,-2.5,False,0,0.0035400390625,0.00341796875,-0.0001220703125,9.1552734375e-05,3.0517578125e-05,-14,-13
original_prcp_hindcast,1996,7,3672-4392,23.5,5.5,False,0,0.0689697265625,0.06884765625,-0.0001220703125,9.1552734375e-05,3.0517578125e-05,-14,-13
original_prcp_hindcast,1996,8,4392-5136,25.5,72.5,False,0,0.36854430889434298,0.368408203125,-0.00013610576934297569,0.00012207031295474735,1.403545638822834e-05,-13,-13
original_prcp_hindcast,1996,8,4392-5136,24.5,18.5,False,0,0.0011126682693429757,0.0009765625,-0.00013610576934297569,0.00012207031295474735,1.403545638822834e-05,-13,-13
original_prcp_hindcast,1996,8,4392-5136,24.5,21.5,False,0,0.00025817608184297569,0.0001220703125,-0.00013610576934297569,0.00012207031295474735,1.403545638822834e-05,-13,-13
original_prcp_hindcast,1996,8,4392-5136,21.5,12.5,False,0,0.00086852764434297569,0.000732421875,-0.00013610576934297569,0.00012207031295474735,1.403545638822834e-05,-13,-13
original_prcp_hindcast,1996,8,4392-5136,21.5,19.5,False,0,0.0045306370193429757,0.00439453125,-0.00013610576934297569,0.00012207031295474735,1.403545638822834e-05,-13,-13
original_prcp_hindcast,1996,8,4392-5136,21.5,24.5,False,0,0.00050231670684297569,0.0003662109375,-0.00013610576934297569,0.00012207031295474735,1.403545638822834e-05,-13,-13
original_prcp_hindcast,1996,8,4392-5136,19.5,15.5,False,0,0.0041644260818429757,0.0040283203125,-0.00013610576934297569,0.00012207031295474735,1.403545638822834e-05,-13,-13
original_prcp_hindcast,1996,8,4392-5136,18.5,11.5,False,0,0.00074645733184297569,0.0006103515625,-0.00013610576934297569,0.00012207031295474735,1.403545638822834e-05,-13,-13
original_prcp_hindcast,1996,8,4392-5136,18.5,27.5,False,0,0.00013610576934297569,0,-0.00013610576934297569,0.00012207031295474735,1.403545638822834e-05,-13,-13
original_prcp_hindcast,1996,8,4392-5136,17.5,23.5,False,0,0.0056292698318429757,0.0054931640625,-0.00013610576934297569,0.00012207031295474735,1.403545638822834e-05,-13,-13
original_prcp_hindcast,1996,8,4392-5136,14.5,29.5,False,0,0.083388058894342976,0.083251953125,-0.00013610576934297569,0.00012207031295474735,1.403545638822834e-05,-13,-13
original_prcp_hindcast,1996,11,3672-4392,37.5,61.5,False,0,0.03759765625,0.0374755859375,-0.0001220703125,9.1552734375e-05,3.0517578125e-05,-14,-13
original_prcp_hindcast,1996,11,3672-4392,35.5,60.5,False,0,0.127197265625,0.1270751953125,-0.0001220703125,9.1552734375e-05,3.0517578125e-05,-14,-13
original_prcp_hindcast,1996,11,3672-4392,31.5,42.5,False,0,0.0029296875,0.0028076171875,-0.0001220703125,9.1552734375e-05,3.0517578125e-05,-14,-13
original_prcp_hindcast,1996,11,3672-4392,27.5,14.5,False,0,0.0018310546875,0.001708984375,-0.0001220703125,9.1552734375e-05,3.0517578125e-05,-14,-13
original_prcp_hindcast,1996,11,3672-4392,27.5,39.5,False,0,0.0013427734375,0.001220703125,-0.0001220703125,9.1552734375e-05,3.0517578125e-05,-14,-13
original_prcp_hindcast,1996,11,3672-4392,27.5,45.5,False,0,0.003173828125,0.0030517578125,-0.0001220703125,9.1552734375e-05,3.0517578125e-05,-14,-13
original_prcp_hindcast,1996,11,3672-4392,24.5,14.5,False,0,0.001708984375,0.0015869140625,-0.0001220703125,9.1552734375e-05,3.0517578125e-05,-14,-13
original_prcp_hindcast,1996,11,3672-4392,24.5,15.5,False,0,0.00146484375,0.0013427734375,-0.0001220703125,9.1552734375e-05,3.0517578125e-05,-14,-13
original_prcp_hindcast,1996,11,3672-4392,22.5,14.5,False,0,0.001220703125,0.0010986328125,-0.0001220703125,9.1552734375e-05,3.0517578125e-05,-14,-13
original_prcp_hindcast,1996,11,3672-4392,22.5,45.5,False,0,0.0054931640625,0.00537109375,-0.0001220703125,9.1552734375e-05,3.0517578125e-05,-14,-13
original_prcp_hindcast,1996,11,3672-4392,21.5,35.5,True,1,0.011474609375,0.0113525390625,-0.0001220703125,9.1552734375e-05,3.0517578125e-05,-14,-13
original_prcp_hindcast,1996,11,3672-4392,-24.5,121.5,False,0,0.039794921875,0.0396728515625,-0.0001220703125,9.1552734375e-05,3.0517578125e-05,-14,-13
original_prcp_hindcast,1996,11,3672-4392,-26.5,123.5,False,0,0.0416259765625,0.04150390625,-0.0001220703125,9.1552734375e-05,3.0517578125e-05,-14,-13
original_prcp_hindcast,1996,12,3672-4392,33.5,58.5,False,0,0.040771484375,0.0406494140625,-0.0001220703125,9.1552734375e-05,3.0517578125e-05,-14,-13
original_prcp_hindcast,1996,12,3672-4392,27.5,32.5,False,0,0.000244140625,0.0001220703125,-0.0001220703125,9.1552734375e-05,3.0517578125e-05,-14,-13
original_prcp_hindcast,1996,12,3672-4392,25.5,40.5,False,0,0.0052490234375,0.005126953125,-0.0001220703125,9.1552734375e-05,3.0517578125e-05,-14,-13
original_prcp_hindcast,1996,12,3672-4392,22.5,-1.5,False,0,0.0047607421875,0.004638671875,-0.0001220703125,9.1552734375e-05,3.0517578125e-05,-14,-13
original_prcp_hindcast,1996,13,3672-4392,33.5,57.5,False,0,0.0264892578125,0.0263671875,-0.0001220703125,9.1552734375e-05,3.0517578125e-05,-14,-13
original_prcp_hindcast,1996,13,3672-4392,29.5,8.5,False,0,0.005859375,0.0057373046875,-0.0001220703125,9.1552734375e-05,3.0517578125e-05,-14,-13
original_prcp_hindcast,1996,13,3672-4392,29.5,47.5,False,0,0.0369873046875,0.036865234375,-0.0001220703125,9.1552734375e-05,3.0517578125e-05,-14,-13
original_prcp_hindcast,1996,13,3672-4392,21.5,33.5,False,0,0.00048828125,0.0003662109375,-0.0001220703125,9.1552734375e-05,3.0517578125e-05,-14,-13
original_prcp_hindcast,1996,13,3672-4392,-20.5,120.5,False,0,0.0111083984375,0.010986328125,-0.0001220703125,9.1552734375e-05,3.0517578125e-05,-14,-13
original_prcp_hindcast,1996,13,3672-4392,-21.5,123.5,False,0,0.0247802734375,0.024658203125,-0.0001220703125,9.1552734375e-05,3.0517578125e-05,-14,-13
original_prcp_hindcast,1996,19,3672-4392,33.5,41.5,False,0,0.014404296875,0.0142822265625,-0.0001220703125,9.1552734375e-05,3.0517578125e-05,-14,-13
original_prcp_hindcast,1996,19,3672-4392,33.5,48.5,False,0,0.1246337890625,0.12451171875,-0.0001220703125,9.1552734375e-05,3.0517578125e-05,-14,-13
original_prcp_hindcast,1996,19,3672-4392,29.5,23.5,False,0,0.000244140625,0.0001220703125,-0.0001220703125,9.1552734375e-05,3.0517578125e-05,-14,-13
original_prcp_hindcast,1996,19,3672-4392,24.5,29.5,False,0,0.000244140625,0.0001220703125,-0.0001220703125,9.1552734375e-05,3.0517578125e-05,-14,-13
original_prcp_hindcast,1996,19,3672-4392,23.5,35.5,False,0,0.00048828125,0.0003662109375,-0.0001220703125,9.1552734375e-05,3.0517578125e-05,-14,-13
original_prcp_hindcast,1996,19,3672-4392,-23.5,121.5,False,0,0.006103515625,0.0059814453125,-0.0001220703125,9.1552734375e-05,3.0517578125e-05,-14,-13
original_prcp_hindcast,1996,23,3672-4392,34.5,47.5,False,0,0.173095703125,0.17297387002787445,-0.00012183309712554546,9.1552734403421709e-05,3.0280362722123755e-05,-14,-13
original_prcp_hindcast,1996,23,3672-4392,31.5,43.5,False,0,0.061767578125,0.061645745027874455,-0.00012183309712554546,9.1552734403421709e-05,3.0280362722123755e-05,-14,-13
original_prcp_hindcast,1996,23,3672-4392,31.5,49.5,False,0,0.1407470703125,0.14062523721537445,-0.00012183309712554546,9.1552734403421709e-05,3.0280362722123755e-05,-14,-13
original_prcp_hindcast,1996,23,3672-4392,29.5,58.5,False,0,0.0269775390625,0.026855705965374455,-0.00012183309712554546,9.1552734403421709e-05,3.0280362722123755e-05,-14,-13
original_prcp_hindcast,1996,23,3672-4392,28.5,23.5,False,0,0.000244140625,0.00012230752787445454,-0.00012183309712554546,9.1552734403421709e-05,3.0280362722123755e-05,-14,-13
original_prcp_hindcast,1996,23,3672-4392,28.5,25.5,False,0,0.000244140625,0.00012230752787445454,-0.00012183309712554546,9.1552734403421709e-05,3.0280362722123755e-05,-14,-13
original_prcp_hindcast,1996,23,3672-4392,23.5,24.5,False,0,0.0001220703125,2.3721537445453578e-07,-0.00012183309712554546,9.1552734403421709e-05,3.0280362722123755e-05,-14,-13
original_prcp_hindcast,1996,23,3672-4392,21.5,50.5,False,0,0.0494384765625,0.049316643465374455,-0.00012183309712554546,9.1552734403421709e-05,3.0280362722123755e-05,-14,-13
original_prcp_hindcast,1997,1,3672-4392,33.5,46.5,False,0,0.22645929927239195,0.22632044589408906,-0.00013885337830288336,0.00012207032023070497,1.6783058072178392e-05,-13,-13
original_prcp_hindcast,1997,1,3672-4392,32.5,37.5,False,0,0.033099924272391945,0.032961070894089062,-0.00013885337830288336,0.00012207032023070497,1.6783058072178392e-05,-13,-13
original_prcp_hindcast,1997,1,3672-4392,31.5,38.5,False,0,0.016132150834891945,0.015993297456589062,-0.00013885337830288336,0.00012207032023070497,1.6783058072178392e-05,-13,-13
original_prcp_hindcast,1997,1,3672-4392,31.5,46.5,False,0,0.069354807084891945,0.069215953706589062,-0.00013885337830288336,0.00012207032023070497,1.6783058072178392e-05,-13,-13
original_prcp_hindcast,1997,1,3672-4392,29.5,49.5,False,0,0.079730783647391945,0.079591930269089062,-0.00013885337830288336,0.00012207032023070497,1.6783058072178392e-05,-13,-13
original_prcp_hindcast,1997,1,3672-4392,29.5,59.5,False,0,0.038348947709891945,0.038210094331589062,-0.00013885337830288336,0.00012207032023070497,1.6783058072178392e-05,-13,-13
original_prcp_hindcast,1997,1,3672-4392,29.5,63.5,False,0,0.024555002397391945,0.024416149019089062,-0.00013885337830288336,0.00012207032023070497,1.6783058072178392e-05,-13,-13
original_prcp_hindcast,1997,1,3672-4392,26.5,32.5,False,0,0.0024602758348919451,0.0023214224565890618,-0.00013885337830288336,0.00012207032023070497,1.6783058072178392e-05,-13,-13
original_prcp_hindcast,1997,1,3672-4392,25.5,25.5,False,0,0.0039251195848919451,0.0037862662065890618,-0.00013885337830288336,0.00012207032023070497,1.6783058072178392e-05,-13,-13
original_prcp_hindcast,1997,1,3672-4392,24.5,24.5,False,0,0.0030706273973919451,0.0029317740190890618,-0.00013885337830288336,0.00012207032023070497,1.6783058072178392e-05,-13,-13
original_prcp_hindcast,1997,1,3672-4392,23.5,16.5,False,0,0.0086858617723919451,0.0085470083940890618,-0.00013885337830288336,0.00012207032023070497,1.6783058072178392e-05,-13,-13
original_prcp_hindcast,1997,1,3672-4392,22.5,17.5,False,0,0.012714182084891945,0.012575328706589062,-0.00013885337830288336,0.00012207032023070497,1.6783058072178392e-05,-13,-13
original_prcp_hindcast,1997,1,3672-4392,22.5,36.5,False,0,0.0042913305223919451,0.0041524771440890618,-0.00013885337830288336,0.00012207032023070497,1.6783058072178392e-05,-13,-13
original_prcp_hindcast,1997,1,3672-4392,-16.5,125.5,False,0,0.021869455522391945,0.021730602144089062,-0.00013885337830288336,0.00012207032023070497,1.6783058072178392e-05,-13,-13
original_prcp_hindcast,1997,1,3672-4392,-20.5,127.5,False,0,0.019305978959891945,0.019167125581589062,-0.00013885337830288336,0.00012207032023070497,1.6783058072178392e-05,-13,-13
original_prcp_hindcast,1997,1,3672-4392,-24.5,-69.5,False,0,0.013934885209891945,0.013796031831589062,-0.00013885337830288336,0.00012207032023070497,1.6783058072178392e-05,-13,-13
original_prcp_hindcast,1997,1,3672-4392,-24.5,126.5,False,0,0.018939768022391945,0.018800914644089062,-0.00013885337830288336,0.00012207032023070497,1.6783058072178392e-05,-13,-13
original_prcp_hindcast,1997,5,3672-4392,36.5,68.5,True,11,0.11549583393207286,0.11536324511234852,-0.00013258881972433301,0.00012207032023070497,1.0518499493628042e-05,-13,-13
original_prcp_hindcast,1997,5,3672-4392,34.5,54.5,False,0,0.042131576119572856,0.041998987299848523,-0.00013258881972433301,0.00012207032023070497,1.0518499493628042e-05,-13,-13
original_prcp_hindcast,1997,5,3672-4392,32.5,42.5,False,0,0.0022145839320728555,0.0020819951123485225,-0.00013258881972433301,0.00012207032023070497,1.0518499493628042e-05,-13,-13
original_prcp_hindcast,1997,5,3672-4392,30.5,38.5,False,0,0.0024587245570728555,0.0023261357373485225,-0.00013258881972433301,0.00012207032023070497,1.0518499493628042e-05,-13,-13
original_prcp_hindcast,1997,5,3672-4392,30.5,39.5,False,0,0.0022145839320728555,0.0020819951123485225,-0.00013258881972433301,0.00012207032023070497,1.0518499493628042e-05,-13,-13
original_prcp_hindcast,1997,5,3672-4392,30.5,64.5,False,0,0.0029470058070728555,0.0028144169873485225,-0.00013258881972433301,0.00012207032023070497,1.0518499493628042e-05,-13,-13
original_prcp_hindcast,1997,5,3672-4392,29.5,41.5,False,0,0.0023366542445728555,0.0022040654248485225,-0.00013258881972433301,0.00012207032023070497,1.0518499493628042e-05,-13,-13
original_prcp_hindcast,1997,5,3672-4392,29.5,61.5,False,0,0.0034352870570728555,0.0033026982373485225,-0.00013258881972433301,0.00012207032023070497,1.0518499493628042e-05,-13,-13
original_prcp_hindcast,1997,5,3672-4392,28.5,63.5,True,2,0.00050559955707285553,0.00037301073734852253,-0.00013258881972433301,0.00012207032023070497,1.0518499493628042e-05,-13,-13
original_prcp_hindcast,1997,5,3672-4392,26.5,29.5,False,0,0.00074974018207285553,0.00061715136234852253,-0.00013258881972433301,0.00012207032023070497,1.0518499493628042e-05,-13,-13
original_prcp_hindcast,1997,5,3672-4392,26.5,38.5,False,0,0.014055404244572856,0.013922815424848523,-0.00013258881972433301,0.00012207032023070497,1.0518499493628042e-05,-13,-13
original_prcp_hindcast,1997,5,3672-4392,25.5,35.5,False,0,0.00013938861957285553,6.7997998485225253e-06,-0.00013258881972433301,0.00012207032023070497,1.0518499493628042e-05,-13,-13
original_prcp_hindcast,1997,5,3672-4392,24.5,15.5,False,0,0.0023366542445728555,0.0022040654248485225,-0.00013258881972433301,0.00012207032023070497,1.0518499493628042e-05,-13,-13
original_prcp_hindcast,1997,5,3672-4392,23.5,1.5,False,0,0.0056325526820728555,0.0054999638623485225,-0.00013258881972433301,0.00012207032023070497,1.0518499493628042e-05,-13,-13
original_prcp_hindcast,1997,5,3672-4392,23.5,11.5,False,0,0.0023366542445728555,0.0022040654248485225,-0.00013258881972433301,0.00012207032023070497,1.0518499493628042e-05,-13,-13
original_prcp_hindcast,1997,5,3672-4392,22.5,20.5,False,0,0.0017263026820728555,0.0015937138623485225,-0.00013258881972433301,0.00012207032023070497,1.0518499493628042e-05,-13,-13
original_prcp_hindcast,1997,5,3672-4392,21.5,38.5,False,0,0.023943099557072856,0.023810510737348523,-0.00013258881972433301,0.00012207032023070497,1.0518499493628042e-05,-13,-13
original_prcp_hindcast,1997,5,3672-4392,21.5,42.5,False,0,0.019792708932072856,0.019660120112348523,-0.00013258881972433301,0.00012207032023070497,1.0518499493628042e-05,-13,-13
original_prcp_hindcast,1997,11,4392-5136,24.5,22.5,False,0,0.0017430513835279271,0.0015968102234182879,-0.00014624116010963917,0.00012207032705191523,2.4170833057723939e-05,-13,-13
original_prcp_hindcast,1997,11,4392-5136,24.5,28.5,False,0,0.0010106295085279271,0.00086438834841828793,-0.00014624116010963917,0.00012207032705191523,2.4170833057723939e-05,-13,-13
original_prcp_hindcast,1997,11,4392-5136,15.5,27.5,False,0,0.064853402946027927,0.064707161785918288,-0.00014624116010963917,0.00012207032705191523,2.4170833057723939e-05,-13,-13
original_prcp_hindcast,1997,14,3672-4392,30.5,22.5,False,0,0.00341796875,0.0032958984375,-0.0001220703125,9.1552734375e-05,3.0517578125e-05,-14,-13
original_prcp_hindcast,1997,14,3672-4392,28.5,61.5,False,0,0.0062255859375,0.006103515625,-0.0001220703125,9.1552734375e-05,3.0517578125e-05,-14,-13
original_prcp_hindcast,1997,14,3672-4392,26.5,14.5,False,0,0.000732421875,0.0006103515625,-0.0001220703125,9.1552734375e-05,3.0517578125e-05,-14,-13
original_prcp_hindcast,1997,14,3672-4392,24.5,11.5,False,0,0.0006103515625,0.00048828125,-0.0001220703125,9.1552734375e-05,3.0517578125e-05,-14,-13
original_prcp_hindcast,1997,14,3672-4392,23.5,-0.5,False,0,0.0064697265625,0.00634765625,-0.0001220703125,9.1552734375e-05,3.0517578125e-05,-14,-13
original_prcp_hindcast,1997,14,3672-4392,23.5,42.5,False,0,0.02685546875,0.0267333984375,-0.0001220703125,9.1552734375e-05,3.0517578125e-05,-14,-13
original_prcp_hindcast,1997,14,3672-4392,-7.5,-42.5,False,0,0.0946044921875,0.094482421875,-0.0001220703125,9.1552734375e-05,3.0517578125e-05,-14,-13
original_prcp_hindcast,1997,14,3672-4392,-19.5,25.5,False,0,0.1256103515625,0.12548828125,-0.0001220703125,9.1552734375e-05,3.0517578125e-05,-14,-13
original_prcp_hindcast,1997,15,4392-5136,30.5,2.5,False,0,0.0037901022369624116,0.0036673459617304616,-0.00012275627523194999,0.0001220703134094947,6.8596182245528325e-07,-13,-13
original_prcp_hindcast,1997,15,4392-5136,28.5,29.5,False,0,0.0039121725494624116,0.0037894162742304616,-0.00012275627523194999,0.0001220703134094947,6.8596182245528325e-07,-13,-13
original_prcp_hindcast,1997,15,4392-5136,27.5,9.5,False,0,0.017461977236962412,0.017339220961730462,-0.00012275627523194999,0.0001220703134094947,6.8596182245528325e-07,-13,-13
original_prcp_hindcast,1997,15,4392-5136,25.5,0.5,False,0,0.0044004537994624116,0.0042776975242304616,-0.00012275627523194999,0.0001220703134094947,6.8596182245528325e-07,-13,-13
original_prcp_hindcast,1997,15,4392-5136,23.5,33.5,False,0,0.00086041473696241155,0.00073765846173046157,-0.00012275627523194999,0.0001220703134094947,6.8596182245528325e-07,-13,-13
original_prcp_hindcast,1997,15,4392-5136,22.5,4.5,False,0,0.022466860049462412,0.022344103774230462,-0.00012275627523194999,0.0001220703134094947,6.8596182245528325e-07,-13,-13
original_prcp_hindcast,1997,15,4392-5136,22.5,26.5,False,0,0.00061627411196241155,0.00049351783673046157,-0.00012275627523194999,0.0001220703134094947,6.8596182245528325e-07,-13,-13
original_prcp_hindcast,1997,15,4392-5136,21.5,2.5,False,0,0.017828188174462412,0.017705431899230462,-0.00012275627523194999,0.0001220703134094947,6.8596182245528325e-07,-13,-13
original_prcp_hindcast,1997,15,4392-5136,21.5,5.5,False,0,0.0063535787994624116,0.0062308225242304616,-0.00012275627523194999,0.0001220703134094947,6.8596182245528325e-07,-13,-13
original_prcp_hindcast,1997,15,4392-5136,21.5,48.5,False,0,0.00012799286196241155,5.2365867304615676e-06,-0.00012275627523194999,0.0001220703134094947,6.8596182245528325e-07,-13,-13
original_prcp_hindcast,1997,15,4392-5136,20.5,-5.5,False,0,0.027837953799462412,0.027715197524230462,-0.00012275627523194999,0.0001220703134094947,6.8596182245528325e-07,-13,-13
original_prcp_hindcast,1997,15,4392-5136,20.5,-3.5,False,0,0.023809633486962412,0.023686877211730462,-0.00012275627523194999,0.0001220703134094947,6.8596182245528325e-07,-13,-13
original_prcp_hindcast,1997,15,4392-5136,20.5,-1.5,False,0,0.024175844424462412,0.024053088149230462,-0.00012275627523194999,0.0001220703134094947,6.8596182245528325e-07,-13,-13
original_prcp_hindcast,1997,15,4392-5136,20.5,5.5,False,0,0.010503969424462412,0.010381213149230462,-0.00012275627523194999,0.0001220703134094947,6.8596182245528325e-07,-13,-13
original_prcp_hindcast,1997,15,4392-5136,19.5,-0.5,False,0,0.033453188174462412,0.033330431899230462,-0.00012275627523194999,0.0001220703134094947,6.8596182245528325e-07,-13,-13
original_prcp_hindcast,1997,15,4392-5136,19.5,14.5,False,0,0.013067445986962412,0.012944689711730462,-0.00012275627523194999,0.0001220703134094947,6.8596182245528325e-07,-13,-13
original_prcp_hindcast,1997,15,4392-5136,19.5,19.5,False,0,0.0029356100494624116,0.0028128537742304616,-0.00012275627523194999,0.0001220703134094947,6.8596182245528325e-07,-13,-13
original_prcp_hindcast,1997,15,4392-5136,18.5,-2.5,False,0,0.069219789736962412,0.069097033461730462,-0.00012275627523194999,0.0001220703134094947,6.8596182245528325e-07,-13,-13
original_prcp_hindcast,1997,15,4392-5136,18.5,24.5,False,0,0.0034238912994624116,0.0033011350242304616,-0.00012275627523194999,0.0001220703134094947,6.8596182245528325e-07,-13,-13
original_prcp_hindcast,1997,15,4392-5136,18.5,26.5,False,0,0.0045225241119624116,0.0043997678367304616,-0.00012275627523194999,0.0001220703134094947,6.8596182245528325e-07,-13,-13
original_prcp_hindcast,1997,15,4392-5136,18.5,28.5,False,0,0.010015688174462412,0.0098929318992304616,-0.00012275627523194999,0.0001220703134094947,6.8596182245528325e-07,-13,-13
original_prcp_hindcast,1997,15,4392-5136,18.5,48.5,False,0,0.0040342428619624116,0.0039114865867304616,-0.00012275627523194999,0.0001220703134094947,6.8596182245528325e-07,-13,-13
original_prcp_hindcast,1997,15,4392-5136,17.5,-0.5,True,1,0.10767193817446241,0.10754918189923046,-0.00012275627523194999,0.0001220703134094947,6.8596182245528325e-07,-13,-13
original_prcp_hindcast,1997,15,4392-5136,17.5,7.5,False,0,0.066412172549462412,0.066289416274230462,-0.00012275627523194999,0.0001220703134094947,6.8596182245528325e-07,-13,-13
original_prcp_hindcast,1997,15,4392-5136,17.5,11.5,False,0,0.0091611959869624116,0.0090384397117304616,-0.00012275627523194999,0.0001220703134094947,6.8596182245528325e-07,-13,-13
original_prcp_hindcast,1997,15,4392-5136,17.5,20.5,False,0,0.037847719424462412,0.037724963149230462,-0.00012275627523194999,0.0001220703134094947,6.8596182245528325e-07,-13,-13
original_prcp_hindcast,1997,15,4392-5136,16.5,49.5,True,7,0.047125063174462412,0.047002306899230462,-0.00012275627523194999,0.0001220703134094947,6.8596182245528325e-07,-13,-13
original_prcp_hindcast,1997,15,4392-5136,15.5,8.5,True,1,0.085943422549462412,0.085820666274230462,-0.00012275627523194999,0.0001220703134094947,6.8596182245528325e-07,-13,-13
original_prcp_hindcast,1997,15,4392-5136,15.5,11.5,False,0,0.033086977236962412,0.032964220961730462,-0.00012275627523194999,0.0001220703134094947,6.8596182245528325e-07,-13,-13
original_prcp_hindcast,1997,15,4392-5136,15.5,23.5,True,4,0.12134381317446241,0.12122105689923046,-0.00012275627523194999,0.0001220703134094947,6.8596182245528325e-07,-13,-13
original_prcp_hindcast,1997,15,4392-5136,15.5,28.5,True,1,0.073736391299462412,0.073613635024230462,-0.00012275627523194999,0.0001220703134094947,6.8596182245528325e-07,-13,-13
original_prcp_hindcast,1997,15,4392-5136,14.5,8.5,False,0,0.18176861786196241,0.18164586158673046,-0.00012275627523194999,0.0001220703134094947,6.8596182245528325e-07,-13,-13
original_prcp_hindcast,1997,15,4392-5136,14.5,20.5,True,1,0.38489361786196241,0.38477086158673046,-0.00012275627523194999,0.0001220703134094947,6.8596182245528325e-07,-13,-13
original_prcp_hindcast,1997,15,4392-5136,-19.5,117.5,False,0,0.14795514129946241,0.14783238502423046,-0.00012275627523194999,0.0001220703134094947,6.8596182245528325e-07,-13,-13
original_prcp_hindcast,1997,15,4392-5136,-20.5,120.5,False,0,0.074224672549462412,0.074101916274230462,-0.00012275627523194999,0.0001220703134094947,6.8596182245528325e-07,-13,-13
original_prcp_hindcast,1997,15,4392-5136,-21.5,127.5,False,0,0.14441510223696241,0.14429234596173046,-0.00012275627523194999,0.0001220703134094947,6.8596182245528325e-07,-13,-13
original_prcp_hindcast,1997,16,3672-4392,29.5,51.5,False,0,0.031982421875,0.0318603515625,-0.0001220703125,9.1552734375e-05,3.0517578125e-05,-14,-13
original_prcp_hindcast,1997,16,3672-4392,29.5,63.5,False,0,0.004638671875,0.0045166015625,-0.0001220703125,9.1552734375e-05,3.0517578125e-05,-14,-13
original_prcp_hindcast,1997,16,3672-4392,20.5,33.5,True,1,0.0029296875,0.0028076171875,-0.0001220703125,9.1552734375e-05,3.0517578125e-05,-14,-13
original_prcp_hindcast,1997,20,3672-4392,39.5,84.5,False,0,0.023155363771365955,0.02302533554029651,-0.00013002823106944561,0.00012207032705191523,7.9579040175303817e-06,-13,-13
original_prcp_hindcast,1997,20,3672-4392,39.5,86.5,False,0,0.030845793458865955,0.03071576522779651,-0.00013002823106944561,0.00012207032705191523,7.9579040175303817e-06,-13,-13
original_prcp_hindcast,1997,20,3672-4392,37.5,65.5,False,0,0.11190048095886596,0.11177045272779651,-0.00013002823106944561,0.00012207032705191523,7.9579040175303817e-06,-13,-13
original_prcp_hindcast,1997,20,3672-4392,34.5,59.5,False,0,0.059410246583865955,0.05928021835279651,-0.00013002823106944561,0.00012207032705191523,7.9579040175303817e-06,-13,-13
original_prcp_hindcast,1997,20,3672-4392,33.5,57.5,False,0,0.026573332521365955,0.02644330429029651,-0.00013002823106944561,0.00012207032705191523,7.9579040175303817e-06,-13,-13
original_prcp_hindcast,1997,20,3672-4392,32.5,45.5,False,0,0.019981535646365955,0.01985150741529651,-0.00013002823106944561,0.00012207032705191523,7.9579040175303817e-06,-13,-13
original_prcp_hindcast,1997,20,3672-4392,31.5,39.5,False,0,0.014732512208865955,0.01460248397779651,-0.00013002823106944561,0.00012207032705191523,7.9579040175303817e-06,-13,-13
original_prcp_hindcast,1997,20,3672-4392,31.5,42.5,False,0,0.011924895021365955,0.01179486679029651,-0.00013002823106944561,0.00012207032705191523,7.9579040175303817e-06,-13,-13
original_prcp_hindcast,1997,20,3672-4392,30.5,39.5,False,0,0.0077745043963659555,0.0076444761652965099,-0.00013002823106944561,0.00012207032705191523,7.9579040175303817e-06,-13,-13
original_prcp_hindcast,1997,20,3672-4392,30.5,40.5,False,0,0.0070420825213659555,0.0069120542902965099,-0.00013002823106944561,0.00012207032705191523,7.9579040175303817e-06,-13,-13
original_prcp_hindcast,1997,20,3672-4392,30.5,47.5,False,0,0.019004973146365955,0.01887494491529651,-0.00013002823106944561,0.00012207032705191523,7.9579040175303817e-06,-13,-13
original_prcp_hindcast,1997,20,3672-4392,29.5,45.5,False,0,0.016929777833865955,0.01679974960279651,-0.00013002823106944561,0.00012207032705191523,7.9579040175303817e-06,-13,-13
original_prcp_hindcast,1997,20,3672-4392,29.5,47.5,False,0,0.022422941896365955,0.02229291366529651,-0.00013002823106944561,0.00012207032705191523,7.9579040175303817e-06,-13,-13
original_prcp_hindcast,1997,20,3672-4392,29.5,48.5,False,0,0.011680754396365955,0.01155072616529651,-0.00013002823106944561,0.00012207032705191523,7.9579040175303817e-06,-13,-13
original_prcp_hindcast,1997,20,3672-4392,28.5,36.5,False,0,0.0022813403338659555,0.0021513121027965099,-0.00013002823106944561,0.00012207032705191523,7.9579040175303817e-06,-13,-13
original_prcp_hindcast,1997,20,3672-4392,25.5,38.5,False,0,0.0031358325213659555,0.0030058042902965099,-0.00013002823106944561,0.00012207032705191523,7.9579040175303817e-06,-13,-13
original_prcp_hindcast,1997,20,3672-4392,24.5,29.5,False,0,0.0093614184588659555,0.0092313902277965099,-0.00013002823106944561,0.00012207032705191523,7.9579040175303817e-06,-13,-13
original_prcp_hindcast,1997,20,3672-4392,24.5,52.5,False,0,0.00093856689636595547,0.00080853866529650986,-0.00013002823106944561,0.00012207032705191523,7.9579040175303817e-06,-13,-13
original_prcp_hindcast,1997,20,3672-4392,23.5,14.5,False,0,0.0092393481463659555,0.0091093199152965099,-0.00013002823106944561,0.00012207032705191523,7.9579040175303817e-06,-13,-13
original_prcp_hindcast,1997,20,3672-4392,22.5,20.5,False,0,0.029503020021365955,0.02937299179029651,-0.00013002823106944561,0.00012207032705191523,7.9579040175303817e-06,-13,-13
original_prcp_hindcast,1997,20,3672-4392,22.5,29.5,False,0,0.0013047778338659555,0.0011747496027965099,-0.00013002823106944561,0.00012207032705191523,7.9579040175303817e-06,-13,-13
original_prcp_hindcast,1997,20,3672-4392,22.5,44.5,False,0,0.012169035646365955,0.01203900741529651,-0.00013002823106944561,0.00012207032705191523,7.9579040175303817e-06,-13,-13
original_prcp_hindcast,1997,20,3672-4392,22.5,46.5,False,0,0.0046006762713659555,0.0044706480402965099,-0.00013002823106944561,0.00012207032705191523,7.9579040175303817e-06,-13,-13
original_prcp_hindcast,1997,20,3672-4392,22.5,48.5,False,0,0.0011827075213659555,0.0010526792902965099,-0.00013002823106944561,0.00012207032705191523,7.9579040175303817e-06,-13,-13
original_prcp_hindcast,1997,20,3672-4392,21.5,12.5,False,0,0.029625090333865955,0.02949506210279651,-0.00013002823106944561,0.00012207032705191523,7.9579040175303817e-06,-13,-13
original_prcp_hindcast,1997,20,3672-4392,21.5,22.5,False,0,0.031578215333865955,0.03144818710279651,-0.00013002823106944561,0.00012207032705191523,7.9579040175303817e-06,-13,-13
original_prcp_hindcast,1997,20,3672-4392,21.5,48.5,False,0,0.0019151293963659555,0.0017851011652965099,-0.00013002823106944561,0.00012207032705191523,7.9579040175303817e-06,-13,-13
original_prcp_hindcast,1997,20,3672-4392,20.5,6.5,False,0,0.023277434083865955,0.02314740585279651,-0.00013002823106944561,0.00012207032705191523,7.9579040175303817e-06,-13,-13
original_prcp_hindcast,1997,20,3672-4392,20.5,11.5,False,0,0.021080168458865955,0.02095014022779651,-0.00013002823106944561,0.00012207032705191523,7.9579040175303817e-06,-13,-13
original_prcp_hindcast,1997,20,3672-4392,20.5,45.5,False,0,0.0031358325213659555,0.0030058042902965099,-0.00013002823106944561,0.00012207032705191523,7.9579040175303817e-06,-13,-13
original_prcp_hindcast,1997,20,3672-4392,19.5,22.5,False,0,0.036949309083865955,0.03681928085279651,-0.00013002823106944561,0.00012207032705191523,7.9579040175303817e-06,-13,-13
original_prcp_hindcast,1997,20,3672-4392,18.5,13.5,False,0,0.013878020021365955,0.01374799179029651,-0.00013002823106944561,0.00012207032705191523,7.9579040175303817e-06,-13,-13
original_prcp_hindcast,1997,20,3672-4392,18.5,14.5,False,0,0.0047227465838659555,0.0045927183527965099,-0.00013002823106944561,0.00012207032705191523,7.9579040175303817e-06,-13,-13
original_prcp_hindcast,1997,20,3672-4392,18.5,23.5,True,1,0.037437590333865955,0.03730756210279651,-0.00013002823106944561,0.00012207032705191523,7.9579040175303817e-06,-13,-13
original_prcp_hindcast,1997,20,3672-4392,17.5,45.5,False,0,0.0028916918963659555,0.0027616636652965099,-0.00013002823106944561,0.00012207032705191523,7.9579040175303817e-06,-13,-13
original_prcp_hindcast,1997,20,3672-4392,-15.5,27.5,True,4,0.082237395021365955,0.08210736679029651,-0.00013002823106944561,0.00012207032705191523,7.9579040175303817e-06,-13,-13
original_prcp_hindcast,1997,20,3672-4392,-19.5,116.5,False,0,0.073082121583865955,0.07295209335279651,-0.00013002823106944561,0.00012207032705191523,7.9579040175303817e-06,-13,-13
original_prcp_hindcast,1997,20,3672-4392,-19.5,117.5,False,0,0.084556730958865955,0.08442670272779651,-0.00013002823106944561,0.00012207032705191523,7.9579040175303817e-06,-13,-13
original_prcp_hindcast,1997,20,3672-4392,-19.5,125.5,False,0,0.050499113771365955,0.05036908554029651,-0.00013002823106944561,0.00012207032705191523,7.9579040175303817e-06,-13,-13
original_prcp_hindcast,1997,20,3672-4392,-19.5,127.5,False,0,0.049156340333865955,0.04902631210279651,-0.00013002823106944561,0.00012207032705191523,7.9579040175303817e-06,-13,-13
original_prcp_hindcast,1997,20,3672-4392,-23.5,118.5,False,0,0.062217863771365955,0.06208783554029651,-0.00013002823106944561,0.00012207032705191523,7.9579040175303817e-06,-13,-13
original_prcp_hindcast,1997,20,3672-4392,-23.5,122.5,False,0,0.024742277833865955,0.02461224960279651,-0.00013002823106944561,0.00012207032705191523,7.9579040175303817e-06,-13,-13
original_prcp_hindcast,1997,20,3672-4392,-23.5,123.5,False,0,0.026573332521365955,0.02644330429029651,-0.00013002823106944561,0.00012207032705191523,7.9579040175303817e-06,-13,-13
original_prcp_hindcast,1997,20,3672-4392,-24.5,123.5,False,0,0.047203215333865955,0.04707318710279651,-0.00013002823106944561,0.00012207032705191523,7.9579040175303817e-06,-13,-13
original_prcp_hindcast,1997,20,3672-4392,-24.5,127.5,False,0,0.096153410646365955,0.09602338241529651,-0.00013002823106944561,0.00012207032705191523,7.9579040175303817e-06,-13,-13
original_prcp_hindcast,1997,20,3672-4392,-25.5,115.5,False,0,0.076622160646365955,0.07649213241529651,-0.00013002823106944561,0.00012207032705191523,7.9579040175303817e-06,-13,-13
original_prcp_hindcast,1997,20,3672-4392,-25.5,116.5,False,0,0.061485441896365955,0.06135541366529651,-0.00013002823106944561,0.00012207032705191523,7.9579040175303817e-06,-13,-13
original_prcp_hindcast,1997,20,3672-4392,-25.5,122.5,False,0,0.064048918458865955,0.06391889022779651,-0.00013002823106944561,0.00012207032705191523,7.9579040175303817e-06,-13,-13
original_prcp_hindcast,1997,20,3672-4392,-25.5,123.5,False,0,0.075645598146365955,0.07551556991529651,-0.00013002823106944561,0.00012207032705191523,7.9579040175303817e-06,-13,-13
original_prcp_hindcast,1997,21,3672-4392,24.5,33.5,False,0,0.0054931640625,0.00537109375,-0.0001220703125,9.1552734375e-05,3.0517578125e-05,-14,-13
original_prcp_hindcast,1997,21,3672-4392,19.5,21.5,False,0,0.0013427734375,0.001220703125,-0.0001220703125,9.1552734375e-05,3.0517578125e-05,-14,-13
original_prcp_hindcast,1997,21,3672-4392,18.5,19.5,False,0,0.001708984375,0.0015869140625,-0.0001220703125,9.1552734375e-05,3.0517578125e-05,-14,-13
original_prcp_hindcast,1997,21,3672-4392,-16.5,120.5,False,0,0.0098876953125,0.009765625,-0.0001220703125,9.1552734375e-05,3.0517578125e-05,-14,-13
original_prcp_hindcast,1997,21,3672-4392,-16.5,122.5,False,0,0.0157470703125,0.015625,-0.0001220703125,9.1552734375e-05,3.0517578125e-05,-14,-13
original_prcp_hindcast,1997,22,3672-4392,35.5,43.5,False,0,0.031494140625,0.0313720703125,-0.0001220703125,9.1552734375e-05,3.0517578125e-05,-14,-13
original_prcp_hindcast,1997,22,3672-4392,34.5,26.5,False,0,0.0291748046875,0.029052734375,-0.0001220703125,9.1552734375e-05,3.0517578125e-05,-14,-13
original_prcp_hindcast,1997,22,3672-4392,34.5,47.5,False,0,0.1224365234375,0.122314453125,-0.0001220703125,9.1552734375e-05,3.0517578125e-05,-14,-13
original_prcp_hindcast,1997,22,3672-4392,30.5,65.5,False,0,0.0101318359375,0.010009765625,-0.0001220703125,9.1552734375e-05,3.0517578125e-05,-14,-13
original_prcp_hindcast,1997,22,3672-4392,20.5,-17.5,False,0,0.0008544921875,0.000732421875,-0.0001220703125,9.1552734375e-05,3.0517578125e-05,-14,-13
original_prcp_hindcast,1997,22,3672-4392,18.5,24.5,False,0,0.003662109375,0.0035400390625,-0.0001220703125,9.1552734375e-05,3.0517578125e-05,-14,-13
original_prcp_hindcast,1997,22,3672-4392,-15.5,121.5,False,0,0.0062255859375,0.006103515625,-0.0001220703125,9.1552734375e-05,3.0517578125e-05,-14,-13
original_prcp_hindcast,1997,22,3672-4392,-21.5,120.5,False,0,0.000732421875,0.0006103515625,-0.0001220703125,9.1552734375e-05,3.0517578125e-05,-14,-13
original_prcp_hindcast,1997,22,3672-4392,-22.5,126.5,False,0,0.000244140625,0.0001220703125,-0.0001220703125,9.1552734375e-05,3.0517578125e-05,-14,-13
original_prcp_hindcast,1997,24,3672-4392,24.5,28.5,False,0,0.0011110719005955616,0.0009765625,-0.0001345094005955616,9.1552734829747351e-05,4.295666576581425e-05,-14,-13
original_prcp_hindcast,1997,24,3672-4392,-23.5,119.5,False,0,0.051648181275595562,0.051513671875,-0.0001345094005955616,9.1552734829747351e-05,4.295666576581425e-05,-14,-13
original_prcp_hindcast,1998,13,3672-4392,37.5,62.5,False,0,0.046126132045174018,0.046057398911216296,-6.8733133957721293e-05,6.1035170801915228e-05,7.6979631558060646e-06,-14,-14
original_prcp_hindcast,1998,13,3672-4392,35.5,63.5,True,2,0.12443423751392402,0.1243655043799663,-6.8733133957721293e-05,6.1035170801915228e-05,7.6979631558060646e-06,-14,-14
original_prcp_hindcast,1998,13,3672-4392,34.5,44.5,False,0,0.078291659388924018,0.078222926254966296,-6.8733133957721293e-05,6.1035170801915228e-05,7.6979631558060646e-06,-14,-14
original_prcp_hindcast,1998,13,3672-4392,34.5,62.5,True,5,0.11173892501392402,0.1116701918799663,-6.8733133957721293e-05,6.1035170801915228e-05,7.6979631558060646e-06,-14,-14
original_prcp_hindcast,1998,13,3672-4392,33.5,55.5,False,0,0.056807284388924018,0.056738551254966296,-6.8733133957721293e-05,6.1035170801915228e-05,7.6979631558060646e-06,-14,-14
original_prcp_hindcast,1998,13,3672-4392,32.5,51.5,False,0,0.11631656173267402,0.1162478285987163,-6.8733133957721293e-05,6.1035170801915228e-05,7.6979631558060646e-06,-14,-14
original_prcp_hindcast,1998,13,3672-4392,32.5,55.5,False,0,0.061079745326424018,0.061011012192466296,-6.8733133957721293e-05,6.1035170801915228e-05,7.6979631558060646e-06,-14,-14
original_prcp_hindcast,1998,13,3672-4392,31.5,37.5,False,0,0.021467928920174018,0.021399195786216296,-6.8733133957721293e-05,6.1035170801915228e-05,7.6979631558060646e-06,-14,-14
original_prcp_hindcast,1998,13,3672-4392,31.5,45.5,False,0,0.050825839076424018,0.050757105942466296,-6.8733133957721293e-05,6.1035170801915228e-05,7.6979631558060646e-06,-14,-14
original_prcp_hindcast,1998,13,3672-4392,31.5,46.5,False,0,0.066389803920174018,0.066321070786216296,-6.8733133957721293e-05,6.1035170801915228e-05,7.6979631558060646e-06,-14,-14
original_prcp_hindcast,1998,13,3672-4392,31.5,57.5,False,0,0.012434725795174018,0.012365992661216296,-6.8733133957721293e-05,6.1035170801915228e-05,7.6979631558060646e-06,-14,-14
original_prcp_hindcast,1998,13,3672-4392,31.5,59.5,False,0,0.024946932826424018,0.024878199692466296,-6.8733133957721293e-05,6.1035170801915228e-05,7.6979631558060646e-06,-14,-14
original_prcp_hindcast,1998,13,3672-4392,30.5,44.5,False,0,0.039900546107674018,0.039831812973716296,-6.8733133957721293e-05,6.1035170801915228e-05,7.6979631558060646e-06,-14,-14
original_prcp_hindcast,1998,13,3672-4392,30.5,55.5,False,0,0.024336581263924018,0.024267848129966296,-6.8733133957721293e-05,6.1035170801915228e-05,7.6979631558060646e-06,-14,-14
original_prcp_hindcast,1998,13,3672-4392,30.5,56.5,False,0,0.035628085170174018,0.035559352036216296,-6.8733133957721293e-05,6.1035170801915228e-05,7.6979631558060646e-06,-14,-14
original_prcp_hindcast,1998,13,3672-4392,30.5,63.5,False,0,0.0089557218889240175,0.0088869887549662963,-6.8733133957721293e-05,6.1035170801915228e-05,7.6979631558060646e-06,-14,-14
original_prcp_hindcast,1998,13,3672-4392,29.5,9.5,False,0,0.025007967982674018,0.024939234848716296,-6.8733133957721293e-05,6.1035170801915228e-05,7.6979631558060646e-06,-14,-14
original_prcp_hindcast,1998,13,3672-4392,29.5,10.5,False,0,0.031965975795174018,0.031897242661216296,-6.8733133957721293e-05,6.1035170801915228e-05,7.6979631558060646e-06,-14,-14
original_prcp_hindcast,1998,13,3672-4392,29.5,23.5,False,0,0.0018756437639240175,0.0018069106299662963,-6.8733133957721293e-05,6.1035170801915228e-05,7.6979631558060646e-06,-14,-14
original_prcp_hindcast,1998,13,3672-4392,29.5,37.5,False,0,0.019758944545174018,0.019690211411216296,-6.8733133957721293e-05,6.1035170801915228e-05,7.6979631558060646e-06,-14,-14
original_prcp_hindcast,1998,13,3672-4392,29.5,45.5,False,0,0.038191561732674018,0.038122828598716296,-6.8733133957721293e-05,6.1035170801915228e-05,7.6979631558060646e-06,-14,-14
original_prcp_hindcast,1998,13,3672-4392,29.5,60.5,False,0,0.018294100795174018,0.018225367661216296,-6.8733133957721293e-05,6.1035170801915228e-05,7.6979631558060646e-06,-14,-14
original_prcp_hindcast,1998,13,3672-4392,28.5,-2.5,False,0,0.0012652922014240175,0.0011965590674662963,-6.8733133957721293e-05,6.1035170801915228e-05,7.6979631558060646e-06,-14,-14
original_prcp_hindcast,1998,13,3672-4392,28.5,2.5,False,0,0.058760409388924018,0.058691676254966296,-6.8733133957721293e-05,6.1035170801915228e-05,7.6979631558060646e-06,-14,-14
original_prcp_hindcast,1998,13,3672-4392,28.5,40.5,False,0,0.033735995326424018,0.033667262192466296,-6.8733133957721293e-05,6.1035170801915228e-05,7.6979631558060646e-06,-14,-14
original_prcp_hindcast,1998,13,3672-4392,28.5,62.5,False,0,0.013777499232674018,0.013708766098716296,-6.8733133957721293e-05,6.1035170801915228e-05,7.6979631558060646e-06,-14,-14
original_prcp_hindcast,1998,13,3672-4392,28.5,63.5,True,2,0.026777987513924018,0.026709254379966296,-6.8733133957721293e-05,6.1035170801915228e-05,7.6979631558060646e-06,-14,-14
original_prcp_hindcast,1998,13,3672-4392,27.5,9.5,False,0,0.046370272670174018,0.046301539536216296,-6.8733133957721293e-05,6.1035170801915228e-05,7.6979631558060646e-06,-14,-14
original_prcp_hindcast,1998,13,3672-4392,27.5,10.5,False,0,0.035628085170174018,0.035559352036216296,-6.8733133957721293e-05,6.1035170801915228e-05,7.6979631558060646e-06,-14,-14
original_prcp_hindcast,1998,13,3672-4392,27.5,11.5,False,0,0.023115878138924018,0.023047145004966296,-6.8733133957721293e-05,6.1035170801915228e-05,7.6979631558060646e-06,-14,-14
original_prcp_hindcast,1998,13,3672-4392,27.5,42.5,False,0,0.033003573451424018,0.032934840317466296,-6.8733133957721293e-05,6.1035170801915228e-05,7.6979631558060646e-06,-14,-14
original_prcp_hindcast,1998,13,3672-4392,27.5,64.5,True,3,0.057783846888924018,0.057715113754966296,-6.8733133957721293e-05,6.1035170801915228e-05,7.6979631558060646e-06,-14,-14
original_prcp_hindcast,1998,13,3672-4392,26.5,-2.5,False,0,0.0011432218889240175,0.0010744887549662963,-6.8733133957721293e-05,6.1035170801915228e-05,7.6979631558060646e-06,-14,-14
original_prcp_hindcast,1998,13,3672-4392,26.5,44.5,False,0,0.023726229701424018,0.023657496567466296,-6.8733133957721293e-05,6.1035170801915228e-05,7.6979631558060646e-06,-14,-14
original_prcp_hindcast,1998,13,3672-4392,26.5,45.5,False,0,0.035261874232674018,0.035193141098716296,-6.8733133957721293e-05,6.1035170801915228e-05,7.6979631558060646e-06,-14,-14
original_prcp_hindcast,1998,13,3672-4392,26.5,47.5,False,0,0.010115389857674018,0.010046656723716296,-6.8733133957721293e-05,6.1035170801915228e-05,7.6979631558060646e-06,-14,-14
original_prcp_hindcast,1998,13,3672-4392,26.5,62.5,False,0,0.080122714076424018,0.080053980942466296,-6.8733133957721293e-05,6.1035170801915228e-05,7.6979631558060646e-06,-14,-14
original_prcp_hindcast,1998,13,3672-4392,25.5,13.5,False,0,0.032759432826424018,0.032690699692466296,-6.8733133957721293e-05,6.1035170801915228e-05,7.6979631558060646e-06,-14,-14
original_prcp_hindcast,1998,13,3672-4392,25.5,14.5,False,0,0.029890780482674018,0.029822047348716296,-6.8733133957721293e-05,6.1035170801915228e-05,7.6979631558060646e-06,-14,-14
original_prcp_hindcast,1998,13,3672-4392,25.5,22.5,False,0,0.0057818937639240175,0.0057131606299662963,-6.8733133957721293e-05,6.1035170801915228e-05,7.6979631558060646e-06,-14,-14
original_prcp_hindcast,1998,13,3672-4392,25.5,28.5,False,0,0.0065753507951740175,0.0065066176612162963,-6.8733133957721293e-05,6.1035170801915228e-05,7.6979631558060646e-06,-14,-14
original_prcp_hindcast,1998,13,3672-4392,25.5,48.5,False,0,0.0084674406389240175,0.0083987075049662963,-6.8733133957721293e-05,6.1035170801915228e-05,7.6979631558060646e-06,-14,-14
original_prcp_hindcast,1998,13,3672-4392,24.5,-13.5,False,0,0.0047442961076740175,0.0046755629737162963,-6.8733133957721293e-05,6.1035170801915228e-05,7.6979631558060646e-06,-14,-14
original_prcp_hindcast,1998,13,3672-4392,24.5,-12.5,False,0,0.0021197843889240175,0.0020510512549662963,-6.8733133957721293e-05,6.1035170801915228e-05,7.6979631558060646e-06,-14,-14
original_prcp_hindcast,1998,13,3672-4392,24.5,24.5,False,0,0.0075519132951740175,0.0074831801612162963,-6.8733133957721293e-05,6.1035170801915228e-05,7.6979631558060646e-06,-14,-14
original_prcp_hindcast,1998,13,3672-4392,23.5,-9.5,False,0,0.0028522062639240175,0.0027834731299662963,-6.8733133957721293e-05,6.1035170801915228e-05,7.6979631558060646e-06,-14,-14
original_prcp_hindcast,1998,13,3672-4392,23.5,7.5,False,0,0.059187655482674018,0.059118922348716296,-6.8733133957721293e-05,6.1035170801915228e-05,7.6979631558060646e-06,-14,-14
original_prcp_hindcast,1998,13,3672-4392,23.5,29.5,False,0,0.0025470304826740175,0.0024782973487162963,-6.8733133957721293e-05,6.1035170801915228e-05,7.6979631558060646e-06,-14,-14
original_prcp_hindcast,1998,13,3672-4392,23.5,50.5,False,0,0.00016665938892401755,9.7926254966296256e-05,-6.8733133957721293e-05,6.1035170801915228e-05,7.6979631558060646e-06,-14,-14
original_prcp_hindcast,1998,13,3672-4392,22.5,4.5,False,0,0.076704745326424018,0.076636012192466296,-6.8733133957721293e-05,6.1035170801915228e-05,7.6979631558060646e-06,-14,-14
original_prcp_hindcast,1998,13,3672-4392,22.5,7.5,False,0,0.065840487513924018,0.065771754379966296,-6.8733133957721293e-05,6.1035170801915228e-05,7.6979631558060646e-06,-14,-14
original_prcp_hindcast,1998,13,3672-4392,22.5,8.5,False,0,0.056257967982674018,0.056189234848716296,-6.8733133957721293e-05,6.1035170801915228e-05,7.6979631558060646e-06,-14,-14
original_prcp_hindcast,1998,13,3672-4392,22.5,35.5,False,0,0.028181796107674018,0.028113062973716296,-6.8733133957721293e-05,6.1035170801915228e-05,7.6979631558060646e-06,-14,-14
original_prcp_hindcast,1998,13,3672-4392,22.5,52.5,False,0,0.0024249601701740175,0.0023562270362162963,-6.8733133957721293e-05,6.1035170801915228e-05,7.6979631558060646e-06,-14,-14
original_prcp_hindcast,1998,13,3672-4392,22.5,54.5,False,0,0.0019977140764240175,0.0019289809424662963,-6.8733133957721293e-05,6.1035170801915228e-05,7.6979631558060646e-06,-14,-14
original_prcp_hindcast,1998,13,3672-4392,22.5,55.5,False,0,0.00065494063892401755,0.00058620750496629626,-6.8733133957721293e-05,6.1035170801915228e-05,7.6979631558060646e-06,-14,-14
original_prcp_hindcast,1998,13,3672-4392,22.5,56.5,False,0,0.0030353117326740175,0.0029665785987162963,-6.8733133957721293e-05,6.1035170801915228e-05,7.6979631558060646e-06,-14,-14
original_prcp_hindcast,1998,13,3672-4392,22.5,57.5,False,0,0.017500643763924018,0.017431910629966296,-6.8733133957721293e-05,6.1035170801915228e-05,7.6979631558060646e-06,-14,-14
original_prcp_hindcast,1998,13,3672-4392,21.5,4.5,False,0,0.066206698451424018,0.066137965317466296,-6.8733133957721293e-05,6.1035170801915228e-05,7.6979631558060646e-06,-14,-14
original_prcp_hindcast,1998,13,3672-4392,21.5,21.5,False,0,0.0057818937639240175,0.0057131606299662963,-6.8733133957721293e-05,6.1035170801915228e-05,7.6979631558060646e-06,-14,-14
original_prcp_hindcast,1998,13,3672-4392,21.5,30.5,False,0,0.012800936732674018,0.012732203598716296,-6.8733133957721293e-05,6.1035170801915228e-05,7.6979631558060646e-06,-14,-14
original_prcp_hindcast,1998,13,3672-4392,20.5,51.5,False,0,0.056807284388924018,0.056738551254966296,-6.8733133957721293e-05,6.1035170801915228e-05,7.6979631558060646e-06,-14,-14
original_prcp_hindcast,1998,13,3672-4392,19.5,11.5,False,0,0.013777499232674018,0.013708766098716296,-6.8733133957721293e-05,6.1035170801915228e-05,7.6979631558060646e-06,-14,-14
original_prcp_hindcast,1998,13,3672-4392,19.5,31.5,False,0,0.022505526576424018,0.022436793442466296,-6.8733133957721293e-05,6.1035170801915228e-05,7.6979631558060646e-06,-14,-14
original_prcp_hindcast,1998,13,3672-4392,18.5,51.5,False,0,0.14378238204517402,0.1437136489112163,-6.8733133957721293e-05,6.1035170801915228e-05,7.6979631558060646e-06,-14,-14
original_prcp_hindcast,1998,13,3672-4392,17.5,45.5,False,0,0.0015094328264240175,0.0014406996924662963,-6.8733133957721293e-05,6.1035170801915228e-05,7.6979631558060646e-06,-14,-14
original_prcp_hindcast,1998,13,3672-4392,-7.5,-43.5,False,0,0.057844882045174018,0.057776148911216296,-6.8733133957721293e-05,6.1035170801915228e-05,7.6979631558060646e-06,-14,-14
original_prcp_hindcast,1998,13,3672-4392,-7.5,-42.5,False,0,0.038313632045174018,0.038244898911216296,-6.8733133957721293e-05,6.1035170801915228e-05,7.6979631558060646e-06,-14,-14
original_prcp_hindcast,1998,13,3672-4392,-15.5,-46.5,False,0,0.093123202357674018,0.093054469223716296,-6.8733133957721293e-05,6.1035170801915228e-05,7.6979631558060646e-06,-14,-14
original_prcp_hindcast,1998,13,3672-4392,-15.5,23.5,True,2,0.026045565638924018,0.025976832504966296,-6.8733133957721293e-05,6.1035170801915228e-05,7.6979631558060646e-06,-14,-14
original_prcp_hindcast,1998,13,3672-4392,-20.5,21.5,False,0,0.019026522670174018,0.018957789536216296,-6.8733133957721293e-05,6.1035170801915228e-05,7.6979631558060646e-06,-14,-14
original_prcp_hindcast,1998,13,3672-4392,-20.5,25.5,False,0,0.067244296107674018,0.067175562973716296,-6.8733133957721293e-05,6.1035170801915228e-05,7.6979631558060646e-06,-14,-14
original_prcp_hindcast,1998,15,3672-4392,34.5,41.5,False,0,0.0174560546875,0.017333984375,-0.0001220703125,6.103515625e-05,6.103515625e-05,-14,-14
original_prcp_hindcast,1998,15,3672-4392,29.5,62.5,False,0,0.0101318359375,0.010009765625,-0.0001220703125,6.103515625e-05,6.103515625e-05,-14,-14
original_prcp_hindcast,1998,15,3672-4392,25.5,21.5,False,0,0.0001220703125,0,-0.0001220703125,6.103515625e-05,6.103515625e-05,-14,-14
original_prcp_hindcast,1998,15,3672-4392,25.5,38.5,False,0,0.0018310546875,0.001708984375,-0.0001220703125,6.103515625e-05,6.103515625e-05,-14,-14
original_prcp_hindcast,1998,15,3672-4392,20.5,38.5,False,0,0.0008544921875,0.000732421875,-0.0001220703125,6.103515625e-05,6.103515625e-05,-14,-14
original_prcp_hindcast,1998,15,3672-4392,19.5,19.5,False,0,0.0030517578125,0.0029296875,-0.0001220703125,6.103515625e-05,6.103515625e-05,-14,-14
original_prcp_hindcast,1998,19,3672-4392,32.5,63.5,False,0,0.048583984375,0.0484619140625,-0.0001220703125,9.1552734375e-05,3.0517578125e-05,-14,-13
original_prcp_hindcast,1998,19,3672-4392,28.5,6.5,False,0,0.001220703125,0.0010986328125,-0.0001220703125,9.1552734375e-05,3.0517578125e-05,-14,-13
original_prcp_hindcast,1998,19,3672-4392,-17.5,19.5,False,0,0.006103515625,0.0059814453125,-0.0001220703125,9.1552734375e-05,3.0517578125e-05,-14,-13
original_prcp_hindcast,1998,20,3672-4392,35.5,40.5,False,0,0.031952711477060802,0.031835629983106628,-0.00011708149395417422,6.1035170801915228e-05,5.6046323152258992e-05,-14,-14
original_prcp_hindcast,1998,20,3672-4392,22.5,24.5,False,0,0.00021443022706080228,9.734873310662806e-05,-0.00011708149395417422,6.1035170801915228e-05,5.6046323152258992e-05,-14,-14
original_prcp_hindcast,1998,20,3672-4392,22.5,41.5,False,0,0.035797926320810802,0.035680844826856628,-0.00011708149395417422,6.1035170801915228e-05,5.6046323152258992e-05,-14,-14
original_prcp_hindcast,1998,24,3672-4392,27.5,27.5,False,0,0.0010231340420432389,0.00087463753880001605,-0.00014849650324322283,9.1552748926915228e-05,5.6943754316307604e-05,-14,-13
original_prcp_hindcast,1999,3,4392-5136,28.5,-4.5,False,0,0.0017094630580345438,0.0015869140625,-0.00012254899553454379,0.00012207031252842171,4.7868300612208259e-07,-13,-13
original_prcp_hindcast,1999,3,4392-5136,27.5,24.5,False,0,0.00085497087053454379,0.000732421875,-0.00012254899553454379,0.00012207031252842171,4.7868300612208259e-07,-13,-13
original_prcp_hindcast,1999,3,4392-5136,27.5,69.5,True,3,0.11535692399553454,0.115234375,-0.00012254899553454379,0.00012207031252842171,4.7868300612208259e-07,-13,-13
original_prcp_hindcast,1999,3,4392-5136,25.5,35.5,False,0,0.0030522364955345438,0.0029296875,-0.00012254899553454379,0.00012207031252842171,4.7868300612208259e-07,-13,-13
original_prcp_hindcast,1999,3,4392-5136,24.5,-3.5,False,0,0.0076909083705345438,0.007568359375,-0.00012254899553454379,0.00012207031252842171,4.7868300612208259e-07,-13,-13
original_prcp_hindcast,1999,3,4392-5136,24.5,0.5,False,0,0.0047612208705345438,0.004638671875,-0.00012254899553454379,0.00012207031252842171,4.7868300612208259e-07,-13,-13
original_prcp_hindcast,1999,3,4392-5136,24.5,1.5,False,0,0.0089116114955345438,0.0087890625,-0.00012254899553454379,0.00012207031252842171,4.7868300612208259e-07,-13,-13
original_prcp_hindcast,1999,3,4392-5136,22.5,2.5,False,0,0.011353017745534544,0.01123046875,-0.00012254899553454379,0.00012207031252842171,4.7868300612208259e-07,-13,-13
original_prcp_hindcast,1999,3,4392-5136,22.5,26.5,False,0,0.0010991114955345438,0.0009765625,-0.00012254899553454379,0.00012207031252842171,4.7868300612208259e-07,-13,-13
original_prcp_hindcast,1999,3,4392-5136,22.5,28.5,False,0,0.00073290055803454379,0.0006103515625,-0.00012254899553454379,0.00012207031252842171,4.7868300612208259e-07,-13,-13
original_prcp_hindcast,1999,3,4392-5136,22.5,47.5,False,0,0.0050053614955345438,0.0048828125,-0.00012254899553454379,0.00012207031252842171,4.7868300612208259e-07,-13,-13
original_prcp_hindcast,1999,3,4392-5136,21.5,20.5,False,0,0.0035405177455345438,0.00341796875,-0.00012254899553454379,0.00012207031252842171,4.7868300612208259e-07,-13,-13
original_prcp_hindcast,1999,3,4392-5136,21.5,30.5,False,0,0.0043950099330345438,0.0042724609375,-0.00012254899553454379,0.00012207031252842171,4.7868300612208259e-07,-13,-13
original_prcp_hindcast,1999,3,4392-5136,20.5,-1.5,False,0,0.026611806808034544,0.0264892578125,-0.00012254899553454379,0.00012207031252842171,4.7868300612208259e-07,-13,-13
original_prcp_hindcast,1999,3,4392-5136,20.5,3.5,False,0,0.022339345870534544,0.022216796875,-0.00012254899553454379,0.00012207031252842171,4.7868300612208259e-07,-13,-13
original_prcp_hindcast,1999,3,4392-5136,20.5,11.5,False,0,0.015259267745534544,0.01513671875,-0.00012254899553454379,0.00012207031252842171,4.7868300612208259e-07,-13,-13
original_prcp_hindcast,1999,3,4392-5136,20.5,43.5,False,0,0.032715322433034544,0.0325927734375,-0.00012254899553454379,0.00012207031252842171,4.7868300612208259e-07,-13,-13
original_prcp_hindcast,1999,3,4392-5136,19.5,9.5,False,0,0.019287588058034544,0.0191650390625,-0.00012254899553454379,0.00012207031252842171,4.7868300612208259e-07,-13,-13
original_prcp_hindcast,1999,3,4392-5136,19.5,10.5,False,0,0.012207509933034544,0.0120849609375,-0.00012254899553454379,0.00012207031252842171,4.7868300612208259e-07,-13,-13
original_prcp_hindcast,1999,3,4392-5136,17.5,8.5,True,1,0.14013719743303454,0.1400146484375,-0.00012254899553454379,0.00012207031252842171,4.7868300612208259e-07,-13,-13
original_prcp_hindcast,1999,3,4392-5136,17.5,12.5,False,0,0.033691884933034544,0.0335693359375,-0.00012254899553454379,0.00012207031252842171,4.7868300612208259e-07,-13,-13
original_prcp_hindcast,1999,3,4392-5136,17.5,46.5,False,0,0.0074467677455345438,0.00732421875,-0.00012254899553454379,0.00012207031252842171,4.7868300612208259e-07,-13,-13
original_prcp_hindcast,1999,3,4392-5136,17.5,50.5,True,3,0.0052495021205345438,0.005126953125,-0.00012254899553454379,0.00012207031252842171,4.7868300612208259e-07,-13,-13
original_prcp_hindcast,1999,3,4392-5136,16.5,9.5,False,0,0.059937002120534544,0.059814453125,-0.00012254899553454379,0.00012207031252842171,4.7868300612208259e-07,-13,-13
original_prcp_hindcast,1999,3,4392-5136,16.5,13.5,True,1,0.063110830245534544,0.06298828125,-0.00012254899553454379,0.00012207031252842171,4.7868300612208259e-07,-13,-13
original_prcp_hindcast,1999,3,4392-5136,13.5,10.5,True,2,0.47827196305803454,0.4781494140625,-0.00012254899553454379,0.00012207031252842171,4.7868300612208259e-07,-13,-13
original_prcp_hindcast,1999,10,3672-4392,29.5,37.5,False,0,0.002197265625,0.0020751953125,-0.0001220703125,9.1552734375e-05,3.0517578125e-05,-14,-13
original_prcp_hindcast,1999,10,3672-4392,22.5,46.5,False,0,0.0001220703125,0,-0.0001220703125,9.1552734375e-05,3.0517578125e-05,-14,-13
original_prcp_hindcast,1999,13,3672-4392,26.5,38.5,False,0,0.0045166015625,0.00439453125,-0.0001220703125,9.1552734375e-05,3.0517578125e-05,-14,-13
original_prcp_hindcast,1999,13,3672-4392,23.5,22.5,False,0,0.000244140625,0.0001220703125,-0.0001220703125,9.1552734375e-05,3.0517578125e-05,-14,-13
original_prcp_hindcast,1999,15,4392-5136,29.5,3.5,False,0,0.0029340598730414058,0.0028076171875,-0.00012644268554140581,0.00012207031295474735,4.3723725866584573e-06,-13,-13
original_prcp_hindcast,1999,15,4392-5136,29.5,22.5,False,0,0.00073679424804140581,0.0006103515625,-0.00012644268554140581,0.00012207031295474735,4.3723725866584573e-06,-13,-13
original_prcp_hindcast,1999,15,4392-5136,28.5,37.5,False,0,0.0033002708105414058,0.003173828125,-0.00012644268554140581,0.00012207031295474735,4.3723725866584573e-06,-13,-13
original_prcp_hindcast,1999,15,4392-5136,27.5,24.5,False,0,0.0011030051855414058,0.0009765625,-0.00012644268554140581,0.00012207031295474735,4.3723725866584573e-06,-13,-13
original_prcp_hindcast,1999,15,4392-5136,27.5,29.5,False,0,0.00024851299804140581,0.0001220703125,-0.00012644268554140581,0.00012207031295474735,4.3723725866584573e-06,-13,-13
original_prcp_hindcast,1999,15,4392-5136,27.5,33.5,False,0,0.00037058331054140581,0.000244140625,-0.00012644268554140581,0.00012207031295474735,4.3723725866584573e-06,-13,-13
original_prcp_hindcast,1999,15,4392-5136,26.5,33.5,False,0,0.00085886456054140581,0.000732421875,-0.00012644268554140581,0.00012207031295474735,4.3723725866584573e-06,-13,-13
original_prcp_hindcast,1999,15,4392-5136,25.5,-1.5,False,0,0.0083051536230414058,0.0081787109375,-0.00012644268554140581,0.00012207031295474735,4.3723725866584573e-06,-13,-13
original_prcp_hindcast,1999,15,4392-5136,25.5,14.5,False,0,0.00098093487304140581,0.0008544921875,-0.00012644268554140581,0.00012207031295474735,4.3723725866584573e-06,-13,-13
original_prcp_hindcast,1999,15,4392-5136,25.5,16.5,False,0,0.00073679424804140581,0.0006103515625,-0.00012644268554140581,0.00012207031295474735,4.3723725866584573e-06,-13,-13
original_prcp_hindcast,1999,15,4392-5136,25.5,23.5,False,0,0.00024851299804140581,0.0001220703125,-0.00012644268554140581,0.00012207031295474735,4.3723725866584573e-06,-13,-13
original_prcp_hindcast,1999,15,4392-5136,24.5,-1.5,False,0,0.010502419248041406,0.0103759765625,-0.00012644268554140581,0.00012207031295474735,4.3723725866584573e-06,-13,-13
original_prcp_hindcast,1999,15,4392-5136,24.5,0.5,False,0,0.0076948020605414058,0.007568359375,-0.00012644268554140581,0.00012207031295474735,4.3723725866584573e-06,-13,-13
original_prcp_hindcast,1999,15,4392-5136,24.5,9.5,False,0,0.010746559873041406,0.0106201171875,-0.00012644268554140581,0.00012207031295474735,4.3723725866584573e-06,-13,-13
original_prcp_hindcast,1999,15,4392-5136,24.5,10.5,False,0,0.012089333310541406,0.011962890625,-0.00012644268554140581,0.00012207031295474735,4.3723725866584573e-06,-13,-13
original_prcp_hindcast,1999,15,4392-5136,24.5,46.5,False,0,0.010258278623041406,0.0101318359375,-0.00012644268554140581,0.00012207031295474735,4.3723725866584573e-06,-13,-13
original_prcp_hindcast,1999,15,4392-5136,23.5,0.5,False,0,0.0075727317480414058,0.0074462890625,-0.00012644268554140581,0.00012207031295474735,4.3723725866584573e-06,-13,-13
original_prcp_hindcast,1999,15,4392-5136,23.5,7.5,False,0,0.018436989560541406,0.018310546875,-0.00012644268554140581,0.00012207031295474735,4.3723725866584573e-06,-13,-13
original_prcp_hindcast,1999,15,4392-5136,23.5,24.5,False,0,0.00012644268554140581,0,-0.00012644268554140581,0.00012207031295474735,4.3723725866584573e-06,-13,-13
original_prcp_hindcast,1999,15,4392-5136,23.5,25.5,False,0,0.00037058331054140581,0.000244140625,-0.00012644268554140581,0.00012207031295474735,4.3723725866584573e-06,-13,-13
original_prcp_hindcast,1999,15,4392-5136,22.5,3.5,False,0,0.019657692685541406,0.01953125,-0.00012644268554140581,0.00012207031295474735,4.3723725866584573e-06,-13,-13
original_prcp_hindcast,1999,15,4392-5136,22.5,45.5,False,0,0.010502419248041406,0.0103759765625,-0.00012644268554140581,0.00012207031295474735,4.3723725866584573e-06,-13,-13
original_prcp_hindcast,1999,15,4392-5136,21.5,14.5,False,0,0.0057416770605414058,0.005615234375,-0.00012644268554140581,0.00012207031295474735,4.3723725866584573e-06,-13,-13
original_prcp_hindcast,1999,15,4392-5136,20.5,1.5,False,0,0.043705544248041406,0.0435791015625,-0.00012644268554140581,0.00012207031295474735,4.3723725866584573e-06,-13,-13
original_prcp_hindcast,1999,15,4392-5136,20.5,27.5,False,0,0.0031782004980414058,0.0030517578125,-0.00012644268554140581,0.00012207031295474735,4.3723725866584573e-06,-13,-13
original_prcp_hindcast,1999,15,4392-5136,19.5,3.5,False,0,0.051273903623041406,0.0511474609375,-0.00012644268554140581,0.00012207031295474735,4.3723725866584573e-06,-13,-13
original_prcp_hindcast,1999,15,4392-5136,18.5,-1.5,False,0,0.082645973935541406,0.08251953125,-0.00012644268554140581,0.00012207031295474735,4.3723725866584573e-06,-13,-13
original_prcp_hindcast,1999,15,4392-5136,18.5,-0.5,False,0,0.090458473935541406,0.09033203125,-0.00012644268554140581,0.00012207031295474735,4.3723725866584573e-06,-13,-13
original_prcp_hindcast,1999,15,4392-5136,18.5,10.5,False,0,0.025517067685541406,0.025390625,-0.00012644268554140581,0.00012207031295474735,4.3723725866584573e-06,-13,-13
original_prcp_hindcast,1999,15,4392-5136,17.5,-7.5,False,0,0.081059059873041406,0.0809326171875,-0.00012644268554140581,0.00012207031295474735,4.3723725866584573e-06,-13,-13
original_prcp_hindcast,1999,15,4392-5136,17.5,11.5,False,0,0.065067848935541406,0.06494140625,-0.00012644268554140581,0.00012207031295474735,4.3723725866584573e-06,-13,-13
original_prcp_hindcast,1999,15,4392-5136,17.5,13.5,False,0,0.045658669248041406,0.0455322265625,-0.00012644268554140581,0.00012207031295474735,4.3723725866584573e-06,-13,-13
original_prcp_hindcast,1999,15,4392-5136,17.5,20.5,False,0,0.034306130185541406,0.0341796875,-0.00012644268554140581,0.00012207031295474735,4.3723725866584573e-06,-13,-13
original_prcp_hindcast,1999,15,4392-5136,16.5,8.5,True,1,0.15893991924804141,0.1588134765625,-0.00012644268554140581,0.00012207031295474735,4.3723725866584573e-06,-13,-13
original_prcp_hindcast,1999,15,4392-5136,16.5,14.5,False,0,0.076542458310541406,0.076416015625,-0.00012644268554140581,0.00012207031295474735,4.3723725866584573e-06,-13,-13
original_prcp_hindcast,1999,15,4392-5136,16.5,26.5,False,0,0.042728981748041406,0.0426025390625,-0.00012644268554140581,0.00012207031295474735,4.3723725866584573e-06,-13,-13
original_prcp_hindcast,1999,15,4392-5136,16.5,29.5,False,0,0.048954567685541406,0.048828125,-0.00012644268554140581,0.00012207031295474735,4.3723725866584573e-06,-13,-13
original_prcp_hindcast,1999,15,4392-5136,15.5,0.5,True,1,0.30444773174804141,0.3043212890625,-0.00012644268554140581,0.00012207031295474735,4.3723725866584573e-06,-13,-13
original_prcp_hindcast,1999,15,4392-5136,15.5,1.5,False,0,0.29394968487304141,0.2938232421875,-0.00012644268554140581,0.00012207031295474735,4.3723725866584573e-06,-13,-13
original_prcp_hindcast,1999,15,4392-5136,15.5,17.5,False,0,0.14551218487304141,0.1453857421875,-0.00012644268554140581,0.00012207031295474735,4.3723725866584573e-06,-13,-13
original_prcp_hindcast,1999,15,4392-5136,15.5,26.5,False,0,0.15662058331054141,0.156494140625,-0.00012644268554140581,0.00012207031295474735,4.3723725866584573e-06,-13,-13
original_prcp_hindcast,1999,15,4392-5136,15.5,27.5,False,0,0.11279734112304141,0.1126708984375,-0.00012644268554140581,0.00012207031295474735,4.3723725866584573e-06,-13,-13
original_prcp_hindcast,1999,15,4392-5136,14.5,16.5,False,0,0.23596628643554141,0.23583984375,-0.00012644268554140581,0.00012207031295474735,4.3723725866584573e-06,-13,-13
original_prcp_hindcast,1999,15,4392-5136,14.5,17.5,True,1,0.25928171612304141,0.2591552734375,-0.00012644268554140581,0.00012207031295474735,4.3723725866584573e-06,-13,-13
original_prcp_hindcast,1999,15,4392-5136,13.5,22.5,True,3,0.70923288799804141,0.7091064453125,-0.00012644268554140581,0.00012207031295474735,4.3723725866584573e-06,-13,-13
original_prcp_hindcast,1999,15,4392-5136,11.5,26.5,True,5,0.54517038799804141,0.5450439453125,-0.00012644268554140581,0.00012207031295474735,4.3723725866584573e-06,-13,-13
original_prcp_hindcast,1999,19,3672-4392,33.5,55.5,False,0,0.003662109375,0.0035400390625,-0.0001220703125,9.1552734375e-05,3.0517578125e-05,-14,-13
original_prcp_hindcast,1999,19,3672-4392,32.5,37.5,False,0,0.010498046875,0.0103759765625,-0.0001220703125,9.1552734375e-05,3.0517578125e-05,-14,-13
original_prcp_hindcast,1999,19,3672-4392,30.5,50.5,False,0,0.01806640625,0.0179443359375,-0.0001220703125,9.1552734375e-05,3.0517578125e-05,-14,-13
original_prcp_hindcast,1999,19,3672-4392,29.5,43.5,False,0,0.00390625,0.0037841796875,-0.0001220703125,9.1552734375e-05,3.0517578125e-05,-14,-13
original_prcp_hindcast,1999,19,3672-4392,25.5,40.5,False,0,0.002197265625,0.0020751953125,-0.0001220703125,9.1552734375e-05,3.0517578125e-05,-14,-13
original_prcp_hindcast,1999,19,3672-4392,24.5,40.5,False,0,0.0028076171875,0.002685546875,-0.0001220703125,9.1552734375e-05,3.0517578125e-05,-14,-13
original_prcp_hindcast,1999,19,3672-4392,22.5,45.5,False,0,0.000732421875,0.0006103515625,-0.0001220703125,9.1552734375e-05,3.0517578125e-05,-14,-13
original_prcp_hindcast,1999,21,3672-4392,29.5,64.5,False,0,0.0034252117247888236,0.0033022451652868767,-0.0001229665595019469,9.1552735284494702e-05,3.1413824217452202e-05,-14,-13
original_prcp_hindcast,1999,21,3672-4392,26.5,11.5,False,0,0.0037914226622888236,0.0036684561027868767,-0.0001229665595019469,9.1552735284494702e-05,3.1413824217452202e-05,-14,-13
original_prcp_hindcast,1999,21,3672-4392,25.5,25.5,False,0,0.00012931328728882363,6.3467277868767269e-06,-0.0001229665595019469,9.1552735284494702e-05,3.1413824217452202e-05,-14,-13
original_prcp_hindcast,1999,21,3672-4392,23.5,-2.5,False,0,0.0076976726622888236,0.0075747061027868767,-0.0001229665595019469,9.1552735284494702e-05,3.1413824217452202e-05,-14,-13
original_prcp_hindcast,1999,21,3672-4392,23.5,28.5,False,0,0.00025138359978882363,0.00012841704028687673,-0.0001229665595019469,9.1552735284494702e-05,3.1413824217452202e-05,-14,-13
original_prcp_hindcast,2000,0,3672-4392,32.5,59.5,False,0,0.002685546875,0.0025634765625,-0.0001220703125,9.1552734375e-05,3.0517578125e-05,-14,-13
original_prcp_hindcast,2000,0,3672-4392,30.5,-0.5,False,0,0.001220703125,0.0010986328125,-0.0001220703125,9.1552734375e-05,3.0517578125e-05,-14,-13
original_prcp_hindcast,2000,0,3672-4392,27.5,1.5,False,0,0.0015869140625,0.00146484375,-0.0001220703125,9.1552734375e-05,3.0517578125e-05,-14,-13
original_prcp_hindcast,2000,0,3672-4392,27.5,8.5,False,0,0.009033203125,0.0089111328125,-0.0001220703125,9.1552734375e-05,3.0517578125e-05,-14,-13
original_prcp_hindcast,2000,0,3672-4392,26.5,10.5,False,0,0.0264892578125,0.0263671875,-0.0001220703125,9.1552734375e-05,3.0517578125e-05,-14,-13
original_prcp_hindcast,2000,0,3672-4392,25.5,23.5,False,0,0.000244140625,0.0001220703125,-0.0001220703125,9.1552734375e-05,3.0517578125e-05,-14,-13
original_prcp_hindcast,2000,0,3672-4392,20.5,20.5,False,0,0.002197265625,0.0020751953125,-0.0001220703125,9.1552734375e-05,3.0517578125e-05,-14,-13
original_prcp_hindcast,2000,4,3672-4392,35.5,63.5,True,2,0.030151998879830444,0.030029296875,-0.00012270200483044391,9.1552734403421709e-05,3.1149270427022202e-05,-14,-13
original_prcp_hindcast,2000,4,3672-4392,33.5,53.5,False,0,0.0079352020048304439,0.0078125,-0.00012270200483044391,9.1552734403421709e-05,3.1149270427022202e-05,-14,-13
original_prcp_hindcast,2000,4,3672-4392,-18.5,119.5,False,0,0.019531881692330444,0.0194091796875,-0.00012270200483044391,9.1552734403421709e-05,3.1149270427022202e-05,-14,-13
original_prcp_hindcast,2000,5,3672-4392,36.5,62.5,False,0,0.0023193359375,0.002197265625,-0.0001220703125,9.1552734375e-05,3.0517578125e-05,-14,-13
original_prcp_hindcast,2000,5,3672-4392,31.5,43.5,False,0,0.0050048828125,0.0048828125,-0.0001220703125,9.1552734375e-05,3.0517578125e-05,-14,-13
original_prcp_hindcast,2000,5,3672-4392,27.5,15.5,False,0,0.0003662109375,0.000244140625,-0.0001220703125,9.1552734375e-05,3.0517578125e-05,-14,-13
original_prcp_hindcast,2000,5,3672-4392,24.5,36.5,False,0,0.000244140625,0.0001220703125,-0.0001220703125,9.1552734375e-05,3.0517578125e-05,-14,-13
original_prcp_hindcast,2000,5,3672-4392,-25.5,115.5,False,0,0.11083984375,0.1107177734375,-0.0001220703125,9.1552734375e-05,3.0517578125e-05,-14,-13
original_prcp_hindcast,2000,10,4392-5136,29.5,60.5,False,0,0.00048850544726519729,0.0003662109375,-0.00012229450976519729,0.00012207031252842171,2.2419723677558068e-07,-13,-13
original_prcp_hindcast,2000,10,4392-5136,29.5,64.5,False,0,0.0019533491972651973,0.0018310546875,-0.00012229450976519729,0.00012207031252842171,2.2419723677558068e-07,-13,-13
original_prcp_hindcast,2000,10,4392-5136,28.5,55.5,False,0,0.0010988570097651973,0.0009765625,-0.00012229450976519729,0.00012207031252842171,2.2419723677558068e-07,-13,-13
original_prcp_hindcast,2000,10,4392-5136,28.5,62.5,False,0,0.00012229450976519729,0,-0.00012229450976519729,0.00012207031252842171,2.2419723677558068e-07,-13,-13
original_prcp_hindcast,2000,10,4392-5136,25.5,20.5,False,0,0.0015871382597651973,0.00146484375,-0.00012229450976519729,0.00012207031252842171,2.2419723677558068e-07,-13,-13
original_prcp_hindcast,2000,10,4392-5136,25.5,22.5,False,0,0.0015871382597651973,0.00146484375,-0.00012229450976519729,0.00012207031252842171,2.2419723677558068e-07,-13,-13
original_prcp_hindcast,2000,10,4392-5136,25.5,30.5,False,0,0.0012209273222651973,0.0010986328125,-0.00012229450976519729,0.00012207031252842171,2.2419723677558068e-07,-13,-13
original_prcp_hindcast,2000,10,4392-5136,25.5,32.5,False,0,0.00085471638476519729,0.000732421875,-0.00012229450976519729,0.00012207031252842171,2.2419723677558068e-07,-13,-13
original_prcp_hindcast,2000,10,4392-5136,24.5,24.5,False,0,0.0017092085722651973,0.0015869140625,-0.00012229450976519729,0.00012207031252842171,2.2419723677558068e-07,-13,-13
original_prcp_hindcast,2000,10,4392-5136,23.5,27.5,False,0,0.0010988570097651973,0.0009765625,-0.00012229450976519729,0.00012207031252842171,2.2419723677558068e-07,-13,-13
original_prcp_hindcast,2000,10,4392-5136,23.5,28.5,False,0,0.00073264607226519729,0.0006103515625,-0.00012229450976519729,0.00012207031252842171,2.2419723677558068e-07,-13,-13
original_prcp_hindcast,2000,10,4392-5136,23.5,50.5,False,0,0.00012229450976519729,0,-0.00012229450976519729,0.00012207031252842171,2.2419723677558068e-07,-13,-13
original_prcp_hindcast,2000,10,4392-5136,22.5,13.5,False,0,0.0084230757597651973,0.00830078125,-0.00012229450976519729,0.00012207031252842171,2.2419723677558068e-07,-13,-13
original_prcp_hindcast,2000,10,4392-5136,22.5,15.5,False,0,0.020141825759765197,0.02001953125,-0.00012229450976519729,0.00012207031252842171,2.2419723677558068e-07,-13,-13
original_prcp_hindcast,2000,10,4392-5136,22.5,33.5,False,0,0.0032961226347651973,0.003173828125,-0.00012229450976519729,0.00012207031252842171,2.2419723677558068e-07,-13,-13
original_prcp_hindcast,2000,10,4392-5136,22.5,43.5,False,0,0.0065920210722651973,0.0064697265625,-0.00012229450976519729,0.00012207031252842171,2.2419723677558068e-07,-13,-13
original_prcp_hindcast,2000,10,4392-5136,22.5,45.5,False,0,0.0023195601347651973,0.002197265625,-0.00012229450976519729,0.00012207031252842171,2.2419723677558068e-07,-13,-13
original_prcp_hindcast,2000,10,4392-5136,22.5,58.5,False,0,0.0065920210722651973,0.0064697265625,-0.00012229450976519729,0.00012207031252842171,2.2419723677558068e-07,-13,-13
original_prcp_hindcast,2000,10,4392-5136,21.5,28.5,True,1,0.0042726851347651973,0.004150390625,-0.00012229450976519729,0.00012207031252842171,2.2419723677558068e-07,-13,-13
original_prcp_hindcast,2000,10,4392-5136,21.5,29.5,False,0,0.0036623335722651973,0.0035400390625,-0.00012229450976519729,0.00012207031252842171,2.2419723677558068e-07,-13,-13
original_prcp_hindcast,2000,10,4392-5136,19.5,7.5,True,1,0.027343974197265197,0.0272216796875,-0.00012229450976519729,0.00012207031252842171,2.2419723677558068e-07,-13,-13
original_prcp_hindcast,2000,10,4392-5136,19.5,15.5,False,0,0.020019755447265197,0.0198974609375,-0.00012229450976519729,0.00012207031252842171,2.2419723677558068e-07,-13,-13
original_prcp_hindcast,2000,10,4392-5136,19.5,43.5,False,0,0.011596903884765197,0.011474609375,-0.00012229450976519729,0.00012207031252842171,2.2419723677558068e-07,-13,-13
original_prcp_hindcast,2000,10,4392-5136,19.5,51.5,False,0,0.00024436482226519729,0.0001220703125,-0.00012229450976519729,0.00012207031252842171,2.2419723677558068e-07,-13,-13
original_prcp_hindcast,2000,10,4392-5136,18.5,6.5,False,0,0.051880107009765197,0.0517578125,-0.00012229450976519729,0.00012207031252842171,2.2419723677558068e-07,-13,-13
original_prcp_hindcast,2000,10,4392-5136,18.5,27.5,False,0,0.020385966384765197,0.020263671875,-0.00012229450976519729,0.00012207031252842171,2.2419723677558068e-07,-13,-13
original_prcp_hindcast,2000,10,4392-5136,18.5,30.5,False,0,0.035400614822265197,0.0352783203125,-0.00012229450976519729,0.00012207031252842171,2.2419723677558068e-07,-13,-13
original_prcp_hindcast,2000,10,4392-5136,18.5,51.5,False,0,0.00036643513476519729,0.000244140625,-0.00012229450976519729,0.00012207031252842171,2.2419723677558068e-07,-13,-13
original_prcp_hindcast,2000,10,4392-5136,17.5,15.5,False,0,0.041748271072265197,0.0416259765625,-0.00012229450976519729,0.00012207031252842171,2.2419723677558068e-07,-13,-13
original_prcp_hindcast,2000,10,4392-5136,17.5,24.5,False,0,0.038086161697265197,0.0379638671875,-0.00012229450976519729,0.00012207031252842171,2.2419723677558068e-07,-13,-13
original_prcp_hindcast,2000,10,4392-5136,16.5,22.5,False,0,0.1932375288847652,0.193115234375,-0.00012229450976519729,0.00012207031252842171,2.2419723677558068e-07,-13,-13
original_prcp_hindcast,2000,10,4392-5136,16.5,25.5,False,0,0.085815653884765197,0.085693359375,-0.00012229450976519729,0.00012207031252842171,2.2419723677558068e-07,-13,-13
original_prcp_hindcast,2000,10,4392-5136,-20.5,116.5,False,0,0.031494364822265197,0.0313720703125,-0.00012229450976519729,0.00012207031252842171,2.2419723677558068e-07,-13,-13
original_prcp_hindcast,2000,10,4392-5136,-27.5,116.5,False,0,0.1425783491972652,0.1424560546875,-0.00012229450976519729,0.00012207031252842171,2.2419723677558068e-07,-13,-13
original_prcp_hindcast,2000,15,3672-4392,38.5,85.5,False,0,0.00341796875,0.0032958984375,-0.0001220703125,9.1552734375e-05,3.0517578125e-05,-14,-13
original_prcp_hindcast,2000,15,3672-4392,25.5,8.5,False,0,0.015380859375,0.0152587890625,-0.0001220703125,9.1552734375e-05,3.0517578125e-05,-14,-13
original_prcp_hindcast,2000,15,3672-4392,22.5,48.5,False,0,0.0001220703125,0,-0.0001220703125,9.1552734375e-05,3.0517578125e-05,-14,-13
original_prcp_hindcast,2000,15,3672-4392,20.5,15.5,False,0,0.003662109375,0.0035400390625,-0.0001220703125,9.1552734375e-05,3.0517578125e-05,-14,-13
original_prcp_hindcast,2000,15,3672-4392,20.5,38.5,False,0,0.0001220703125,0,-0.0001220703125,9.1552734375e-05,3.0517578125e-05,-14,-13
original_prcp_hindcast,2000,15,3672-4392,19.5,44.5,False,0,0.0018310546875,0.001708984375,-0.0001220703125,9.1552734375e-05,3.0517578125e-05,-14,-13
original_prcp_hindcast,2000,15,3672-4392,17.5,45.5,False,0,0.0001220703125,0,-0.0001220703125,9.1552734375e-05,3.0517578125e-05,-14,-13
original_prcp_hindcast,2000,16,3672-4392,24.5,45.5,False,0,0.003173828125,0.0030517578125,-0.0001220703125,9.1552734375e-05,3.0517578125e-05,-14,-13
original_prcp_hindcast,2000,16,3672-4392,23.5,43.5,False,0,0.0050048828125,0.0048828125,-0.0001220703125,9.1552734375e-05,3.0517578125e-05,-14,-13
original_prcp_hindcast,2000,16,3672-4392,-19.5,114.5,False,0,0.221435546875,0.2213134765625,-0.0001220703125,9.1552734375e-05,3.0517578125e-05,-14,-13
original_prcp_hindcast,2000,17,3672-4392,37.5,38.5,False,0,0.07791139131586533,0.077775877842213959,-0.0001355134736513719,0.00012207032705191523,1.3443146599456668e-05,-13,-13
original_prcp_hindcast,2000,17,3672-4392,32.5,41.5,False,0,0.0011291647533653304,0.0009936512797139585,-0.0001355134736513719,0.00012207032705191523,1.3443146599456668e-05,-13,-13
original_prcp_hindcast,2000,17,3672-4392,31.5,61.5,False,0,0.0018615866283653304,0.0017260731547139585,-0.0001355134736513719,0.00012207032705191523,1.3443146599456668e-05,-13,-13
original_prcp_hindcast,2000,17,3672-4392,29.5,36.5,False,0,0.0036926413158653304,0.0035571278422139585,-0.0001355134736513719,0.00012207032705191523,1.3443146599456668e-05,-13,-13
original_prcp_hindcast,2000,17,3672-4392,28.5,50.5,False,0,0.0008850241283653304,0.0007495106547139585,-0.0001355134736513719,0.00012207032705191523,1.3443146599456668e-05,-13,-13
original_prcp_hindcast,2000,17,3672-4392,28.5,51.5,False,0,0.0014953756908653304,0.0013598622172139585,-0.0001355134736513719,0.00012207032705191523,1.3443146599456668e-05,-13,-13
original_prcp_hindcast,2000,17,3672-4392,27.5,34.5,False,0,0.0003967428783653304,0.0002612294047139585,-0.0001355134736513719,0.00012207032705191523,1.3443146599456668e-05,-13,-13
original_prcp_hindcast,2000,17,3672-4392,27.5,45.5,False,0,0.0027160788158653304,0.0025805653422139585,-0.0001355134736513719,0.00012207032705191523,1.3443146599456668e-05,-13,-13
original_prcp_hindcast,2000,17,3672-4392,26.5,27.5,False,0,0.0001526022533653304,1.7088779713958502e-05,-0.0001355134736513719,0.00012207032705191523,1.3443146599456668e-05,-13,-13
original_prcp_hindcast,2000,17,3672-4392,26.5,32.5,False,0,0.0005188131908653304,0.0003832997172139585,-0.0001355134736513719,0.00012207032705191523,1.3443146599456668e-05,-13,-13
original_prcp_hindcast,2000,17,3672-4392,26.5,41.5,False,0,0.0032043600658653304,0.0030688465922139585,-0.0001355134736513719,0.00012207032705191523,1.3443146599456668e-05,-13,-13
original_prcp_hindcast,2000,17,3672-4392,26.5,42.5,False,0,0.0045471335033653304,0.0044116200297139585,-0.0001355134736513719,0.00012207032705191523,1.3443146599456668e-05,-13,-13
original_prcp_hindcast,2000,17,3672-4392,25.5,14.5,False,0,0.01858521944086533,0.018449705967213959,-0.0001355134736513719,0.00012207032705191523,1.3443146599456668e-05,-13,-13
original_prcp_hindcast,2000,17,3672-4392,25.5,26.5,False,0,0.0013733053783653304,0.0012377919047139585,-0.0001355134736513719,0.00012207032705191523,1.3443146599456668e-05,-13,-13
original_prcp_hindcast,2000,17,3672-4392,25.5,27.5,False,0,0.0006408835033653304,0.0005053700297139585,-0.0001355134736513719,0.00012207032705191523,1.3443146599456668e-05,-13,-13
original_prcp_hindcast,2000,17,3672-4392,24.5,14.5,False,0,0.02590943819086533,0.025773924717213959,-0.0001355134736513719,0.00012207032705191523,1.3443146599456668e-05,-13,-13
original_prcp_hindcast,2000,17,3672-4392,24.5,21.5,False,0,0.0085754538158653304,0.0084399403422139585,-0.0001355134736513719,0.00012207032705191523,1.3443146599456668e-05,-13,-13
original_prcp_hindcast,2000,17,3672-4392,24.5,22.5,False,0,0.01028443819086533,0.010148924717213959,-0.0001355134736513719,0.00012207032705191523,1.3443146599456668e-05,-13,-13
original_prcp_hindcast,2000,17,3672-4392,24.5,36.5,False,0,0.0005188131908653304,0.0003832997172139585,-0.0001355134736513719,0.00012207032705191523,1.3443146599456668e-05,-13,-13
original_prcp_hindcast,2000,17,3672-4392,22.5,43.5,False,0,0.01736451631586533,0.017229002842213959,-0.0001355134736513719,0.00012207032705191523,1.3443146599456668e-05,-13,-13
original_prcp_hindcast,2000,17,3672-4392,21.5,24.5,False,0,0.0011291647533653304,0.0009936512797139585,-0.0001355134736513719,0.00012207032705191523,1.3443146599456668e-05,-13,-13
original_prcp_hindcast,2000,17,3672-4392,21.5,52.5,False,0,0.0006408835033653304,0.0005053700297139585,-0.0001355134736513719,0.00012207032705191523,1.3443146599456668e-05,-13,-13
original_prcp_hindcast,2000,17,3672-4392,21.5,53.5,False,0,0.0022277975658653304,0.0020922840922139585,-0.0001355134736513719,0.00012207032705191523,1.3443146599456668e-05,-13,-13
original_prcp_hindcast,2000,17,3672-4392,19.5,14.5,False,0,0.10427857881586533,0.10414306534221396,-0.0001355134736513719,0.00012207032705191523,1.3443146599456668e-05,-13,-13
original_prcp_hindcast,2000,17,3672-4392,19.5,28.5,False,0,0.0086975241283653304,0.0085620106547139585,-0.0001355134736513719,0.00012207032705191523,1.3443146599456668e-05,-13,-13
original_prcp_hindcast,2000,17,3672-4392,18.5,27.5,False,0,0.02200318819086533,0.021867674717213959,-0.0001355134736513719,0.00012207032705191523,1.3443146599456668e-05,-13,-13
original_prcp_hindcast,2000,17,3672-4392,18.5,50.5,False,0,0.0013733053783653304,0.0012377919047139585,-0.0001355134736513719,0.00012207032705191523,1.3443146599456668e-05,-13,-13
original_prcp_hindcast,2000,17,3672-4392,-13.5,123.5,False,0,0.48867799287836533,0.48854247940471396,-0.0001355134736513719,0.00012207032705191523,1.3443146599456668e-05,-13,-13
original_prcp_hindcast,2000,17,3672-4392,-14.5,122.5,False,0,0.35989381319086533,0.35975829971721396,-0.0001355134736513719,0.00012207032705191523,1.3443146599456668e-05,-13,-13
original_prcp_hindcast,2000,17,3672-4392,-15.5,120.5,False,0,0.22830201631586533,0.22816650284221396,-0.0001355134736513719,0.00012207032705191523,1.3443146599456668e-05,-13,-13
original_prcp_hindcast,2000,17,3672-4392,-16.5,117.5,False,0,0.19290162569086533,0.19276611221721396,-0.0001355134736513719,0.00012207032705191523,1.3443146599456668e-05,-13,-13
original_prcp_hindcast,2000,17,3672-4392,-17.5,15.5,True,1,0.13674928194086533,0.13661376846721396,-0.0001355134736513719,0.00012207032705191523,1.3443146599456668e-05,-13,-13
original_prcp_hindcast,2000,17,3672-4392,-18.5,21.5,False,0,0.10635377412836533,0.10621826065471396,-0.0001355134736513719,0.00012207032705191523,1.3443146599456668e-05,-13,-13
original_prcp_hindcast,2000,17,3672-4392,-18.5,22.5,False,0,0.07632447725336533,0.076188963779713959,-0.0001355134736513719,0.00012207032705191523,1.3443146599456668e-05,-13,-13
original_prcp_hindcast,2000,17,3672-4392,-22.5,21.5,False,0,0.13284303194086533,0.13270751846721396,-0.0001355134736513719,0.00012207032705191523,1.3443146599456668e-05,-13,-13
original_prcp_hindcast,2000,18,3672-4392,31.5,57.5,False,0,0.00062516495836462127,0.00048828125,-0.00013688370836462127,9.1552734829747351e-05,4.533097353487392e-05,-14,-13
original_prcp_hindcast,2000,18,3672-4392,31.5,61.5,False,0,0.00013688370836462127,0,-0.00013688370836462127,9.1552734829747351e-05,4.533097353487392e-05,-14,-13
original_prcp_hindcast,2000,18,3672-4392,22.5,17.5,False,0,0.037978680583364621,0.037841796875,-0.00013688370836462127,9.1552734829747351e-05,4.533097353487392e-05,-14,-13
original_prcp_hindcast,2000,19,3672-4392,25.5,6.5,False,0,0.0233154296875,0.023193359375,-0.0001220703125,9.1552734375e-05,3.0517578125e-05,-14,-13
original_prcp_hindcast,2000,19,3672-4392,23.5,26.5,False,0,0.0006103515625,0.00048828125,-0.0001220703125,9.1552734375e-05,3.0517578125e-05,-14,-13
original_prcp_hindcast,2000,19,3672-4392,20.5,11.5,False,0,0.002685546875,0.0025634765625,-0.0001220703125,9.1552734375e-05,3.0517578125e-05,-14,-13
original_prcp_hindcast,2000,19,3672-4392,19.5,20.5,False,0,0.0010986328125,0.0009765625,-0.0001220703125,9.1552734375e-05,3.0517578125e-05,-14,-13
original_prcp_hindcast,2000,20,3672-4392,32.5,65.5,False,0,0.00073307033608216443,0.00061038696530246739,-0.00012268337077969704,9.1552734405198066e-05,3.1130636374498977e-05,-14,-13
original_prcp_hindcast,2000,20,3672-4392,26.5,26.5,False,0,0.00061100002358216443,0.00048831665280246739,-0.00012268337077969704,9.1552734405198066e-05,3.1130636374498977e-05,-14,-13
original_prcp_hindcast,2000,20,3672-4392,26.5,43.5,False,0,0.0024420547110821644,0.0023193713403024674,-0.00012268337077969704,9.1552734405198066e-05,3.1130636374498977e-05,-14,-13
original_prcp_hindcast,2000,23,3672-4392,36.5,23.5,False,0,0.024658203125,0.0245361328125,-0.0001220703125,9.1552734375e-05,3.0517578125e-05,-14,-13
original_prcp_hindcast,2000,23,3672-4392,34.5,23.5,False,0,0.0184326171875,0.018310546875,-0.0001220703125,9.1552734375e-05,3.0517578125e-05,-14,-13
original_prcp_hindcast,2000,23,3672-4392,33.5,25.5,False,0,0.0020751953125,0.001953125,-0.0001220703125,9.1552734375e-05,3.0517578125e-05,-14,-13
original_prcp_hindcast,2000,23,3672-4392,31.5,5.5,False,0,0.002197265625,0.0020751953125,-0.0001220703125,9.1552734375e-05,3.0517578125e-05,-14,-13
original_prcp_hindcast,2000,23,3672-4392,31.5,6.5,False,0,0.002685546875,0.0025634765625,-0.0001220703125,9.1552734375e-05,3.0517578125e-05,-14,-13
original_prcp_hindcast,2000,23,3672-4392,28.5,4.5,False,0,0.00146484375,0.0013427734375,-0.0001220703125,9.1552734375e-05,3.0517578125e-05,-14,-13
original_prcp_hindcast,2000,23,3672-4392,25.5,16.5,False,0,0.0010986328125,0.0009765625,-0.0001220703125,9.1552734375e-05,3.0517578125e-05,-14,-13
original_prcp_hindcast,2000,23,3672-4392,21.5,25.5,False,0,0.000244140625,0.0001220703125,-0.0001220703125,9.1552734375e-05,3.0517578125e-05,-14,-13
original_prcp_hindcast,2000,23,3672-4392,21.5,30.5,False,0,0.0006103515625,0.00048828125,-0.0001220703125,9.1552734375e-05,3.0517578125e-05,-14,-13
original_prcp_hindcast,2000,23,3672-4392,18.5,44.5,False,0,0.0240478515625,0.02392578125,-0.0001220703125,9.1552734375e-05,3.0517578125e-05,-14,-13
original_prcp_hindcast,2001,0,3672-4392,29.5,43.5,False,0,0.0140380859375,0.013916015625,-0.0001220703125,9.1552734375e-05,3.0517578125e-05,-14,-13
original_prcp_hindcast,2001,0,3672-4392,28.5,43.5,False,0,0.017578125,0.0174560546875,-0.0001220703125,9.1552734375e-05,3.0517578125e-05,-14,-13
original_prcp_hindcast,2001,0,3672-4392,26.5,17.5,False,0,0.0009765625,0.0008544921875,-0.0001220703125,9.1552734375e-05,3.0517578125e-05,-14,-13
original_prcp_hindcast,2001,0,3672-4392,26.5,53.5,False,0,0.0001220703125,0,-0.0001220703125,9.1552734375e-05,3.0517578125e-05,-14,-13
original_prcp_hindcast,2001,0,3672-4392,25.5,24.5,False,0,0.001708984375,0.0015869140625,-0.0001220703125,9.1552734375e-05,3.0517578125e-05,-14,-13
original_prcp_hindcast,2001,0,3672-4392,22.5,15.5,False,0,0.0035400390625,0.00341796875,-0.0001220703125,9.1552734375e-05,3.0517578125e-05,-14,-13
original_prcp_hindcast,2001,1,3672-4392,36.5,64.5,True,2,0.0308837890625,0.03076171875,-0.0001220703125,9.1552734375e-05,3.0517578125e-05,-14,-13
original_prcp_hindcast,2001,1,3672-4392,26.5,29.5,False,0,0.00048828125,0.0003662109375,-0.0001220703125,9.1552734375e-05,3.0517578125e-05,-14,-13
original_prcp_hindcast,2001,1,3672-4392,24.5,16.5,False,0,0.0013427734375,0.001220703125,-0.0001220703125,9.1552734375e-05,3.0517578125e-05,-14,-13
original_prcp_hindcast,2001,1,3672-4392,23.5,22.5,False,0,0.0023193359375,0.002197265625,-0.0001220703125,9.1552734375e-05,3.0517578125e-05,-14,-13
original_prcp_hindcast,2001,1,3672-4392,-25.5,19.5,False,0,0.066650390625,0.0665283203125,-0.0001220703125,9.1552734375e-05,3.0517578125e-05,-14,-13
original_prcp_hindcast,2001,4,3672-4392,35.5,44.5,False,0,0.11706812409101985,0.116943359375,-0.00012476471601985395,0.00012207031295474735,2.6944030651065987e-06,-13,-13
original_prcp_hindcast,2001,4,3672-4392,34.5,56.5,False,0,0.0090358975285198539,0.0089111328125,-0.00012476471601985395,0.00012207031295474735,2.6944030651065987e-06,-13,-13
original_prcp_hindcast,2001,4,3672-4392,33.5,40.5,False,0,0.055544686591019854,0.055419921875,-0.00012476471601985395,0.00012207031295474735,2.6944030651065987e-06,-13,-13
original_prcp_hindcast,2001,4,3672-4392,33.5,65.5,False,0,0.027712655341019854,0.027587890625,-0.00012476471601985395,0.00012207031295474735,2.6944030651065987e-06,-13,-13
original_prcp_hindcast,2001,4,3672-4392,33.5,66.5,True,2,0.032229256903519854,0.0321044921875,-0.00012476471601985395,0.00012207031295474735,2.6944030651065987e-06,-13,-13
original_prcp_hindcast,2001,4,3672-4392,32.5,41.5,False,0,0.029421639716019854,0.029296875,-0.00012476471601985395,0.00012207031295474735,2.6944030651065987e-06,-13,-13
original_prcp_hindcast,2001,4,3672-4392,32.5,42.5,False,0,0.026247811591019854,0.026123046875,-0.00012476471601985395,0.00012207031295474735,2.6944030651065987e-06,-13,-13
original_prcp_hindcast,2001,4,3672-4392,31.5,62.5,False,0,0.0034206631535198539,0.0032958984375,-0.00012476471601985395,0.00012207031295474735,2.6944030651065987e-06,-13,-13
original_prcp_hindcast,2001,4,3672-4392,30.5,50.5,False,0,0.016726327216019854,0.0166015625,-0.00012476471601985395,0.00012207031295474735,2.6944030651065987e-06,-13,-13
original_prcp_hindcast,2001,4,3672-4392,30.5,60.5,False,0,0.0059841397160198539,0.005859375,-0.00012476471601985395,0.00012207031295474735,2.6944030651065987e-06,-13,-13
original_prcp_hindcast,2001,4,3672-4392,29.5,25.5,False,0,0.0012233975285198539,0.0010986328125,-0.00012476471601985395,0.00012207031295474735,2.6944030651065987e-06,-13,-13
original_prcp_hindcast,2001,4,3672-4392,29.5,52.5,False,0,0.044436288153519854,0.0443115234375,-0.00012476471601985395,0.00012207031295474735,2.6944030651065987e-06,-13,-13
original_prcp_hindcast,2001,4,3672-4392,29.5,60.5,False,0,0.015383553778519854,0.0152587890625,-0.00012476471601985395,0.00012207031295474735,2.6944030651065987e-06,-13,-13
original_prcp_hindcast,2001,4,3672-4392,28.5,64.5,False,0,0.0081814053410198539,0.008056640625,-0.00012476471601985395,0.00012207031295474735,2.6944030651065987e-06,-13,-13
original_prcp_hindcast,2001,4,3672-4392,27.5,23.5,False,0,0.00073511627851985395,0.0006103515625,-0.00012476471601985395,0.00012207031295474735,2.6944030651065987e-06,-13,-13
original_prcp_hindcast,2001,4,3672-4392,27.5,32.5,False,0,0.0067165615910198539,0.006591796875,-0.00012476471601985395,0.00012207031295474735,2.6944030651065987e-06,-13,-13
original_prcp_hindcast,2001,4,3672-4392,27.5,38.5,False,0,0.0052517178410198539,0.005126953125,-0.00012476471601985395,0.00012207031295474735,2.6944030651065987e-06,-13,-13
original_prcp_hindcast,2001,4,3672-4392,26.5,15.5,False,0,0.00061304596601985395,0.00048828125,-0.00012476471601985395,0.00012207031295474735,2.6944030651065987e-06,-13,-13
original_prcp_hindcast,2001,4,3672-4392,26.5,24.5,False,0,0.00049097565351985395,0.0003662109375,-0.00012476471601985395,0.00012207031295474735,2.6944030651065987e-06,-13,-13
original_prcp_hindcast,2001,4,3672-4392,26.5,44.5,False,0,0.0085476162785198539,0.0084228515625,-0.00012476471601985395,0.00012207031295474735,2.6944030651065987e-06,-13,-13
original_prcp_hindcast,2001,4,3672-4392,25.5,22.5,False,0,0.00073511627851985395,0.0006103515625,-0.00012476471601985395,0.00012207031295474735,2.6944030651065987e-06,-13,-13
original_prcp_hindcast,2001,4,3672-4392,25.5,33.5,False,0,0.00085718659101985395,0.000732421875,-0.00012476471601985395,0.00012207031295474735,2.6944030651065987e-06,-13,-13
original_prcp_hindcast,2001,4,3672-4392,25.5,48.5,False,0,0.00061304596601985395,0.00048828125,-0.00012476471601985395,0.00012207031295474735,2.6944030651065987e-06,-13,-13
original_prcp_hindcast,2001,4,3672-4392,25.5,53.5,False,0,0.00012476471601985395,0,-0.00012476471601985395,0.00012207031295474735,2.6944030651065987e-06,-13,-13
original_prcp_hindcast,2001,4,3672-4392,24.5,27.5,False,0,0.00097925690351985395,0.0008544921875,-0.00012476471601985395,0.00012207031295474735,2.6944030651065987e-06,-13,-13
original_prcp_hindcast,2001,4,3672-4392,24.5,28.5,False,0,0.00012476471601985395,0,-0.00012476471601985395,0.00012207031295474735,2.6944030651065987e-06,-13,-13
original_prcp_hindcast,2001,4,3672-4392,24.5,37.5,False,0,0.0012233975285198539,0.0010986328125,-0.00012476471601985395,0.00012207031295474735,2.6944030651065987e-06,-13,-13
original_prcp_hindcast,2001,4,3672-4392,24.5,48.5,False,0,0.00024683502851985395,0.0001220703125,-0.00012476471601985395,0.00012207031295474735,2.6944030651065987e-06,-13,-13
original_prcp_hindcast,2001,4,3672-4392,23.5,41.5,False,0,0.056643319403519854,0.0565185546875,-0.00012476471601985395,0.00012207031295474735,2.6944030651065987e-06,-13,-13
original_prcp_hindcast,2001,4,3672-4392,23.5,42.5,False,0,0.030031991278519854,0.0299072265625,-0.00012476471601985395,0.00012207031295474735,2.6944030651065987e-06,-13,-13
original_prcp_hindcast,2001,4,3672-4392,22.5,-0.5,False,0,0.0029323819035198539,0.0028076171875,-0.00012476471601985395,0.00012207031295474735,2.6944030651065987e-06,-13,-13
original_prcp_hindcast,2001,4,3672-4392,22.5,9.5,False,0,0.00049097565351985395,0.0003662109375,-0.00012476471601985395,0.00012207031295474735,2.6944030651065987e-06,-13,-13
original_prcp_hindcast,2001,4,3672-4392,22.5,15.5,False,0,0.00036890534101985395,0.000244140625,-0.00012476471601985395,0.00012207031295474735,2.6944030651065987e-06,-13,-13
original_prcp_hindcast,2001,4,3672-4392,22.5,31.5,False,0,0.00024683502851985395,0.0001220703125,-0.00012476471601985395,0.00012207031295474735,2.6944030651065987e-06,-13,-13
original_prcp_hindcast,2001,4,3672-4392,21.5,33.5,False,0,0.0032985928410198539,0.003173828125,-0.00012476471601985395,0.00012207031295474735,2.6944030651065987e-06,-13,-13
original_prcp_hindcast,2001,4,3672-4392,20.5,26.5,False,0,0.0042751553410198539,0.004150390625,-0.00012476471601985395,0.00012207031295474735,2.6944030651065987e-06,-13,-13
original_prcp_hindcast,2001,4,3672-4392,19.5,51.5,False,0,0.0095241787785198539,0.0093994140625,-0.00012476471601985395,0.00012207031295474735,2.6944030651065987e-06,-13,-13
original_prcp_hindcast,2001,4,3672-4392,18.5,55.5,False,0,0.041384530341019854,0.041259765625,-0.00012476471601985395,0.00012207031295474735,2.6944030651065987e-06,-13,-13
original_prcp_hindcast,2001,4,3672-4392,17.5,47.5,True,3,0.0068386319035198539,0.0067138671875,-0.00012476471601985395,0.00012207031295474735,2.6944030651065987e-06,-13,-13
original_prcp_hindcast,2001,4,3672-4392,17.5,48.5,False,0,0.0070827725285198539,0.0069580078125,-0.00012476471601985395,0.00012207031295474735,2.6944030651065987e-06,-13,-13
original_prcp_hindcast,2001,4,3672-4392,12.5,50.5,False,0,0.00073511627851985395,0.0006103515625,-0.00012476471601985395,0.00012207031295474735,2.6944030651065987e-06,-13,-13
original_prcp_hindcast,2001,4,3672-4392,-24.5,124.5,False,0,0.020754647528519854,0.0206298828125,-0.00012476471601985395,0.00012207031295474735,2.6944030651065987e-06,-13,-13
original_prcp_hindcast,2001,6,4392-5136,27.5,25.5,False,0,0.00073364382933505112,0.0006103515625,-0.00012329226683505112,0.00012207031295474735,1.2219538803037722e-06,-13,-13
original_prcp_hindcast,2001,6,4392-5136,27.5,32.5,False,0,0.0035412610168350511,0.00341796875,-0.00012329226683505112,0.00012207031295474735,1.2219538803037722e-06,-13,-13
original_prcp_hindcast,2001,6,4392-5136,27.5,33.5,False,0,0.00073364382933505112,0.0006103515625,-0.00012329226683505112,0.00012207031295474735,1.2219538803037722e-06,-13,-13
original_prcp_hindcast,2001,6,4392-5136,27.5,35.5,False,0,0.00097778445433505112,0.0008544921875,-0.00012329226683505112,0.00012207031295474735,1.2219538803037722e-06,-13,-13
original_prcp_hindcast,2001,6,4392-5136,26.5,34.5,False,0,0.00085571414183505112,0.000732421875,-0.00012329226683505112,0.00012207031295474735,1.2219538803037722e-06,-13,-13
original_prcp_hindcast,2001,6,4392-5136,25.5,48.5,False,0,0.0017102063293350511,0.0015869140625,-0.00012329226683505112,0.00012207031295474735,1.2219538803037722e-06,-13,-13
original_prcp_hindcast,2001,6,4392-5136,25.5,52.5,False,0,0.00012329226683505112,0,-0.00012329226683505112,0.00012207031295474735,1.2219538803037722e-06,-13,-13
original_prcp_hindcast,2001,6,4392-5136,24.5,-0.5,False,0,0.0050061047668350511,0.0048828125,-0.00012329226683505112,0.00012207031295474735,1.2219538803037722e-06,-13,-13
original_prcp_hindcast,2001,6,4392-5136,23.5,26.5,False,0,0.0030529797668350511,0.0029296875,-0.00012329226683505112,0.00012207031295474735,1.2219538803037722e-06,-13,-13
original_prcp_hindcast,2001,6,4392-5136,23.5,37.5,False,0,0.00024536257933505112,0.0001220703125,-0.00012329226683505112,0.00012207031295474735,1.2219538803037722e-06,-13,-13
original_prcp_hindcast,2001,6,4392-5136,23.5,46.5,False,0,0.0021984875793350511,0.0020751953125,-0.00012329226683505112,0.00012207031295474735,1.2219538803037722e-06,-13,-13
original_prcp_hindcast,2001,6,4392-5136,23.5,49.5,False,0,0.00036743289183505112,0.000244140625,-0.00012329226683505112,0.00012207031295474735,1.2219538803037722e-06,-13,-13
original_prcp_hindcast,2001,6,4392-5136,22.5,25.5,False,0,0.0030529797668350511,0.0029296875,-0.00012329226683505112,0.00012207031295474735,1.2219538803037722e-06,-13,-13
original_prcp_hindcast,2001,6,4392-5136,21.5,-9.5,False,0,0.017579346954335051,0.0174560546875,-0.00012329226683505112,0.00012207031295474735,1.2219538803037722e-06,-13,-13
original_prcp_hindcast,2001,6,4392-5136,21.5,3.5,False,0,0.015015870391835051,0.014892578125,-0.00012329226683505112,0.00012207031295474735,1.2219538803037722e-06,-13,-13
original_prcp_hindcast,2001,6,4392-5136,21.5,11.5,False,0,0.0030529797668350511,0.0029296875,-0.00012329226683505112,0.00012207031295474735,1.2219538803037722e-06,-13,-13
original_prcp_hindcast,2001,6,4392-5136,20.5,-16.5,False,0,0.037354737579335051,0.0372314453125,-0.00012329226683505112,0.00012207031295474735,1.2219538803037722e-06,-13,-13
original_prcp_hindcast,2001,6,4392-5136,20.5,14.5,False,0,0.011109620391835051,0.010986328125,-0.00012329226683505112,0.00012207031295474735,1.2219538803037722e-06,-13,-13
original_prcp_hindcast,2001,6,4392-5136,20.5,17.5,False,0,0.064820557891835051,0.064697265625,-0.00012329226683505112,0.00012207031295474735,1.2219538803037722e-06,-13,-13
original_prcp_hindcast,2001,6,4392-5136,20.5,53.5,False,0,0.00048950320433505112,0.0003662109375,-0.00012329226683505112,0.00012207031295474735,1.2219538803037722e-06,-13,-13
original_prcp_hindcast,2001,6,4392-5136,19.5,17.5,False,0,0.046387940704335051,0.0462646484375,-0.00012329226683505112,0.00012207031295474735,1.2219538803037722e-06,-13,-13
original_prcp_hindcast,2001,6,4392-5136,19.5,19.5,False,0,0.017823487579335051,0.0177001953125,-0.00012329226683505112,0.00012207031295474735,1.2219538803037722e-06,-13,-13
original_prcp_hindcast,2001,6,4392-5136,18.5,-8.5,False,0,0.082154542266835051,0.08203125,-0.00012329226683505112,0.00012207031295474735,1.2219538803037722e-06,-13,-13
original_prcp_hindcast,2001,6,4392-5136,18.5,-1.5,False,0,0.069459229766835051,0.0693359375,-0.00012329226683505112,0.00012207031295474735,1.2219538803037722e-06,-13,-13
original_prcp_hindcast,2001,6,4392-5136,18.5,7.5,False,0,0.061402589141835051,0.061279296875,-0.00012329226683505112,0.00012207031295474735,1.2219538803037722e-06,-13,-13
original_prcp_hindcast,2001,6,4392-5136,18.5,19.5,False,0,0.030885011016835051,0.03076171875,-0.00012329226683505112,0.00012207031295474735,1.2219538803037722e-06,-13,-13
original_prcp_hindcast,2001,6,4392-5136,17.5,10.5,False,0,0.028199464141835051,0.028076171875,-0.00012329226683505112,0.00012207031295474735,1.2219538803037722e-06,-13,-13
original_prcp_hindcast,2001,6,4392-5136,17.5,46.5,False,0,0.00012329226683505112,0,-0.00012329226683505112,0.00012207031295474735,1.2219538803037722e-06,-13,-13
original_prcp_hindcast,2001,6,4392-5136,16.5,10.5,False,0,0.038697511016835051,0.03857421875,-0.00012329226683505112,0.00012207031295474735,1.2219538803037722e-06,-13,-13
original_prcp_hindcast,2001,6,4392-5136,15.5,-4.5,True,2,0.42224243289183505,0.422119140625,-0.00012329226683505112,0.00012207031295474735,1.2219538803037722e-06,-13,-13
original_prcp_hindcast,2001,6,4392-5136,14.5,-0.5,True,1,0.48584106570433505,0.4857177734375,-0.00012329226683505112,0.00012207031295474735,1.2219538803037722e-06,-13,-13
original_prcp_hindcast,2001,6,4392-5136,14.5,12.5,True,1,0.20129516726683505,0.201171875,-0.00012329226683505112,0.00012207031295474735,1.2219538803037722e-06,-13,-13
original_prcp_hindcast,2001,6,4392-5136,-16.5,122.5,False,0,0.0070813000793350511,0.0069580078125,-0.00012329226683505112,0.00012207031295474735,1.2219538803037722e-06,-13,-13
original_prcp_hindcast,2001,6,4392-5136,-17.5,115.5,False,0,0.017701417266835051,0.017578125,-0.00012329226683505112,0.00012207031295474735,1.2219538803037722e-06,-13,-13
original_prcp_hindcast,2001,6,4392-5136,-20.5,119.5,False,0,0.0096447766418350511,0.009521484375,-0.00012329226683505112,0.00012207031295474735,1.2219538803037722e-06,-13,-13
original_prcp_hindcast,2001,6,4392-5136,-20.5,124.5,False,0,0.00085571414183505112,0.000732421875,-0.00012329226683505112,0.00012207031295474735,1.2219538803037722e-06,-13,-13
original_prcp_hindcast,2001,6,4392-5136,-21.5,116.5,False,0,0.040406495391835051,0.040283203125,-0.00012329226683505112,0.00012207031295474735,1.2219538803037722e-06,-13,-13
original_prcp_hindcast,2001,6,4392-5136,-21.5,118.5,False,0,0.025025636016835051,0.02490234375,-0.00012329226683505112,0.00012207031295474735,1.2219538803037722e-06,-13,-13
original_prcp_hindcast,2001,6,4392-5136,-23.5,118.5,False,0,0.026124268829335051,0.0260009765625,-0.00012329226683505112,0.00012207031295474735,1.2219538803037722e-06,-13,-13
original_prcp_hindcast,2001,6,4392-5136,-25.5,119.5,False,0,0.020509034454335051,0.0203857421875,-0.00012329226683505112,0.00012207031295474735,1.2219538803037722e-06,-13,-13
original_prcp_hindcast,2001,6,4392-5136,-25.5,124.5,False,0,0.043092042266835051,0.04296875,-0.00012329226683505112,0.00012207031295474735,1.2219538803037722e-06,-13,-13
original_prcp_hindcast,2001,6,4392-5136,-26.5,117.5,False,0,0.053101807891835051,0.052978515625,-0.00012329226683505112,0.00012207031295474735,1.2219538803037722e-06,-13,-13
original_prcp_hindcast,2001,8,3672-4392,32.5,58.5,False,0,0.00048828125,0.0003662109375,-0.0001220703125,9.1552734375e-05,3.0517578125e-05,-14,-13
original_prcp_hindcast,2001,8,3672-4392,31.5,45.5,False,0,0.003173828125,0.0030517578125,-0.0001220703125,9.1552734375e-05,3.0517578125e-05,-14,-13
original_prcp_hindcast,2001,8,3672-4392,23.5,0.5,False,0,0.003662109375,0.0035400390625,-0.0001220703125,9.1552734375e-05,3.0517578125e-05,-14,-13
original_prcp_hindcast,2001,8,3672-4392,22.5,46.5,False,0,0.0009765625,0.0008544921875,-0.0001220703125,9.1552734375e-05,3.0517578125e-05,-14,-13
original_prcp_hindcast,2001,8,3672-4392,17.5,24.5,False,0,0.004638671875,0.0045166015625,-0.0001220703125,9.1552734375e-05,3.0517578125e-05,-14,-13
original_prcp_hindcast,2001,13,3672-4392,33.5,66.5,True,2,0.049072265625,0.0489501953125,-0.0001220703125,9.1552734375e-05,3.0517578125e-05,-14,-13
original_prcp_hindcast,2001,13,3672-4392,30.5,61.5,False,0,0.0069580078125,0.0068359375,-0.0001220703125,9.1552734375e-05,3.0517578125e-05,-14,-13
original_prcp_hindcast,2001,13,3672-4392,26.5,19.5,False,0,0.000244140625,0.0001220703125,-0.0001220703125,9.1552734375e-05,3.0517578125e-05,-14,-13
original_prcp_hindcast,2001,13,3672-4392,-9.5,-47.5,False,0,0.2012939453125,0.201171875,-0.0001220703125,9.1552734375e-05,3.0517578125e-05,-14,-13
original_prcp_hindcast,2002,1,3672-4392,27.5,6.5,False,0,0.0024441732484774548,0.0023197164568955486,-0.00012445679158190615,9.155273485816906e-05,3.2904056723737085e-05,-14,-13
original_prcp_hindcast,2002,1,3672-4392,27.5,38.5,False,0,0.029787923248477455,0.029663466456895549,-0.00012445679158190615,9.155273485816906e-05,3.2904056723737085e-05,-14,-13
original_prcp_hindcast,2002,3,3672-4392,38.5,82.5,False,0,0.0051342524066058104,0.00506591796875,-6.8334437855810393e-05,6.1035156704747351e-05,7.2992811510630418e-06,-14,-14
original_prcp_hindcast,2002,3,3672-4392,38.5,83.5,False,0,0.0036083735003558104,0.0035400390625,-6.8334437855810393e-05,6.1035156704747351e-05,7.2992811510630418e-06,-14,-14
original_prcp_hindcast,2002,3,3672-4392,37.5,60.5,False,0,0.06903806100035581,0.0689697265625,-6.8334437855810393e-05,6.1035156704747351e-05,7.2992811510630418e-06,-14,-14
original_prcp_hindcast,2002,3,3672-4392,36.5,39.5,False,0,0.06098142037535581,0.0609130859375,-6.8334437855810393e-05,6.1035156704747351e-05,7.2992811510630418e-06,-14,-14
original_prcp_hindcast,2002,3,3672-4392,36.5,44.5,False,0,0.22846188912535581,0.2283935546875,-6.8334437855810393e-05,6.1035156704747351e-05,7.2992811510630418e-06,-14,-14
original_prcp_hindcast,2002,3,3672-4392,36.5,65.5,True,5,0.10742917428160581,0.10736083984375,-6.8334437855810393e-05,6.1035156704747351e-05,7.2992811510630418e-06,-14,-14
original_prcp_hindcast,2002,3,3672-4392,35.5,38.5,False,0,0.02204099068785581,0.02197265625,-6.8334437855810393e-05,6.1035156704747351e-05,7.2992811510630418e-06,-14,-14
original_prcp_hindcast,2002,3,3672-4392,35.5,55.5,False,0,0.04724851021910581,0.04718017578125,-6.8334437855810393e-05,6.1035156704747351e-05,7.2992811510630418e-06,-14,-14
original_prcp_hindcast,2002,3,3672-4392,35.5,57.5,False,0,0.06476560006285581,0.064697265625,-6.8334437855810393e-05,6.1035156704747351e-05,7.2992811510630418e-06,-14,-14
original_prcp_hindcast,2002,3,3672-4392,34.5,41.5,False,0,0.02484860787535581,0.0247802734375,-6.8334437855810393e-05,6.1035156704747351e-05,7.2992811510630418e-06,-14,-14
original_prcp_hindcast,2002,3,3672-4392,34.5,42.5,False,0,0.05261960396910581,0.05255126953125,-6.8334437855810393e-05,6.1035156704747351e-05,7.2992811510630418e-06,-14,-14
original_prcp_hindcast,2002,3,3672-4392,34.5,43.5,False,0,0.05622067818785581,0.05615234375,-6.8334437855810393e-05,6.1035156704747351e-05,7.2992811510630418e-06,-14,-14
original_prcp_hindcast,2002,3,3672-4392,34.5,58.5,False,0,0.09052243600035581,0.0904541015625,-6.8334437855810393e-05,6.1035156704747351e-05,7.2992811510630418e-06,-14,-14
original_prcp_hindcast,2002,3,3672-4392,34.5,60.5,False,0,0.06708493600035581,0.0670166015625,-6.8334437855810393e-05,6.1035156704747351e-05,7.2992811510630418e-06,-14,-14
original_prcp_hindcast,2002,3,3672-4392,33.5,51.5,False,0,0.12891354928160581,0.12884521484375,-6.8334437855810393e-05,6.1035156704747351e-05,7.2992811510630418e-06,-14,-14
original_prcp_hindcast,2002,3,3672-4392,33.5,53.5,False,0,0.03955808053160581,0.03948974609375,-6.8334437855810393e-05,6.1035156704747351e-05,7.2992811510630418e-06,-14,-14
original_prcp_hindcast,2002,3,3672-4392,33.5,63.5,False,0,0.09845700631285581,0.098388671875,-6.8334437855810393e-05,6.1035156704747351e-05,7.2992811510630418e-06,-14,-14
original_prcp_hindcast,2002,3,3672-4392,32.5,43.5,False,0,0.0058056391253558104,0.0057373046875,-6.8334437855810393e-05,6.1035156704747351e-05,7.2992811510630418e-06,-14,-14
original_prcp_hindcast,2002,3,3672-4392,32.5,44.5,False,0,0.0094677485003558104,0.0093994140625,-6.8334437855810393e-05,6.1035156704747351e-05,7.2992811510630418e-06,-14,-14
original_prcp_hindcast,2002,3,3672-4392,32.5,45.5,False,0,0.01520505318785581,0.01513671875,-6.8334437855810393e-05,6.1035156704747351e-05,7.2992811510630418e-06,-14,-14
original_prcp_hindcast,2002,3,3672-4392,32.5,48.5,False,0,0.13959470162535581,0.1395263671875,-6.8334437855810393e-05,6.1035156704747351e-05,7.2992811510630418e-06,-14,-14
original_prcp_hindcast,2002,3,3672-4392,32.5,51.5,False,0,0.04901852975035581,0.0489501953125,-6.8334437855810393e-05,6.1035156704747351e-05,7.2992811510630418e-06,-14,-14
original_prcp_hindcast,2002,3,3672-4392,32.5,56.5,False,0,0.03900876412535581,0.0389404296875,-6.8334437855810393e-05,6.1035156704747351e-05,7.2992811510630418e-06,-14,-14
original_prcp_hindcast,2002,3,3672-4392,32.5,62.5,True,2,0.01886716256285581,0.018798828125,-6.8334437855810393e-05,6.1035156704747351e-05,7.2992811510630418e-06,-14,-14
original_prcp_hindcast,2002,3,3672-4392,31.5,37.5,False,0,0.0040966547503558104,0.0040283203125,-6.8334437855810393e-05,6.1035156704747351e-05,7.2992811510630418e-06,-14,-14
original_prcp_hindcast,2002,3,3672-4392,31.5,45.5,False,0,0.0083691156878558104,0.00830078125,-6.8334437855810393e-05,6.1035156704747351e-05,7.2992811510630418e-06,-14,-14
original_prcp_hindcast,2002,3,3672-4392,31.5,46.5,False,0,0.01709714303160581,0.01702880859375,-6.8334437855810393e-05,6.1035156704747351e-05,7.2992811510630418e-06,-14,-14
original_prcp_hindcast,2002,3,3672-4392,31.5,54.5,False,0,0.05371823678160581,0.05364990234375,-6.8334437855810393e-05,6.1035156704747351e-05,7.2992811510630418e-06,-14,-14
original_prcp_hindcast,2002,3,3672-4392,30.5,5.5,False,0,0.01746335396910581,0.01739501953125,-6.8334437855810393e-05,6.1035156704747351e-05,7.2992811510630418e-06,-14,-14
original_prcp_hindcast,2002,3,3672-4392,30.5,44.5,False,0,0.01404538521910581,0.01397705078125,-6.8334437855810393e-05,6.1035156704747351e-05,7.2992811510630418e-06,-14,-14
original_prcp_hindcast,2002,3,3672-4392,29.5,5.5,False,0,0.01886716256285581,0.018798828125,-6.8334437855810393e-05,6.1035156704747351e-05,7.2992811510630418e-06,-14,-14
original_prcp_hindcast,2002,3,3672-4392,29.5,37.5,False,0,0.0018383539691058104,0.00177001953125,-6.8334437855810393e-05,6.1035156704747351e-05,7.2992811510630418e-06,-14,-14
original_prcp_hindcast,2002,3,3672-4392,29.5,47.5,False,0,0.03107419381285581,0.031005859375,-6.8334437855810393e-05,6.1035156704747351e-05,7.2992811510630418e-06,-14,-14
original_prcp_hindcast,2002,3,3672-4392,29.5,56.5,False,0,0.07111325631285581,0.071044921875,-6.8334437855810393e-05,6.1035156704747351e-05,7.2992811510630418e-06,-14,-14
original_prcp_hindcast,2002,3,3672-4392,28.5,21.5,False,0,0.00031247506285581039,0.000244140625,-6.8334437855810393e-05,6.1035156704747351e-05,7.2992811510630418e-06,-14,-14
original_prcp_hindcast,2002,3,3672-4392,28.5,39.5,False,0,0.0020214594378558104,0.001953125,-6.8334437855810393e-05,6.1035156704747351e-05,7.2992811510630418e-06,-14,-14
original_prcp_hindcast,2002,3,3672-4392,28.5,55.5,False,0,0.04376950631285581,0.043701171875,-6.8334437855810393e-05,6.1035156704747351e-05,7.2992811510630418e-06,-14,-14
original_prcp_hindcast,2002,3,3672-4392,28.5,56.5,False,0,0.04163327584410581,0.04156494140625,-6.8334437855810393e-05,6.1035156704747351e-05,7.2992811510630418e-06,-14,-14
original_prcp_hindcast,2002,3,3672-4392,27.5,3.5,False,0,0.0045239008441058104,0.00445556640625,-6.8334437855810393e-05,6.1035156704747351e-05,7.2992811510630418e-06,-14,-14
original_prcp_hindcast,2002,3,3672-4392,27.5,12.5,False,0,0.0047070063128558104,0.004638671875,-6.8334437855810393e-05,6.1035156704747351e-05,7.2992811510630418e-06,-14,-14
original_prcp_hindcast,2002,3,3672-4392,27.5,22.5,False,0,0.00012936959410581039,6.103515625e-05,-6.8334437855810393e-05,6.1035156704747351e-05,7.2992811510630418e-06,-14,-14
original_prcp_hindcast,2002,3,3672-4392,27.5,25.5,False,0,6.8334437855810393e-05,0,-6.8334437855810393e-05,6.1035156704747351e-05,7.2992811510630418e-06,-14,-14
original_prcp_hindcast,2002,3,3672-4392,27.5,43.5,False,0,0.02551999459410581,0.02545166015625,-6.8334437855810393e-05,6.1035156704747351e-05,7.2992811510630418e-06,-14,-14
original_prcp_hindcast,2002,3,3672-4392,27.5,46.5,False,0,0.03925290475035581,0.0391845703125,-6.8334437855810393e-05,6.1035156704747351e-05,7.2992811510630418e-06,-14,-14
original_prcp_hindcast,2002,3,3672-4392,27.5,50.5,False,0,0.02313962350035581,0.0230712890625,-6.8334437855810393e-05,6.1035156704747351e-05,7.2992811510630418e-06,-14,-14
original_prcp_hindcast,2002,3,3672-4392,27.5,55.5,False,0,0.01892819771910581,0.01885986328125,-6.8334437855810393e-05,6.1035156704747351e-05,7.2992811510630418e-06,-14,-14
original_prcp_hindcast,2002,3,3672-4392,27.5,56.5,False,0,0.02045407662535581,0.0203857421875,-6.8334437855810393e-05,6.1035156704747351e-05,7.2992811510630418e-06,-14,-14
original_prcp_hindcast,2002,3,3672-4392,26.5,6.5,False,0,0.0018993891253558104,0.0018310546875,-6.8334437855810393e-05,6.1035156704747351e-05,7.2992811510630418e-06,-14,-14
original_prcp_hindcast,2002,3,3672-4392,26.5,7.5,False,0,0.0032421625628558104,0.003173828125,-6.8334437855810393e-05,6.1035156704747351e-05,7.2992811510630418e-06,-14,-14
original_prcp_hindcast,2002,3,3672-4392,26.5,8.5,False,0,0.0035473383441058104,0.00347900390625,-6.8334437855810393e-05,6.1035156704747351e-05,7.2992811510630418e-06,-14,-14
original_prcp_hindcast,2002,3,3672-4392,26.5,11.5,False,0,0.0038525141253558104,0.0037841796875,-6.8334437855810393e-05,6.1035156704747351e-05,7.2992811510630418e-06,-14,-14
original_prcp_hindcast,2002,3,3672-4392,26.5,20.5,False,0,0.00025143990660581039,0.00018310546875,-6.8334437855810393e-05,6.1035156704747351e-05,7.2992811510630418e-06,-14,-14
original_prcp_hindcast,2002,3,3672-4392,26.5,23.5,False,0,0.00012936959410581039,6.103515625e-05,-6.8334437855810393e-05,6.1035156704747351e-05,7.2992811510630418e-06,-14,-14
original_prcp_hindcast,2002,3,3672-4392,26.5,25.5,False,0,6.8334437855810393e-05,0,-6.8334437855810393e-05,6.1035156704747351e-05,7.2992811510630418e-06,-14,-14
original_prcp_hindcast,2002,3,3672-4392,26.5,26.5,False,0,6.8334437855810393e-05,0,-6.8334437855810393e-05,6.1035156704747351e-05,7.2992811510630418e-06,-14,-14
original_prcp_hindcast,2002,3,3672-4392,26.5,27.5,False,0,6.8334437855810393e-05,0,-6.8334437855810393e-05,6.1035156704747351e-05,7.2992811510630418e-06,-14,-14
original_prcp_hindcast,2002,3,3672-4392,26.5,38.5,False,0,0.0091015375628558104,0.009033203125,-6.8334437855810393e-05,6.1035156704747351e-05,7.2992811510630418e-06,-14,-14
original_prcp_hindcast,2002,3,3672-4392,26.5,52.5,False,0,0.0058666742816058104,0.00579833984375,-6.8334437855810393e-05,6.1035156704747351e-05,7.2992811510630418e-06,-14,-14
original_prcp_hindcast,2002,3,3672-4392,26.5,58.5,False,0,0.03327145943785581,0.033203125,-6.8334437855810393e-05,6.1035156704747351e-05,7.2992811510630418e-06,-14,-14
original_prcp_hindcast,2002,3,3672-4392,26.5,68.5,True,4,0.18891110787535581,0.1888427734375,-6.8334437855810393e-05,6.1035156704747351e-05,7.2992811510630418e-06,-14,-14
original_prcp_hindcast,2002,3,3672-4392,25.5,0.5,False,0,0.0019604242816058104,0.00189208984375,-6.8334437855810393e-05,6.1035156704747351e-05,7.2992811510630418e-06,-14,-14
original_prcp_hindcast,2002,3,3672-4392,25.5,1.5,False,0,0.0014721430316058104,0.00140380859375,-6.8334437855810393e-05,6.1035156704747351e-05,7.2992811510630418e-06,-14,-14
original_prcp_hindcast,2002,3,3672-4392,25.5,3.5,False,0,0.0020214594378558104,0.001953125,-6.8334437855810393e-05,6.1035156704747351e-05,7.2992811510630418e-06,-14,-14
original_prcp_hindcast,2002,3,3672-4392,25.5,36.5,False,0,0.00019040475035581039,0.0001220703125,-6.8334437855810393e-05,6.1035156704747351e-05,7.2992811510630418e-06,-14,-14
original_prcp_hindcast,2002,3,3672-4392,25.5,38.5,False,0,0.01166501412535581,0.0115966796875,-6.8334437855810393e-05,6.1035156704747351e-05,7.2992811510630418e-06,-14,-14
original_prcp_hindcast,2002,3,3672-4392,25.5,52.5,False,0,0.0074535883441058104,0.00738525390625,-6.8334437855810393e-05,6.1035156704747351e-05,7.2992811510630418e-06,-14,-14
original_prcp_hindcast,2002,3,3672-4392,24.5,10.5,False,0,0.01001706490660581,0.00994873046875,-6.8334437855810393e-05,6.1035156704747351e-05,7.2992811510630418e-06,-14,-14
original_prcp_hindcast,2002,3,3672-4392,24.5,30.5,False,0,0.00019040475035581039,0.0001220703125,-6.8334437855810393e-05,6.1035156704747351e-05,7.2992811510630418e-06,-14,-14
original_prcp_hindcast,2002,3,3672-4392,24.5,32.5,False,0,0.00043454537535581039,0.0003662109375,-6.8334437855810393e-05,6.1035156704747351e-05,7.2992811510630418e-06,-14,-14
original_prcp_hindcast,2002,3,3672-4392,24.5,40.5,False,0,0.0068432367816058104,0.00677490234375,-6.8334437855810393e-05,6.1035156704747351e-05,7.2992811510630418e-06,-14,-14
original_prcp_hindcast,2002,3,3672-4392,23.5,8.5,False,0,0.0050732172503558104,0.0050048828125,-6.8334437855810393e-05,6.1035156704747351e-05,7.2992811510630418e-06,-14,-14
original_prcp_hindcast,2002,3,3672-4392,23.5,17.5,False,0,0.0038525141253558104,0.0037841796875,-6.8334437855810393e-05,6.1035156704747351e-05,7.2992811510630418e-06,-14,-14
original_prcp_hindcast,2002,3,3672-4392,23.5,20.5,False,0,0.0017162836566058104,0.00164794921875,-6.8334437855810393e-05,6.1035156704747351e-05,7.2992811510630418e-06,-14,-14
original_prcp_hindcast,2002,3,3672-4392,23.5,32.5,False,0,0.00025143990660581039,0.00018310546875,-6.8334437855810393e-05,6.1035156704747351e-05,7.2992811510630418e-06,-14,-14
original_prcp_hindcast,2002,3,3672-4392,23.5,34.5,False,0,0.00061765084410581039,0.00054931640625,-6.8334437855810393e-05,6.1035156704747351e-05,7.2992811510630418e-06,-14,-14
original_prcp_hindcast,2002,3,3672-4392,22.5,5.5,False,0,0.0094677485003558104,0.0093994140625,-6.8334437855810393e-05,6.1035156704747351e-05,7.2992811510630418e-06,-14,-14
original_prcp_hindcast,2002,3,3672-4392,22.5,17.5,False,0,0.0062939203753558104,0.0062255859375,-6.8334437855810393e-05,6.1035156704747351e-05,7.2992811510630418e-06,-14,-14
original_prcp_hindcast,2002,3,3672-4392,22.5,25.5,False,0,0.0047070063128558104,0.004638671875,-6.8334437855810393e-05,6.1035156704747351e-05,7.2992811510630418e-06,-14,-14
original_prcp_hindcast,2002,3,3672-4392,22.5,30.5,False,0,0.00043454537535581039,0.0003662109375,-6.8334437855810393e-05,6.1035156704747351e-05,7.2992811510630418e-06,-14,-14
original_prcp_hindcast,2002,3,3672-4392,22.5,32.5,False,0,0.0018383539691058104,0.00177001953125,-6.8334437855810393e-05,6.1035156704747351e-05,7.2992811510630418e-06,-14,-14
original_prcp_hindcast,2002,3,3672-4392,22.5,33.5,False,0,0.00037351021910581039,0.00030517578125,-6.8334437855810393e-05,6.1035156704747351e-05,7.2992811510630418e-06,-14,-14
original_prcp_hindcast,2002,3,3672-4392,22.5,35.5,False,0,0.00037351021910581039,0.00030517578125,-6.8334437855810393e-05,6.1035156704747351e-05,7.2992811510630418e-06,-14,-14
original_prcp_hindcast,2002,3,3672-4392,21.5,0.5,False,0,0.0083080805316058104,0.00823974609375,-6.8334437855810393e-05,6.1035156704747351e-05,7.2992811510630418e-06,-14,-14
original_prcp_hindcast,2002,3,3672-4392,21.5,3.5,False,0,0.0084301508441058104,0.00836181640625,-6.8334437855810393e-05,6.1035156704747351e-05,7.2992811510630418e-06,-14,-14
original_prcp_hindcast,2002,3,3672-4392,21.5,19.5,False,0,0.0024487055316058104,0.00238037109375,-6.8334437855810393e-05,6.1035156704747351e-05,7.2992811510630418e-06,-14,-14
original_prcp_hindcast,2002,3,3672-4392,21.5,20.5,False,0,0.00086179146910581039,0.00079345703125,-6.8334437855810393e-05,6.1035156704747351e-05,7.2992811510630418e-06,-14,-14
original_prcp_hindcast,2002,3,3672-4392,21.5,41.5,False,0,0.01166501412535581,0.0115966796875,-6.8334437855810393e-05,6.1035156704747351e-05,7.2992811510630418e-06,-14,-14
original_prcp_hindcast,2002,3,3672-4392,21.5,48.5,False,0,0.0071484125628558104,0.007080078125,-6.8334437855810393e-05,6.1035156704747351e-05,7.2992811510630418e-06,-14,-14
original_prcp_hindcast,2002,3,3672-4392,21.5,49.5,False,0,0.0065380610003558104,0.0064697265625,-6.8334437855810393e-05,6.1035156704747351e-05,7.2992811510630418e-06,-14,-14
original_prcp_hindcast,2002,3,3672-4392,20.5,28.5,False,0,0.00080075631285581039,0.000732421875,-6.8334437855810393e-05,6.1035156704747351e-05,7.2992811510630418e-06,-14,-14
original_prcp_hindcast,2002,3,3672-4392,20.5,33.5,True,1,0.0014111078753558104,0.0013427734375,-6.8334437855810393e-05,6.1035156704747351e-05,7.2992811510630418e-06,-14,-14
original_prcp_hindcast,2002,3,3672-4392,20.5,35.5,False,0,0.00043454537535581039,0.0003662109375,-6.8334437855810393e-05,6.1035156704747351e-05,7.2992811510630418e-06,-14,-14
original_prcp_hindcast,2002,3,3672-4392,18.5,17.5,False,0,0.0090405024066058104,0.00897216796875,-6.8334437855810393e-05,6.1035156704747351e-05,7.2992811510630418e-06,-14,-14
original_prcp_hindcast,2002,3,3672-4392,18.5,49.5,False,0,0.0093456781878558104,0.00927734375,-6.8334437855810393e-05,6.1035156704747351e-05,7.2992811510630418e-06,-14,-14
original_prcp_hindcast,2002,3,3672-4392,18.5,51.5,False,0,0.0042187250628558104,0.004150390625,-6.8334437855810393e-05,6.1035156704747351e-05,7.2992811510630418e-06,-14,-14
original_prcp_hindcast,2002,3,3672-4392,17.5,46.5,False,0,0.0084301508441058104,0.00836181640625,-6.8334437855810393e-05,6.1035156704747351e-05,7.2992811510630418e-06,-14,-14
original_prcp_hindcast,2002,3,3672-4392,-17.5,20.5,False,0,0.0066601313128558104,0.006591796875,-6.8334437855810393e-05,6.1035156704747351e-05,7.2992811510630418e-06,-14,-14
original_prcp_hindcast,2002,3,3672-4392,-20.5,20.5,False,0,0.0054394281878558104,0.00537109375,-6.8334437855810393e-05,6.1035156704747351e-05,7.2992811510630418e-06,-14,-14
original_prcp_hindcast,2002,4,3672-4392,33.5,42.5,False,0,0.024809347218251787,0.024681805560248904,-0.0001275416580028832,9.1552748926915228e-05,3.5988909075967968e-05,-14,-13
original_prcp_hindcast,2002,4,3672-4392,30.5,64.5,False,0,0.022245870655751787,0.022118328997748904,-0.0001275416580028832,9.1552748926915228e-05,3.5988909075967968e-05,-14,-13
original_prcp_hindcast,2002,4,3672-4392,28.5,3.5,False,0,0.012114034718251787,0.011986493060248904,-0.0001275416580028832,9.1552748926915228e-05,3.5988909075967968e-05,-14,-13
original_prcp_hindcast,2002,4,3672-4392,27.5,6.5,False,0,0.0074753628432517871,0.0073478211852489039,-0.0001275416580028832,9.1552748926915228e-05,3.5988909075967968e-05,-14,-13
original_prcp_hindcast,2002,4,3672-4392,26.5,43.5,False,0,0.056059347218251787,0.055931805560248904,-0.0001275416580028832,9.1552748926915228e-05,3.5988909075967968e-05,-14,-13
original_prcp_hindcast,2002,4,3672-4392,25.5,19.5,False,0,0.00076149565575178713,0.00063395399774890393,-0.0001275416580028832,9.1552748926915228e-05,3.5988909075967968e-05,-14,-13
original_prcp_hindcast,2002,4,3672-4392,20.5,45.5,False,0,0.017973409718251787,0.017845868060248904,-0.0001275416580028832,9.1552748926915228e-05,3.5988909075967968e-05,-14,-13
original_prcp_hindcast,2002,5,3672-4392,33.5,43.5,False,0,0.069091796875,0.0689697265625,-0.0001220703125,9.1552734375e-05,3.0517578125e-05,-14,-13
original_prcp_hindcast,2002,5,3672-4392,30.5,46.5,False,0,0.04736328125,0.0472412109375,-0.0001220703125,9.1552734375e-05,3.0517578125e-05,-14,-13
original_prcp_hindcast,2002,5,3672-4392,25.5,36.5,False,0,0.0064697265625,0.00634765625,-0.0001220703125,9.1552734375e-05,3.0517578125e-05,-14,-13
original_prcp_hindcast,2002,5,3672-4392,21.5,15.5,False,0,0.0001220703125,0,-0.0001220703125,9.1552734375e-05,3.0517578125e-05,-14,-13
original_prcp_hindcast,2002,5,3672-4392,19.5,2.5,True,1,0.0069580078125,0.0068359375,-0.0001220703125,9.1552734375e-05,3.0517578125e-05,-14,-13
original_prcp_hindcast,2002,5,3672-4392,19.5,27.5,False,0,0.0042724609375,0.004150390625,-0.0001220703125,9.1552734375e-05,3.0517578125e-05,-14,-13
original_prcp_hindcast,2002,5,3672-4392,15.5,45.5,True,15,0.052001953125,0.0518798828125,-0.0001220703125,9.1552734375e-05,3.0517578125e-05,-14,-13
original_prcp_hindcast,2002,5,3672-4392,-19.5,127.5,False,0,0.076171875,0.0760498046875,-0.0001220703125,9.1552734375e-05,3.0517578125e-05,-14,-13
original_prcp_hindcast,2002,5,3672-4392,-22.5,118.5,False,0,0.0255126953125,0.025390625,-0.0001220703125,9.1552734375e-05,3.0517578125e-05,-14,-13
original_prcp_hindcast,2002,5,3672-4392,-22.5,123.5,False,0,0.0499267578125,0.0498046875,-0.0001220703125,9.1552734375e-05,3.0517578125e-05,-14,-13
original_prcp_hindcast,2002,7,3672-4392,38.5,65.5,False,0,0.0684814453125,0.068359375,-0.0001220703125,9.1552734375e-05,3.0517578125e-05,-14,-13
original_prcp_hindcast,2002,7,3672-4392,31.5,46.5,False,0,0.0653076171875,0.065185546875,-0.0001220703125,9.1552734375e-05,3.0517578125e-05,-14,-13
original_prcp_hindcast,2002,7,3672-4392,30.5,59.5,False,0,0.0103759765625,0.01025390625,-0.0001220703125,9.1552734375e-05,3.0517578125e-05,-14,-13
original_prcp_hindcast,2002,7,3672-4392,28.5,-4.5,False,0,0.005126953125,0.0050048828125,-0.0001220703125,9.1552734375e-05,3.0517578125e-05,-14,-13
original_prcp_hindcast,2002,7,3672-4392,23.5,9.5,False,0,0.001953125,0.0018310546875,-0.0001220703125,9.1552734375e-05,3.0517578125e-05,-14,-13
original_prcp_hindcast,2002,7,3672-4392,22.5,8.5,False,0,0.0006103515625,0.00048828125,-0.0001220703125,9.1552734375e-05,3.0517578125e-05,-14,-13
original_prcp_hindcast,2002,7,3672-4392,21.5,52.5,False,0,0.0074462890625,0.00732421875,-0.0001220703125,9.1552734375e-05,3.0517578125e-05,-14,-13
original_prcp_hindcast,2002,7,3672-4392,19.5,34.5,False,0,0.0087890625,0.0086669921875,-0.0001220703125,9.1552734375e-05,3.0517578125e-05,-14,-13
original_prcp_hindcast,2002,7,3672-4392,-20.5,26.5,False,0,0.0008544921875,0.000732421875,-0.0001220703125,9.1552734375e-05,3.0517578125e-05,-14,-13
original_prcp_hindcast,2002,7,3672-4392,-22.5,124.5,False,0,0.0032958984375,0.003173828125,-0.0001220703125,9.1552734375e-05,3.0517578125e-05,-14,-13
original_prcp_hindcast,2002,9,3672-4392,33.5,47.5,False,0,0.1768798828125,0.1767578125,-0.0001220703125,6.103515625e-05,6.103515625e-05,-14,-14
original_prcp_hindcast,2002,10,3672-4392,31.5,57.5,False,0,0.006591796875,0.0064697265625,-0.0001220703125,9.1552734375e-05,3.0517578125e-05,-14,-13
original_prcp_hindcast,2002,10,3672-4392,23.5,31.5,False,0,0.0018310546875,0.001708984375,-0.0001220703125,9.1552734375e-05,3.0517578125e-05,-14,-13
original_prcp_hindcast,2002,10,3672-4392,19.5,51.5,False,0,0.0008544921875,0.000732421875,-0.0001220703125,9.1552734375e-05,3.0517578125e-05,-14,-13
original_prcp_hindcast,2002,10,3672-4392,18.5,45.5,False,0,0.0355224609375,0.035400390625,-0.0001220703125,9.1552734375e-05,3.0517578125e-05,-14,-13
original_prcp_hindcast,2002,10,3672-4392,-17.5,126.5,False,0,0.00048828125,0.0003662109375,-0.0001220703125,9.1552734375e-05,3.0517578125e-05,-14,-13
original_prcp_hindcast,2002,10,3672-4392,-23.5,121.5,False,0,0.015869140625,0.0157470703125,-0.0001220703125,9.1552734375e-05,3.0517578125e-05,-14,-13
original_prcp_hindcast,2002,11,3672-4392,37.5,24.5,False,0,0.052641256450442597,0.052502363308121858,-0.00013889314232073957,0.00012207032023070497,1.6822822090034606e-05,-13,-13
original_prcp_hindcast,2002,11,3672-4392,36.5,24.5,False,0,0.038969381450442597,0.038830488308121858,-0.00013889314232073957,0.00012207032023070497,1.6822822090034606e-05,-13,-13
original_prcp_hindcast,2002,11,3672-4392,35.5,61.5,False,0,0.052519186137942597,0.052380292995621858,-0.00013889314232073957,0.00012207032023070497,1.6822822090034606e-05,-13,-13
original_prcp_hindcast,2002,11,3672-4392,34.5,25.5,False,0,0.026884420512942597,0.026745527370621858,-0.00013889314232073957,0.00012207032023070497,1.6822822090034606e-05,-13,-13
original_prcp_hindcast,2002,11,3672-4392,34.5,48.5,False,0,0.098417623637942597,0.098278730495621858,-0.00013889314232073957,0.00012207032023070497,1.6822822090034606e-05,-13,-13
original_prcp_hindcast,2002,11,3672-4392,33.5,38.5,False,0,0.0090621548879425973,0.0089232617456218577,-0.00013889314232073957,0.00012207032023070497,1.6822822090034606e-05,-13,-13
original_prcp_hindcast,2002,11,3672-4392,33.5,47.5,False,0,0.1345504361379426,0.13441154299562186,-0.00013889314232073957,0.00012207032023070497,1.6822822090034606e-05,-13,-13
original_prcp_hindcast,2002,11,3672-4392,32.5,46.5,False,0,0.046415670512942597,0.046276777370621858,-0.00013889314232073957,0.00012207032023070497,1.6822822090034606e-05,-13,-13
original_prcp_hindcast,2002,11,3672-4392,32.5,52.5,False,0,0.016630514262942597,0.016491621120621858,-0.00013889314232073957,0.00012207032023070497,1.6822822090034606e-05,-13,-13
original_prcp_hindcast,2002,11,3672-4392,32.5,62.5,True,2,0.012480123637942597,0.012341230495621858,-0.00013889314232073957,0.00012207032023070497,1.6822822090034606e-05,-13,-13
original_prcp_hindcast,2002,11,3672-4392,30.5,63.5,False,0,0.0084518033254425973,0.0083129101831218577,-0.00013889314232073957,0.00012207032023070497,1.6822822090034606e-05,-13,-13
original_prcp_hindcast,2002,11,3672-4392,26.5,29.5,False,0,0.00027309238794259727,0.0001341992456218577,-0.00013889314232073957,0.00012207032023070497,1.6822822090034606e-05,-13,-13
original_prcp_hindcast,2002,11,3672-4392,26.5,42.5,False,0,0.031278951762942597,0.031140058620621858,-0.00013889314232073957,0.00012207032023070497,1.6822822090034606e-05,-13,-13
original_prcp_hindcast,2002,11,3672-4392,25.5,16.5,False,0,0.0013717252004425973,0.0012328320581218577,-0.00013889314232073957,0.00012207032023070497,1.6822822090034606e-05,-13,-13
original_prcp_hindcast,2002,11,3672-4392,24.5,15.5,False,0,0.0010055142629425973,0.0008666211206218577,-0.00013889314232073957,0.00012207032023070497,1.6822822090034606e-05,-13,-13
original_prcp_hindcast,2002,11,3672-4392,24.5,46.5,False,0,0.0085738736379425973,0.0084349804956218577,-0.00013889314232073957,0.00012207032023070497,1.6822822090034606e-05,-13,-13
original_prcp_hindcast,2002,11,3672-4392,23.5,24.5,False,0,0.00076137363794259727,0.0006224804956218577,-0.00013889314232073957,0.00012207032023070497,1.6822822090034606e-05,-13,-13
original_prcp_hindcast,2002,11,3672-4392,23.5,32.5,False,0,0.00015102207544259727,1.2128933121857699e-05,-0.00013889314232073957,0.00012207032023070497,1.6822822090034606e-05,-13,-13
original_prcp_hindcast,2002,11,3672-4392,23.5,35.5,False,0,0.00015102207544259727,1.2128933121857699e-05,-0.00013889314232073957,0.00012207032023070497,1.6822822090034606e-05,-13,-13
original_prcp_hindcast,2002,11,3672-4392,23.5,36.5,False,0,0.00015102207544259727,1.2128933121857699e-05,-0.00013889314232073957,0.00012207032023070497,1.6822822090034606e-05,-13,-13
original_prcp_hindcast,2002,11,3672-4392,22.5,-4.5,False,0,0.0027144986379425973,0.0025756054956218577,-0.00013889314232073957,0.00012207032023070497,1.6822822090034606e-05,-13,-13
original_prcp_hindcast,2002,11,3672-4392,22.5,25.5,False,0,0.00063930332544259727,0.0005004101831218577,-0.00013889314232073957,0.00012207032023070497,1.6822822090034606e-05,-13,-13
original_prcp_hindcast,2002,11,3672-4392,21.5,41.5,False,0,0.032743795512942597,0.032604902370621858,-0.00013889314232073957,0.00012207032023070497,1.6822822090034606e-05,-13,-13
original_prcp_hindcast,2002,11,3672-4392,20.5,38.5,False,0,0.0010055142629425973,0.0008666211206218577,-0.00013889314232073957,0.00012207032023070497,1.6822822090034606e-05,-13,-13
original_prcp_hindcast,2002,11,3672-4392,20.5,47.5,False,0,0.052397115825442597,0.052258222683121858,-0.00013889314232073957,0.00012207032023070497,1.6822822090034606e-05,-13,-13
original_prcp_hindcast,2002,11,3672-4392,17.5,23.5,False,0,0.034330709575442597,0.034191816433121858,-0.00013889314232073957,0.00012207032023070497,1.6822822090034606e-05,-13,-13
original_prcp_hindcast,2002,11,3672-4392,-19.5,127.5,False,0,0.064726217387942597,0.064587324245621858,-0.00013889314232073957,0.00012207032023070497,1.6822822090034606e-05,-13,-13
original_prcp_hindcast,2002,11,3672-4392,-24.5,18.5,False,0,0.014433248637942597,0.014294355495621858,-0.00013889314232073957,0.00012207032023070497,1.6822822090034606e-05,-13,-13
original_prcp_hindcast,2002,11,3672-4392,-25.5,19.5,False,0,0.014921529887942597,0.014782636745621858,-0.00013889314232073957,0.00012207032023070497,1.6822822090034606e-05,-13,-13
original_prcp_hindcast,2002,11,3672-4392,-27.5,21.5,False,0,0.057646139262942597,0.057507246120621858,-0.00013889314232073957,0.00012207032023070497,1.6822822090034606e-05,-13,-13
original_prcp_hindcast,2002,12,3672-4392,32.5,44.5,False,0,0.032958984375,0.0328369140625,-0.0001220703125,9.1552734375e-05,3.0517578125e-05,-14,-13
original_prcp_hindcast,2002,12,3672-4392,31.5,39.5,False,0,0.0323486328125,0.0322265625,-0.0001220703125,9.1552734375e-05,3.0517578125e-05,-14,-13
original_prcp_hindcast,2002,12,3672-4392,29.5,56.5,False,0,0.0341796875,0.0340576171875,-0.0001220703125,9.1552734375e-05,3.0517578125e-05,-14,-13
original_prcp_hindcast,2002,12,3672-4392,28.5,27.5,False,0,0.0001220703125,0,-0.0001220703125,9.1552734375e-05,3.0517578125e-05,-14,-13
original_prcp_hindcast,2002,12,3672-4392,25.5,36.5,False,0,0.003173828125,0.0030517578125,-0.0001220703125,9.1552734375e-05,3.0517578125e-05,-14,-13
original_prcp_hindcast,2002,12,3672-4392,24.5,17.5,False,0,0.000244140625,0.0001220703125,-0.0001220703125,9.1552734375e-05,3.0517578125e-05,-14,-13
original_prcp_hindcast,2002,12,3672-4392,21.5,3.5,False,0,0.0189208984375,0.018798828125,-0.0001220703125,9.1552734375e-05,3.0517578125e-05,-14,-13
original_prcp_hindcast,2002,12,3672-4392,16.5,48.5,True,1,0.0069580078125,0.0068359375,-0.0001220703125,9.1552734375e-05,3.0517578125e-05,-14,-13
original_prcp_hindcast,2002,12,3672-4392,-17.5,119.5,False,0,0.00537109375,0.0052490234375,-0.0001220703125,9.1552734375e-05,3.0517578125e-05,-14,-13
original_prcp_hindcast,2002,13,3672-4392,30.5,47.5,False,0,0.039313231759479095,0.0391845703125,-0.00012866144697909476,9.1552734829747351e-05,3.7108712149347411e-05,-14,-13
original_prcp_hindcast,2002,13,3672-4392,28.5,31.5,False,0,0.00098315363447909476,0.0008544921875,-0.00012866144697909476,9.1552734829747351e-05,3.7108712149347411e-05,-14,-13
original_prcp_hindcast,2002,13,3672-4392,26.5,23.5,False,0,0.00049487238447909476,0.0003662109375,-0.00012866144697909476,9.1552734829747351e-05,3.7108712149347411e-05,-14,-13
original_prcp_hindcast,2002,13,3672-4392,24.5,22.5,False,0,0.00025073175947909476,0.0001220703125,-0.00012866144697909476,9.1552734829747351e-05,3.7108712149347411e-05,-14,-13
original_prcp_hindcast,2002,13,3672-4392,21.5,51.5,False,0,0.0012272942594790948,0.0010986328125,-0.00012866144697909476,9.1552734829747351e-05,3.7108712149347411e-05,-14,-13
original_prcp_hindcast,2002,13,3672-4392,18.5,30.5,False,0,0.0014714348844790948,0.0013427734375,-0.00012866144697909476,9.1552734829747351e-05,3.7108712149347411e-05,-14,-13
original_prcp_hindcast,2002,15,3672-4392,37.5,26.5,False,0,0.0565185546875,0.056396484375,-0.0001220703125,9.1552734375e-05,3.0517578125e-05,-14,-13
original_prcp_hindcast,2002,15,3672-4392,30.5,47.5,False,0,0.0665283203125,0.06640625,-0.0001220703125,9.1552734375e-05,3.0517578125e-05,-14,-13
original_prcp_hindcast,2002,16,3672-4392,35.5,63.5,True,2,0.1202392578125,0.1201171875,-0.0001220703125,9.1552734375e-05,3.0517578125e-05,-14,-13
original_prcp_hindcast,2002,16,3672-4392,26.5,60.5,False,0,0.0216064453125,0.021484375,-0.0001220703125,9.1552734375e-05,3.0517578125e-05,-14,-13
original_prcp_hindcast,2002,16,3672-4392,-25.5,122.5,False,0,0.0380859375,0.0379638671875,-0.0001220703125,9.1552734375e-05,3.0517578125e-05,-14,-13
original_prcp_hindcast,2002,18,3672-4392,38.5,82.5,False,0,0.0024249185371445492,0.0022979160130489618,-0.00012700252409558743,0.00012207032705191523,4.932197043672204e-06,-13,-13
original_prcp_hindcast,2002,18,3672-4392,37.5,67.5,False,0,0.064436637287144549,0.064309634763048962,-0.00012700252409558743,0.00012207032705191523,4.932197043672204e-06,-13,-13
original_prcp_hindcast,2002,18,3672-4392,32.5,42.5,False,0,0.019514762287144549,0.019387759763048962,-0.00012700252409558743,0.00012207032705191523,4.932197043672204e-06,-13,-13
original_prcp_hindcast,2002,18,3672-4392,32.5,44.5,False,0,0.035017691974644549,0.034890689450548962,-0.00012700252409558743,0.00012207032705191523,4.932197043672204e-06,-13,-13
original_prcp_hindcast,2002,18,3672-4392,32.5,49.5,False,0,0.15586730134964455,0.15574029882554896,-0.00012700252409558743,0.00012207032705191523,4.932197043672204e-06,-13,-13
original_prcp_hindcast,2002,18,3672-4392,32.5,64.5,False,0,0.023665152912144549,0.023538150388048962,-0.00012700252409558743,0.00012207032705191523,4.932197043672204e-06,-13,-13
original_prcp_hindcast,2002,18,3672-4392,31.5,40.5,False,0,0.018538199787144549,0.018411197263048962,-0.00012700252409558743,0.00012207032705191523,4.932197043672204e-06,-13,-13
original_prcp_hindcast,2002,18,3672-4392,31.5,42.5,False,0,0.0097491372871445492,0.0096221347630489618,-0.00012700252409558743,0.00012207032705191523,4.932197043672204e-06,-13,-13
original_prcp_hindcast,2002,18,3672-4392,31.5,64.5,True,5,0.0096270669746445492,0.0095000644505489618,-0.00012700252409558743,0.00012207032705191523,4.932197043672204e-06,-13,-13
original_prcp_hindcast,2002,18,3672-4392,29.5,24.5,False,0,0.0066973794746445492,0.0065703769505489618,-0.00012700252409558743,0.00012207032705191523,4.932197043672204e-06,-13,-13
original_prcp_hindcast,2002,18,3672-4392,28.5,22.5,False,0,0.0013262857246445492,0.0011992832005489618,-0.00012700252409558743,0.00012207032705191523,4.932197043672204e-06,-13,-13
original_prcp_hindcast,2002,18,3672-4392,28.5,35.5,False,0,0.035628043537144549,0.035501041013048962,-0.00012700252409558743,0.00012207032705191523,4.932197043672204e-06,-13,-13
original_prcp_hindcast,2002,18,3672-4392,28.5,61.5,False,0,0.011458121662144549,0.011331119138048962,-0.00012700252409558743,0.00012207032705191523,4.932197043672204e-06,-13,-13
original_prcp_hindcast,2002,18,3672-4392,27.5,23.5,False,0,0.0015704263496445492,0.0014434238255489618,-0.00012700252409558743,0.00012207032705191523,4.932197043672204e-06,-13,-13
original_prcp_hindcast,2002,18,3672-4392,27.5,51.5,False,0,0.0016924966621445492,0.0015654941380489618,-0.00012700252409558743,0.00012207032705191523,4.932197043672204e-06,-13,-13
original_prcp_hindcast,2002,18,3672-4392,26.5,13.5,False,0,0.0014483560371445492,0.0013213535130489618,-0.00012700252409558743,0.00012207032705191523,4.932197043672204e-06,-13,-13
original_prcp_hindcast,2002,18,3672-4392,26.5,26.5,False,0,0.0010821450996445492,0.00095514257554896176,-0.00012700252409558743,0.00012207032705191523,4.932197043672204e-06,-13,-13
original_prcp_hindcast,2002,18,3672-4392,26.5,48.5,False,0,0.0037676919746445492,0.0036406894505489618,-0.00012700252409558743,0.00012207032705191523,4.932197043672204e-06,-13,-13
original_prcp_hindcast,2002,18,3672-4392,25.5,19.5,False,0,0.0019366372871445492,0.0018096347630489618,-0.00012700252409558743,0.00012207032705191523,4.932197043672204e-06,-13,-13
original_prcp_hindcast,2002,18,3672-4392,25.5,37.5,False,0,0.026472770099644549,0.026345767575548962,-0.00012700252409558743,0.00012207032705191523,4.932197043672204e-06,-13,-13
original_prcp_hindcast,2002,18,3672-4392,25.5,46.5,False,0,0.012922965412144549,0.012795962888048962,-0.00012700252409558743,0.00012207032705191523,4.932197043672204e-06,-13,-13
original_prcp_hindcast,2002,18,3672-4392,24.5,36.5,False,0,0.0031573404121445492,0.0030303378880489618,-0.00012700252409558743,0.00012207032705191523,4.932197043672204e-06,-13,-13
original_prcp_hindcast,2002,18,3672-4392,23.5,14.5,False,0,0.0046221841621445492,0.0044951816380489618,-0.00012700252409558743,0.00012207032705191523,4.932197043672204e-06,-13,-13
original_prcp_hindcast,2002,18,3672-4392,23.5,24.5,False,0,0.0015704263496445492,0.0014434238255489618,-0.00012700252409558743,0.00012207032705191523,4.932197043672204e-06,-13,-13
original_prcp_hindcast,2002,18,3672-4392,23.5,41.5,False,0,0.057966910724644549,0.057839908200548962,-0.00012700252409558743,0.00012207032705191523,4.932197043672204e-06,-13,-13
original_prcp_hindcast,2002,18,3672-4392,22.5,26.5,False,0,0.00071593416214454919,0.00058893163804896176,-0.00012700252409558743,0.00012207032705191523,4.932197043672204e-06,-13,-13
original_prcp_hindcast,2002,18,3672-4392,21.5,17.5,False,0,0.027815543537144549,0.027688541013048962,-0.00012700252409558743,0.00012207032705191523,4.932197043672204e-06,-13,-13
original_prcp_hindcast,2002,18,3672-4392,21.5,21.5,False,0,0.00083800447464454919,0.00071100195054896176,-0.00012700252409558743,0.00012207032705191523,4.932197043672204e-06,-13,-13
original_prcp_hindcast,2002,18,3672-4392,21.5,31.5,False,0,0.0012042154121445492,0.0010772128880489618,-0.00012700252409558743,0.00012207032705191523,4.932197043672204e-06,-13,-13
original_prcp_hindcast,2002,18,3672-4392,21.5,33.5,False,0,0.0058428872871445492,0.0057158847630489618,-0.00012700252409558743,0.00012207032705191523,4.932197043672204e-06,-13,-13
original_prcp_hindcast,2002,18,3672-4392,20.5,27.5,False,0,0.00034972322464454919,0.00022272070054896176,-0.00012700252409558743,0.00012207032705191523,4.932197043672204e-06,-13,-13
original_prcp_hindcast,2002,18,3672-4392,19.5,20.5,False,0,0.0031573404121445492,0.0030303378880489618,-0.00012700252409558743,0.00012207032705191523,4.932197043672204e-06,-13,-13
original_prcp_hindcast,2002,18,3672-4392,19.5,47.5,False,0,0.024763785724644549,0.024636783200548962,-0.00012700252409558743,0.00012207032705191523,4.932197043672204e-06,-13,-13
original_prcp_hindcast,2002,18,3672-4392,18.5,19.5,False,0,0.0015704263496445492,0.0014434238255489618,-0.00012700252409558743,0.00012207032705191523,4.932197043672204e-06,-13,-13
original_prcp_hindcast,2002,18,3672-4392,17.5,40.5,False,0,0.018660270099644549,0.018533267575548962,-0.00012700252409558743,0.00012207032705191523,4.932197043672204e-06,-13,-13
original_prcp_hindcast,2002,18,3672-4392,-18.5,24.5,False,0,0.0081622232246445492,0.0080352207005489618,-0.00012700252409558743,0.00012207032705191523,4.932197043672204e-06,-13,-13
original_prcp_hindcast,2002,18,3672-4392,-18.5,127.5,False,0,0.0012042154121445492,0.0010772128880489618,-0.00012700252409558743,0.00012207032705191523,4.932197043672204e-06,-13,-13
original_prcp_hindcast,2002,18,3672-4392,-19.5,125.5,False,0,0.013411246662144549,0.013284244138048962,-0.00012700252409558743,0.00012207032705191523,4.932197043672204e-06,-13,-13
original_prcp_hindcast,2002,19,3672-4392,29.5,60.5,False,0,0.01513671875,0.0150146484375,-0.0001220703125,9.1552734375e-05,3.0517578125e-05,-14,-13
original_prcp_hindcast,2002,19,3672-4392,24.5,30.5,False,0,0.00048828125,0.0003662109375,-0.0001220703125,9.1552734375e-05,3.0517578125e-05,-14,-13
original_prcp_hindcast,2002,19,3672-4392,-20.5,121.5,False,0,0.028564453125,0.0284423828125,-0.0001220703125,9.1552734375e-05,3.0517578125e-05,-14,-13
original_prcp_hindcast,2002,21,3672-4392,32.5,56.5,False,0,0.009521484375,0.0093994140625,-0.0001220703125,9.1552734375e-05,3.0517578125e-05,-14,-13
original_prcp_hindcast,2002,21,3672-4392,32.5,65.5,False,0,0.037353515625,0.0372314453125,-0.0001220703125,9.1552734375e-05,3.0517578125e-05,-14,-13
original_prcp_hindcast,2002,21,3672-4392,-24.5,126.5,False,0,0.0076904296875,0.007568359375,-0.0001220703125,9.1552734375e-05,3.0517578125e-05,-14,-13
original_prcp_hindcast,2003,1,4392-5136,29.5,6.5,False,0,0.0009765625,0.0008544921875,-0.0001220703125,9.1552734375e-05,3.0517578125e-05,-14,-13
original_prcp_hindcast,2003,1,4392-5136,24.5,58.5,False,0,0.02392578125,0.0238037109375,-0.0001220703125,9.1552734375e-05,3.0517578125e-05,-14,-13
original_prcp_hindcast,2003,1,4392-5136,23.5,-12.5,False,0,0.076416015625,0.0762939453125,-0.0001220703125,9.1552734375e-05,3.0517578125e-05,-14,-13
original_prcp_hindcast,2003,1,4392-5136,21.5,7.5,False,0,0.0018310546875,0.001708984375,-0.0001220703125,9.1552734375e-05,3.0517578125e-05,-14,-13
original_prcp_hindcast,2003,1,4392-5136,21.5,14.5,False,0,0.00048828125,0.0003662109375,-0.0001220703125,9.1552734375e-05,3.0517578125e-05,-14,-13
original_prcp_hindcast,2003,1,4392-5136,19.5,-11.5,False,0,0.0260009765625,0.02587890625,-0.0001220703125,9.1552734375e-05,3.0517578125e-05,-14,-13
original_prcp_hindcast,2003,12,3672-4392,37.5,62.5,False,0,0.0252685546875,0.025146484375,-0.0001220703125,9.1552734375e-05,3.0517578125e-05,-14,-13
original_prcp_hindcast,2003,12,3672-4392,28.5,48.5,False,0,0.0003662109375,0.000244140625,-0.0001220703125,9.1552734375e-05,3.0517578125e-05,-14,-13
original_prcp_hindcast,2003,12,3672-4392,28.5,52.5,False,0,0.003173828125,0.0030517578125,-0.0001220703125,9.1552734375e-05,3.0517578125e-05,-14,-13
original_prcp_hindcast,2003,12,3672-4392,26.5,38.5,False,0,0.00244140625,0.0023193359375,-0.0001220703125,9.1552734375e-05,3.0517578125e-05,-14,-13
original_prcp_hindcast,2003,12,3672-4392,25.5,7.5,False,0,0.01806640625,0.0179443359375,-0.0001220703125,9.1552734375e-05,3.0517578125e-05,-14,-13
original_prcp_hindcast,2003,12,3672-4392,24.5,-1.5,False,0,0.0003662109375,0.000244140625,-0.0001220703125,9.1552734375e-05,3.0517578125e-05,-14,-13
original_prcp_hindcast,2003,12,3672-4392,19.5,15.5,False,0,0.0030517578125,0.0029296875,-0.0001220703125,9.1552734375e-05,3.0517578125e-05,-14,-13
original_prcp_hindcast,2003,15,3672-4392,39.5,61.5,False,0,0.062396729044849053,0.062276013995870017,-0.00012071504897903651,9.1552748926915228e-05,2.9162300052121282e-05,-14,-13
original_prcp_hindcast,2003,15,3672-4392,37.5,81.5,False,0,0.016986572794849053,0.016865857745870017,-0.00012071504897903651,9.1552748926915228e-05,2.9162300052121282e-05,-14,-13
original_prcp_hindcast,2003,15,3672-4392,25.5,44.5,False,0,0.033099854044849053,0.032979138995870017,-0.00012071504897903651,9.1552748926915228e-05,2.9162300052121282e-05,-14,-13
original_prcp_hindcast,2003,15,3672-4392,24.5,21.5,False,0,0.002093994669849053,0.0019732796208700165,-0.00012071504897903651,9.1552748926915228e-05,2.9162300052121282e-05,-14,-13
original_prcp_hindcast,2003,15,3672-4392,23.5,41.5,False,0,0.029193604044849053,0.029072888995870017,-0.00012071504897903651,9.1552748926915228e-05,2.9162300052121282e-05,-14,-13
original_prcp_hindcast,2003,15,3672-4392,22.5,19.5,False,0,0.003192627482349053,0.0030719124333700165,-0.00012071504897903651,9.1552748926915228e-05,2.9162300052121282e-05,-14,-13
original_prcp_hindcast,2003,15,3672-4392,-10.5,-45.5,False,0,0.11989184623234905,0.11977113118337002,-0.00012071504897903651,9.1552748926915228e-05,2.9162300052121282e-05,-14,-13
original_prcp_hindcast,2003,15,3672-4392,-15.5,115.5,False,0,0.16017504935734905,0.16005433430837002,-0.00012071504897903651,9.1552748926915228e-05,2.9162300052121282e-05,-14,-13
original_prcp_hindcast,2003,15,3672-4392,-17.5,118.5,False,0,0.088031494669849053,0.087910779620870017,-0.00012071504897903651,9.1552748926915228e-05,2.9162300052121282e-05,-14,-13
original_prcp_hindcast,2003,15,3672-4392,-18.5,119.5,False,0,0.039447510294849053,0.039326795245870017,-0.00012071504897903651,9.1552748926915228e-05,2.9162300052121282e-05,-14,-13
original_prcp_hindcast,2003,17,3672-4392,36.5,62.5,False,0,0.0457763671875,0.045654296875,-0.0001220703125,9.1552734375e-05,3.0517578125e-05,-14,-13
original_prcp_hindcast,2003,17,3672-4392,34.5,57.5,False,0,0.0223388671875,0.022216796875,-0.0001220703125,9.1552734375e-05,3.0517578125e-05,-14,-13
original_prcp_hindcast,2003,17,3672-4392,29.5,9.5,False,0,0.00244140625,0.0023193359375,-0.0001220703125,9.1552734375e-05,3.0517578125e-05,-14,-13
original_prcp_hindcast,2003,17,3672-4392,29.5,43.5,False,0,0.000244140625,0.0001220703125,-0.0001220703125,9.1552734375e-05,3.0517578125e-05,-14,-13
original_prcp_hindcast,2003,17,3672-4392,28.5,25.5,False,0,0.0003662109375,0.000244140625,-0.0001220703125,9.1552734375e-05,3.0517578125e-05,-14,-13
original_prcp_hindcast,2003,17,3672-4392,28.5,36.5,False,0,0.0030517578125,0.0029296875,-0.0001220703125,9.1552734375e-05,3.0517578125e-05,-14,-13
original_prcp_hindcast,2003,17,3672-4392,27.5,36.5,False,0,0.002197265625,0.0020751953125,-0.0001220703125,9.1552734375e-05,3.0517578125e-05,-14,-13
original_prcp_hindcast,2003,17,3672-4392,26.5,32.5,False,0,0.000244140625,0.0001220703125,-0.0001220703125,9.1552734375e-05,3.0517578125e-05,-14,-13
original_prcp_hindcast,2003,17,3672-4392,24.5,17.5,False,0,0.000244140625,0.0001220703125,-0.0001220703125,9.1552734375e-05,3.0517578125e-05,-14,-13
original_prcp_hindcast,2003,17,3672-4392,21.5,49.5,False,0,0.0010986328125,0.0009765625,-0.0001220703125,9.1552734375e-05,3.0517578125e-05,-14,-13
original_prcp_hindcast,2003,18,3672-4392,34.5,45.5,False,0,0.0184326171875,0.018310546875,-0.0001220703125,9.1552734375e-05,3.0517578125e-05,-14,-13
original_prcp_hindcast,2003,18,3672-4392,32.5,63.5,False,0,0.01025390625,0.0101318359375,-0.0001220703125,9.1552734375e-05,3.0517578125e-05,-14,-13
original_prcp_hindcast,2003,18,3672-4392,31.5,37.5,False,0,0.0001220703125,0,-0.0001220703125,9.1552734375e-05,3.0517578125e-05,-14,-13
original_prcp_hindcast,2003,18,3672-4392,31.5,48.5,False,0,0.0010986328125,0.0009765625,-0.0001220703125,9.1552734375e-05,3.0517578125e-05,-14,-13
original_prcp_hindcast,2003,18,3672-4392,28.5,-0.5,False,0,0.0032958984375,0.003173828125,-0.0001220703125,9.1552734375e-05,3.0517578125e-05,-14,-13
original_prcp_hindcast,2003,18,3672-4392,24.5,50.5,False,0,0.013671875,0.0135498046875,-0.0001220703125,9.1552734375e-05,3.0517578125e-05,-14,-13
original_prcp_hindcast,2003,18,3672-4392,23.5,41.5,False,0,0.005126953125,0.0050048828125,-0.0001220703125,9.1552734375e-05,3.0517578125e-05,-14,-13
original_prcp_hindcast,2003,18,3672-4392,21.5,43.5,False,0,0.0135498046875,0.013427734375,-0.0001220703125,9.1552734375e-05,3.0517578125e-05,-14,-13
original_prcp_hindcast,2003,18,3672-4392,20.5,12.5,False,0,0.0008544921875,0.000732421875,-0.0001220703125,9.1552734375e-05,3.0517578125e-05,-14,-13
original_prcp_hindcast,2003,18,3672-4392,20.5,15.5,False,0,0.021240234375,0.0211181640625,-0.0001220703125,9.1552734375e-05,3.0517578125e-05,-14,-13
original_prcp_hindcast,2003,22,3672-4392,33.5,29.5,False,0,0.00146484375,0.0013427734375,-0.0001220703125,9.1552734375e-05,3.0517578125e-05,-14,-13
original_prcp_hindcast,2003,22,3672-4392,29.5,48.5,False,0,0.037841796875,0.0377197265625,-0.0001220703125,9.1552734375e-05,3.0517578125e-05,-14,-13
original_prcp_hindcast,2003,22,3672-4392,26.5,-3.5,False,0,0.0010986328125,0.0009765625,-0.0001220703125,9.1552734375e-05,3.0517578125e-05,-14,-13
original_prcp_hindcast,2003,22,3672-4392,26.5,37.5,False,0,0.039794921875,0.0396728515625,-0.0001220703125,9.1552734375e-05,3.0517578125e-05,-14,-13
original_prcp_hindcast,2003,22,3672-4392,24.5,-6.5,False,0,0.00732421875,0.0072021484375,-0.0001220703125,9.1552734375e-05,3.0517578125e-05,-14,-13
original_prcp_hindcast,2003,22,3672-4392,21.5,10.5,False,0,0.0009765625,0.0008544921875,-0.0001220703125,9.1552734375e-05,3.0517578125e-05,-14,-13
original_prcp_hindcast,2003,23,3672-4392,29.5,0.5,False,0,0.00018310546875,6.103515625e-05,-0.0001220703125,6.103515625e-05,6.103515625e-05,-14,-14
original_prcp_hindcast,2004,0,3672-4392,38.5,85.5,False,0,0.00634765625,0.0062255859375,-0.0001220703125,9.1552734375e-05,3.0517578125e-05,-14,-13
original_prcp_hindcast,2004,0,3672-4392,32.5,43.5,False,0,0.0162353515625,0.01611328125,-0.0001220703125,9.1552734375e-05,3.0517578125e-05,-14,-13
original_prcp_hindcast,2004,0,3672-4392,31.5,61.5,False,0,0.00048828125,0.0003662109375,-0.0001220703125,9.1552734375e-05,3.0517578125e-05,-14,-13
original_prcp_hindcast,2004,0,3672-4392,28.5,-6.5,False,0,0.0003662109375,0.000244140625,-0.0001220703125,9.1552734375e-05,3.0517578125e-05,-14,-13
original_prcp_hindcast,2004,0,3672-4392,28.5,39.5,False,0,0.0059814453125,0.005859375,-0.0001220703125,9.1552734375e-05,3.0517578125e-05,-14,-13
original_prcp_hindcast,2004,0,3672-4392,23.5,47.5,False,0,0.006103515625,0.0059814453125,-0.0001220703125,9.1552734375e-05,3.0517578125e-05,-14,-13
original_prcp_hindcast,2004,0,3672-4392,-26.5,123.5,False,0,0.029541015625,0.0294189453125,-0.0001220703125,9.1552734375e-05,3.0517578125e-05,-14,-13
original_prcp_hindcast,2004,2,4392-5136,38.5,85.5,False,0,0.004418235199409537,0.0042752328608912649,-0.00014300233851827215,0.00012207032023070497,2.0932018287567189e-05,-13,-13
original_prcp_hindcast,2004,2,4392-5136,37.5,81.5,False,0,0.007225852386909537,0.0070828500483912649,-0.00014300233851827215,0.00012207032023070497,2.0932018287567189e-05,-13,-13
original_prcp_hindcast,2004,2,4392-5136,30.5,59.5,False,0,0.007225852386909537,0.0070828500483912649,-0.00014300233851827215,0.00012207032023070497,2.0932018287567189e-05,-13,-13
original_prcp_hindcast,2004,2,4392-5136,27.5,35.5,False,0,0.00087819613690953702,0.00073519379839126486,-0.00014300233851827215,0.00012207032023070497,2.0932018287567189e-05,-13,-13
original_prcp_hindcast,2004,2,4392-5136,25.5,-8.5,True,1,0.003929953949409537,0.0037869516108912649,-0.00014300233851827215,0.00012207032023070497,2.0932018287567189e-05,-13,-13
original_prcp_hindcast,2004,2,4392-5136,25.5,22.5,False,0,0.001976828949409537,0.0018338266108912649,-0.00014300233851827215,0.00012207032023070497,2.0932018287567189e-05,-13,-13
original_prcp_hindcast,2004,2,4392-5136,24.5,25.5,False,0,0.003685813324409537,0.0035428109858912649,-0.00014300233851827215,0.00012207032023070497,2.0932018287567189e-05,-13,-13
original_prcp_hindcast,2004,2,4392-5136,23.5,27.5,False,0,0.00051198519940953702,0.00036898286089126486,-0.00014300233851827215,0.00012207032023070497,2.0932018287567189e-05,-13,-13
original_prcp_hindcast,2004,2,4392-5136,22.5,1.5,False,0,0.009911399261909537,0.0097683969233912649,-0.00014300233851827215,0.00012207032023070497,2.0932018287567189e-05,-13,-13
original_prcp_hindcast,2004,2,4392-5136,22.5,19.5,False,0,0.007225852386909537,0.0070828500483912649,-0.00014300233851827215,0.00012207032023070497,2.0932018287567189e-05,-13,-13
original_prcp_hindcast,2004,2,4392-5136,22.5,25.5,False,0,0.00075612582440953702,0.00061312348589126486,-0.00014300233851827215,0.00012207032023070497,2.0932018287567189e-05,-13,-13
original_prcp_hindcast,2004,2,4392-5136,21.5,-2.5,False,0,0.006127219574409537,0.0059842172358912649,-0.00014300233851827215,0.00012207032023070497,2.0932018287567189e-05,-13,-13
original_prcp_hindcast,2004,2,4392-5136,21.5,17.5,False,0,0.035424094574409537,0.035281092235891265,-0.00014300233851827215,0.00012207032023070497,2.0932018287567189e-05,-13,-13
original_prcp_hindcast,2004,2,4392-5136,20.5,15.5,False,0,0.018944602386909537,0.018801600048391265,-0.00014300233851827215,0.00012207032023070497,2.0932018287567189e-05,-13,-13
original_prcp_hindcast,2004,2,4392-5136,17.5,-3.5,False,0,0.032616477386909537,0.032473475048391265,-0.00014300233851827215,0.00012207032023070497,2.0932018287567189e-05,-13,-13
original_prcp_hindcast,2004,2,4392-5136,17.5,18.5,False,0,0.029808860199409537,0.029665857860891265,-0.00014300233851827215,0.00012207032023070497,2.0932018287567189e-05,-13,-13
original_prcp_hindcast,2004,2,4392-5136,16.5,24.5,False,0,0.063866477386909537,0.063723475048391265,-0.00014300233851827215,0.00012207032023070497,2.0932018287567189e-05,-13,-13
original_prcp_hindcast,2004,2,4392-5136,16.5,29.5,False,0,0.025048118011909537,0.024905115673391265,-0.00014300233851827215,0.00012207032023070497,2.0932018287567189e-05,-13,-13
original_prcp_hindcast,2004,2,4392-5136,16.5,47.5,True,2,0.026268821136909537,0.026125818798391265,-0.00014300233851827215,0.00012207032023070497,2.0932018287567189e-05,-13,-13
original_prcp_hindcast,2004,2,4392-5136,-17.5,117.5,False,0,0.006981711761909537,0.0068387094233912649,-0.00014300233851827215,0.00012207032023070497,2.0932018287567189e-05,-13,-13
original_prcp_hindcast,2004,3,3672-4392,33.5,65.5,False,0,0.048952015886243316,0.048828125,-0.00012389088624331634,9.1552734829747351e-05,3.2338151413568994e-05,-14,-13
original_prcp_hindcast,2004,3,3672-4392,28.5,-4.5,False,0,0.00024596119874331634,0.0001220703125,-0.00012389088624331634,9.1552734829747351e-05,3.2338151413568994e-05,-14,-13
original_prcp_hindcast,2004,3,3672-4392,25.5,33.5,False,0,0.00085631276124331634,0.000732421875,-0.00012389088624331634,9.1552734829747351e-05,3.2338151413568994e-05,-14,-13
original_prcp_hindcast,2004,3,3672-4392,22.5,32.5,False,0,0.00085631276124331634,0.000732421875,-0.00012389088624331634,9.1552734829747351e-05,3.2338151413568994e-05,-14,-13
original_prcp_hindcast,2004,3,3672-4392,-22.5,120.5,False,0,0.011110219011243316,0.010986328125,-0.00012389088624331634,9.1552734829747351e-05,3.2338151413568994e-05,-14,-13
original_prcp_hindcast,2004,4,3672-4392,31.5,49.5,False,0,0.022705078125,0.0225830078125,-0.0001220703125,9.1552734375e-05,3.0517578125e-05,-14,-13
original_prcp_hindcast,2004,4,3672-4392,30.5,47.5,False,0,0.006591796875,0.0064697265625,-0.0001220703125,9.1552734375e-05,3.0517578125e-05,-14,-13
original_prcp_hindcast,2004,4,3672-4392,30.5,53.5,False,0,0.0126953125,0.0125732421875,-0.0001220703125,9.1552734375e-05,3.0517578125e-05,-14,-13
original_prcp_hindcast,2004,4,3672-4392,29.5,43.5,False,0,0.012939453125,0.0128173828125,-0.0001220703125,9.1552734375e-05,3.0517578125e-05,-14,-13
original_prcp_hindcast,2004,4,3672-4392,24.5,1.5,False,0,0.005615234375,0.0054931640625,-0.0001220703125,9.1552734375e-05,3.0517578125e-05,-14,-13
original_prcp_hindcast,2004,4,3672-4392,24.5,32.5,False,0,0.001220703125,0.0010986328125,-0.0001220703125,9.1552734375e-05,3.0517578125e-05,-14,-13
original_prcp_hindcast,2004,4,3672-4392,24.5,48.5,False,0,0.006103515625,0.0059814453125,-0.0001220703125,9.1552734375e-05,3.0517578125e-05,-14,-13
original_prcp_hindcast,2004,4,3672-4392,23.5,47.5,False,0,0.01171875,0.0115966796875,-0.0001220703125,9.1552734375e-05,3.0517578125e-05,-14,-13
original_prcp_hindcast,2004,4,3672-4392,22.5,15.5,False,0,0.00048828125,0.0003662109375,-0.0001220703125,9.1552734375e-05,3.0517578125e-05,-14,-13
original_prcp_hindcast,2004,4,3672-4392,22.5,54.5,False,0,0.00048828125,0.0003662109375,-0.0001220703125,9.1552734375e-05,3.0517578125e-05,-14,-13
original_prcp_hindcast,2004,4,3672-4392,19.5,20.5,False,0,0.0003662109375,0.000244140625,-0.0001220703125,9.1552734375e-05,3.0517578125e-05,-14,-13
original_prcp_hindcast,2004,4,3672-4392,18.5,33.5,True,1,0.0186767578125,0.0185546875,-0.0001220703125,9.1552734375e-05,3.0517578125e-05,-14,-13
original_prcp_hindcast,2004,8,4392-5136,27.5,7.5,False,0,0.0020471034076763317,0.0019207152799936011,-0.00012638812768273056,0.00012207032705191523,4.3178006308153272e-06,-13,-13
original_prcp_hindcast,2004,8,4392-5136,27.5,26.5,False,0,0.0037560877826763317,0.0036296996549936011,-0.00012638812768273056,0.00012207032705191523,4.3178006308153272e-06,-13,-13
original_prcp_hindcast,2004,8,4392-5136,25.5,21.5,False,0,0.0024133143451763317,0.0022869262174936011,-0.00012638812768273056,0.00012207032705191523,4.3178006308153272e-06,-13,-13
original_prcp_hindcast,2004,8,4392-5136,24.5,23.5,False,0,0.0092492518451763317,0.0091228637174936011,-0.00012638812768273056,0.00012207032705191523,4.3178006308153272e-06,-13,-13
original_prcp_hindcast,2004,8,4392-5136,24.5,28.5,False,0,0.0033898768451763317,0.0032634887174936011,-0.00012638812768273056,0.00012207032705191523,4.3178006308153272e-06,-13,-13
original_prcp_hindcast,2004,8,4392-5136,24.5,32.5,False,0,0.0048547205951763317,0.0047283324674936011,-0.00012638812768273056,0.00012207032705191523,4.3178006308153272e-06,-13,-13
original_prcp_hindcast,2004,8,4392-5136,24.5,33.5,False,0,0.0053430018451763317,0.0052166137174936011,-0.00012638812768273056,0.00012207032705191523,4.3178006308153272e-06,-13,-13
original_prcp_hindcast,2004,8,4392-5136,24.5,62.5,False,0,0.079683822157676332,0.079557434029993601,-0.00012638812768273056,0.00012207032705191523,4.3178006308153272e-06,-13,-13
original_prcp_hindcast,2004,8,4392-5136,24.5,64.5,False,0,0.11020140028267633,0.1100750121549936,-0.00012638812768273056,0.00012207032705191523,4.3178006308153272e-06,-13,-13
original_prcp_hindcast,2004,8,4392-5136,23.5,23.5,False,0,0.0029015955951763317,0.0027752074674936011,-0.00012638812768273056,0.00012207032705191523,4.3178006308153272e-06,-13,-13
original_prcp_hindcast,2004,8,4392-5136,23.5,31.5,False,0,0.0002160487201763317,8.9660592493601143e-05,-0.00012638812768273056,0.00012207032705191523,4.3178006308153272e-06,-13,-13
original_prcp_hindcast,2004,8,4392-5136,23.5,61.5,False,0,0.058565658095176332,0.058439269967493601,-0.00012638812768273056,0.00012207032705191523,4.3178006308153272e-06,-13,-13
original_prcp_hindcast,2004,8,4392-5136,23.5,63.5,False,0,0.19162229872017633,0.1914959105924936,-0.00012638812768273056,0.00012207032705191523,4.3178006308153272e-06,-13,-13
original_prcp_hindcast,2004,8,4392-5136,22.5,53.5,False,0,0.032198470595176332,0.032072082467493601,-0.00012638812768273056,0.00012207032705191523,4.3178006308153272e-06,-13,-13
original_prcp_hindcast,2004,8,4392-5136,21.5,25.5,False,0,0.024874251845176332,0.024747863717493601,-0.00012638812768273056,0.00012207032705191523,4.3178006308153272e-06,-13,-13
original_prcp_hindcast,2004,8,4392-5136,21.5,28.5,True,1,0.0058312830951763317,0.0057048949674936011,-0.00012638812768273056,0.00012207032705191523,4.3178006308153272e-06,-13,-13
original_prcp_hindcast,2004,8,4392-5136,20.5,27.5,False,0,0.0083947596576763317,0.0082683715299936011,-0.00012638812768273056,0.00012207032705191523,4.3178006308153272e-06,-13,-13
original_prcp_hindcast,2004,8,4392-5136,20.5,52.5,False,0,0.024508040907676332,0.024381652779993601,-0.00012638812768273056,0.00012207032705191523,4.3178006308153272e-06,-13,-13
original_prcp_hindcast,2004,8,4392-5136,20.5,53.5,False,0,0.034395736220176332,0.034269348092493601,-0.00012638812768273056,0.00012207032705191523,4.3178006308153272e-06,-13,-13
original_prcp_hindcast,2004,8,4392-5136,19.5,16.5,False,0,0.015352767470176332,0.015226379342493601,-0.00012638812768273056,0.00012207032705191523,4.3178006308153272e-06,-13,-13
original_prcp_hindcast,2004,8,4392-5136,19.5,17.5,False,0,0.014620345595176332,0.014493957467493601,-0.00012638812768273056,0.00012207032705191523,4.3178006308153272e-06,-13,-13
original_prcp_hindcast,2004,8,4392-5136,19.5,18.5,False,0,0.022066634657676332,0.021940246529993601,-0.00012638812768273056,0.00012207032705191523,4.3178006308153272e-06,-13,-13
original_prcp_hindcast,2004,8,4392-5136,18.5,22.5,False,0,0.051241439345176332,0.051115051217493601,-0.00012638812768273056,0.00012207032705191523,4.3178006308153272e-06,-13,-13
original_prcp_hindcast,2004,8,4392-5136,18.5,25.5,False,0,0.021334212782676332,0.021207824654993601,-0.00012638812768273056,0.00012207032705191523,4.3178006308153272e-06,-13,-13
original_prcp_hindcast,2004,8,4392-5136,17.5,-4.5,False,0,0.055635970595176332,0.055509582467493601,-0.00012638812768273056,0.00012207032705191523,4.3178006308153272e-06,-13,-13
original_prcp_hindcast,2004,8,4392-5136,17.5,27.5,False,0,0.023531478407676332,0.023405090279993601,-0.00012638812768273056,0.00012207032705191523,4.3178006308153272e-06,-13,-13
original_prcp_hindcast,2004,8,4392-5136,17.5,29.5,False,0,0.016085189345176332,0.015958801217493601,-0.00012638812768273056,0.00012207032705191523,4.3178006308153272e-06,-13,-13
original_prcp_hindcast,2004,8,4392-5136,16.5,13.5,True,1,0.052706283095176332,0.052579894967493601,-0.00012638812768273056,0.00012207032705191523,4.3178006308153272e-06,-13,-13
original_prcp_hindcast,2004,8,4392-5136,16.5,15.5,False,0,0.046968978407676332,0.046842590279993601,-0.00012638812768273056,0.00012207032705191523,4.3178006308153272e-06,-13,-13
original_prcp_hindcast,2004,8,4392-5136,16.5,16.5,False,0,0.058565658095176332,0.058439269967493601,-0.00012638812768273056,0.00012207032705191523,4.3178006308153272e-06,-13,-13
original_prcp_hindcast,2004,8,4392-5136,15.5,12.5,False,0,0.073824447157676332,0.073698059029993601,-0.00012638812768273056,0.00012207032705191523,4.3178006308153272e-06,-13,-13
original_prcp_hindcast,2004,8,4392-5136,15.5,46.5,True,7,0.080294173720176332,0.080167785592493601,-0.00012638812768273056,0.00012207032705191523,4.3178006308153272e-06,-13,-13
original_prcp_hindcast,2004,8,4392-5136,14.5,19.5,False,0,0.22409300184517633,0.2239666137174936,-0.00012638812768273056,0.00012207032705191523,4.3178006308153272e-06,-13,-13
original_prcp_hindcast,2004,8,4392-5136,14.5,32.5,True,5,0.22958616590767633,0.2294597777799936,-0.00012638812768273056,0.00012207032705191523,4.3178006308153272e-06,-13,-13
original_prcp_hindcast,2004,8,4392-5136,-21.5,117.5,False,0,0.030367415907676332,0.030241027779993601,-0.00012638812768273056,0.00012207032705191523,4.3178006308153272e-06,-13,-13
original_prcp_hindcast,2004,9,3672-4392,36.5,42.5,False,0,0.07440082925313618,0.07432718928612303,-7.3639967013150454e-05,6.1035170801915228e-05,1.2604796211235225e-05,-14,-14
original_prcp_hindcast,2004,9,3672-4392,36.5,68.5,True,11,0.08874409097188618,0.08867045100487303,-7.3639967013150454e-05,6.1035170801915228e-05,1.2604796211235225e-05,-14,-14
original_prcp_hindcast,2004,9,3672-4392,35.5,43.5,False,0,0.05975239175313618,0.05967875178612303,-7.3639967013150454e-05,6.1035170801915228e-05,1.2604796211235225e-05,-14,-14
original_prcp_hindcast,2004,9,3672-4392,35.5,59.5,False,0,0.04016010659688618,0.04008646662987303,-7.3639967013150454e-05,6.1035170801915228e-05,1.2604796211235225e-05,-14,-14
original_prcp_hindcast,2004,9,3672-4392,33.5,40.5,False,0,0.02819721597188618,0.02812357600487303,-7.3639967013150454e-05,6.1035170801915228e-05,1.2604796211235225e-05,-14,-14
original_prcp_hindcast,2004,9,3672-4392,32.5,44.5,False,0,0.01336567300313618,0.01329203303612303,-7.3639967013150454e-05,6.1035170801915228e-05,1.2604796211235225e-05,-14,-14
original_prcp_hindcast,2004,9,3672-4392,32.5,62.5,True,2,0.0012196769093861803,0.0011460369423730299,-7.3639967013150454e-05,6.1035170801915228e-05,1.2604796211235225e-05,-14,-14
original_prcp_hindcast,2004,9,3672-4392,32.5,64.5,False,0,0.0049428214406361803,0.0048691814736230299,-7.3639967013150454e-05,6.1035170801915228e-05,1.2604796211235225e-05,-14,-14
original_prcp_hindcast,2004,9,3672-4392,32.5,65.5,False,0,0.0050038565968861803,0.0049302166298730299,-7.3639967013150454e-05,6.1035170801915228e-05,1.2604796211235225e-05,-14,-14
original_prcp_hindcast,2004,9,3672-4392,29.5,63.5,False,0,0.01409809487813618,0.01402445491112303,-7.3639967013150454e-05,6.1035170801915228e-05,1.2604796211235225e-05,-14,-14
original_prcp_hindcast,2004,9,3672-4392,28.5,21.5,False,0,0.0044545401906361803,0.0043809002236230299,-7.3639967013150454e-05,6.1035170801915228e-05,1.2604796211235225e-05,-14,-14
original_prcp_hindcast,2004,9,3672-4392,28.5,48.5,False,0,0.01599018472188618,0.01591654475487303,-7.3639967013150454e-05,6.1035170801915228e-05,1.2604796211235225e-05,-14,-14
original_prcp_hindcast,2004,9,3672-4392,27.5,43.5,False,0,0.03002827065938618,0.02995463069237303,-7.3639967013150454e-05,6.1035170801915228e-05,1.2604796211235225e-05,-14,-14
original_prcp_hindcast,2004,9,3672-4392,26.5,23.5,False,0,0.00067036050313618034,0.00059672053612302989,-7.3639967013150454e-05,6.1035170801915228e-05,1.2604796211235225e-05,-14,-14
original_prcp_hindcast,2004,9,3672-4392,26.5,24.5,False,0,0.0011586417531361803,0.0010850017861230299,-7.3639967013150454e-05,6.1035170801915228e-05,1.2604796211235225e-05,-14,-14
original_prcp_hindcast,2004,9,3672-4392,26.5,25.5,False,0,0.00097553628438618034,0.00090189631737302989,-7.3639967013150454e-05,6.1035170801915228e-05,1.2604796211235225e-05,-14,-14
original_prcp_hindcast,2004,9,3672-4392,26.5,30.5,False,0,0.0012196769093861803,0.0011460369423730299,-7.3639967013150454e-05,6.1035170801915228e-05,1.2604796211235225e-05,-14,-14
original_prcp_hindcast,2004,9,3672-4392,26.5,40.5,False,0,0.0088490714406361803,0.0087754314736230299,-7.3639967013150454e-05,6.1035170801915228e-05,1.2604796211235225e-05,-14,-14
original_prcp_hindcast,2004,9,3672-4392,25.5,45.5,False,0,0.07586567300313618,0.07579203303612303,-7.3639967013150454e-05,6.1035170801915228e-05,1.2604796211235225e-05,-14,-14
original_prcp_hindcast,2004,9,3672-4392,24.5,45.5,False,0,0.07983295815938618,0.07975931819237303,-7.3639967013150454e-05,6.1035170801915228e-05,1.2604796211235225e-05,-14,-14
original_prcp_hindcast,2004,9,3672-4392,23.5,23.5,False,0,0.0055531730031361803,0.0054795330361230299,-7.3639967013150454e-05,6.1035170801915228e-05,1.2604796211235225e-05,-14,-14
original_prcp_hindcast,2004,9,3672-4392,23.5,27.5,False,0,0.0017079581593861803,0.0016343181923730299,-7.3639967013150454e-05,6.1035170801915228e-05,1.2604796211235225e-05,-14,-14
original_prcp_hindcast,2004,9,3672-4392,23.5,35.5,False,0,0.0042714347218861803,0.0041977947548730299,-7.3639967013150454e-05,6.1035170801915228e-05,1.2604796211235225e-05,-14,-14
original_prcp_hindcast,2004,9,3672-4392,22.5,22.5,False,0,0.0028065909718861803,0.0027329510048730299,-7.3639967013150454e-05,6.1035170801915228e-05,1.2604796211235225e-05,-14,-14
original_prcp_hindcast,2004,9,3672-4392,22.5,46.5,False,0,0.06304829019063618,0.06297465022362303,-7.3639967013150454e-05,6.1035170801915228e-05,1.2604796211235225e-05,-14,-14
original_prcp_hindcast,2004,9,3672-4392,22.5,51.5,False,0,0.01464741128438618,0.01457377131737303,-7.3639967013150454e-05,6.1035170801915228e-05,1.2604796211235225e-05,-14,-14
original_prcp_hindcast,2004,9,3672-4392,22.5,54.5,False,0,0.0036000480031361803,0.0035264080361230299,-7.3639967013150454e-05,6.1035170801915228e-05,1.2604796211235225e-05,-14,-14
original_prcp_hindcast,2004,9,3672-4392,21.5,29.5,False,0,0.0032338370656361803,0.0031601970986230299,-7.3639967013150454e-05,6.1035170801915228e-05,1.2604796211235225e-05,-14,-14
original_prcp_hindcast,2004,9,3672-4392,21.5,53.5,False,0,0.0021352042531361803,0.0020615642861230299,-7.3639967013150454e-05,6.1035170801915228e-05,1.2604796211235225e-05,-14,-14
original_prcp_hindcast,2004,9,3672-4392,20.5,20.5,False,0,0.01611225503438618,0.01603861506737303,-7.3639967013150454e-05,6.1035170801915228e-05,1.2604796211235225e-05,-14,-14
original_prcp_hindcast,2004,9,3672-4392,20.5,45.5,False,0,0.03784077065938618,0.03776713069237303,-7.3639967013150454e-05,6.1035170801915228e-05,1.2604796211235225e-05,-14,-14
original_prcp_hindcast,2004,9,3672-4392,19.5,52.5,False,0,0.0021352042531361803,0.0020615642861230299,-7.3639967013150454e-05,6.1035170801915228e-05,1.2604796211235225e-05,-14,-14
original_prcp_hindcast,2004,9,3672-4392,18.5,48.5,False,0,0.01733295815938618,0.01725931819237303,-7.3639967013150454e-05,6.1035170801915228e-05,1.2604796211235225e-05,-14,-14
original_prcp_hindcast,2004,9,3672-4392,17.5,45.5,False,0,0.01934711831563618,0.01927347834862303,-7.3639967013150454e-05,6.1035170801915228e-05,1.2604796211235225e-05,-14,-14
original_prcp_hindcast,2004,9,3672-4392,15.5,45.5,True,15,0.05029194253438618,0.05021830256737303,-7.3639967013150454e-05,6.1035170801915228e-05,1.2604796211235225e-05,-14,-14
original_prcp_hindcast,2004,9,3672-4392,14.5,55.5,False,0,0.0026234855031361803,0.0025498455361230299,-7.3639967013150454e-05,6.1035170801915228e-05,1.2604796211235225e-05,-14,-14
original_prcp_hindcast,2004,9,3672-4392,-16.5,119.5,False,0,0.01690571206563618,0.01683207209862303,-7.3639967013150454e-05,6.1035170801915228e-05,1.2604796211235225e-05,-14,-14
original_prcp_hindcast,2004,9,3672-4392,-16.5,125.5,False,0,0.03076069253438618,0.03068705256737303,-7.3639967013150454e-05,6.1035170801915228e-05,1.2604796211235225e-05,-14,-14
original_prcp_hindcast,2004,9,3672-4392,-17.5,119.5,False,0,0.01824848550313618,0.01817484553612303,-7.3639967013150454e-05,6.1035170801915228e-05,1.2604796211235225e-05,-14,-14
original_prcp_hindcast,2004,9,3672-4392,-20.5,119.5,False,0,0.01544086831563618,0.01536722834862303,-7.3639967013150454e-05,6.1035170801915228e-05,1.2604796211235225e-05,-14,-14
original_prcp_hindcast,2004,9,3672-4392,-21.5,127.5,False,0,0.05926411050313618,0.05919047053612303,-7.3639967013150454e-05,6.1035170801915228e-05,1.2604796211235225e-05,-14,-14
original_prcp_hindcast,2004,9,3672-4392,-22.5,117.5,False,0,0.07800190347188618,0.07792826350487303,-7.3639967013150454e-05,6.1035170801915228e-05,1.2604796211235225e-05,-14,-14
original_prcp_hindcast,2004,9,3672-4392,-22.5,118.5,False,0,0.07580463784688618,0.07573099787987303,-7.3639967013150454e-05,6.1035170801915228e-05,1.2604796211235225e-05,-14,-14
original_prcp_hindcast,2004,9,3672-4392,-24.5,125.5,False,0,0.09728901284688618,0.09721537287987303,-7.3639967013150454e-05,6.1035170801915228e-05,1.2604796211235225e-05,-14,-14
original_prcp_hindcast,2004,9,3672-4392,-25.5,127.5,False,0,0.08599750894063618,0.08592386897362303,-7.3639967013150454e-05,6.1035170801915228e-05,1.2604796211235225e-05,-14,-14
original_prcp_hindcast,2004,9,3672-4392,-27.5,125.5,False,0,0.13610737222188618,0.13603373225487303,-7.3639967013150454e-05,6.1035170801915228e-05,1.2604796211235225e-05,-14,-14
original_prcp_hindcast,2004,17,3672-4392,39.5,82.5,False,0,0.0065930280961765675,0.0064697265625,-0.00012330153367656749,9.1552734829747351e-05,3.1748798846820137e-05,-14,-13
original_prcp_hindcast,2004,17,3672-4392,31.5,56.5,False,0,0.0086682234086765675,0.008544921875,-0.00012330153367656749,9.1552734829747351e-05,3.1748798846820137e-05,-14,-13
original_prcp_hindcast,2004,17,3672-4392,24.5,16.5,False,0,0.0089123640336765675,0.0087890625,-0.00012330153367656749,9.1552734829747351e-05,3.1748798846820137e-05,-14,-13
original_prcp_hindcast,2004,17,3672-4392,20.5,49.5,False,0,0.0031750593461765675,0.0030517578125,-0.00012330153367656749,9.1552734829747351e-05,3.1748798846820137e-05,-14,-13
original_prcp_hindcast,2004,20,3672-4392,38.5,33.5,False,0,0.0611572265625,0.061055942031089216,-0.00010128453141078353,9.1552741650957614e-05,9.7317897598259151e-06,-14,-13
original_prcp_hindcast,2004,20,3672-4392,34.5,57.5,False,0,0.010009765625,0.0099084810935892165,-0.00010128453141078353,9.1552741650957614e-05,9.7317897598259151e-06,-14,-13
original_prcp_hindcast,2004,20,3672-4392,33.5,44.5,False,0,0.0179443359375,0.017843051406089216,-0.00010128453141078353,9.1552741650957614e-05,9.7317897598259151e-06,-14,-13
original_prcp_hindcast,2004,20,3672-4392,33.5,56.5,False,0,0.017822265625,0.017720981093589216,-0.00010128453141078353,9.1552741650957614e-05,9.7317897598259151e-06,-14,-13
original_prcp_hindcast,2004,20,3672-4392,32.5,38.5,False,0,0.017333984375,0.017232699843589216,-0.00010128453141078353,9.1552741650957614e-05,9.7317897598259151e-06,-14,-13
original_prcp_hindcast,2004,20,3672-4392,32.5,49.5,False,0,0.1260986328125,0.12599734828108922,-0.00010128453141078353,9.1552741650957614e-05,9.7317897598259151e-06,-14,-13
original_prcp_hindcast,2004,20,3672-4392,32.5,64.5,False,0,0.0078125,0.0077112154685892165,-0.00010128453141078353,9.1552741650957614e-05,9.7317897598259151e-06,-14,-13
original_prcp_hindcast,2004,20,3672-4392,31.5,48.5,False,0,0.022216796875,0.022115512343589216,-0.00010128453141078353,9.1552741650957614e-05,9.7317897598259151e-06,-14,-13
original_prcp_hindcast,2004,20,3672-4392,31.5,60.5,False,0,0.0020751953125,0.0019739107810892165,-0.00010128453141078353,9.1552741650957614e-05,9.7317897598259151e-06,-14,-13
original_prcp_hindcast,2004,20,3672-4392,30.5,22.5,False,0,0.00390625,0.0038049654685892165,-0.00010128453141078353,9.1552741650957614e-05,9.7317897598259151e-06,-14,-13
original_prcp_hindcast,2004,20,3672-4392,30.5,41.5,False,0,0.011474609375,0.011373324843589216,-0.00010128453141078353,9.1552741650957614e-05,9.7317897598259151e-06,-14,-13
original_prcp_hindcast,2004,20,3672-4392,30.5,62.5,True,2,0.0001220703125,2.0785781089216471e-05,-0.00010128453141078353,9.1552741650957614e-05,9.7317897598259151e-06,-14,-13
original_prcp_hindcast,2004,20,3672-4392,28.5,-7.5,False,0,0.00244140625,0.0023401217185892165,-0.00010128453141078353,9.1552741650957614e-05,9.7317897598259151e-06,-14,-13
original_prcp_hindcast,2004,20,3672-4392,28.5,20.5,False,0,0.0023193359375,0.0022180514060892165,-0.00010128453141078353,9.1552741650957614e-05,9.7317897598259151e-06,-14,-13
original_prcp_hindcast,2004,20,3672-4392,28.5,38.5,False,0,0.0074462890625,0.0073450045310892165,-0.00010128453141078353,9.1552741650957614e-05,9.7317897598259151e-06,-14,-13
original_prcp_hindcast,2004,20,3672-4392,27.5,-6.5,False,0,0.0220947265625,0.021993442031089216,-0.00010128453141078353,9.1552741650957614e-05,9.7317897598259151e-06,-14,-13
original_prcp_hindcast,2004,20,3672-4392,27.5,-1.5,False,0,0.0081787109375,0.0080774264060892165,-0.00010128453141078353,9.1552741650957614e-05,9.7317897598259151e-06,-14,-13
original_prcp_hindcast,2004,20,3672-4392,27.5,30.5,False,0,0.00048828125,0.00038699671858921647,-0.00010128453141078353,9.1552741650957614e-05,9.7317897598259151e-06,-14,-13
original_prcp_hindcast,2004,20,3672-4392,27.5,32.5,False,0,0.0030517578125,0.0029504732810892165,-0.00010128453141078353,9.1552741650957614e-05,9.7317897598259151e-06,-14,-13
original_prcp_hindcast,2004,20,3672-4392,25.5,29.5,False,0,0.0023193359375,0.0022180514060892165,-0.00010128453141078353,9.1552741650957614e-05,9.7317897598259151e-06,-14,-13
original_prcp_hindcast,2004,20,3672-4392,25.5,53.5,False,0,0.0076904296875,0.0075891451560892165,-0.00010128453141078353,9.1552741650957614e-05,9.7317897598259151e-06,-14,-13
original_prcp_hindcast,2004,20,3672-4392,24.5,31.5,False,0,0.0003662109375,0.00026492640608921647,-0.00010128453141078353,9.1552741650957614e-05,9.7317897598259151e-06,-14,-13
original_prcp_hindcast,2004,20,3672-4392,23.5,14.5,False,0,0.0078125,0.0077112154685892165,-0.00010128453141078353,9.1552741650957614e-05,9.7317897598259151e-06,-14,-13
original_prcp_hindcast,2004,20,3672-4392,23.5,20.5,False,0,0.02099609375,0.020894809218589216,-0.00010128453141078353,9.1552741650957614e-05,9.7317897598259151e-06,-14,-13
original_prcp_hindcast,2004,20,3672-4392,22.5,16.5,False,0,0.0086669921875,0.0085657076560892165,-0.00010128453141078353,9.1552741650957614e-05,9.7317897598259151e-06,-14,-13
original_prcp_hindcast,2004,20,3672-4392,22.5,49.5,False,0,0.0062255859375,0.0061243014060892165,-0.00010128453141078353,9.1552741650957614e-05,9.7317897598259151e-06,-14,-13
original_prcp_hindcast,2004,20,3672-4392,21.5,23.5,False,0,0.0047607421875,0.0046594576560892165,-0.00010128453141078353,9.1552741650957614e-05,9.7317897598259151e-06,-14,-13
original_prcp_hindcast,2004,20,3672-4392,21.5,49.5,False,0,0.00341796875,0.0033166842185892165,-0.00010128453141078353,9.1552741650957614e-05,9.7317897598259151e-06,-14,-13
original_prcp_hindcast,2004,20,3672-4392,17.5,19.5,False,0,0.027099609375,0.026998324843589216,-0.00010128453141078353,9.1552741650957614e-05,9.7317897598259151e-06,-14,-13
original_prcp_hindcast,2004,20,3672-4392,-15.5,16.5,True,1,0.0400390625,0.039937777968589216,-0.00010128453141078353,9.1552741650957614e-05,9.7317897598259151e-06,-14,-13
original_prcp_hindcast,2004,20,3672-4392,-16.5,21.5,False,0,0.0211181640625,0.021016879531089216,-0.00010128453141078353,9.1552741650957614e-05,9.7317897598259151e-06,-14,-13
original_prcp_hindcast,2004,20,3672-4392,-18.5,24.5,False,0,0.0140380859375,0.013936801406089216,-0.00010128453141078353,9.1552741650957614e-05,9.7317897598259151e-06,-14,-13
original_prcp_hindcast,2004,20,3672-4392,-18.5,122.5,False,0,0.002197265625,0.0020959810935892165,-0.00010128453141078353,9.1552741650957614e-05,9.7317897598259151e-06,-14,-13
original_prcp_hindcast,2004,21,4392-5136,34.5,41.5,False,0,0.0033005999184752,0.003175521625962574,-0.00012507829251262592,0.0001220703134094947,3.0079791031312197e-06,-13,-13
original_prcp_hindcast,2004,21,4392-5136,32.5,63.5,False,0,0.0069627092934752,0.006837631000962574,-0.00012507829251262592,0.0001220703134094947,3.0079791031312197e-06,-13,-13
original_prcp_hindcast,2004,21,4392-5136,30.5,0.5,False,0,0.00098126398097519996,0.00085618568846257403,-0.00012507829251262592,0.0001220703134094947,3.0079791031312197e-06,-13,-13
original_prcp_hindcast,2004,21,4392-5136,30.5,2.5,False,0,0.00049298273097519996,0.00036790443846257403,-0.00012507829251262592,0.0001220703134094947,3.0079791031312197e-06,-13,-13
original_prcp_hindcast,2004,21,4392-5136,30.5,59.5,False,0,0.0086716936684752,0.008546615375962574,-0.00012507829251262592,0.0001220703134094947,3.0079791031312197e-06,-13,-13
original_prcp_hindcast,2004,21,4392-5136,30.5,65.5,False,0,0.0166062639809752,0.016481185688462574,-0.00012507829251262592,0.0001220703134094947,3.0079791031312197e-06,-13,-13
original_prcp_hindcast,2004,21,4392-5136,29.5,3.5,False,0,0.00085919366847519996,0.00073411537596257403,-0.00012507829251262592,0.0001220703134094947,3.0079791031312197e-06,-13,-13
original_prcp_hindcast,2004,21,4392-5136,29.5,46.5,False,0,0.0113572405434752,0.011232162250962574,-0.00012507829251262592,0.0001220703134094947,3.0079791031312197e-06,-13,-13
original_prcp_hindcast,2004,21,4392-5136,29.5,51.5,False,0,0.0177048967934752,0.017579818500962574,-0.00012507829251262592,0.0001220703134094947,3.0079791031312197e-06,-13,-13
original_prcp_hindcast,2004,21,4392-5136,28.5,-2.5,False,0,0.0013474749184752,0.001222396625962574,-0.00012507829251262592,0.0001220703134094947,3.0079791031312197e-06,-13,-13
original_prcp_hindcast,2004,21,4392-5136,28.5,47.5,False,0,0.0043992327309752,0.004274154438462574,-0.00012507829251262592,0.0001220703134094947,3.0079791031312197e-06,-13,-13
original_prcp_hindcast,2004,21,4392-5136,28.5,62.5,False,0,0.0164841936684752,0.016359115375962574,-0.00012507829251262592,0.0001220703134094947,3.0079791031312197e-06,-13,-13
original_prcp_hindcast,2004,21,4392-5136,25.5,-1.5,False,0,0.00061505304347519996,0.00048997475096257403,-0.00012507829251262592,0.0001220703134094947,3.0079791031312197e-06,-13,-13
original_prcp_hindcast,2004,21,4392-5136,25.5,43.5,False,0,0.0319871233559752,0.031862045063462574,-0.00012507829251262592,0.0001220703134094947,3.0079791031312197e-06,-13,-13
original_prcp_hindcast,2004,21,4392-5136,24.5,8.5,False,0,0.0025681780434752,0.002443099750962574,-0.00012507829251262592,0.0001220703134094947,3.0079791031312197e-06,-13,-13
original_prcp_hindcast,2004,21,4392-5136,24.5,16.5,False,0,0.00024884210597519996,0.00012376381346257403,-0.00012507829251262592,0.0001220703134094947,3.0079791031312197e-06,-13,-13
original_prcp_hindcast,2004,21,4392-5136,24.5,18.5,False,0,0.00037091241847519996,0.00024583412596257403,-0.00012507829251262592,0.0001220703134094947,3.0079791031312197e-06,-13,-13
original_prcp_hindcast,2004,21,4392-5136,23.5,-2.5,False,0,0.0013474749184752,0.001222396625962574,-0.00012507829251262592,0.0001220703134094947,3.0079791031312197e-06,-13,-13
original_prcp_hindcast,2004,21,4392-5136,22.5,10.5,False,0,0.0017136858559752,0.001588607563462574,-0.00012507829251262592,0.0001220703134094947,3.0079791031312197e-06,-13,-13
original_prcp_hindcast,2004,21,4392-5136,22.5,16.5,False,0,0.0051316546059752,0.005006576313462574,-0.00012507829251262592,0.0001220703134094947,3.0079791031312197e-06,-13,-13
original_prcp_hindcast,2004,21,4392-5136,22.5,25.5,False,0,0.0012254046059752,0.001100326313462574,-0.00012507829251262592,0.0001220703134094947,3.0079791031312197e-06,-13,-13
original_prcp_hindcast,2004,21,4392-5136,22.5,28.5,False,0,0.0013474749184752,0.001222396625962574,-0.00012507829251262592,0.0001220703134094947,3.0079791031312197e-06,-13,-13
original_prcp_hindcast,2004,21,4392-5136,22.5,43.5,False,0,0.0167283342934752,0.016603256000962574,-0.00012507829251262592,0.0001220703134094947,3.0079791031312197e-06,-13,-13
original_prcp_hindcast,2004,21,4392-5136,21.5,13.5,False,0,0.0015916155434752,0.001466537250962574,-0.00012507829251262592,0.0001220703134094947,3.0079791031312197e-06,-13,-13
original_prcp_hindcast,2004,21,4392-5136,20.5,-17.5,False,0,0.0031785296059752,0.003053451313462574,-0.00012507829251262592,0.0001220703134094947,3.0079791031312197e-06,-13,-13
original_prcp_hindcast,2004,21,4392-5136,20.5,3.5,False,0,0.0091599749184752,0.009034896625962574,-0.00012507829251262592,0.0001220703134094947,3.0079791031312197e-06,-13,-13
original_prcp_hindcast,2004,21,4392-5136,20.5,6.5,False,0,0.0075730608559752,0.007447982563462574,-0.00012507829251262592,0.0001220703134094947,3.0079791031312197e-06,-13,-13
original_prcp_hindcast,2004,21,4392-5136,20.5,28.5,False,0,0.0020798967934752,0.001954818500962574,-0.00012507829251262592,0.0001220703134094947,3.0079791031312197e-06,-13,-13
original_prcp_hindcast,2004,21,4392-5136,18.5,31.5,True,1,0.0391892717934752,0.039064193500962574,-0.00012507829251262592,0.0001220703134094947,3.0079791031312197e-06,-13,-13
original_prcp_hindcast,2004,21,4392-5136,-20.5,117.5,False,0,0.0015916155434752,0.001466537250962574,-0.00012507829251262592,0.0001220703134094947,3.0079791031312197e-06,-13,-13
original_prcp_hindcast,2004,23,4392-5136,39.5,90.5,False,0,0.015879882996159722,0.015755017175251851,-0.00012486582090787124,0.0001220703134094947,2.7955074983765371e-06,-13,-13
original_prcp_hindcast,2004,23,4392-5136,37.5,66.5,False,0,0.051646484558659722,0.051521618737751851,-0.00012486582090787124,0.0001220703134094947,2.7955074983765371e-06,-13,-13
original_prcp_hindcast,2004,23,4392-5136,36.5,62.5,False,0,0.056651367371159722,0.056526501550251851,-0.00012486582090787124,0.0001220703134094947,2.7955074983765371e-06,-13,-13
original_prcp_hindcast,2004,23,4392-5136,29.5,41.5,False,0,0.011973632996159722,0.011848767175251851,-0.00012486582090787124,0.0001220703134094947,2.7955074983765371e-06,-13,-13
original_prcp_hindcast,2004,23,4392-5136,29.5,45.5,False,0,0.022959961121159722,0.022835095300251851,-0.00012486582090787124,0.0001220703134094947,2.7955074983765371e-06,-13,-13
original_prcp_hindcast,2004,23,4392-5136,29.5,46.5,False,0,0.020274414246159722,0.020149548425251851,-0.00012486582090787124,0.0001220703134094947,2.7955074983765371e-06,-13,-13
original_prcp_hindcast,2004,23,4392-5136,28.5,64.5,False,0,0.11378027362115972,0.11365540780025185,-0.00012486582090787124,0.0001220703134094947,2.7955074983765371e-06,-13,-13
original_prcp_hindcast,2004,23,4392-5136,25.5,22.5,False,0,0.0015976564336597221,0.0014727906127518509,-0.00012486582090787124,0.0001220703134094947,2.7955074983765371e-06,-13,-13
original_prcp_hindcast,2004,23,4392-5136,25.5,24.5,False,0,0.0015976564336597221,0.0014727906127518509,-0.00012486582090787124,0.0001220703134094947,2.7955074983765371e-06,-13,-13
original_prcp_hindcast,2004,23,4392-5136,25.5,30.5,False,0,0.0017197267461597221,0.0015948609252518509,-0.00012486582090787124,0.0001220703134094947,2.7955074983765371e-06,-13,-13
original_prcp_hindcast,2004,23,4392-5136,25.5,44.5,False,0,0.028208984558659722,0.028084118737751851,-0.00012486582090787124,0.0001220703134094947,2.7955074983765371e-06,-13,-13
original_prcp_hindcast,2004,23,4392-5136,24.5,17.5,False,0,0.0002548829961597221,0.00013001717525185086,-0.00012486582090787124,0.0001220703134094947,2.7955074983765371e-06,-13,-13
original_prcp_hindcast,2004,23,4392-5136,24.5,41.5,False,0,0.028575195496159722,0.028450329675251851,-0.00012486582090787124,0.0001220703134094947,2.7955074983765371e-06,-13,-13
original_prcp_hindcast,2004,23,4392-5136,23.5,8.5,False,0,0.0014755861211597221,0.0013507203002518509,-0.00012486582090787124,0.0001220703134094947,2.7955074983765371e-06,-13,-13
original_prcp_hindcast,2004,23,4392-5136,23.5,19.5,False,0,0.0013535158086597221,0.0012286499877518509,-0.00012486582090787124,0.0001220703134094947,2.7955074983765371e-06,-13,-13
original_prcp_hindcast,2004,23,4392-5136,23.5,49.5,False,0,0.0092880861211597221,0.0091632203002518509,-0.00012486582090787124,0.0001220703134094947,2.7955074983765371e-06,-13,-13
original_prcp_hindcast,2004,23,4392-5136,22.5,6.5,False,0,0.0024521486211597221,0.0023272828002518509,-0.00012486582090787124,0.0001220703134094947,2.7955074983765371e-06,-13,-13
original_prcp_hindcast,2004,23,4392-5136,22.5,8.5,False,0,0.0004990236211597221,0.00037415780025185086,-0.00012486582090787124,0.0001220703134094947,2.7955074983765371e-06,-13,-13
original_prcp_hindcast,2004,23,4392-5136,22.5,27.5,False,0,0.0008652345586597221,0.00074036873775185086,-0.00012486582090787124,0.0001220703134094947,2.7955074983765371e-06,-13,-13
original_prcp_hindcast,2004,23,4392-5136,21.5,16.5,False,0,0.026500000183659722,0.026375134362751851,-0.00012486582090787124,0.0001220703134094947,2.7955074983765371e-06,-13,-13
original_prcp_hindcast,2004,23,4392-5136,21.5,24.5,False,0,0.0025742189336597221,0.0024493531127518509,-0.00012486582090787124,0.0001220703134094947,2.7955074983765371e-06,-13,-13
original_prcp_hindcast,2004,23,4392-5136,21.5,47.5,False,0,0.0062363283086597221,0.0061114624877518509,-0.00012486582090787124,0.0001220703134094947,2.7955074983765371e-06,-13,-13
original_prcp_hindcast,2004,23,4392-5136,20.5,24.5,False,0,0.0029404298711597221,0.0028155640502518509,-0.00012486582090787124,0.0001220703134094947,2.7955074983765371e-06,-13,-13
original_prcp_hindcast,2004,23,4392-5136,20.5,45.5,False,0,0.021006836121159722,0.020881970300251851,-0.00012486582090787124,0.0001220703134094947,2.7955074983765371e-06,-13,-13
original_prcp_hindcast,2004,23,4392-5136,20.5,50.5,False,0,0.010997070496159722,0.010872204675251851,-0.00012486582090787124,0.0001220703134094947,2.7955074983765371e-06,-13,-13
original_prcp_hindcast,2004,23,4392-5136,20.5,53.5,False,0,0.0096542970586597221,0.0095294312377518509,-0.00012486582090787124,0.0001220703134094947,2.7955074983765371e-06,-13,-13
original_prcp_hindcast,2004,23,4392-5136,19.5,-16.5,False,0,0.0013535158086597221,0.0012286499877518509,-0.00012486582090787124,0.0001220703134094947,2.7955074983765371e-06,-13,-13
original_prcp_hindcast,2004,23,4392-5136,19.5,1.5,False,0,0.027720703308659722,0.027595837487751851,-0.00012486582090787124,0.0001220703134094947,2.7955074983765371e-06,-13,-13
original_prcp_hindcast,2004,23,4392-5136,19.5,51.5,False,0,0.010264648621159722,0.010139782800251851,-0.00012486582090787124,0.0001220703134094947,2.7955074983765371e-06,-13,-13
original_prcp_hindcast,2004,23,4392-5136,18.5,18.5,False,0,0.025401367371159722,0.025276501550251851,-0.00012486582090787124,0.0001220703134094947,2.7955074983765371e-06,-13,-13
original_prcp_hindcast,2004,23,4392-5136,18.5,26.5,False,0,0.0067246095586597221,0.0065997437377518509,-0.00012486582090787124,0.0001220703134094947,2.7955074983765371e-06,-13,-13
original_prcp_hindcast,2004,23,4392-5136,18.5,31.5,True,1,0.015025390808659722,0.014900524987751851,-0.00012486582090787124,0.0001220703134094947,2.7955074983765371e-06,-13,-13
original_prcp_hindcast,2004,23,4392-5136,18.5,51.5,False,0,0.0066025392461597221,0.0064776734252518509,-0.00012486582090787124,0.0001220703134094947,2.7955074983765371e-06,-13,-13
original_prcp_hindcast,2004,23,4392-5136,17.5,-3.5,False,0,0.041514648621159722,0.041389782800251851,-0.00012486582090787124,0.0001220703134094947,2.7955074983765371e-06,-13,-13
original_prcp_hindcast,2004,23,4392-5136,17.5,-2.5,False,0,0.029307617371159722,0.029182751550251851,-0.00012486582090787124,0.0001220703134094947,2.7955074983765371e-06,-13,-13
original_prcp_hindcast,2004,23,4392-5136,17.5,10.5,False,0,0.011241211121159722,0.011116345300251851,-0.00012486582090787124,0.0001220703134094947,2.7955074983765371e-06,-13,-13
original_prcp_hindcast,2004,23,4392-5136,17.5,11.5,False,0,0.015635742371159722,0.015510876550251851,-0.00012486582090787124,0.0001220703134094947,2.7955074983765371e-06,-13,-13
original_prcp_hindcast,2004,23,4392-5136,17.5,16.5,False,0,0.063121093933659722,0.062996228112751851,-0.00012486582090787124,0.0001220703134094947,2.7955074983765371e-06,-13,-13
original_prcp_hindcast,2004,23,4392-5136,16.5,44.5,True,12,0.080333007996159722,0.080208142175251851,-0.00012486582090787124,0.0001220703134094947,2.7955074983765371e-06,-13,-13
original_prcp_hindcast,2004,23,4392-5136,16.5,47.5,True,2,0.027964843933659722,0.027839978112751851,-0.00012486582090787124,0.0001220703134094947,2.7955074983765371e-06,-13,-13
original_prcp_hindcast,2004,23,4392-5136,-21.5,124.5,False,0,0.0023300783086597221,0.0022052124877518509,-0.00012486582090787124,0.0001220703134094947,2.7955074983765371e-06,-13,-13
original_prcp_hindcast,2004,23,4392-5136,-22.5,116.5,False,0,0.066294922058659722,0.066170056237751851,-0.00012486582090787124,0.0001220703134094947,2.7955074983765371e-06,-13,-13
original_prcp_hindcast,2004,23,4392-5136,-22.5,119.5,False,0,0.019175781433659722,0.019050915612751851,-0.00012486582090787124,0.0001220703134094947,2.7955074983765371e-06,-13,-13
original_prcp_hindcast,2004,23,4392-5136,-25.5,119.5,False,0,0.061045898621159722,0.060921032800251851,-0.00012486582090787124,0.0001220703134094947,2.7955074983765371e-06,-13,-13
original_prcp_hindcast,2004,23,4392-5136,-26.5,121.5,False,0,0.041270507996159722,0.041145642175251851,-0.00012486582090787124,0.0001220703134094947,2.7955074983765371e-06,-13,-13
original_prcp_hindcast,2004,23,4392-5136,-27.5,118.5,False,0,0.062632812683659722,0.062507946862751851,-0.00012486582090787124,0.0001220703134094947,2.7955074983765371e-06,-13,-13
original_prcp_hindcast,2004,24,3672-4392,30.5,5.5,False,0,0.000732421875,0.0006103515625,-0.0001220703125,9.1552734375e-05,3.0517578125e-05,-14,-13
original_prcp_hindcast,2004,24,3672-4392,25.5,-0.5,False,0,0.0318603515625,0.03173828125,-0.0001220703125,9.1552734375e-05,3.0517578125e-05,-14,-13
original_prcp_hindcast,2004,24,3672-4392,25.5,5.5,False,0,0.0068359375,0.0067138671875,-0.0001220703125,9.1552734375e-05,3.0517578125e-05,-14,-13
original_prcp_hindcast,2005,0,3672-4392,33.5,59.5,False,0,0.0517578125,0.0516357421875,-0.0001220703125,9.1552734375e-05,3.0517578125e-05,-14,-13
original_prcp_hindcast,2005,0,3672-4392,32.5,47.5,False,0,0.0244140625,0.0242919921875,-0.0001220703125,9.1552734375e-05,3.0517578125e-05,-14,-13
original_prcp_hindcast,2005,0,3672-4392,32.5,52.5,False,0,0.0267333984375,0.026611328125,-0.0001220703125,9.1552734375e-05,3.0517578125e-05,-14,-13
original_prcp_hindcast,2005,0,3672-4392,30.5,6.5,False,0,0.0048828125,0.0047607421875,-0.0001220703125,9.1552734375e-05,3.0517578125e-05,-14,-13
original_prcp_hindcast,2005,0,3672-4392,29.5,21.5,False,0,0.0003662109375,0.000244140625,-0.0001220703125,9.1552734375e-05,3.0517578125e-05,-14,-13
original_prcp_hindcast,2005,0,3672-4392,27.5,36.5,False,0,0.00146484375,0.0013427734375,-0.0001220703125,9.1552734375e-05,3.0517578125e-05,-14,-13
original_prcp_hindcast,2005,0,3672-4392,26.5,22.5,False,0,0.0001220703125,0,-0.0001220703125,9.1552734375e-05,3.0517578125e-05,-14,-13
original_prcp_hindcast,2005,0,3672-4392,25.5,22.5,False,0,0.0001220703125,0,-0.0001220703125,9.1552734375e-05,3.0517578125e-05,-14,-13
original_prcp_hindcast,2005,0,3672-4392,22.5,-1.5,False,0,0.005615234375,0.0054931640625,-0.0001220703125,9.1552734375e-05,3.0517578125e-05,-14,-13
original_prcp_hindcast,2005,0,3672-4392,22.5,37.5,False,0,0.0001220703125,0,-0.0001220703125,9.1552734375e-05,3.0517578125e-05,-14,-13
original_prcp_hindcast,2005,0,3672-4392,21.5,28.5,True,1,0.0003662109375,0.000244140625,-0.0001220703125,9.1552734375e-05,3.0517578125e-05,-14,-13
original_prcp_hindcast,2005,0,3672-4392,21.5,44.5,False,0,0.0189208984375,0.018798828125,-0.0001220703125,9.1552734375e-05,3.0517578125e-05,-14,-13
original_prcp_hindcast,2005,0,3672-4392,-22.5,125.5,False,0,0.005126953125,0.0050048828125,-0.0001220703125,9.1552734375e-05,3.0517578125e-05,-14,-13
original_prcp_hindcast,2005,1,3672-4392,21.5,9.5,False,0,0.00018310546875,6.103515625e-05,-0.0001220703125,6.103515625e-05,6.103515625e-05,-14,-14
original_prcp_hindcast,2005,1,3672-4392,20.5,10.5,False,0,0.00018310546875,6.103515625e-05,-0.0001220703125,6.103515625e-05,6.103515625e-05,-14,-14
original_prcp_hindcast,2005,2,3672-4392,36.5,39.5,False,0,0.009765625,0.0096435546875,-0.0001220703125,9.1552734375e-05,3.0517578125e-05,-14,-13
original_prcp_hindcast,2005,2,3672-4392,34.5,41.5,False,0,0.002685546875,0.0025634765625,-0.0001220703125,9.1552734375e-05,3.0517578125e-05,-14,-13
original_prcp_hindcast,2005,2,3672-4392,33.5,53.5,False,0,0.0113525390625,0.01123046875,-0.0001220703125,9.1552734375e-05,3.0517578125e-05,-14,-13
original_prcp_hindcast,2005,2,3672-4392,31.5,45.5,False,0,0.0003662109375,0.000244140625,-0.0001220703125,9.1552734375e-05,3.0517578125e-05,-14,-13
original_prcp_hindcast,2005,2,3672-4392,31.5,66.5,False,0,0.00732421875,0.0072021484375,-0.0001220703125,9.1552734375e-05,3.0517578125e-05,-14,-13
original_prcp_hindcast,2005,2,3672-4392,19.5,27.5,False,0,0.01318359375,0.0130615234375,-0.0001220703125,9.1552734375e-05,3.0517578125e-05,-14,-13
original_prcp_hindcast,2005,2,3672-4392,19.5,55.5,False,0,0.001953125,0.0018310546875,-0.0001220703125,9.1552734375e-05,3.0517578125e-05,-14,-13
original_prcp_hindcast,2005,4,3672-4392,27.5,3.5,False,0,0.0009765625,0.0008544921875,-0.0001220703125,9.1552734375e-05,3.0517578125e-05,-14,-13
original_prcp_hindcast,2005,4,3672-4392,23.5,2.5,False,0,0.0050048828125,0.0048828125,-0.0001220703125,9.1552734375e-05,3.0517578125e-05,-14,-13
original_prcp_hindcast,2005,4,3672-4392,21.5,27.5,False,0,0.00048828125,0.0003662109375,-0.0001220703125,9.1552734375e-05,3.0517578125e-05,-14,-13
original_prcp_hindcast,2005,4,3672-4392,-15.5,24.5,True,2,0.0208740234375,0.020751953125,-0.0001220703125,9.1552734375e-05,3.0517578125e-05,-14,-13
original_prcp_hindcast,2005,5,3672-4392,39.5,64.5,False,0,0.032470703125,0.0323486328125,-0.0001220703125,9.1552734375e-05,3.0517578125e-05,-14,-13
original_prcp_hindcast,2005,5,3672-4392,36.5,41.5,False,0,0.0404052734375,0.040283203125,-0.0001220703125,9.1552734375e-05,3.0517578125e-05,-14,-13
original_prcp_hindcast,2005,5,3672-4392,34.5,23.5,False,0,0.007080078125,0.0069580078125,-0.0001220703125,9.1552734375e-05,3.0517578125e-05,-14,-13
original_prcp_hindcast,2005,5,3672-4392,30.5,5.5,False,0,0.0003662109375,0.000244140625,-0.0001220703125,9.1552734375e-05,3.0517578125e-05,-14,-13
original_prcp_hindcast,2005,5,3672-4392,29.5,53.5,False,0,0.0634765625,0.0633544921875,-0.0001220703125,9.1552734375e-05,3.0517578125e-05,-14,-13
original_prcp_hindcast,2005,5,3672-4392,25.5,45.5,False,0,0.0633544921875,0.063232421875,-0.0001220703125,9.1552734375e-05,3.0517578125e-05,-14,-13
original_prcp_hindcast,2005,5,3672-4392,24.5,-1.5,False,0,0.00048828125,0.0003662109375,-0.0001220703125,9.1552734375e-05,3.0517578125e-05,-14,-13
original_prcp_hindcast,2005,5,3672-4392,20.5,42.5,False,0,0.139892578125,0.1397705078125,-0.0001220703125,9.1552734375e-05,3.0517578125e-05,-14,-13
original_prcp_hindcast,2005,7,3672-4392,32.5,58.5,False,0,0.0203857421875,0.020263671875,-0.0001220703125,9.1552734375e-05,3.0517578125e-05,-14,-13
original_prcp_hindcast,2005,7,3672-4392,22.5,10.5,False,0,0.0003662109375,0.000244140625,-0.0001220703125,9.1552734375e-05,3.0517578125e-05,-14,-13
original_prcp_hindcast,2005,7,3672-4392,22.5,45.5,False,0,0.0123291015625,0.01220703125,-0.0001220703125,9.1552734375e-05,3.0517578125e-05,-14,-13
original_prcp_hindcast,2005,7,3672-4392,-26.5,22.5,False,0,0.1353759765625,0.13525390625,-0.0001220703125,9.1552734375e-05,3.0517578125e-05,-14,-13
original_prcp_hindcast,2005,8,3672-4392,28.5,65.5,True,2,0.0091552734375,0.009033203125,-0.0001220703125,9.1552734375e-05,3.0517578125e-05,-14,-13
original_prcp_hindcast,2005,8,3672-4392,23.5,56.5,False,0,0.00927734375,0.0091552734375,-0.0001220703125,9.1552734375e-05,3.0517578125e-05,-14,-13
original_prcp_hindcast,2005,8,3672-4392,18.5,21.5,True,1,0.0257568359375,0.025634765625,-0.0001220703125,9.1552734375e-05,3.0517578125e-05,-14,-13
original_prcp_hindcast,2005,8,3672-4392,18.5,28.5,False,0,0.035400390625,0.0352783203125,-0.0001220703125,9.1552734375e-05,3.0517578125e-05,-14,-13
original_prcp_hindcast,2005,8,3672-4392,-22.5,119.5,False,0,0.04833984375,0.0482177734375,-0.0001220703125,9.1552734375e-05,3.0517578125e-05,-14,-13
original_prcp_hindcast,2005,11,3672-4392,30.5,58.5,False,0,0.000732421875,0.0006103515625,-0.0001220703125,9.1552734375e-05,3.0517578125e-05,-14,-13
original_prcp_hindcast,2005,11,3672-4392,26.5,46.5,False,0,0.0447998046875,0.044677734375,-0.0001220703125,9.1552734375e-05,3.0517578125e-05,-14,-13
original_prcp_hindcast,2005,11,3672-4392,-21.5,120.5,False,0,0.0277099609375,0.027587890625,-0.0001220703125,9.1552734375e-05,3.0517578125e-05,-14,-13
original_prcp_hindcast,2005,12,3672-4392,32.5,63.5,False,0,0.059814453125,0.0596923828125,-0.0001220703125,9.1552734375e-05,3.0517578125e-05,-14,-13
original_prcp_hindcast,2005,12,3672-4392,31.5,21.5,False,0,0.001953125,0.0018310546875,-0.0001220703125,9.1552734375e-05,3.0517578125e-05,-14,-13
original_prcp_hindcast,2005,12,3672-4392,29.5,59.5,False,0,0.0108642578125,0.0107421875,-0.0001220703125,9.1552734375e-05,3.0517578125e-05,-14,-13
original_prcp_hindcast,2005,12,3672-4392,25.5,1.5,False,0,0.00390625,0.0037841796875,-0.0001220703125,9.1552734375e-05,3.0517578125e-05,-14,-13
original_prcp_hindcast,2005,12,3672-4392,25.5,44.5,False,0,0.013916015625,0.0137939453125,-0.0001220703125,9.1552734375e-05,3.0517578125e-05,-14,-13
original_prcp_hindcast,2005,12,3672-4392,23.5,32.5,False,0,0.0003662109375,0.000244140625,-0.0001220703125,9.1552734375e-05,3.0517578125e-05,-14,-13
original_prcp_hindcast,2005,12,3672-4392,22.5,5.5,False,0,0.0201416015625,0.02001953125,-0.0001220703125,9.1552734375e-05,3.0517578125e-05,-14,-13
original_prcp_hindcast,2005,12,3672-4392,-16.5,16.5,True,3,0.03662109375,0.0364990234375,-0.0001220703125,9.1552734375e-05,3.0517578125e-05,-14,-13
original_prcp_hindcast,2005,15,3672-4392,31.5,64.5,True,5,0.0062255859375,0.006103515625,-0.0001220703125,9.1552734375e-05,3.0517578125e-05,-14,-13
original_prcp_hindcast,2005,15,3672-4392,22.5,29.5,False,0,0.0009765625,0.0008544921875,-0.0001220703125,9.1552734375e-05,3.0517578125e-05,-14,-13
original_prcp_hindcast,2005,15,3672-4392,-17.5,23.5,True,4,0.075439453125,0.0753173828125,-0.0001220703125,9.1552734375e-05,3.0517578125e-05,-14,-13
original_prcp_hindcast,2005,18,4392-5136,27.5,-0.5,False,0,0.0019557384575819015,0.0018310546875,-0.00012468377008190146,0.00012207031295474735,2.6134571271541063e-06,-13,-13
original_prcp_hindcast,2005,18,4392-5136,25.5,15.5,False,0,0.00024675408258190146,0.0001220703125,-0.00012468377008190146,0.00012207031295474735,2.6134571271541063e-06,-13,-13
original_prcp_hindcast,2005,18,4392-5136,24.5,3.5,False,0,0.0062281993950819015,0.006103515625,-0.00012468377008190146,0.00012207031295474735,2.6134571271541063e-06,-13,-13
original_prcp_hindcast,2005,18,4392-5136,24.5,17.5,False,0,0.00073503533258190146,0.0006103515625,-0.00012468377008190146,0.00012207031295474735,2.6134571271541063e-06,-13,-13
original_prcp_hindcast,2005,18,4392-5136,23.5,12.5,False,0,0.00012468377008190146,0,-0.00012468377008190146,0.00012207031295474735,2.6134571271541063e-06,-13,-13
original_prcp_hindcast,2005,18,4392-5136,22.5,-3.5,False,0,0.0026881603325819015,0.0025634765625,-0.00012468377008190146,0.00012207031295474735,2.6134571271541063e-06,-13,-13
original_prcp_hindcast,2005,18,4392-5136,22.5,9.5,False,0,0.00012468377008190146,0,-0.00012468377008190146,0.00012207031295474735,2.6134571271541063e-06,-13,-13
original_prcp_hindcast,2005,18,4392-5136,21.5,26.5,False,0,0.00012468377008190146,0,-0.00012468377008190146,0.00012207031295474735,2.6134571271541063e-06,-13,-13
original_prcp_hindcast,2005,18,4392-5136,20.5,16.5,True,1,0.0042750743950819015,0.004150390625,-0.00012468377008190146,0.00012207031295474735,2.6134571271541063e-06,-13,-13
original_prcp_hindcast,2005,18,4392-5136,19.5,17.5,False,0,0.0011012462700819015,0.0009765625,-0.00012468377008190146,0.00012207031295474735,2.6134571271541063e-06,-13,-13
original_prcp_hindcast,2005,18,4392-5136,19.5,51.5,False,0,0.020266285332581901,0.0201416015625,-0.00012468377008190146,0.00012207031295474735,2.6134571271541063e-06,-13,-13
original_prcp_hindcast,2005,18,4392-5136,18.5,52.5,False,0,0.019167652520081901,0.01904296875,-0.00012468377008190146,0.00012207031295474735,2.6134571271541063e-06,-13,-13
original_prcp_hindcast,2005,23,3672-4392,27.5,59.5,False,0,0.001708984375,0.0015869140625,-0.0001220703125,9.1552734375e-05,3.0517578125e-05,-14,-13
original_prcp_hindcast,2005,23,3672-4392,25.5,16.5,False,0,0.0010986328125,0.0009765625,-0.0001220703125,9.1552734375e-05,3.0517578125e-05,-14,-13
original_prcp_hindcast,2005,24,4392-5136,27.5,15.5,False,0,0.0001220703125,0,-0.0001220703125,9.1552734375e-05,3.0517578125e-05,-14,-13
original_prcp_hindcast,2005,24,4392-5136,24.5,13.5,False,0,0.0001220703125,0,-0.0001220703125,9.1552734375e-05,3.0517578125e-05,-14,-13
original_prcp_hindcast,2005,24,4392-5136,22.5,1.5,False,0,0.0028076171875,0.002685546875,-0.0001220703125,9.1552734375e-05,3.0517578125e-05,-14,-13
original_prcp_hindcast,2005,24,4392-5136,21.5,54.5,False,0,0.0184326171875,0.018310546875,-0.0001220703125,9.1552734375e-05,3.0517578125e-05,-14,-13
original_prcp_hindcast,2006,0,3672-4392,37.5,61.5,False,0,0.023193359375,0.0230712890625,-0.0001220703125,9.1552734375e-05,3.0517578125e-05,-14,-13
original_prcp_hindcast,2006,0,3672-4392,33.5,37.5,False,0,0.0233154296875,0.023193359375,-0.0001220703125,9.1552734375e-05,3.0517578125e-05,-14,-13
original_prcp_hindcast,2006,0,3672-4392,32.5,39.5,False,0,0.0133056640625,0.01318359375,-0.0001220703125,9.1552734375e-05,3.0517578125e-05,-14,-13
original_prcp_hindcast,2006,0,3672-4392,20.5,27.5,False,0,0.0003662109375,0.000244140625,-0.0001220703125,9.1552734375e-05,3.0517578125e-05,-14,-13
original_prcp_hindcast,2006,1,3672-4392,35.5,39.5,False,0,0.0343017578125,0.0341796875,-0.0001220703125,9.1552734375e-05,3.0517578125e-05,-14,-13
original_prcp_hindcast,2006,1,3672-4392,34.5,53.5,False,0,0.0185546875,0.0184326171875,-0.0001220703125,9.1552734375e-05,3.0517578125e-05,-14,-13
original_prcp_hindcast,2006,1,3672-4392,30.5,39.5,False,0,0.002197265625,0.0020751953125,-0.0001220703125,9.1552734375e-05,3.0517578125e-05,-14,-13
original_prcp_hindcast,2006,1,3672-4392,28.5,36.5,False,0,0.000732421875,0.0006103515625,-0.0001220703125,9.1552734375e-05,3.0517578125e-05,-14,-13
original_prcp_hindcast,2006,1,3672-4392,22.5,25.5,False,0,0.0009765625,0.0008544921875,-0.0001220703125,9.1552734375e-05,3.0517578125e-05,-14,-13
original_prcp_hindcast,2006,4,4392-5136,29.5,63.5,False,0,0.019287109375,0.0191650390625,-0.0001220703125,9.1552734375e-05,3.0517578125e-05,-14,-13
original_prcp_hindcast,2006,4,4392-5136,27.5,24.5,False,0,0.000732421875,0.0006103515625,-0.0001220703125,9.1552734375e-05,3.0517578125e-05,-14,-13
original_prcp_hindcast,2006,4,4392-5136,21.5,6.5,False,0,0.0037841796875,0.003662109375,-0.0001220703125,9.1552734375e-05,3.0517578125e-05,-14,-13
original_prcp_hindcast,2006,4,4392-5136,17.5,-1.5,False,0,0.0902099609375,0.090087890625,-0.0001220703125,9.1552734375e-05,3.0517578125e-05,-14,-13
original_prcp_hindcast,2006,4,4392-5136,17.5,15.5,False,0,0.010009765625,0.0098876953125,-0.0001220703125,9.1552734375e-05,3.0517578125e-05,-14,-13
original_prcp_hindcast,2006,4,4392-5136,16.5,15.5,False,0,0.0247802734375,0.024658203125,-0.0001220703125,9.1552734375e-05,3.0517578125e-05,-14,-13
original_prcp_hindcast,2006,4,4392-5136,-23.5,125.5,False,0,0.025634765625,0.0255126953125,-0.0001220703125,9.1552734375e-05,3.0517578125e-05,-14,-13
original_prcp_hindcast,2006,4,4392-5136,-23.5,127.5,False,0,0.043212890625,0.0430908203125,-0.0001220703125,9.1552734375e-05,3.0517578125e-05,-14,-13
original_prcp_hindcast,2006,5,3672-4392,31.5,62.5,False,0,0.0145263671875,0.014404296875,-0.0001220703125,9.1552734375e-05,3.0517578125e-05,-14,-13
original_prcp_hindcast,2006,5,3672-4392,27.5,23.5,False,0,0.0001220703125,0,-0.0001220703125,9.1552734375e-05,3.0517578125e-05,-14,-13
original_prcp_hindcast,2006,5,3672-4392,25.5,47.5,False,0,0.008056640625,0.0079345703125,-0.0001220703125,9.1552734375e-05,3.0517578125e-05,-14,-13
original_prcp_hindcast,2006,5,3672-4392,20.5,38.5,False,0,0.0009765625,0.0008544921875,-0.0001220703125,9.1552734375e-05,3.0517578125e-05,-14,-13
original_prcp_hindcast,2006,5,3672-4392,19.5,44.5,False,0,0.02001953125,0.0198974609375,-0.0001220703125,9.1552734375e-05,3.0517578125e-05,-14,-13
original_prcp_hindcast,2006,6,3672-4392,37.5,60.5,False,0,0.079833984375,0.0797119140625,-0.0001220703125,9.1552734375e-05,3.0517578125e-05,-14,-13
original_prcp_hindcast,2006,6,3672-4392,32.5,40.5,False,0,0.017333984375,0.0172119140625,-0.0001220703125,9.1552734375e-05,3.0517578125e-05,-14,-13
original_prcp_hindcast,2006,6,3672-4392,23.5,24.5,False,0,0.000244140625,0.0001220703125,-0.0001220703125,9.1552734375e-05,3.0517578125e-05,-14,-13
original_prcp_hindcast,2006,6,3672-4392,22.5,10.5,False,0,0.000244140625,0.0001220703125,-0.0001220703125,9.1552734375e-05,3.0517578125e-05,-14,-13
original_prcp_hindcast,2006,6,3672-4392,18.5,47.5,False,0,0.008056640625,0.0079345703125,-0.0001220703125,9.1552734375e-05,3.0517578125e-05,-14,-13
original_prcp_hindcast,2006,9,3672-4392,28.5,59.5,False,0,0.0006103515625,0.00048828125,-0.0001220703125,9.1552734375e-05,3.0517578125e-05,-14,-13
original_prcp_hindcast,2006,9,3672-4392,26.5,59.5,False,0,0.0037841796875,0.003662109375,-0.0001220703125,9.1552734375e-05,3.0517578125e-05,-14,-13
original_prcp_hindcast,2006,9,3672-4392,25.5,52.5,False,0,0.0030517578125,0.0029296875,-0.0001220703125,9.1552734375e-05,3.0517578125e-05,-14,-13
original_prcp_hindcast,2006,11,4392-5136,39.5,82.5,False,0,0.0021974304658556321,0.0020751953125,-0.00012223515335563206,0.00012207031252842171,1.648408272103552e-07,-13,-13
original_prcp_hindcast,2006,11,4392-5136,39.5,88.5,False,0,0.0010987976533556321,0.0009765625,-0.00012223515335563206,0.00012207031252842171,1.648408272103552e-07,-13,-13
original_prcp_hindcast,2006,11,4392-5136,29.5,-1.5,False,0,0.0010987976533556321,0.0009765625,-0.00012223515335563206,0.00012207031252842171,1.648408272103552e-07,-13,-13
original_prcp_hindcast,2006,11,4392-5136,29.5,25.5,False,0,0.00024430546585563206,0.0001220703125,-0.00012223515335563206,0.00012207031252842171,1.648408272103552e-07,-13,-13
original_prcp_hindcast,2006,11,4392-5136,29.5,26.5,False,0,0.00012223515335563206,0,-0.00012223515335563206,0.00012207031252842171,1.648408272103552e-07,-13,-13
original_prcp_hindcast,2006,11,4392-5136,28.5,-0.5,False,0,0.00024430546585563206,0.0001220703125,-0.00012223515335563206,0.00012207031252842171,1.648408272103552e-07,-13,-13
original_prcp_hindcast,2006,11,4392-5136,28.5,3.5,False,0,0.00061051640335563206,0.00048828125,-0.00012223515335563206,0.00012207031252842171,1.648408272103552e-07,-13,-13
original_prcp_hindcast,2006,11,4392-5136,28.5,25.5,False,0,0.00012223515335563206,0,-0.00012223515335563206,0.00012207031252842171,1.648408272103552e-07,-13,-13
original_prcp_hindcast,2006,11,4392-5136,27.5,-5.5,False,0,0.0015870789033556321,0.00146484375,-0.00012223515335563206,0.00012207031252842171,1.648408272103552e-07,-13,-13
original_prcp_hindcast,2006,11,4392-5136,27.5,0.5,False,0,0.00097672734085563206,0.0008544921875,-0.00012223515335563206,0.00012207031252842171,1.648408272103552e-07,-13,-13
original_prcp_hindcast,2006,11,4392-5136,27.5,9.5,False,0,0.0012208679658556321,0.0010986328125,-0.00012223515335563206,0.00012207031252842171,1.648408272103552e-07,-13,-13
original_prcp_hindcast,2006,11,4392-5136,27.5,22.5,False,0,0.00024430546585563206,0.0001220703125,-0.00012223515335563206,0.00012207031252842171,1.648408272103552e-07,-13,-13
original_prcp_hindcast,2006,11,4392-5136,26.5,7.5,False,0,0.00048844609085563206,0.0003662109375,-0.00012223515335563206,0.00012207031252842171,1.648408272103552e-07,-13,-13
original_prcp_hindcast,2006,11,4392-5136,26.5,21.5,False,0,0.00024430546585563206,0.0001220703125,-0.00012223515335563206,0.00012207031252842171,1.648408272103552e-07,-13,-13
original_prcp_hindcast,2006,11,4392-5136,25.5,-1.5,False,0,0.00036637577835563206,0.000244140625,-0.00012223515335563206,0.00012207031252842171,1.648408272103552e-07,-13,-13
original_prcp_hindcast,2006,11,4392-5136,24.5,4.5,False,0,0.0013429382783556321,0.001220703125,-0.00012223515335563206,0.00012207031252842171,1.648408272103552e-07,-13,-13
original_prcp_hindcast,2006,11,4392-5136,24.5,5.5,False,0,0.0025636414033556321,0.00244140625,-0.00012223515335563206,0.00012207031252842171,1.648408272103552e-07,-13,-13
original_prcp_hindcast,2006,11,4392-5136,24.5,27.5,False,0,0.00012223515335563206,0,-0.00012223515335563206,0.00012207031252842171,1.648408272103552e-07,-13,-13
original_prcp_hindcast,2006,11,4392-5136,23.5,-7.5,False,0,0.0042726257783556321,0.004150390625,-0.00012223515335563206,0.00012207031252842171,1.648408272103552e-07,-13,-13
original_prcp_hindcast,2006,11,4392-5136,23.5,18.5,False,0,0.00073258671585563206,0.0006103515625,-0.00012223515335563206,0.00012207031252842171,1.648408272103552e-07,-13,-13
original_prcp_hindcast,2006,11,4392-5136,23.5,21.5,False,0,0.00024430546585563206,0.0001220703125,-0.00012223515335563206,0.00012207031252842171,1.648408272103552e-07,-13,-13
original_prcp_hindcast,2006,11,4392-5136,23.5,26.5,False,0,0.00024430546585563206,0.0001220703125,-0.00012223515335563206,0.00012207031252842171,1.648408272103552e-07,-13,-13
original_prcp_hindcast,2006,11,4392-5136,23.5,44.5,False,0,0.0046388367158556321,0.0045166015625,-0.00012223515335563206,0.00012207031252842171,1.648408272103552e-07,-13,-13
original_prcp_hindcast,2006,11,4392-5136,23.5,49.5,False,0,0.0037843445283556321,0.003662109375,-0.00012223515335563206,0.00012207031252842171,1.648408272103552e-07,-13,-13
original_prcp_hindcast,2006,11,4392-5136,22.5,-11.5,False,0,0.0030519226533556321,0.0029296875,-0.00012223515335563206,0.00012207031252842171,1.648408272103552e-07,-13,-13
original_prcp_hindcast,2006,11,4392-5136,22.5,0.5,False,0,0.0013429382783556321,0.001220703125,-0.00012223515335563206,0.00012207031252842171,1.648408272103552e-07,-13,-13
original_prcp_hindcast,2006,11,4392-5136,22.5,6.5,False,0,0.0048829773408556321,0.0047607421875,-0.00012223515335563206,0.00012207031252842171,1.648408272103552e-07,-13,-13
original_prcp_hindcast,2006,11,4392-5136,22.5,18.5,False,0,0.0052491882783556321,0.005126953125,-0.00012223515335563206,0.00012207031252842171,1.648408272103552e-07,-13,-13
original_prcp_hindcast,2006,11,4392-5136,21.5,-3.5,True,1,0.0050050476533556321,0.0048828125,-0.00012223515335563206,0.00012207031252842171,1.648408272103552e-07,-13,-13
original_prcp_hindcast,2006,11,4392-5136,21.5,6.5,False,0,0.0030519226533556321,0.0029296875,-0.00012223515335563206,0.00012207031252842171,1.648408272103552e-07,-13,-13
original_prcp_hindcast,2006,11,4392-5136,21.5,20.5,False,0,0.00036637577835563206,0.000244140625,-0.00012223515335563206,0.00012207031252842171,1.648408272103552e-07,-13,-13
original_prcp_hindcast,2006,11,4392-5136,20.5,1.5,False,0,0.0040284851533556321,0.00390625,-0.00012223515335563206,0.00012207031252842171,1.648408272103552e-07,-13,-13
original_prcp_hindcast,2006,11,4392-5136,20.5,23.5,False,0,0.0032960632783556321,0.003173828125,-0.00012223515335563206,0.00012207031252842171,1.648408272103552e-07,-13,-13
original_prcp_hindcast,2006,11,4392-5136,20.5,27.5,False,0,0.0019532898408556321,0.0018310546875,-0.00012223515335563206,0.00012207031252842171,1.648408272103552e-07,-13,-13
original_prcp_hindcast,2006,11,4392-5136,19.5,-5.5,False,0,0.0078126648408556321,0.0076904296875,-0.00012223515335563206,0.00012207031252842171,1.648408272103552e-07,-13,-13
original_prcp_hindcast,2006,11,4392-5136,19.5,2.5,True,1,0.0080568054658556321,0.0079345703125,-0.00012223515335563206,0.00012207031252842171,1.648408272103552e-07,-13,-13
original_prcp_hindcast,2006,11,4392-5136,19.5,14.5,False,0,0.0043946960908556321,0.0042724609375,-0.00012223515335563206,0.00012207031252842171,1.648408272103552e-07,-13,-13
original_prcp_hindcast,2006,11,4392-5136,19.5,16.5,False,0,0.0039064148408556321,0.0037841796875,-0.00012223515335563206,0.00012207031252842171,1.648408272103552e-07,-13,-13
original_prcp_hindcast,2006,11,4392-5136,18.5,-0.5,False,0,0.036377117965855632,0.0362548828125,-0.00012223515335563206,0.00012207031252842171,1.648408272103552e-07,-13,-13
original_prcp_hindcast,2006,11,4392-5136,16.5,17.5,False,0,0.011352703903355632,0.01123046875,-0.00012223515335563206,0.00012207031252842171,1.648408272103552e-07,-13,-13
original_prcp_hindcast,2006,11,4392-5136,-16.5,117.5,False,0,0.043823407028355632,0.043701171875,-0.00012223515335563206,0.00012207031252842171,1.648408272103552e-07,-13,-13
original_prcp_hindcast,2006,11,4392-5136,-17.5,112.5,False,0,0.12426774296585563,0.1241455078125,-0.00012223515335563206,0.00012207031252842171,1.648408272103552e-07,-13,-13
original_prcp_hindcast,2006,11,4392-5136,-17.5,113.5,False,0,0.13232438359085563,0.1322021484375,-0.00012223515335563206,0.00012207031252842171,1.648408272103552e-07,-13,-13
original_prcp_hindcast,2006,11,4392-5136,-19.5,116.5,False,0,0.039306805465855632,0.0391845703125,-0.00012223515335563206,0.00012207031252842171,1.648408272103552e-07,-13,-13
original_prcp_hindcast,2006,11,4392-5136,-21.5,113.5,False,0,0.090332196090855632,0.0902099609375,-0.00012223515335563206,0.00012207031252842171,1.648408272103552e-07,-13,-13
original_prcp_hindcast,2006,11,4392-5136,-23.5,120.5,False,0,0.041015789840855632,0.0408935546875,-0.00012223515335563206,0.00012207031252842171,1.648408272103552e-07,-13,-13
original_prcp_hindcast,2006,11,4392-5136,-24.5,115.5,False,0,0.10803239140335563,0.10791015625,-0.00012223515335563206,0.00012207031252842171,1.648408272103552e-07,-13,-13
original_prcp_hindcast,2006,11,4392-5136,-24.5,117.5,False,0,0.11486832890335563,0.11474609375,-0.00012223515335563206,0.00012207031252842171,1.648408272103552e-07,-13,-13
original_prcp_hindcast,2006,11,4392-5136,-26.5,119.5,False,0,0.11303727421585563,0.1129150390625,-0.00012223515335563206,0.00012207031252842171,1.648408272103552e-07,-13,-13
original_prcp_hindcast,2006,12,3672-4392,29.5,38.5,False,0,0.0091552734375,0.009033203125,-0.0001220703125,9.1552734375e-05,3.0517578125e-05,-14,-13
original_prcp_hindcast,2006,12,3672-4392,28.5,36.5,False,0,0.004150390625,0.0040283203125,-0.0001220703125,9.1552734375e-05,3.0517578125e-05,-14,-13
original_prcp_hindcast,2006,12,3672-4392,27.5,19.5,False,0,0.0001220703125,0,-0.0001220703125,9.1552734375e-05,3.0517578125e-05,-14,-13
original_prcp_hindcast,2006,12,3672-4392,22.5,43.5,False,0,0.0303955078125,0.0302734375,-0.0001220703125,9.1552734375e-05,3.0517578125e-05,-14,-13
original_prcp_hindcast,2006,12,3672-4392,20.5,6.5,False,0,0.010986328125,0.0108642578125,-0.0001220703125,9.1552734375e-05,3.0517578125e-05,-14,-13
original_prcp_hindcast,2006,12,3672-4392,-20.5,118.5,False,0,0.049072265625,0.0489501953125,-0.0001220703125,9.1552734375e-05,3.0517578125e-05,-14,-13
original_prcp_hindcast,2006,20,3672-4392,32.5,63.5,False,0,0.0065924304023496916,0.0064697265625,-0.00012270383984969158,9.1552734403421709e-05,3.1151105446269867e-05,-14,-13
original_prcp_hindcast,2006,20,3672-4392,29.5,27.5,False,0,0.00012270383984969158,0,-0.00012270383984969158,9.1552734403421709e-05,3.1151105446269867e-05,-14,-13
original_prcp_hindcast,2006,20,3672-4392,29.5,43.5,False,0,0.010254539777349692,0.0101318359375,-0.00012270383984969158,9.1552734403421709e-05,3.1151105446269867e-05,-14,-13
original_prcp_hindcast,2006,20,3672-4392,28.5,41.5,False,0,0.0014654772773496916,0.0013427734375,-0.00012270383984969158,9.1552734403421709e-05,3.1151105446269867e-05,-14,-13
original_prcp_hindcast,2006,20,3672-4392,18.5,51.5,False,0,0.0028082507148496916,0.002685546875,-0.00012270383984969158,9.1552734403421709e-05,3.1151105446269867e-05,-14,-13
original_prcp_hindcast,2006,22,3672-4392,29.5,65.5,True,3,0.0013427734375,0.001220703125,-0.0001220703125,9.1552734375e-05,3.0517578125e-05,-14,-13
original_prcp_hindcast,2006,22,3672-4392,27.5,12.5,False,0,0.000244140625,0.0001220703125,-0.0001220703125,9.1552734375e-05,3.0517578125e-05,-14,-13
original_prcp_hindcast,2006,22,3672-4392,23.5,11.5,False,0,0.000244140625,0.0001220703125,-0.0001220703125,9.1552734375e-05,3.0517578125e-05,-14,-13
original_prcp_hindcast,2006,22,3672-4392,-17.5,121.5,False,0,0.05224609375,0.0521240234375,-0.0001220703125,9.1552734375e-05,3.0517578125e-05,-14,-13
original_prcp_hindcast,2006,24,3672-4392,32.5,47.5,False,0,0.1031494140625,0.10302734375,-0.0001220703125,9.1552734375e-05,3.0517578125e-05,-14,-13
original_prcp_hindcast,2006,24,3672-4392,32.5,57.5,False,0,0.0218505859375,0.021728515625,-0.0001220703125,9.1552734375e-05,3.0517578125e-05,-14,-13
original_prcp_hindcast,2006,24,3672-4392,31.5,37.5,False,0,0.0089111328125,0.0087890625,-0.0001220703125,9.1552734375e-05,3.0517578125e-05,-14,-13
original_prcp_hindcast,2006,24,3672-4392,28.5,41.5,False,0,0.0072021484375,0.007080078125,-0.0001220703125,9.1552734375e-05,3.0517578125e-05,-14,-13
original_prcp_hindcast,2006,24,3672-4392,24.5,28.5,False,0,0.0006103515625,0.00048828125,-0.0001220703125,9.1552734375e-05,3.0517578125e-05,-14,-13
original_prcp_hindcast,2006,24,3672-4392,24.5,33.5,False,0,0.0018310546875,0.001708984375,-0.0001220703125,9.1552734375e-05,3.0517578125e-05,-14,-13
original_prcp_hindcast,2006,24,3672-4392,22.5,43.5,False,0,0.0762939453125,0.076171875,-0.0001220703125,9.1552734375e-05,3.0517578125e-05,-14,-13
original_prcp_hindcast,2007,0,3672-4392,32.5,63.5,False,0,0.037109375,0.0369873046875,-0.0001220703125,9.1552734375e-05,3.0517578125e-05,-14,-13
original_prcp_hindcast,2007,0,3672-4392,26.5,39.5,False,0,0.003173828125,0.0030517578125,-0.0001220703125,9.1552734375e-05,3.0517578125e-05,-14,-13
original_prcp_hindcast,2007,0,3672-4392,23.5,22.5,False,0,0.0013427734375,0.001220703125,-0.0001220703125,9.1552734375e-05,3.0517578125e-05,-14,-13
original_prcp_hindcast,2007,0,3672-4392,23.5,50.5,False,0,0.0028076171875,0.002685546875,-0.0001220703125,9.1552734375e-05,3.0517578125e-05,-14,-13
original_prcp_hindcast,2007,0,3672-4392,-13.5,-46.5,False,0,0.0899658203125,0.08984375,-0.0001220703125,9.1552734375e-05,3.0517578125e-05,-14,-13
original_prcp_hindcast,2007,0,3672-4392,-20.5,122.5,False,0,0.0167236328125,0.0166015625,-0.0001220703125,9.1552734375e-05,3.0517578125e-05,-14,-13
original_prcp_hindcast,2007,0,3672-4392,-28.5,126.5,False,0,0.0191650390625,0.01904296875,-0.0001220703125,9.1552734375e-05,3.0517578125e-05,-14,-13
original_prcp_hindcast,2007,2,4392-5136,27.5,26.5,False,0,0.00052713847253471613,0.0003662109375,-0.00016092753503471613,0.00012207031977595761,3.8857215258758515e-05,-13,-13
original_prcp_hindcast,2007,2,4392-5136,27.5,27.5,False,0,0.00064920878503471613,0.00048828125,-0.00016092753503471613,0.00012207031977595761,3.8857215258758515e-05,-13,-13
original_prcp_hindcast,2007,2,4392-5136,27.5,29.5,False,0,0.00089334941003471613,0.000732421875,-0.00016092753503471613,0.00012207031977595761,3.8857215258758515e-05,-13,-13
original_prcp_hindcast,2007,7,4392-5136,32.5,53.5,False,0,0.034306143248613807,0.0341796875,-0.00012645574861380737,0.00012207031295474735,4.3854356590600219e-06,-13,-13
original_prcp_hindcast,2007,7,4392-5136,31.5,40.5,False,0,0.013676260436113807,0.0135498046875,-0.00012645574861380737,0.00012207031295474735,4.3854356590600219e-06,-13,-13
original_prcp_hindcast,2007,7,4392-5136,31.5,44.5,False,0,0.039677236998613807,0.03955078125,-0.00012645574861380737,0.00012207031295474735,4.3854356590600219e-06,-13,-13
original_prcp_hindcast,2007,7,4392-5136,30.5,5.5,False,0,0.00049266668611380737,0.0003662109375,-0.00012645574861380737,0.00012207031295474735,4.3854356590600219e-06,-13,-13
original_prcp_hindcast,2007,7,4392-5136,30.5,9.5,False,0,0.0024457916861138074,0.0023193359375,-0.00012645574861380737,0.00012207031295474735,4.3854356590600219e-06,-13,-13
original_prcp_hindcast,2007,7,4392-5136,30.5,50.5,False,0,0.11975536199861381,0.11962890625,-0.00012645574861380737,0.00012207031295474735,4.3854356590600219e-06,-13,-13
original_prcp_hindcast,2007,7,4392-5136,30.5,54.5,False,0,0.014164541686113807,0.0140380859375,-0.00012645574861380737,0.00012207031295474735,4.3854356590600219e-06,-13,-13
original_prcp_hindcast,2007,7,4392-5136,30.5,56.5,False,0,0.020512197936113807,0.0203857421875,-0.00012645574861380737,0.00012207031295474735,4.3854356590600219e-06,-13,-13
original_prcp_hindcast,2007,7,4392-5136,29.5,0.5,False,0,0.00085887762361380737,0.000732421875,-0.00012645574861380737,0.00012207031295474735,4.3854356590600219e-06,-13,-13
original_prcp_hindcast,2007,7,4392-5136,29.5,9.5,False,0,0.0030561432486138074,0.0029296875,-0.00012645574861380737,0.00012207031295474735,4.3854356590600219e-06,-13,-13
original_prcp_hindcast,2007,7,4392-5136,29.5,52.5,False,0,0.078739736998613807,0.07861328125,-0.00012645574861380737,0.00012207031295474735,4.3854356590600219e-06,-13,-13
original_prcp_hindcast,2007,7,4392-5136,29.5,55.5,False,0,0.010746572936113807,0.0106201171875,-0.00012645574861380737,0.00012207031295474735,4.3854356590600219e-06,-13,-13
original_prcp_hindcast,2007,7,4392-5136,28.5,29.5,False,0,0.0018354401236138074,0.001708984375,-0.00012645574861380737,0.00012207031295474735,4.3854356590600219e-06,-13,-13
original_prcp_hindcast,2007,7,4392-5136,28.5,51.5,False,0,0.025150869811113807,0.0250244140625,-0.00012645574861380737,0.00012207031295474735,4.3854356590600219e-06,-13,-13
original_prcp_hindcast,2007,7,4392-5136,27.5,7.5,False,0,0.0014692291861138074,0.0013427734375,-0.00012645574861380737,0.00012207031295474735,4.3854356590600219e-06,-13,-13
original_prcp_hindcast,2007,7,4392-5136,27.5,30.5,False,0,0.0012250885611138074,0.0010986328125,-0.00012645574861380737,0.00012207031295474735,4.3854356590600219e-06,-13,-13
original_prcp_hindcast,2007,7,4392-5136,27.5,37.5,False,0,0.0045209869986138074,0.00439453125,-0.00012645574861380737,0.00012207031295474735,4.3854356590600219e-06,-13,-13
original_prcp_hindcast,2007,7,4392-5136,27.5,54.5,False,0,0.036137197936113807,0.0360107421875,-0.00012645574861380737,0.00012207031295474735,4.3854356590600219e-06,-13,-13
original_prcp_hindcast,2007,7,4392-5136,26.5,-3.5,False,0,0.0013471588736138074,0.001220703125,-0.00012645574861380737,0.00012207031295474735,4.3854356590600219e-06,-13,-13
original_prcp_hindcast,2007,7,4392-5136,26.5,2.5,False,0,0.0028120026236138074,0.002685546875,-0.00012645574861380737,0.00012207031295474735,4.3854356590600219e-06,-13,-13
original_prcp_hindcast,2007,7,4392-5136,26.5,33.5,False,0,0.0045209869986138074,0.00439453125,-0.00012645574861380737,0.00012207031295474735,4.3854356590600219e-06,-13,-13
original_prcp_hindcast,2007,7,4392-5136,26.5,34.5,False,0,0.00037059637361380737,0.000244140625,-0.00012645574861380737,0.00012207031295474735,4.3854356590600219e-06,-13,-13
original_prcp_hindcast,2007,7,4392-5136,25.5,13.5,False,0,0.0012250885611138074,0.0010986328125,-0.00012645574861380737,0.00012207031295474735,4.3854356590600219e-06,-13,-13
original_prcp_hindcast,2007,7,4392-5136,25.5,17.5,False,0,0.00024852606111380737,0.0001220703125,-0.00012645574861380737,0.00012207031295474735,4.3854356590600219e-06,-13,-13
original_prcp_hindcast,2007,7,4392-5136,25.5,20.5,False,0,0.00061473699861380737,0.00048828125,-0.00012645574861380737,0.00012207031295474735,4.3854356590600219e-06,-13,-13
original_prcp_hindcast,2007,7,4392-5136,25.5,33.5,False,0,0.0094037994986138074,0.00927734375,-0.00012645574861380737,0.00012207031295474735,4.3854356590600219e-06,-13,-13
original_prcp_hindcast,2007,7,4392-5136,25.5,34.5,False,0,0.0031782135611138074,0.0030517578125,-0.00012645574861380737,0.00012207031295474735,4.3854356590600219e-06,-13,-13
original_prcp_hindcast,2007,7,4392-5136,24.5,-9.5,False,0,0.00098094793611380737,0.0008544921875,-0.00012645574861380737,0.00012207031295474735,4.3854356590600219e-06,-13,-13
original_prcp_hindcast,2007,7,4392-5136,24.5,18.5,False,0,0.00012645574861380737,0,-0.00012645574861380737,0.00012207031295474735,4.3854356590600219e-06,-13,-13
original_prcp_hindcast,2007,7,4392-5136,23.5,-12.5,False,0,0.00061473699861380737,0.00048828125,-0.00012645574861380737,0.00012207031295474735,4.3854356590600219e-06,-13,-13
original_prcp_hindcast,2007,7,4392-5136,23.5,-0.5,False,0,0.0031782135611138074,0.0030517578125,-0.00012645574861380737,0.00012207031295474735,4.3854356590600219e-06,-13,-13
original_prcp_hindcast,2007,7,4392-5136,23.5,33.5,False,0,0.011112783873613807,0.010986328125,-0.00012645574861380737,0.00012207031295474735,4.3854356590600219e-06,-13,-13
original_prcp_hindcast,2007,7,4392-5136,23.5,37.5,False,0,0.0070844635611138074,0.0069580078125,-0.00012645574861380737,0.00012207031295474735,4.3854356590600219e-06,-13,-13
original_prcp_hindcast,2007,7,4392-5136,23.5,42.5,False,0,0.010380361998613807,0.01025390625,-0.00012645574861380737,0.00012207031295474735,4.3854356590600219e-06,-13,-13
original_prcp_hindcast,2007,7,4392-5136,23.5,45.5,False,0,0.021854971373613807,0.021728515625,-0.00012645574861380737,0.00012207031295474735,4.3854356590600219e-06,-13,-13
original_prcp_hindcast,2007,7,4392-5136,22.5,-10.5,False,0,0.0026899323111138074,0.0025634765625,-0.00012645574861380737,0.00012207031295474735,4.3854356590600219e-06,-13,-13
original_prcp_hindcast,2007,7,4392-5136,22.5,-2.5,False,0,0.0037885651236138074,0.003662109375,-0.00012645574861380737,0.00012207031295474735,4.3854356590600219e-06,-13,-13
original_prcp_hindcast,2007,7,4392-5136,22.5,-0.5,False,0,0.0026899323111138074,0.0025634765625,-0.00012645574861380737,0.00012207031295474735,4.3854356590600219e-06,-13,-13
original_prcp_hindcast,2007,7,4392-5136,22.5,11.5,False,0,0.0039106354361138074,0.0037841796875,-0.00012645574861380737,0.00012207031295474735,4.3854356590600219e-06,-13,-13
original_prcp_hindcast,2007,7,4392-5136,22.5,22.5,False,0,0.00037059637361380737,0.000244140625,-0.00012645574861380737,0.00012207031295474735,4.3854356590600219e-06,-13,-13
original_prcp_hindcast,2007,7,4392-5136,22.5,28.5,False,0,0.0013471588736138074,0.001220703125,-0.00012645574861380737,0.00012207031295474735,4.3854356590600219e-06,-13,-13
original_prcp_hindcast,2007,7,4392-5136,21.5,-1.5,False,0,0.0057416901236138074,0.005615234375,-0.00012645574861380737,0.00012207031295474735,4.3854356590600219e-06,-13,-13
original_prcp_hindcast,2007,7,4392-5136,21.5,-0.5,False,0,0.0047651276236138074,0.004638671875,-0.00012645574861380737,0.00012207031295474735,4.3854356590600219e-06,-13,-13
original_prcp_hindcast,2007,7,4392-5136,21.5,32.5,False,0,0.0042768463736138074,0.004150390625,-0.00012645574861380737,0.00012207031295474735,4.3854356590600219e-06,-13,-13
original_prcp_hindcast,2007,7,4392-5136,21.5,46.5,False,0,0.015629385436113807,0.0155029296875,-0.00012645574861380737,0.00012207031295474735,4.3854356590600219e-06,-13,-13
original_prcp_hindcast,2007,7,4392-5136,20.5,5.5,False,0,0.010746572936113807,0.0106201171875,-0.00012645574861380737,0.00012207031295474735,4.3854356590600219e-06,-13,-13
original_prcp_hindcast,2007,7,4392-5136,20.5,22.5,False,0,0.019047354186113807,0.0189208984375,-0.00012645574861380737,0.00012207031295474735,4.3854356590600219e-06,-13,-13
original_prcp_hindcast,2007,7,4392-5136,20.5,25.5,False,0,0.011234854186113807,0.0111083984375,-0.00012645574861380737,0.00012207031295474735,4.3854356590600219e-06,-13,-13
original_prcp_hindcast,2007,7,4392-5136,20.5,28.5,False,0,0.0025678619986138074,0.00244140625,-0.00012645574861380737,0.00012207031295474735,4.3854356590600219e-06,-13,-13
original_prcp_hindcast,2007,7,4392-5136,20.5,29.5,True,1,0.0025678619986138074,0.00244140625,-0.00012645574861380737,0.00012207031295474735,4.3854356590600219e-06,-13,-13
original_prcp_hindcast,2007,7,4392-5136,19.5,-5.5,False,0,0.013432119811113807,0.0133056640625,-0.00012645574861380737,0.00012207031295474735,4.3854356590600219e-06,-13,-13
original_prcp_hindcast,2007,7,4392-5136,19.5,-0.5,False,0,0.026737783873613807,0.026611328125,-0.00012645574861380737,0.00012207031295474735,4.3854356590600219e-06,-13,-13
original_prcp_hindcast,2007,7,4392-5136,19.5,0.5,False,0,0.027592276061113807,0.0274658203125,-0.00012645574861380737,0.00012207031295474735,4.3854356590600219e-06,-13,-13
original_prcp_hindcast,2007,7,4392-5136,19.5,7.5,True,1,0.041142080748613807,0.041015625,-0.00012645574861380737,0.00012207031295474735,4.3854356590600219e-06,-13,-13
original_prcp_hindcast,2007,7,4392-5136,19.5,13.5,False,0,0.012577627623613807,0.012451171875,-0.00012645574861380737,0.00012207031295474735,4.3854356590600219e-06,-13,-13
original_prcp_hindcast,2007,7,4392-5136,19.5,46.5,False,0,0.020390127623613807,0.020263671875,-0.00012645574861380737,0.00012207031295474735,4.3854356590600219e-06,-13,-13
original_prcp_hindcast,2007,7,4392-5136,18.5,-4.5,False,0,0.026371572936113807,0.0262451171875,-0.00012645574861380737,0.00012207031295474735,4.3854356590600219e-06,-13,-13
original_prcp_hindcast,2007,7,4392-5136,18.5,0.5,False,0,0.070072744811113807,0.0699462890625,-0.00012645574861380737,0.00012207031295474735,4.3854356590600219e-06,-13,-13
original_prcp_hindcast,2007,7,4392-5136,18.5,7.5,False,0,0.078617666686113807,0.0784912109375,-0.00012645574861380737,0.00012207031295474735,4.3854356590600219e-06,-13,-13
original_prcp_hindcast,2007,7,4392-5136,18.5,30.5,False,0,0.0045209869986138074,0.00439453125,-0.00012645574861380737,0.00012207031295474735,4.3854356590600219e-06,-13,-13
original_prcp_hindcast,2007,7,4392-5136,18.5,45.5,False,0,0.067387197936113807,0.0672607421875,-0.00012645574861380737,0.00012207031295474735,4.3854356590600219e-06,-13,-13
original_prcp_hindcast,2007,7,4392-5136,17.5,-14.5,False,0,0.070316885436113807,0.0701904296875,-0.00012645574861380737,0.00012207031295474735,4.3854356590600219e-06,-13,-13
original_prcp_hindcast,2007,7,4392-5136,17.5,16.5,False,0,0.021732901061113807,0.0216064453125,-0.00012645574861380737,0.00012207031295474735,4.3854356590600219e-06,-13,-13
original_prcp_hindcast,2007,7,4392-5136,17.5,24.5,False,0,0.023808096373613807,0.023681640625,-0.00012645574861380737,0.00012207031295474735,4.3854356590600219e-06,-13,-13
original_prcp_hindcast,2007,7,4392-5136,17.5,25.5,True,3,0.012211416686113807,0.0120849609375,-0.00012645574861380737,0.00012207031295474735,4.3854356590600219e-06,-13,-13
original_prcp_hindcast,2007,7,4392-5136,17.5,30.5,True,1,0.019047354186113807,0.0189208984375,-0.00012645574861380737,0.00012207031295474735,4.3854356590600219e-06,-13,-13
original_prcp_hindcast,2007,7,4392-5136,16.5,5.5,False,0,0.18091258856111381,0.1807861328125,-0.00012645574861380737,0.00012207031295474735,4.3854356590600219e-06,-13,-13
original_prcp_hindcast,2007,7,4392-5136,16.5,13.5,True,1,0.054081533873613807,0.053955078125,-0.00012645574861380737,0.00012207031295474735,4.3854356590600219e-06,-13,-13
original_prcp_hindcast,2007,7,4392-5136,16.5,45.5,True,5,0.099247549498613807,0.09912109375,-0.00012645574861380737,0.00012207031295474735,4.3854356590600219e-06,-13,-13
original_prcp_hindcast,2007,7,4392-5136,15.5,-18.5,False,0,0.14722118231111381,0.1470947265625,-0.00012645574861380737,0.00012207031295474735,4.3854356590600219e-06,-13,-13
original_prcp_hindcast,2007,7,4392-5136,15.5,6.5,True,2,0.23828563543611381,0.2381591796875,-0.00012645574861380737,0.00012207031295474735,4.3854356590600219e-06,-13,-13
original_prcp_hindcast,2007,7,4392-5136,15.5,7.5,True,1,0.17859325262361381,0.178466796875,-0.00012645574861380737,0.00012207031295474735,4.3854356590600219e-06,-13,-13
original_prcp_hindcast,2007,7,4392-5136,15.5,14.5,False,0,0.095341299498613807,0.09521484375,-0.00012645574861380737,0.00012207031295474735,4.3854356590600219e-06,-13,-13
original_prcp_hindcast,2007,9,3672-4392,39.5,85.5,False,0,0.00439453125,0.0042724609375,-0.0001220703125,9.1552734375e-05,3.0517578125e-05,-14,-13
original_prcp_hindcast,2007,9,3672-4392,38.5,82.5,False,0,0.00244140625,0.0023193359375,-0.0001220703125,9.1552734375e-05,3.0517578125e-05,-14,-13
original_prcp_hindcast,2007,9,3672-4392,37.5,65.5,False,0,0.0360107421875,0.035888671875,-0.0001220703125,9.1552734375e-05,3.0517578125e-05,-14,-13
original_prcp_hindcast,2007,9,3672-4392,32.5,55.5,False,0,0.02294921875,0.0228271484375,-0.0001220703125,9.1552734375e-05,3.0517578125e-05,-14,-13
original_prcp_hindcast,2007,9,3672-4392,27.5,46.5,False,0,0.0047607421875,0.004638671875,-0.0001220703125,9.1552734375e-05,3.0517578125e-05,-14,-13
original_prcp_hindcast,2007,9,3672-4392,24.5,-1.5,False,0,0.000732421875,0.0006103515625,-0.0001220703125,9.1552734375e-05,3.0517578125e-05,-14,-13
original_prcp_hindcast,2007,9,3672-4392,18.5,21.5,True,1,0.0133056640625,0.01318359375,-0.0001220703125,9.1552734375e-05,3.0517578125e-05,-14,-13
original_prcp_hindcast,2007,9,3672-4392,-12.5,-44.5,False,0,0.065673828125,0.0655517578125,-0.0001220703125,9.1552734375e-05,3.0517578125e-05,-14,-13
original_prcp_hindcast,2007,9,3672-4392,-21.5,27.5,False,0,0.0496826171875,0.049560546875,-0.0001220703125,9.1552734375e-05,3.0517578125e-05,-14,-13
original_prcp_hindcast,2007,11,3672-4392,23.5,17.5,False,0,0.0015990880619938252,0.0014698139048050507,-0.00012927415718877455,9.1552735284494702e-05,3.772142190427985e-05,-14,-13
original_prcp_hindcast,2007,16,3672-4392,37.5,64.5,False,0,0.0687255859375,0.068603515625,-0.0001220703125,9.1552734375e-05,3.0517578125e-05,-14,-13
original_prcp_hindcast,2007,16,3672-4392,33.5,56.5,False,0,0.0172119140625,0.01708984375,-0.0001220703125,9.1552734375e-05,3.0517578125e-05,-14,-13
original_prcp_hindcast,2007,16,3672-4392,32.5,54.5,False,0,0.03466796875,0.0345458984375,-0.0001220703125,9.1552734375e-05,3.0517578125e-05,-14,-13
original_prcp_hindcast,2007,16,3672-4392,27.5,34.5,False,0,0.0006103515625,0.00048828125,-0.0001220703125,9.1552734375e-05,3.0517578125e-05,-14,-13
original_prcp_hindcast,2007,16,3672-4392,26.5,38.5,False,0,0.0069580078125,0.0068359375,-0.0001220703125,9.1552734375e-05,3.0517578125e-05,-14,-13
original_prcp_hindcast,2007,16,3672-4392,24.5,19.5,False,0,0.0009765625,0.0008544921875,-0.0001220703125,9.1552734375e-05,3.0517578125e-05,-14,-13
original_prcp_hindcast,2007,20,3672-4392,26.5,14.5,False,0,0.0008544921875,0.000732421875,-0.0001220703125,9.1552734375e-05,3.0517578125e-05,-14,-13
original_prcp_hindcast,2007,20,3672-4392,26.5,23.5,False,0,0.0018310546875,0.001708984375,-0.0001220703125,9.1552734375e-05,3.0517578125e-05,-14,-13
original_prcp_hindcast,2007,20,3672-4392,24.5,13.5,False,0,0.0009765625,0.0008544921875,-0.0001220703125,9.1552734375e-05,3.0517578125e-05,-14,-13
original_prcp_hindcast,2007,20,3672-4392,-17.5,16.5,True,2,0.0108642578125,0.0107421875,-0.0001220703125,9.1552734375e-05,3.0517578125e-05,-14,-13
original_prcp_hindcast,2007,20,3672-4392,-19.5,14.5,False,0,0.0191650390625,0.01904296875,-0.0001220703125,9.1552734375e-05,3.0517578125e-05,-14,-13
original_prcp_hindcast,2007,24,3672-4392,27.5,4.5,False,0,0.0008544921875,0.000732421875,-0.0001220703125,9.1552734375e-05,3.0517578125e-05,-14,-13
original_prcp_hindcast,2007,24,3672-4392,27.5,42.5,False,0,0.0020751953125,0.001953125,-0.0001220703125,9.1552734375e-05,3.0517578125e-05,-14,-13
original_prcp_hindcast,2007,24,3672-4392,25.5,34.5,False,0,0.0003662109375,0.000244140625,-0.0001220703125,9.1552734375e-05,3.0517578125e-05,-14,-13
original_prcp_hindcast,2007,24,3672-4392,24.5,-1.5,False,0,0.000732421875,0.0006103515625,-0.0001220703125,9.1552734375e-05,3.0517578125e-05,-14,-13
original_prcp_hindcast,2007,24,3672-4392,22.5,21.5,False,0,0.00048828125,0.0003662109375,-0.0001220703125,9.1552734375e-05,3.0517578125e-05,-14,-13
original_prcp_hindcast,2007,24,3672-4392,19.5,27.5,False,0,0.001708984375,0.0015869140625,-0.0001220703125,9.1552734375e-05,3.0517578125e-05,-14,-13
original_prcp_hindcast,2007,24,3672-4392,19.5,50.5,False,0,0.00048828125,0.0003662109375,-0.0001220703125,9.1552734375e-05,3.0517578125e-05,-14,-13
original_prcp_hindcast,2007,24,3672-4392,18.5,22.5,False,0,0.0003662109375,0.000244140625,-0.0001220703125,9.1552734375e-05,3.0517578125e-05,-14,-13
original_prcp_hindcast,2007,24,3672-4392,18.5,27.5,False,0,0.00732421875,0.0072021484375,-0.0001220703125,9.1552734375e-05,3.0517578125e-05,-14,-13
original_prcp_hindcast,2007,24,3672-4392,-20.5,119.5,False,0,0.013916015625,0.0137939453125,-0.0001220703125,9.1552734375e-05,3.0517578125e-05,-14,-13
original_prcp_hindcast,2008,0,3672-4392,22.5,48.5,False,0,0.0009765625,0.0008544921875,-0.0001220703125,9.1552734375e-05,3.0517578125e-05,-14,-13
original_prcp_hindcast,2008,0,3672-4392,21.5,21.5,False,0,0.000244140625,0.0001220703125,-0.0001220703125,9.1552734375e-05,3.0517578125e-05,-14,-13
original_prcp_hindcast,2008,0,3672-4392,18.5,52.5,False,0,0.0010986328125,0.0009765625,-0.0001220703125,9.1552734375e-05,3.0517578125e-05,-14,-13
original_prcp_hindcast,2008,2,3672-4392,26.5,45.5,False,0,0.0028076171875,0.002685546875,-0.0001220703125,6.103515625e-05,6.103515625e-05,-14,-14
original_prcp_hindcast,2008,3,3672-4392,38.5,64.5,False,0,0.009765625,0.0096435546875,-0.0001220703125,9.1552734375e-05,3.0517578125e-05,-14,-13
original_prcp_hindcast,2008,3,3672-4392,32.5,41.5,False,0,0.0003662109375,0.000244140625,-0.0001220703125,9.1552734375e-05,3.0517578125e-05,-14,-13
original_prcp_hindcast,2008,3,3672-4392,28.5,25.5,False,0,0.000244140625,0.0001220703125,-0.0001220703125,9.1552734375e-05,3.0517578125e-05,-14,-13
original_prcp_hindcast,2008,3,3672-4392,28.5,26.5,False,0,0.00048828125,0.0003662109375,-0.0001220703125,9.1552734375e-05,3.0517578125e-05,-14,-13
original_prcp_hindcast,2008,3,3672-4392,23.5,41.5,False,0,0.012451171875,0.0123291015625,-0.0001220703125,9.1552734375e-05,3.0517578125e-05,-14,-13
original_prcp_hindcast,2008,3,3672-4392,22.5,42.5,False,0,0.0054931640625,0.00537109375,-0.0001220703125,9.1552734375e-05,3.0517578125e-05,-14,-13
original_prcp_hindcast,2008,3,3672-4392,21.5,20.5,False,0,0.0020751953125,0.001953125,-0.0001220703125,9.1552734375e-05,3.0517578125e-05,-14,-13
original_prcp_hindcast,2008,3,3672-4392,21.5,50.5,False,0,0.0009765625,0.0008544921875,-0.0001220703125,9.1552734375e-05,3.0517578125e-05,-14,-13
original_prcp_hindcast,2008,3,3672-4392,19.5,18.5,False,0,0.024169921875,0.0240478515625,-0.0001220703125,9.1552734375e-05,3.0517578125e-05,-14,-13
original_prcp_hindcast,2008,3,3672-4392,18.5,4.5,False,0,0.0147705078125,0.0146484375,-0.0001220703125,9.1552734375e-05,3.0517578125e-05,-14,-13
original_prcp_hindcast,2008,3,3672-4392,18.5,29.5,False,0,0.064208984375,0.0640869140625,-0.0001220703125,9.1552734375e-05,3.0517578125e-05,-14,-13
original_prcp_hindcast,2008,3,3672-4392,17.5,8.5,True,1,0.10888671875,0.1087646484375,-0.0001220703125,9.1552734375e-05,3.0517578125e-05,-14,-13
original_prcp_hindcast,2008,8,3672-4392,39.5,85.5,False,0,0.0034183508580554189,0.00335693359375,-6.1417264305418939e-05,6.1035163554379324e-05,3.8210075103961572e-07,-14,-14
original_prcp_hindcast,2008,8,3672-4392,38.5,78.5,False,0,0.0030521399205554189,0.00299072265625,-6.1417264305418939e-05,6.1035163554379324e-05,3.8210075103961572e-07,-14,-14
original_prcp_hindcast,2008,8,3672-4392,38.5,84.5,False,0,0.0029911047643054189,0.0029296875,-6.1417264305418939e-05,6.1035163554379324e-05,3.8210075103961572e-07,-14,-14
original_prcp_hindcast,2008,8,3672-4392,38.5,85.5,False,0,0.0025638586705554189,0.00250244140625,-6.1417264305418939e-05,6.1035163554379324e-05,3.8210075103961572e-07,-14,-14
original_prcp_hindcast,2008,8,3672-4392,37.5,67.5,False,0,0.046081925076805419,0.0460205078125,-6.1417264305418939e-05,6.1035163554379324e-05,3.8210075103961572e-07,-14,-14
original_prcp_hindcast,2008,8,3672-4392,36.5,62.5,False,0,0.012817764920555419,0.01275634765625,-6.1417264305418939e-05,6.1035163554379324e-05,3.8210075103961572e-07,-14,-14
original_prcp_hindcast,2008,8,3672-4392,35.5,41.5,False,0,0.025513077420555419,0.025390625,-0.00012245242055541894,6.1035163554379324e-05,6.1417257001039616e-05,-14,-14
original_prcp_hindcast,2008,8,3672-4392,35.5,59.5,False,0,0.027649307889305419,0.02752685546875,-0.00012245242055541894,6.1035163554379324e-05,6.1417257001039616e-05,-14,-14
original_prcp_hindcast,2008,8,3672-4392,35.5,60.5,False,0,0.019226456326805419,0.0191650390625,-6.1417264305418939e-05,6.1035163554379324e-05,3.8210075103961572e-07,-14,-14
original_prcp_hindcast,2008,8,3672-4392,34.5,47.5,False,0,0.033447647733055419,0.03338623046875,-6.1417264305418939e-05,6.1035163554379324e-05,3.8210075103961572e-07,-14,-14
original_prcp_hindcast,2008,8,3672-4392,34.5,48.5,False,0,0.044495011014305419,0.04443359375,-6.1417264305418939e-05,6.1035163554379324e-05,3.8210075103961572e-07,-14,-14
original_prcp_hindcast,2008,8,3672-4392,34.5,60.5,False,0,0.0043949133580554189,0.00433349609375,-6.1417264305418939e-05,6.1035163554379324e-05,3.8210075103961572e-07,-14,-14
original_prcp_hindcast,2008,8,3672-4392,33.5,43.5,False,0,0.0047611242955554189,0.00469970703125,-6.1417264305418939e-05,6.1035163554379324e-05,3.8210075103961572e-07,-14,-14
original_prcp_hindcast,2008,8,3672-4392,33.5,45.5,False,0,0.0033573157018054189,0.0032958984375,-6.1417264305418939e-05,6.1035163554379324e-05,3.8210075103961572e-07,-14,-14
original_prcp_hindcast,2008,8,3672-4392,33.5,46.5,False,0,0.011108780545555419,0.01104736328125,-6.1417264305418939e-05,6.1035163554379324e-05,3.8210075103961572e-07,-14,-14
original_prcp_hindcast,2008,8,3672-4392,33.5,65.5,False,0,0.050903702420555419,0.05084228515625,-6.1417264305418939e-05,6.1035163554379324e-05,3.8210075103961572e-07,-14,-14
original_prcp_hindcast,2008,8,3672-4392,32.5,37.5,False,0,0.023620987576805419,0.0235595703125,-6.1417264305418939e-05,6.1035163554379324e-05,3.8210075103961572e-07,-14,-14
original_prcp_hindcast,2008,8,3672-4392,32.5,54.5,False,0,0.025574112576805419,0.0255126953125,-6.1417264305418939e-05,6.1035163554379324e-05,3.8210075103961572e-07,-14,-14
original_prcp_hindcast,2008,8,3672-4392,32.5,55.5,False,0,0.0092777258580554189,0.00921630859375,-6.1417264305418939e-05,6.1035163554379324e-05,3.8210075103961572e-07,-14,-14
original_prcp_hindcast,2008,8,3672-4392,32.5,67.5,True,2,0.065918350858055419,0.06585693359375,-6.1417264305418939e-05,6.1035163554379324e-05,3.8210075103961572e-07,-14,-14
original_prcp_hindcast,2008,8,3672-4392,30.5,23.5,False,0,0.0059207922643054189,0.005859375,-6.1417264305418939e-05,6.1035163554379324e-05,3.8210075103961572e-07,-14,-14
original_prcp_hindcast,2008,8,3672-4392,30.5,37.5,False,0,0.0061649328893054189,0.006103515625,-6.1417264305418939e-05,6.1035163554379324e-05,3.8210075103961572e-07,-14,-14
original_prcp_hindcast,2008,8,3672-4392,30.5,53.5,False,0,0.047302628201805419,0.0472412109375,-6.1417264305418939e-05,6.1035163554379324e-05,3.8210075103961572e-07,-14,-14
original_prcp_hindcast,2008,8,3672-4392,29.5,24.5,False,0,0.0053104407018054189,0.0052490234375,-6.1417264305418939e-05,6.1035163554379324e-05,3.8210075103961572e-07,-14,-14
original_prcp_hindcast,2008,8,3672-4392,29.5,26.5,False,0,0.0017093664830554189,0.00164794921875,-6.1417264305418939e-05,6.1035163554379324e-05,3.8210075103961572e-07,-14,-14
original_prcp_hindcast,2008,8,3672-4392,29.5,27.5,False,0,0.00097694460805541894,0.00091552734375,-6.1417264305418939e-05,6.1035163554379324e-05,3.8210075103961572e-07,-14,-14
original_prcp_hindcast,2008,8,3672-4392,29.5,39.5,False,0,0.0043949133580554189,0.00433349609375,-6.1417264305418939e-05,6.1035163554379324e-05,3.8210075103961572e-07,-14,-14
original_prcp_hindcast,2008,8,3672-4392,29.5,40.5,False,0,0.0028079992955554189,0.00274658203125,-6.1417264305418939e-05,6.1035163554379324e-05,3.8210075103961572e-07,-14,-14
original_prcp_hindcast,2008,8,3672-4392,29.5,42.5,False,0,0.0029300696080554189,0.00286865234375,-6.1417264305418939e-05,6.1035163554379324e-05,3.8210075103961572e-07,-14,-14
original_prcp_hindcast,2008,8,3672-4392,29.5,61.5,False,0,0.0064701086705554189,0.00640869140625,-6.1417264305418939e-05,6.1035163554379324e-05,3.8210075103961572e-07,-14,-14
original_prcp_hindcast,2008,8,3672-4392,28.5,31.5,False,0,0.0014041907018054189,0.0013427734375,-6.1417264305418939e-05,6.1035163554379324e-05,3.8210075103961572e-07,-14,-14
original_prcp_hindcast,2008,8,3672-4392,28.5,61.5,False,0,0.0063480383580554189,0.00628662109375,-6.1417264305418939e-05,6.1035163554379324e-05,3.8210075103961572e-07,-14,-14
original_prcp_hindcast,2008,8,3672-4392,27.5,22.5,False,0,0.0031131750768054189,0.0030517578125,-6.1417264305418939e-05,6.1035163554379324e-05,3.8210075103961572e-07,-14,-14
original_prcp_hindcast,2008,8,3672-4392,27.5,26.5,False,0,0.00012245242055541894,6.103515625e-05,-6.1417264305418939e-05,6.1035163554379324e-05,3.8210075103961572e-07,-14,-14
original_prcp_hindcast,2008,8,3672-4392,27.5,30.5,False,0,0.00091590945180541894,0.0008544921875,-6.1417264305418939e-05,6.1035163554379324e-05,3.8210075103961572e-07,-14,-14
original_prcp_hindcast,2008,8,3672-4392,27.5,45.5,False,0,0.014343643826805419,0.0142822265625,-6.1417264305418939e-05,6.1035163554379324e-05,3.8210075103961572e-07,-14,-14
original_prcp_hindcast,2008,8,3672-4392,26.5,20.5,False,0,0.012024307889305419,0.011962890625,-6.1417264305418939e-05,6.1035163554379324e-05,3.8210075103961572e-07,-14,-14
original_prcp_hindcast,2008,8,3672-4392,26.5,23.5,False,0,0.00054969851430541894,0.00048828125,-6.1417264305418939e-05,6.1035163554379324e-05,3.8210075103961572e-07,-14,-14
original_prcp_hindcast,2008,8,3672-4392,26.5,25.5,False,0,0.00030555788930541894,0.000244140625,-6.1417264305418939e-05,6.1035163554379324e-05,3.8210075103961572e-07,-14,-14
original_prcp_hindcast,2008,8,3672-4392,26.5,34.5,False,0,0.0012210852330554189,0.00115966796875,-6.1417264305418939e-05,6.1035163554379324e-05,3.8210075103961572e-07,-14,-14
original_prcp_hindcast,2008,8,3672-4392,26.5,41.5,False,0,0.046509171170555419,0.04644775390625,-6.1417264305418939e-05,6.1035163554379324e-05,3.8210075103961572e-07,-14,-14
original_prcp_hindcast,2008,8,3672-4392,26.5,45.5,False,0,0.0080570227330554189,0.00799560546875,-6.1417264305418939e-05,6.1035163554379324e-05,3.8210075103961572e-07,-14,-14
original_prcp_hindcast,2008,8,3672-4392,26.5,46.5,False,0,0.0064090735143054189,0.00634765625,-6.1417264305418939e-05,6.1035163554379324e-05,3.8210075103961572e-07,-14,-14
original_prcp_hindcast,2008,8,3672-4392,25.5,21.5,False,0,0.00067176882680541894,0.0006103515625,-6.1417264305418939e-05,6.1035163554379324e-05,3.8210075103961572e-07,-14,-14
original_prcp_hindcast,2008,8,3672-4392,25.5,27.5,False,0,0.00024452273305541894,0.00018310546875,-6.1417264305418939e-05,6.1035163554379324e-05,3.8210075103961572e-07,-14,-14
original_prcp_hindcast,2008,8,3672-4392,25.5,28.5,False,0,0.00030555788930541894,0.000244140625,-6.1417264305418939e-05,6.1035163554379324e-05,3.8210075103961572e-07,-14,-14
original_prcp_hindcast,2008,8,3672-4392,25.5,35.5,False,0,0.00048866335805541894,0.00042724609375,-6.1417264305418939e-05,6.1035163554379324e-05,3.8210075103961572e-07,-14,-14
original_prcp_hindcast,2008,8,3672-4392,25.5,45.5,False,0,0.0080570227330554189,0.00799560546875,-6.1417264305418939e-05,6.1035163554379324e-05,3.8210075103961572e-07,-14,-14
original_prcp_hindcast,2008,8,3672-4392,24.5,12.5,False,0,0.0027469641393054189,0.002685546875,-6.1417264305418939e-05,6.1035163554379324e-05,3.8210075103961572e-07,-14,-14
original_prcp_hindcast,2008,8,3672-4392,24.5,19.5,False,0,0.0053714758580554189,0.00531005859375,-6.1417264305418939e-05,6.1035163554379324e-05,3.8210075103961572e-07,-14,-14
original_prcp_hindcast,2008,8,3672-4392,24.5,20.5,False,0,0.0035404211705554189,0.00347900390625,-6.1417264305418939e-05,6.1035163554379324e-05,3.8210075103961572e-07,-14,-14
original_prcp_hindcast,2008,8,3672-4392,24.5,23.5,False,0,0.00061073367055541894,0.00054931640625,-6.1417264305418939e-05,6.1035163554379324e-05,3.8210075103961572e-07,-14,-14
original_prcp_hindcast,2008,8,3672-4392,24.5,25.5,False,0,0.0024417883580554189,0.00238037109375,-6.1417264305418939e-05,6.1035163554379324e-05,3.8210075103961572e-07,-14,-14
original_prcp_hindcast,2008,8,3672-4392,24.5,30.5,False,0,0.00073280398305541894,0.00067138671875,-6.1417264305418939e-05,6.1035163554379324e-05,3.8210075103961572e-07,-14,-14
original_prcp_hindcast,2008,8,3672-4392,24.5,32.5,False,0,0.0019535071080554189,0.00189208984375,-6.1417264305418939e-05,6.1035163554379324e-05,3.8210075103961572e-07,-14,-14
original_prcp_hindcast,2008,8,3672-4392,24.5,40.5,False,0,0.013489151639305419,0.013427734375,-6.1417264305418939e-05,6.1035163554379324e-05,3.8210075103961572e-07,-14,-14
original_prcp_hindcast,2008,8,3672-4392,23.5,33.5,False,0,0.0032962805455554189,0.00323486328125,-6.1417264305418939e-05,6.1035163554379324e-05,3.8210075103961572e-07,-14,-14
original_prcp_hindcast,2008,8,3672-4392,23.5,37.5,False,0,0.00061073367055541894,0.00054931640625,-6.1417264305418939e-05,6.1035163554379324e-05,3.8210075103961572e-07,-14,-14
original_prcp_hindcast,2008,8,3672-4392,23.5,47.5,False,0,0.00030555788930541894,0.000244140625,-6.1417264305418939e-05,6.1035163554379324e-05,3.8210075103961572e-07,-14,-14
original_prcp_hindcast,2008,8,3672-4392,22.5,8.5,False,0,0.0018924719518054189,0.0018310546875,-6.1417264305418939e-05,6.1035163554379324e-05,3.8210075103961572e-07,-14,-14
original_prcp_hindcast,2008,8,3672-4392,22.5,43.5,False,0,0.0046390539830554189,0.00457763671875,-6.1417264305418939e-05,6.1035163554379324e-05,3.8210075103961572e-07,-14,-14
original_prcp_hindcast,2008,8,3672-4392,22.5,46.5,False,0,0.00018348757680541894,0.0001220703125,-6.1417264305418939e-05,6.1035163554379324e-05,3.8210075103961572e-07,-14,-14
original_prcp_hindcast,2008,8,3672-4392,21.5,29.5,False,0,0.0020145422643054189,0.001953125,-6.1417264305418939e-05,6.1035163554379324e-05,3.8210075103961572e-07,-14,-14
original_prcp_hindcast,2008,8,3672-4392,20.5,20.5,False,0,0.0014041907018054189,0.0013427734375,-6.1417264305418939e-05,6.1035163554379324e-05,3.8210075103961572e-07,-14,-14
original_prcp_hindcast,2008,8,3672-4392,20.5,22.5,False,0,0.0020755774205554189,0.00201416015625,-6.1417264305418939e-05,6.1035163554379324e-05,3.8210075103961572e-07,-14,-14
original_prcp_hindcast,2008,8,3672-4392,20.5,23.5,False,0,0.0064701086705554189,0.00640869140625,-6.1417264305418939e-05,6.1035163554379324e-05,3.8210075103961572e-07,-14,-14
original_prcp_hindcast,2008,8,3672-4392,20.5,28.5,False,0,0.0031742102330554189,0.00311279296875,-6.1417264305418939e-05,6.1035163554379324e-05,3.8210075103961572e-07,-14,-14
original_prcp_hindcast,2008,8,3672-4392,20.5,44.5,False,0,0.00067176882680541894,0.0006103515625,-6.1417264305418939e-05,6.1035163554379324e-05,3.8210075103961572e-07,-14,-14
original_prcp_hindcast,2008,8,3672-4392,20.5,53.5,False,0,0.0097049719518054189,0.0096435546875,-6.1417264305418939e-05,6.1035163554379324e-05,3.8210075103961572e-07,-14,-14
original_prcp_hindcast,2008,8,3672-4392,19.5,44.5,False,0,0.010559464139305419,0.010498046875,-6.1417264305418939e-05,6.1035163554379324e-05,3.8210075103961572e-07,-14,-14
original_prcp_hindcast,2008,8,3672-4392,19.5,46.5,False,0,0.0022586828893054189,0.002197265625,-6.1417264305418939e-05,6.1035163554379324e-05,3.8210075103961572e-07,-14,-14
original_prcp_hindcast,2008,8,3672-4392,19.5,48.5,False,0,0.0020755774205554189,0.00201416015625,-6.1417264305418939e-05,6.1035163554379324e-05,3.8210075103961572e-07,-14,-14
original_prcp_hindcast,2008,8,3672-4392,18.5,46.5,False,0,0.0047611242955554189,0.00469970703125,-6.1417264305418939e-05,6.1035163554379324e-05,3.8210075103961572e-07,-14,-14
original_prcp_hindcast,2008,8,3672-4392,18.5,47.5,False,0,0.0032962805455554189,0.00323486328125,-6.1417264305418939e-05,6.1035163554379324e-05,3.8210075103961572e-07,-14,-14
original_prcp_hindcast,2008,8,3672-4392,-13.5,118.5,False,0,0.12548866335805542,0.12542724609375,-6.1417264305418939e-05,6.1035163554379324e-05,3.8210075103961572e-07,-14,-14
original_prcp_hindcast,2008,8,3672-4392,-15.5,116.5,False,0,0.11169471804555542,0.11163330078125,-6.1417264305418939e-05,6.1035163554379324e-05,3.8210075103961572e-07,-14,-14
original_prcp_hindcast,2008,8,3672-4392,-17.5,16.5,True,2,0.090027237576805419,0.0899658203125,-6.1417264305418939e-05,6.1035163554379324e-05,3.8210075103961572e-07,-14,-14
original_prcp_hindcast,2008,8,3672-4392,-17.5,119.5,False,0,0.012573624295555419,0.01251220703125,-6.1417264305418939e-05,6.1035163554379324e-05,3.8210075103961572e-07,-14,-14
original_prcp_hindcast,2008,8,3672-4392,-17.5,120.5,False,0,0.0068973547643054189,0.0068359375,-6.1417264305418939e-05,6.1035163554379324e-05,3.8210075103961572e-07,-14,-14
original_prcp_hindcast,2008,8,3672-4392,-18.5,112.5,False,0,0.20648231570180542,0.2064208984375,-6.1417264305418939e-05,6.1035163554379324e-05,3.8210075103961572e-07,-14,-14
original_prcp_hindcast,2008,8,3672-4392,-18.5,113.5,False,0,0.11590614382680542,0.1158447265625,-6.1417264305418939e-05,6.1035163554379324e-05,3.8210075103961572e-07,-14,-14
original_prcp_hindcast,2008,8,3672-4392,-19.5,25.5,False,0,0.016418839139305419,0.016357421875,-6.1417264305418939e-05,6.1035163554379324e-05,3.8210075103961572e-07,-14,-14
original_prcp_hindcast,2008,8,3672-4392,-21.5,119.5,False,0,0.037170792264305419,0.037109375,-6.1417264305418939e-05,6.1035163554379324e-05,3.8210075103961572e-07,-14,-14
original_prcp_hindcast,2008,8,3672-4392,-22.5,116.5,False,0,0.085815811795555419,0.08575439453125,-6.1417264305418939e-05,6.1035163554379324e-05,3.8210075103961572e-07,-14,-14
original_prcp_hindcast,2008,8,3672-4392,-23.5,118.5,False,0,0.054016495389305419,0.053955078125,-6.1417264305418939e-05,6.1035163554379324e-05,3.8210075103961572e-07,-14,-14
original_prcp_hindcast,2008,8,3672-4392,-24.5,115.5,False,0,0.12463417117055542,0.12457275390625,-6.1417264305418939e-05,6.1035163554379324e-05,3.8210075103961572e-07,-14,-14
original_prcp_hindcast,2008,8,3672-4392,-24.5,120.5,False,0,0.086853409451805419,0.0867919921875,-6.1417264305418939e-05,6.1035163554379324e-05,3.8210075103961572e-07,-14,-14
original_prcp_hindcast,2008,8,3672-4392,-24.5,121.5,False,0,0.10192909304555542,0.10186767578125,-6.1417264305418939e-05,6.1035163554379324e-05,3.8210075103961572e-07,-14,-14
original_prcp_hindcast,2008,8,3672-4392,-24.5,123.5,False,0,0.033081436795555419,0.03302001953125,-6.1417264305418939e-05,6.1035163554379324e-05,3.8210075103961572e-07,-14,-14
original_prcp_hindcast,2008,8,3672-4392,-26.5,116.5,False,0,0.11584510867055542,0.11578369140625,-6.1417264305418939e-05,6.1035163554379324e-05,3.8210075103961572e-07,-14,-14
original_prcp_hindcast,2008,9,3672-4392,31.5,4.5,False,0,0.0003662109375,0.000244140625,-0.0001220703125,9.1552734375e-05,3.0517578125e-05,-14,-13
original_prcp_hindcast,2008,9,3672-4392,30.5,42.5,False,0,0.0010986328125,0.0009765625,-0.0001220703125,9.1552734375e-05,3.0517578125e-05,-14,-13
original_prcp_hindcast,2008,9,3672-4392,29.5,7.5,False,0,0.000732421875,0.0006103515625,-0.0001220703125,9.1552734375e-05,3.0517578125e-05,-14,-13
original_prcp_hindcast,2008,9,3672-4392,29.5,53.5,False,0,0.0101318359375,0.010009765625,-0.0001220703125,9.1552734375e-05,3.0517578125e-05,-14,-13
original_prcp_hindcast,2008,9,3672-4392,28.5,8.5,False,0,0.0006103515625,0.00048828125,-0.0001220703125,9.1552734375e-05,3.0517578125e-05,-14,-13
original_prcp_hindcast,2008,9,3672-4392,21.5,11.5,False,0,0.000244140625,0.0001220703125,-0.0001220703125,9.1552734375e-05,3.0517578125e-05,-14,-13
original_prcp_hindcast,2008,9,3672-4392,-14.5,20.5,False,0,0.0577392578125,0.0576171875,-0.0001220703125,9.1552734375e-05,3.0517578125e-05,-14,-13
original_prcp_hindcast,2008,11,3672-4392,31.5,41.5,False,0,0.0286865234375,0.028564453125,-0.0001220703125,9.1552734375e-05,3.0517578125e-05,-14,-13
original_prcp_hindcast,2008,11,3672-4392,29.5,53.5,False,0,0.0191650390625,0.01904296875,-0.0001220703125,9.1552734375e-05,3.0517578125e-05,-14,-13
original_prcp_hindcast,2008,11,3672-4392,23.5,13.5,False,0,0.0025634765625,0.00244140625,-0.0001220703125,9.1552734375e-05,3.0517578125e-05,-14,-13
original_prcp_hindcast,2008,11,3672-4392,23.5,35.5,False,0,0.0045166015625,0.00439453125,-0.0001220703125,9.1552734375e-05,3.0517578125e-05,-14,-13
original_prcp_hindcast,2008,11,3672-4392,21.5,52.5,False,0,0.0509033203125,0.05078125,-0.0001220703125,9.1552734375e-05,3.0517578125e-05,-14,-13
original_prcp_hindcast,2008,12,3672-4392,36.5,41.5,False,0,0.0157470703125,0.015628017750714207,-0.00011905256178579293,9.1552734829747351e-05,2.7499826956045581e-05,-14,-13
original_prcp_hindcast,2008,12,3672-4392,33.5,48.5,False,0,0.0380859375,0.037966884938214207,-0.00011905256178579293,9.1552734829747351e-05,2.7499826956045581e-05,-14,-13
original_prcp_hindcast,2008,12,3672-4392,31.5,44.5,False,0,0.0009765625,0.00085750993821420707,-0.00011905256178579293,9.1552734829747351e-05,2.7499826956045581e-05,-14,-13
original_prcp_hindcast,2008,12,3672-4392,28.5,23.5,False,0,0.0015869140625,0.0014678615007142071,-0.00011905256178579293,9.1552734829747351e-05,2.7499826956045581e-05,-14,-13
original_prcp_hindcast,2008,12,3672-4392,28.5,68.5,True,8,0.0836181640625,0.083499111500714207,-0.00011905256178579293,9.1552734829747351e-05,2.7499826956045581e-05,-14,-13
original_prcp_hindcast,2008,12,3672-4392,27.5,25.5,False,0,0.003662109375,0.0035430568132142071,-0.00011905256178579293,9.1552734829747351e-05,2.7499826956045581e-05,-14,-13
original_prcp_hindcast,2008,12,3672-4392,24.5,13.5,False,0,0.0008544921875,0.00073543962571420707,-0.00011905256178579293,9.1552734829747351e-05,2.7499826956045581e-05,-14,-13
original_prcp_hindcast,2008,12,3672-4392,22.5,50.5,False,0,0.0086669921875,0.0085479396257142071,-0.00011905256178579293,9.1552734829747351e-05,2.7499826956045581e-05,-14,-13
original_prcp_hindcast,2008,13,4392-5136,25.5,32.5,False,0,0.001483571482822299,0.0013600239326478913,-0.00012354755017440766,9.1552748926915228e-05,3.1994801247492433e-05,-14,-13
original_prcp_hindcast,2008,13,4392-5136,20.5,54.5,False,0,0.018695485545322299,0.018571937995147891,-0.00012354755017440766,9.1552748926915228e-05,3.1994801247492433e-05,-14,-13
original_prcp_hindcast,2008,13,4392-5136,18.5,26.5,False,0,0.003070485545322299,0.0029469379951478913,-0.00012354755017440766,9.1552748926915228e-05,3.1994801247492433e-05,-14,-13
original_prcp_hindcast,2008,13,4392-5136,17.5,31.5,False,0,0.021625173045322299,0.021501625495147891,-0.00012354755017440766,9.1552748926915228e-05,3.1994801247492433e-05,-14,-13
original_prcp_hindcast,2008,15,3672-4392,32.5,9.5,False,0,0.0039113785951485625,0.0037841796875,-0.00012719890764856245,9.1552734829747351e-05,3.5646172818815103e-05,-14,-13
original_prcp_hindcast,2008,15,3672-4392,29.5,-5.5,False,0,0.00037133953264856245,0.000244140625,-0.00012719890764856245,9.1552734829747351e-05,3.5646172818815103e-05,-14,-13
original_prcp_hindcast,2008,15,3672-4392,28.5,13.5,False,0,0.0089162614076485625,0.0087890625,-0.00012719890764856245,9.1552734829747351e-05,3.5646172818815103e-05,-14,-13
original_prcp_hindcast,2008,15,3672-4392,27.5,1.5,False,0,0.00049340984514856245,0.0003662109375,-0.00012719890764856245,9.1552734829747351e-05,3.5646172818815103e-05,-14,-13
original_prcp_hindcast,2008,15,3672-4392,26.5,12.5,False,0,0.0019582535951485625,0.0018310546875,-0.00012719890764856245,9.1552734829747351e-05,3.5646172818815103e-05,-14,-13
original_prcp_hindcast,2008,15,3672-4392,25.5,8.5,False,0,0.019292237970148562,0.0191650390625,-0.00012719890764856245,9.1552734829747351e-05,3.5646172818815103e-05,-14,-13
original_prcp_hindcast,2008,15,3672-4392,25.5,46.5,False,0,0.013310792657648562,0.01318359375,-0.00012719890764856245,9.1552734829747351e-05,3.5646172818815103e-05,-14,-13
original_prcp_hindcast,2008,15,3672-4392,22.5,31.5,False,0,0.00024926922014856245,0.0001220703125,-0.00012719890764856245,9.1552734829747351e-05,3.5646172818815103e-05,-14,-13
original_prcp_hindcast,2008,15,3672-4392,17.5,18.5,False,0,0.012578370782648562,0.012451171875,-0.00012719890764856245,9.1552734829747351e-05,3.5646172818815103e-05,-14,-13
original_prcp_hindcast,2008,16,4392-5136,35.5,62.5,False,0,0.017491729202447459,0.017363060527713969,-0.00012866867473348975,0.00012207032705191523,6.5983476815745234e-06,-13,-13
original_prcp_hindcast,2008,16,4392-5136,32.5,56.5,False,0,0.012486846389947459,0.012358177715213969,-0.00012866867473348975,0.00012207032705191523,6.5983476815745234e-06,-13,-13
original_prcp_hindcast,2008,16,4392-5136,32.5,64.5,False,0,0.041173369827447459,0.041044701152713969,-0.00012866867473348975,0.00012207032705191523,6.5983476815745234e-06,-13,-13
original_prcp_hindcast,2008,16,4392-5136,31.5,60.5,False,0,0.0043081354524474591,0.0041794667777139693,-0.00012866867473348975,0.00012207032705191523,6.5983476815745234e-06,-13,-13
original_prcp_hindcast,2008,16,4392-5136,30.5,61.5,False,0,0.0054067682649474591,0.0052780995902139693,-0.00012866867473348975,0.00012207032705191523,6.5983476815745234e-06,-13,-13
original_prcp_hindcast,2008,16,4392-5136,30.5,63.5,False,0,0.018712432327447459,0.018583763652713969,-0.00012866867473348975,0.00012207032705191523,6.5983476815745234e-06,-13,-13
original_prcp_hindcast,2008,16,4392-5136,30.5,65.5,False,0,0.085851104202447459,0.085722435527713969,-0.00012866867473348975,0.00012207032705191523,6.5983476815745234e-06,-13,-13
original_prcp_hindcast,2008,16,4392-5136,29.5,43.5,False,0,0.0029653620149474591,0.0028366933402139693,-0.00012866867473348975,0.00012207032705191523,6.5983476815745234e-06,-13,-13
original_prcp_hindcast,2008,16,4392-5136,28.5,61.5,False,0,0.040685088577447459,0.040556419902713969,-0.00012866867473348975,0.00012207032705191523,6.5983476815745234e-06,-13,-13
original_prcp_hindcast,2008,16,4392-5136,28.5,63.5,True,2,0.095494658889947459,0.095365990215213969,-0.00012866867473348975,0.00012207032705191523,6.5983476815745234e-06,-13,-13
original_prcp_hindcast,2008,16,4392-5136,27.5,20.5,False,0,0.0005239557649474591,0.00039528709021396935,-0.00012866867473348975,0.00012207032705191523,6.5983476815745234e-06,-13,-13
original_prcp_hindcast,2008,16,4392-5136,27.5,29.5,False,0,0.0002798151399474591,0.00015114646521396935,-0.00012866867473348975,0.00012207032705191523,6.5983476815745234e-06,-13,-13
original_prcp_hindcast,2008,16,4392-5136,27.5,50.5,False,0,0.0033315729524474591,0.0032029042777139693,-0.00012866867473348975,0.00012207032705191523,6.5983476815745234e-06,-13,-13
original_prcp_hindcast,2008,16,4392-5136,25.5,29.5,False,0,0.0004018854524474591,0.00027321677771396935,-0.00012866867473348975,0.00012207032705191523,6.5983476815745234e-06,-13,-13
original_prcp_hindcast,2008,16,4392-5136,24.5,23.5,False,0,0.0008901667024474591,0.00076149802771396935,-0.00012866867473348975,0.00012207032705191523,6.5983476815745234e-06,-13,-13
original_prcp_hindcast,2008,16,4392-5136,24.5,34.5,False,0,0.0072378229524474591,0.0071091542777139693,-0.00012866867473348975,0.00012207032705191523,6.5983476815745234e-06,-13,-13
original_prcp_hindcast,2008,16,4392-5136,24.5,35.5,False,0,0.0021108698274474591,0.0019822011527139693,-0.00012866867473348975,0.00012207032705191523,6.5983476815745234e-06,-13,-13
original_prcp_hindcast,2008,16,4392-5136,23.5,10.5,False,0,0.0087026667024474591,0.0085739980277139693,-0.00012866867473348975,0.00012207032705191523,6.5983476815745234e-06,-13,-13
original_prcp_hindcast,2008,16,4392-5136,23.5,13.5,False,0,0.012975127639947459,0.012846458965213969,-0.00012866867473348975,0.00012207032705191523,6.5983476815745234e-06,-13,-13
original_prcp_hindcast,2008,16,4392-5136,23.5,19.5,False,0,0.0008901667024474591,0.00076149802771396935,-0.00012866867473348975,0.00012207032705191523,6.5983476815745234e-06,-13,-13
original_prcp_hindcast,2008,16,4392-5136,23.5,22.5,False,0,0.0005239557649474591,0.00039528709021396935,-0.00012866867473348975,0.00012207032705191523,6.5983476815745234e-06,-13,-13
original_prcp_hindcast,2008,16,4392-5136,23.5,26.5,False,0,0.0006460260774474591,0.00051735740271396935,-0.00012866867473348975,0.00012207032705191523,6.5983476815745234e-06,-13,-13
original_prcp_hindcast,2008,16,4392-5136,23.5,28.5,False,0,0.0002798151399474591,0.00015114646521396935,-0.00012866867473348975,0.00012207032705191523,6.5983476815745234e-06,-13,-13
original_prcp_hindcast,2008,16,4392-5136,23.5,32.5,False,0,0.0016225885774474591,0.0014939199027139693,-0.00012866867473348975,0.00012207032705191523,6.5983476815745234e-06,-13,-13
original_prcp_hindcast,2008,16,4392-5136,23.5,40.5,False,0,0.035069854202447459,0.034941185527713969,-0.00012866867473348975,0.00012207032705191523,6.5983476815745234e-06,-13,-13
original_prcp_hindcast,2008,16,4392-5136,22.5,-3.5,False,0,0.0043081354524474591,0.0041794667777139693,-0.00012866867473348975,0.00012207032705191523,6.5983476815745234e-06,-13,-13
original_prcp_hindcast,2008,16,4392-5136,22.5,19.5,False,0,0.0066274713899474591,0.0064988027152139693,-0.00012866867473348975,0.00012207032705191523,6.5983476815745234e-06,-13,-13
original_prcp_hindcast,2008,16,4392-5136,22.5,28.5,False,0,0.0011343073274474591,0.0010056386527139693,-0.00012866867473348975,0.00012207032705191523,6.5983476815745234e-06,-13,-13
original_prcp_hindcast,2008,16,4392-5136,22.5,55.5,False,0,0.033727080764947459,0.033598412090213969,-0.00012866867473348975,0.00012207032705191523,6.5983476815745234e-06,-13,-13
original_prcp_hindcast,2008,16,4392-5136,21.5,51.5,False,0,0.010777862014947459,0.010649193340213969,-0.00012866867473348975,0.00012207032705191523,6.5983476815745234e-06,-13,-13
original_prcp_hindcast,2008,16,4392-5136,20.5,35.5,False,0,0.093419463577447459,0.093290794902713969,-0.00012866867473348975,0.00012207032705191523,6.5983476815745234e-06,-13,-13
original_prcp_hindcast,2008,16,4392-5136,20.5,44.5,False,0,0.073522002639947459,0.073393333965213969,-0.00012866867473348975,0.00012207032705191523,6.5983476815745234e-06,-13,-13
original_prcp_hindcast,2008,16,4392-5136,20.5,47.5,False,0,0.012486846389947459,0.012358177715213969,-0.00012866867473348975,0.00012207032705191523,6.5983476815745234e-06,-13,-13
original_prcp_hindcast,2008,16,4392-5136,19.5,3.5,False,0,0.0078481745149474591,0.0077195058402139693,-0.00012866867473348975,0.00012207032705191523,6.5983476815745234e-06,-13,-13
original_prcp_hindcast,2008,16,4392-5136,19.5,6.5,False,0,0.0099233698274474591,0.0097947011527139693,-0.00012866867473348975,0.00012207032705191523,6.5983476815745234e-06,-13,-13
original_prcp_hindcast,2008,16,4392-5136,19.5,28.5,False,0,0.021642119827447459,0.021513451152713969,-0.00012866867473348975,0.00012207032705191523,6.5983476815745234e-06,-13,-13
original_prcp_hindcast,2008,16,4392-5136,18.5,6.5,False,0,0.018590362014947459,0.018461693340213969,-0.00012866867473348975,0.00012207032705191523,6.5983476815745234e-06,-13,-13
original_prcp_hindcast,2008,16,4392-5136,18.5,30.5,False,0,0.066197783889947459,0.066069115215213969,-0.00012866867473348975,0.00012207032705191523,6.5983476815745234e-06,-13,-13
original_prcp_hindcast,2008,16,4392-5136,17.5,46.5,False,0,0.077672393264947459,0.077543724590213969,-0.00012866867473348975,0.00012207032705191523,6.5983476815745234e-06,-13,-13
original_prcp_hindcast,2008,16,4392-5136,16.5,11.5,False,0,0.051793487014947459,0.051664818340213969,-0.00012866867473348975,0.00012207032705191523,6.5983476815745234e-06,-13,-13
original_prcp_hindcast,2008,16,4392-5136,15.5,24.5,True,1,0.20218411201494746,0.20205544334021397,-0.00012866867473348975,0.00012207032705191523,6.5983476815745234e-06,-13,-13
original_prcp_hindcast,2008,17,3672-4392,33.5,55.5,False,0,0.0101318359375,0.010009765625,-0.0001220703125,9.1552734375e-05,3.0517578125e-05,-14,-13
original_prcp_hindcast,2008,17,3672-4392,31.5,-0.5,False,0,0.003662109375,0.0035400390625,-0.0001220703125,9.1552734375e-05,3.0517578125e-05,-14,-13
original_prcp_hindcast,2008,17,3672-4392,29.5,2.5,False,0,0.000732421875,0.0006103515625,-0.0001220703125,9.1552734375e-05,3.0517578125e-05,-14,-13
original_prcp_hindcast,2008,17,3672-4392,27.5,-5.5,False,0,0.000732421875,0.0006103515625,-0.0001220703125,9.1552734375e-05,3.0517578125e-05,-14,-13
original_prcp_hindcast,2008,17,3672-4392,25.5,31.5,False,0,0.0009765625,0.0008544921875,-0.0001220703125,9.1552734375e-05,3.0517578125e-05,-14,-13
original_prcp_hindcast,2008,17,3672-4392,23.5,33.5,False,0,0.0018310546875,0.001708984375,-0.0001220703125,9.1552734375e-05,3.0517578125e-05,-14,-13
original_prcp_hindcast,2008,17,3672-4392,20.5,34.5,False,0,0.0098876953125,0.009765625,-0.0001220703125,9.1552734375e-05,3.0517578125e-05,-14,-13
original_prcp_hindcast,2008,17,3672-4392,18.5,16.5,False,0,0.0076904296875,0.007568359375,-0.0001220703125,9.1552734375e-05,3.0517578125e-05,-14,-13
original_prcp_hindcast,2008,17,3672-4392,-20.5,17.5,False,0,0.0396728515625,0.03955078125,-0.0001220703125,9.1552734375e-05,3.0517578125e-05,-14,-13
original_prcp_hindcast,2008,18,3672-4392,36.5,65.5,True,5,0.0484619140625,0.04833984375,-0.0001220703125,9.1552734375e-05,3.0517578125e-05,-14,-13
original_prcp_hindcast,2008,18,3672-4392,35.5,44.5,False,0,0.06201171875,0.0618896484375,-0.0001220703125,9.1552734375e-05,3.0517578125e-05,-14,-13
original_prcp_hindcast,2008,18,3672-4392,33.5,41.5,False,0,0.005859375,0.0057373046875,-0.0001220703125,9.1552734375e-05,3.0517578125e-05,-14,-13
original_prcp_hindcast,2008,18,3672-4392,27.5,23.5,False,0,0.00048828125,0.0003662109375,-0.0001220703125,9.1552734375e-05,3.0517578125e-05,-14,-13
original_prcp_hindcast,2008,18,3672-4392,27.5,36.5,False,0,0.0042724609375,0.004150390625,-0.0001220703125,9.1552734375e-05,3.0517578125e-05,-14,-13
original_prcp_hindcast,2008,18,3672-4392,26.5,4.5,False,0,0.0079345703125,0.0078125,-0.0001220703125,9.1552734375e-05,3.0517578125e-05,-14,-13
original_prcp_hindcast,2008,18,3672-4392,24.5,7.5,False,0,0.0035400390625,0.00341796875,-0.0001220703125,9.1552734375e-05,3.0517578125e-05,-14,-13
original_prcp_hindcast,2008,18,3672-4392,23.5,-7.5,False,0,0.0064697265625,0.00634765625,-0.0001220703125,9.1552734375e-05,3.0517578125e-05,-14,-13
original_prcp_hindcast,2008,18,3672-4392,19.5,30.5,True,1,0.004638671875,0.0045166015625,-0.0001220703125,9.1552734375e-05,3.0517578125e-05,-14,-13
original_prcp_hindcast,2008,19,3672-4392,34.5,38.5,False,0,0.006591796875,0.0064697265625,-0.0001220703125,9.1552734375e-05,3.0517578125e-05,-14,-13
original_prcp_hindcast,2008,19,3672-4392,26.5,47.5,False,0,0.0223388671875,0.022216796875,-0.0001220703125,9.1552734375e-05,3.0517578125e-05,-14,-13
original_prcp_hindcast,2008,19,3672-4392,23.5,20.5,False,0,0.0003662109375,0.000244140625,-0.0001220703125,9.1552734375e-05,3.0517578125e-05,-14,-13
original_prcp_hindcast,2008,19,3672-4392,-16.5,21.5,False,0,0.090576171875,0.0904541015625,-0.0001220703125,9.1552734375e-05,3.0517578125e-05,-14,-13
original_prcp_hindcast,2008,23,3672-4392,35.5,41.5,False,0,0.0073839733813656494,0.0072444463585270569,-0.00013952702283859253,0.00012207032705191523,1.7456695786677301e-05,-13,-13
original_prcp_hindcast,2008,23,3672-4392,35.5,42.5,False,0,0.0081163952563656494,0.0079768682335270569,-0.00013952702283859253,0.00012207032705191523,1.7456695786677301e-05,-13,-13
original_prcp_hindcast,2008,23,3672-4392,33.5,47.5,False,0,0.021788270256365649,0.021648743233527057,-0.00013952702283859253,0.00012207032705191523,1.7456695786677301e-05,-13,-13
original_prcp_hindcast,2008,23,3672-4392,32.5,40.5,False,0,0.014464051506365649,0.014324524483527057,-0.00013952702283859253,0.00012207032705191523,1.7456695786677301e-05,-13,-13
original_prcp_hindcast,2008,23,3672-4392,31.5,53.5,False,0,0.024595887443865649,0.024456360421027057,-0.00013952702283859253,0.00012207032705191523,1.7456695786677301e-05,-13,-13
original_prcp_hindcast,2008,23,3672-4392,31.5,61.5,False,0,0.0005480358813656494,0.00040850885852705687,-0.00013952702283859253,0.00012207032705191523,1.7456695786677301e-05,-13,-13
original_prcp_hindcast,2008,23,3672-4392,31.5,62.5,False,0,0.0009142468188656494,0.00077471979602705687,-0.00013952702283859253,0.00012207032705191523,1.7456695786677301e-05,-13,-13
original_prcp_hindcast,2008,23,3672-4392,30.5,57.5,False,0,0.022154481193865649,0.022014954171027057,-0.00013952702283859253,0.00012207032705191523,1.7456695786677301e-05,-13,-13
original_prcp_hindcast,2008,23,3672-4392,28.5,64.5,False,0,0.0072619030688656494,0.0071223760460270569,-0.00013952702283859253,0.00012207032705191523,1.7456695786677301e-05,-13,-13
original_prcp_hindcast,2008,23,3672-4392,27.5,37.5,False,0,0.015684754631365649,0.015545227608527057,-0.00013952702283859253,0.00012207032705191523,1.7456695786677301e-05,-13,-13
original_prcp_hindcast,2008,23,3672-4392,22.5,8.5,False,0,0.0006701061938656494,0.00053057917102705687,-0.00013952702283859253,0.00012207032705191523,1.7456695786677301e-05,-13,-13
original_prcp_hindcast,2008,23,3672-4392,22.5,26.5,False,0,0.0009142468188656494,0.00077471979602705687,-0.00013952702283859253,0.00012207032705191523,1.7456695786677301e-05,-13,-13
original_prcp_hindcast,2008,23,3672-4392,22.5,29.5,False,0,0.0005480358813656494,0.00040850885852705687,-0.00013952702283859253,0.00012207032705191523,1.7456695786677301e-05,-13,-13
original_prcp_hindcast,2008,23,3672-4392,21.5,28.5,True,1,0.0003038952563656494,0.00016436823352705687,-0.00013952702283859253,0.00012207032705191523,1.7456695786677301e-05,-13,-13
original_prcp_hindcast,2008,23,3672-4392,20.5,22.5,False,0,0.0004259655688656494,0.00028643854602705687,-0.00013952702283859253,0.00012207032705191523,1.7456695786677301e-05,-13,-13
original_prcp_hindcast,2008,23,3672-4392,20.5,48.5,False,0,0.0021349499438656494,0.0019954229210270569,-0.00013952702283859253,0.00012207032705191523,1.7456695786677301e-05,-13,-13
original_prcp_hindcast,2008,23,3672-4392,19.5,48.5,False,0,0.0053087780688656494,0.0051692510460270569,-0.00013952702283859253,0.00012207032705191523,1.7456695786677301e-05,-13,-13
original_prcp_hindcast,2008,23,3672-4392,18.5,51.5,False,0,0.032652528068865649,0.032513001046027057,-0.00013952702283859253,0.00012207032705191523,1.7456695786677301e-05,-13,-13
original_prcp_hindcast,2008,23,3672-4392,-7.5,-45.5,False,0,0.17803827025636565,0.17789874323352706,-0.00013952702283859253,0.00012207032705191523,1.7456695786677301e-05,-13,-13
original_prcp_hindcast,2008,23,3672-4392,-10.5,-46.5,False,0,0.13812127806886565,0.13798175104602706,-0.00013952702283859253,0.00012207032705191523,1.7456695786677301e-05,-13,-13
original_prcp_hindcast,2008,23,3672-4392,-21.5,122.5,False,0,0.026915223381365649,0.026775696358527057,-0.00013952702283859253,0.00012207032705191523,1.7456695786677301e-05,-13,-13
original_prcp_hindcast,2008,23,3672-4392,-21.5,125.5,False,0,0.015928895256365649,0.015789368233527057,-0.00013952702283859253,0.00012207032705191523,1.7456695786677301e-05,-13,-13
original_prcp_hindcast,2008,24,4392-5136,27.5,32.5,False,0,0.0019930952839786187,0.0018503752944525331,-0.00014271998952608556,0.00012207032705191523,2.0649662474170327e-05,-13,-13
original_prcp_hindcast,2008,24,4392-5136,26.5,67.5,True,4,0.36368743122147862,0.36354471123195253,-0.00014271998952608556,0.00012207032705191523,2.0649662474170327e-05,-13,-13
original_prcp_hindcast,2008,24,4392-5136,24.5,15.5,False,0,0.0061434859089786187,0.0060007659194525331,-0.00014271998952608556,0.00012207032705191523,2.0649662474170327e-05,-13,-13
original_prcp_hindcast,2008,24,4392-5136,23.5,20.5,False,0,0.0017489546589786187,0.0016062346694525331,-0.00014271998952608556,0.00012207032705191523,2.0649662474170327e-05,-13,-13
original_prcp_hindcast,2008,24,4392-5136,22.5,10.5,False,0,0.0068759077839786187,0.0067331877944525331,-0.00014271998952608556,0.00012207032705191523,2.0649662474170327e-05,-13,-13
original_prcp_hindcast,2008,24,4392-5136,20.5,26.5,False,0,0.0013827437214786187,0.0012400237319525331,-0.00014271998952608556,0.00012207032705191523,2.0649662474170327e-05,-13,-13
original_prcp_hindcast,2008,24,4392-5136,18.5,29.5,False,0,0.017740165596478619,0.017597445606952533,-0.00014271998952608556,0.00012207032705191523,2.0649662474170327e-05,-13,-13
original_prcp_hindcast,2008,24,4392-5136,17.5,8.5,True,1,0.10782805622147862,0.10768533623195253,-0.00014271998952608556,0.00012207032705191523,2.0649662474170327e-05,-13,-13
original_prcp_hindcast,2008,24,4392-5136,16.5,26.5,False,0,0.045816337471478619,0.045673617481952533,-0.00014271998952608556,0.00012207032705191523,2.0649662474170327e-05,-13,-13
original_prcp_hindcast,2008,24,4392-5136,-19.5,116.5,False,0,0.18436614215897862,0.18422342216945253,-0.00014271998952608556,0.00012207032705191523,2.0649662474170327e-05,-13,-13
original_prcp_hindcast,2008,24,4392-5136,-19.5,119.5,False,0,0.14481536090897862,0.14467264091945253,-0.00014271998952608556,0.00012207032705191523,2.0649662474170327e-05,-13,-13
original_prcp_hindcast,2009,1,4392-5136,28.5,65.5,True,2,0.034546423144661276,0.034424146774085784,-0.00012227637057549146,0.00012207031255684342,2.0605801864803652e-07,-13,-13
original_prcp_hindcast,2009,1,4392-5136,26.5,20.5,False,0,0.00085501689466127573,0.00073274052408578427,-0.00012227637057549146,0.00012207031255684342,2.0605801864803652e-07,-13,-13
original_prcp_hindcast,2009,1,4392-5136,25.5,10.5,False,0,0.0012212278321612757,0.0010989514615857843,-0.00012227637057549146,0.00012207031255684342,2.0605801864803652e-07,-13,-13
original_prcp_hindcast,2009,1,4392-5136,25.5,24.5,False,0,0.0021977903321612757,0.0020755139615857843,-0.00012227637057549146,0.00012207031255684342,2.0605801864803652e-07,-13,-13
original_prcp_hindcast,2009,1,4392-5136,24.5,36.5,False,0,0.00024466533216127573,0.00012238896158578427,-0.00012227637057549146,0.00012207031255684342,2.0605801864803652e-07,-13,-13
original_prcp_hindcast,2009,1,4392-5136,23.5,17.5,False,0,0.0053716184571612757,0.0052493420865857843,-0.00012227637057549146,0.00012207031255684342,2.0605801864803652e-07,-13,-13
original_prcp_hindcast,2009,1,4392-5136,23.5,31.5,False,0,0.00024466533216127573,0.00012238896158578427,-0.00012227637057549146,0.00012207031255684342,2.0605801864803652e-07,-13,-13
original_prcp_hindcast,2009,1,4392-5136,22.5,12.5,False,0,0.00048880595716127573,0.00036652958658578427,-0.00012227637057549146,0.00012207031255684342,2.0605801864803652e-07,-13,-13
original_prcp_hindcast,2009,1,4392-5136,22.5,46.5,False,0,0.035522985644661276,0.035400709274085784,-0.00012227637057549146,0.00012207031255684342,2.0605801864803652e-07,-13,-13
original_prcp_hindcast,2009,1,4392-5136,21.5,8.5,False,0,0.00048880595716127573,0.00036652958658578427,-0.00012227637057549146,0.00012207031255684342,2.0605801864803652e-07,-13,-13
original_prcp_hindcast,2009,1,4392-5136,21.5,15.5,False,0,0.010864782519661276,0.010742506149085784,-0.00012227637057549146,0.00012207031255684342,2.0605801864803652e-07,-13,-13
original_prcp_hindcast,2009,1,4392-5136,21.5,28.5,True,1,0.00012259501966127573,3.1864908578427276e-07,-0.00012227637057549146,0.00012207031255684342,2.0605801864803652e-07,-13,-13
original_prcp_hindcast,2009,1,4392-5136,20.5,-2.5,False,0,0.058105993457161276,0.057983717086585784,-0.00012227637057549146,0.00012207031255684342,2.0605801864803652e-07,-13,-13
original_prcp_hindcast,2009,1,4392-5136,20.5,-0.5,False,0,0.027710485644661276,0.027588209274085784,-0.00012227637057549146,0.00012207031255684342,2.0605801864803652e-07,-13,-13
original_prcp_hindcast,2009,1,4392-5136,20.5,2.5,False,0,0.020874548144661276,0.020752271774085784,-0.00012227637057549146,0.00012207031255684342,2.0605801864803652e-07,-13,-13
original_prcp_hindcast,2009,1,4392-5136,20.5,24.5,False,0,0.00085501689466127573,0.00073274052408578427,-0.00012227637057549146,0.00012207031255684342,2.0605801864803652e-07,-13,-13
original_prcp_hindcast,2009,1,4392-5136,20.5,43.5,False,0,0.00073294658216127573,0.00061067021158578427,-0.00012227637057549146,0.00012207031255684342,2.0605801864803652e-07,-13,-13
original_prcp_hindcast,2009,1,4392-5136,20.5,45.5,False,0,0.0079350950196612757,0.0078128186490857843,-0.00012227637057549146,0.00012207031255684342,2.0605801864803652e-07,-13,-13
original_prcp_hindcast,2009,1,4392-5136,20.5,49.5,False,0,0.025391149707161276,0.025268873336585784,-0.00012227637057549146,0.00012207031255684342,2.0605801864803652e-07,-13,-13
original_prcp_hindcast,2009,1,4392-5136,20.5,52.5,False,0,0.015747595019661276,0.015625318649085784,-0.00012227637057549146,0.00012207031255684342,2.0605801864803652e-07,-13,-13
original_prcp_hindcast,2009,1,4392-5136,19.5,-16.5,False,0,0.041626501269661276,0.041504224899085784,-0.00012227637057549146,0.00012207031255684342,2.0605801864803652e-07,-13,-13
original_prcp_hindcast,2009,1,4392-5136,19.5,6.5,False,0,0.012573766894661276,0.012451490524085784,-0.00012227637057549146,0.00012207031255684342,2.0605801864803652e-07,-13,-13
original_prcp_hindcast,2009,1,4392-5136,18.5,3.5,True,1,0.013306188769661276,0.013183912399085784,-0.00012227637057549146,0.00012207031255684342,2.0605801864803652e-07,-13,-13
original_prcp_hindcast,2009,1,4392-5136,18.5,16.5,False,0,0.0091557981446612757,0.0090335217740857843,-0.00012227637057549146,0.00012207031255684342,2.0605801864803652e-07,-13,-13
original_prcp_hindcast,2009,1,4392-5136,18.5,22.5,False,0,0.0026860715821612757,0.0025637952115857843,-0.00012227637057549146,0.00012207031255684342,2.0605801864803652e-07,-13,-13
original_prcp_hindcast,2009,1,4392-5136,18.5,28.5,False,0,0.0026860715821612757,0.0025637952115857843,-0.00012227637057549146,0.00012207031255684342,2.0605801864803652e-07,-13,-13
original_prcp_hindcast,2009,1,4392-5136,-20.5,120.5,False,0,0.041870641894661276,0.041748365524085784,-0.00012227637057549146,0.00012207031255684342,2.0605801864803652e-07,-13,-13
original_prcp_hindcast,2009,1,4392-5136,-23.5,16.5,False,0,0.048828649707161276,0.048706373336585784,-0.00012227637057549146,0.00012207031255684342,2.0605801864803652e-07,-13,-13
original_prcp_hindcast,2009,2,3672-4392,35.5,40.5,False,0,0.0245361328125,0.0244140625,-0.0001220703125,9.1552734375e-05,3.0517578125e-05,-14,-13
original_prcp_hindcast,2009,2,3672-4392,32.5,46.5,False,0,0.0762939453125,0.076171875,-0.0001220703125,9.1552734375e-05,3.0517578125e-05,-14,-13
original_prcp_hindcast,2009,2,3672-4392,27.5,60.5,False,0,0.0362548828125,0.0361328125,-0.0001220703125,9.1552734375e-05,3.0517578125e-05,-14,-13
original_prcp_hindcast,2009,2,3672-4392,19.5,49.5,False,0,0.029052734375,0.0289306640625,-0.0001220703125,9.1552734375e-05,3.0517578125e-05,-14,-13
original_prcp_hindcast,2009,2,3672-4392,18.5,10.5,False,0,0.0067138671875,0.006591796875,-0.0001220703125,9.1552734375e-05,3.0517578125e-05,-14,-13
original_prcp_hindcast,2009,2,3672-4392,-15.5,18.5,False,0,0.0843505859375,0.084228515625,-0.0001220703125,9.1552734375e-05,3.0517578125e-05,-14,-13
original_prcp_hindcast,2009,2,3672-4392,-21.5,124.5,False,0,0.0086669921875,0.008544921875,-0.0001220703125,9.1552734375e-05,3.0517578125e-05,-14,-13
original_prcp_hindcast,2009,5,4392-5136,23.5,60.5,False,0,0.0066063797312381212,0.0064769282780616777,-0.00012945145317644347,0.0001220703134094947,7.3811397669487633e-06,-13,-13
original_prcp_hindcast,2009,5,4392-5136,22.5,14.5,False,0,0.0022118484812381212,0.0020823970280616777,-0.00012945145317644347,0.0001220703134094947,7.3811397669487633e-06,-13,-13
original_prcp_hindcast,2009,5,4392-5136,21.5,15.5,False,0,0.014052668793738121,0.013923217340561678,-0.00012945145317644347,0.0001220703134094947,7.3811397669487633e-06,-13,-13
original_prcp_hindcast,2009,5,4392-5136,21.5,24.5,False,0,0.00013665316873812117,7.2017155616777018e-06,-0.00012945145317644347,0.0001220703134094947,7.3811397669487633e-06,-13,-13
original_prcp_hindcast,2009,5,4392-5136,21.5,26.5,False,0,0.00050286410623812117,0.0003734126530616777,-0.00012945145317644347,0.0001220703134094947,7.3811397669487633e-06,-13,-13
original_prcp_hindcast,2009,5,4392-5136,21.5,44.5,False,0,0.0048973953562381212,0.0047679439030616777,-0.00012945145317644347,0.0001220703134094947,7.3811397669487633e-06,-13,-13
original_prcp_hindcast,2009,5,4392-5136,21.5,50.5,False,0,0.054824153168738121,0.054694701715561678,-0.00012945145317644347,0.0001220703134094947,7.3811397669487633e-06,-13,-13
original_prcp_hindcast,2009,5,4392-5136,20.5,-3.5,False,0,0.0099022781687381212,0.0097728267155616777,-0.00012945145317644347,0.0001220703134094947,7.3811397669487633e-06,-13,-13
original_prcp_hindcast,2009,5,4392-5136,20.5,5.5,False,0,0.0039208328562381212,0.0037913814030616777,-0.00012945145317644347,0.0001220703134094947,7.3811397669487633e-06,-13,-13
original_prcp_hindcast,2009,5,4392-5136,20.5,30.5,False,0,0.0058739578562381212,0.0057445064030616777,-0.00012945145317644347,0.0001220703134094947,7.3811397669487633e-06,-13,-13
original_prcp_hindcast,2009,5,4392-5136,20.5,44.5,False,0,0.0027001297312381212,0.0025706782780616777,-0.00012945145317644347,0.0001220703134094947,7.3811397669487633e-06,-13,-13
original_prcp_hindcast,2009,5,4392-5136,19.5,16.5,False,0,0.037978450043738121,0.037848998590561678,-0.00012945145317644347,0.0001220703134094947,7.3811397669487633e-06,-13,-13
original_prcp_hindcast,2009,5,4392-5136,18.5,26.5,False,0,0.014907160981238121,0.014777709528061678,-0.00012945145317644347,0.0001220703134094947,7.3811397669487633e-06,-13,-13
original_prcp_hindcast,2009,5,4392-5136,18.5,48.5,False,0,0.034316340668738121,0.034186889215561678,-0.00012945145317644347,0.0001220703134094947,7.3811397669487633e-06,-13,-13
original_prcp_hindcast,2009,5,4392-5136,17.5,1.5,False,0,0.10694817660623812,0.10681872515306168,-0.00012945145317644347,0.0001220703134094947,7.3811397669487633e-06,-13,-13
original_prcp_hindcast,2009,5,4392-5136,17.5,16.5,False,0,0.070449153168738121,0.070319701715561678,-0.00012945145317644347,0.0001220703134094947,7.3811397669487633e-06,-13,-13
original_prcp_hindcast,2009,5,4392-5136,17.5,35.5,True,1,0.082656184418738121,0.082526732965561678,-0.00012945145317644347,0.0001220703134094947,7.3811397669487633e-06,-13,-13
original_prcp_hindcast,2009,5,4392-5136,16.5,-3.5,True,1,0.18763665316873812,0.18750720171556168,-0.00012945145317644347,0.0001220703134094947,7.3811397669487633e-06,-13,-13
original_prcp_hindcast,2009,5,4392-5136,14.5,1.5,True,2,0.44740227816873812,0.44727282671556168,-0.00012945145317644347,0.0001220703134094947,7.3811397669487633e-06,-13,-13
original_prcp_hindcast,2009,5,4392-5136,-17.5,116.5,False,0,0.064223567231238121,0.064094115778061678,-0.00012945145317644347,0.0001220703134094947,7.3811397669487633e-06,-13,-13
original_prcp_hindcast,2009,5,4392-5136,-20.5,115.5,False,0,0.084121028168738121,0.083991576715561678,-0.00012945145317644347,0.0001220703134094947,7.3811397669487633e-06,-13,-13
original_prcp_hindcast,2009,5,4392-5136,-20.5,116.5,False,0,0.092177668793738121,0.092048217340561678,-0.00012945145317644347,0.0001220703134094947,7.3811397669487633e-06,-13,-13
original_prcp_hindcast,2009,5,4392-5136,-22.5,124.5,False,0,0.028090754731238121,0.027961303278061678,-0.00012945145317644347,0.0001220703134094947,7.3811397669487633e-06,-13,-13
original_prcp_hindcast,2009,13,3672-4392,38.5,86.5,False,0,0.0059814453125,0.005859375,-0.0001220703125,9.1552734375e-05,3.0517578125e-05,-14,-13
original_prcp_hindcast,2009,13,3672-4392,34.5,45.5,False,0,0.0771484375,0.0770263671875,-0.0001220703125,9.1552734375e-05,3.0517578125e-05,-14,-13
original_prcp_hindcast,2009,13,3672-4392,34.5,46.5,False,0,0.11474609375,0.1146240234375,-0.0001220703125,9.1552734375e-05,3.0517578125e-05,-14,-13
original_prcp_hindcast,2009,13,3672-4392,32.5,53.5,False,0,0.0394287109375,0.039306640625,-0.0001220703125,9.1552734375e-05,3.0517578125e-05,-14,-13
original_prcp_hindcast,2009,13,3672-4392,25.5,36.5,False,0,0.00048828125,0.0003662109375,-0.0001220703125,9.1552734375e-05,3.0517578125e-05,-14,-13
original_prcp_hindcast,2009,13,3672-4392,22.5,42.5,False,0,0.0152587890625,0.01513671875,-0.0001220703125,9.1552734375e-05,3.0517578125e-05,-14,-13
original_prcp_hindcast,2009,13,3672-4392,21.5,10.5,False,0,0.0009765625,0.0008544921875,-0.0001220703125,9.1552734375e-05,3.0517578125e-05,-14,-13
original_prcp_hindcast,2009,13,3672-4392,17.5,24.5,False,0,0.0245361328125,0.0244140625,-0.0001220703125,9.1552734375e-05,3.0517578125e-05,-14,-13
original_prcp_hindcast,2009,13,3672-4392,-22.5,119.5,False,0,0.0242919921875,0.024169921875,-0.0001220703125,9.1552734375e-05,3.0517578125e-05,-14,-13
original_prcp_hindcast,2009,14,3672-4392,33.5,56.5,False,0,0.0179443359375,0.017822265625,-0.0001220703125,9.1552734375e-05,3.0517578125e-05,-14,-13
original_prcp_hindcast,2009,14,3672-4392,30.5,54.5,False,0,0.039306640625,0.0391845703125,-0.0001220703125,9.1552734375e-05,3.0517578125e-05,-14,-13
original_prcp_hindcast,2009,14,3672-4392,22.5,5.5,False,0,0.007568359375,0.0074462890625,-0.0001220703125,9.1552734375e-05,3.0517578125e-05,-14,-13
original_prcp_hindcast,2009,14,3672-4392,20.5,44.5,False,0,0.02685546875,0.0267333984375,-0.0001220703125,9.1552734375e-05,3.0517578125e-05,-14,-13
original_prcp_hindcast,2009,14,3672-4392,-18.5,125.5,False,0,0.0787353515625,0.07861328125,-0.0001220703125,9.1552734375e-05,3.0517578125e-05,-14,-13
original_prcp_hindcast,2009,16,3672-4392,29.5,41.5,False,0,0.0085449726469128962,0.0084228515625,-0.00012212108441289615,9.1552734376776357e-05,3.0568350036119796e-05,-14,-13
original_prcp_hindcast,2009,16,3672-4392,29.5,47.5,False,0,0.021362355459412896,0.021240234375,-0.00012212108441289615,9.1552734376776357e-05,3.0568350036119796e-05,-14,-13
original_prcp_hindcast,2009,16,3672-4392,29.5,56.5,False,0,0.039062550771912896,0.0389404296875,-0.00012212108441289615,9.1552734376776357e-05,3.0568350036119796e-05,-14,-13
original_prcp_hindcast,2009,16,3672-4392,27.5,43.5,False,0,0.036132863271912896,0.0360107421875,-0.00012212108441289615,9.1552734376776357e-05,3.0568350036119796e-05,-14,-13
original_prcp_hindcast,2009,16,3672-4392,23.5,1.5,False,0,0.00012212108441289615,0,-0.00012212108441289615,9.1552734376776357e-05,3.0568350036119796e-05,-14,-13
original_prcp_hindcast,2009,16,3672-4392,20.5,54.5,False,0,0.010131886709412896,0.010009765625,-0.00012212108441289615,9.1552734376776357e-05,3.0568350036119796e-05,-14,-13
original_prcp_hindcast,2010,0,4392-5136,22.5,44.5,False,0,0.004646879096981138,0.0045166015625,-0.00013027753448113799,9.1552734829747351e-05,3.872479965139064e-05,-14,-13
original_prcp_hindcast,2010,0,4392-5136,19.5,12.5,False,0,0.003304105659481138,0.003173828125,-0.00013027753448113799,9.1552734829747351e-05,3.872479965139064e-05,-14,-13
original_prcp_hindcast,2010,0,4392-5136,16.5,13.5,True,1,0.023445707221981138,0.0233154296875,-0.00013027753448113799,9.1552734829747351e-05,3.872479965139064e-05,-14,-13
original_prcp_hindcast,2010,3,4392-5136,39.5,87.5,False,0,0.00396468308463227,0.0038423432415584102,-0.00012233984307385981,0.00012207032705191523,2.6951602194458246e-07,-13,-13
original_prcp_hindcast,2010,3,4392-5136,32.5,39.5,False,0,0.01006819870963227,0.0099458588665584102,-0.00012233984307385981,0.00012207032705191523,2.6951602194458246e-07,-13,-13
original_prcp_hindcast,2010,3,4392-5136,32.5,45.5,False,0,0.00909163620963227,0.0089692963665584102,-0.00012233984307385981,0.00012207032705191523,2.6951602194458246e-07,-13,-13
original_prcp_hindcast,2010,3,4392-5136,32.5,55.5,False,0,0.02337386277213227,0.02325152292905841,-0.00012233984307385981,0.00012207032705191523,2.6951602194458246e-07,-13,-13
original_prcp_hindcast,2010,3,4392-5136,32.5,56.5,False,0,0.01226546433463227,0.01214312449155841,-0.00012233984307385981,0.00012207032705191523,2.6951602194458246e-07,-13,-13
original_prcp_hindcast,2010,3,4392-5136,31.5,7.5,False,0,0.00286605027213227,0.0027437104290584102,-0.00012233984307385981,0.00012207032705191523,2.6951602194458246e-07,-13,-13
original_prcp_hindcast,2010,3,4392-5136,31.5,8.5,False,0,0.00249983933463227,0.0023774994915584102,-0.00012233984307385981,0.00012207032705191523,2.6951602194458246e-07,-13,-13
original_prcp_hindcast,2010,3,4392-5136,31.5,39.5,False,0,0.00835921433463227,0.0082368744915584102,-0.00012233984307385981,0.00012207032705191523,2.6951602194458246e-07,-13,-13
original_prcp_hindcast,2010,3,4392-5136,31.5,47.5,False,0,0.01910140183463227,0.01897906199155841,-0.00012233984307385981,0.00012207032705191523,2.6951602194458246e-07,-13,-13
original_prcp_hindcast,2010,3,4392-5136,31.5,55.5,False,0,0.01580550339713227,0.01568316355405841,-0.00012233984307385981,0.00012207032705191523,2.6951602194458246e-07,-13,-13
original_prcp_hindcast,2010,3,4392-5136,31.5,64.5,True,5,0.01092269089713227,0.01080035105405841,-0.00012233984307385981,0.00012207032705191523,2.6951602194458246e-07,-13,-13
original_prcp_hindcast,2010,3,4392-5136,31.5,66.5,False,0,0.01714827683463227,0.01702593699155841,-0.00012233984307385981,0.00012207032705191523,2.6951602194458246e-07,-13,-13
original_prcp_hindcast,2010,3,4392-5136,30.5,48.5,False,0,0.01055647995963227,0.01043414011655841,-0.00012233984307385981,0.00012207032705191523,2.6951602194458246e-07,-13,-13
original_prcp_hindcast,2010,3,4392-5136,30.5,52.5,False,0,0.04168440964713227,0.04156206980405841,-0.00012233984307385981,0.00012207032705191523,2.6951602194458246e-07,-13,-13
original_prcp_hindcast,2010,3,4392-5136,30.5,69.5,True,2,0.24554183152213227,0.24541949167905841,-0.00012233984307385981,0.00012207032705191523,2.6951602194458246e-07,-13,-13
original_prcp_hindcast,2010,3,4392-5136,30.5,70.5,False,0,0.18328597214713227,0.18316363230405841,-0.00012233984307385981,0.00012207032705191523,2.6951602194458246e-07,-13,-13
original_prcp_hindcast,2010,3,4392-5136,29.5,43.5,False,0,0.00640608933463227,0.0062837494915584102,-0.00012233984307385981,0.00012207032705191523,2.6951602194458246e-07,-13,-13
original_prcp_hindcast,2010,3,4392-5136,29.5,59.5,False,0,0.00445296433463227,0.0043306244915584102,-0.00012233984307385981,0.00012207032705191523,2.6951602194458246e-07,-13,-13
original_prcp_hindcast,2010,3,4392-5136,29.5,70.5,False,0,0.13885237839713227,0.13873003855405841,-0.00012233984307385981,0.00012207032705191523,2.6951602194458246e-07,-13,-13
original_prcp_hindcast,2010,3,4392-5136,28.5,60.5,False,0,0.01665999558463227,0.01653765574155841,-0.00012233984307385981,0.00012207032705191523,2.6951602194458246e-07,-13,-13
original_prcp_hindcast,2010,3,4392-5136,27.5,22.5,False,0,0.00091292527213227004,0.00079058542905841023,-0.00012233984307385981,0.00012207032705191523,2.6951602194458246e-07,-13,-13
original_prcp_hindcast,2010,3,4392-5136,27.5,47.5,False,0,0.01092269089713227,0.01080035105405841,-0.00012233984307385981,0.00012207032705191523,2.6951602194458246e-07,-13,-13
original_prcp_hindcast,2010,3,4392-5136,27.5,58.5,False,0,0.00750472214713227,0.0073823823040584102,-0.00012233984307385981,0.00012207032705191523,2.6951602194458246e-07,-13,-13
original_prcp_hindcast,2010,3,4392-5136,26.5,30.5,False,0,0.00018050339713227004,5.8163554058410227e-05,-0.00012233984307385981,0.00012207032705191523,2.6951602194458246e-07,-13,-13
original_prcp_hindcast,2010,3,4392-5136,26.5,46.5,False,0,0.01397444870963227,0.01385210886655841,-0.00012233984307385981,0.00012207032705191523,2.6951602194458246e-07,-13,-13
original_prcp_hindcast,2010,3,4392-5136,26.5,68.5,True,4,0.13958480027213227,0.13946246042905841,-0.00012233984307385981,0.00012207032705191523,2.6951602194458246e-07,-13,-13
original_prcp_hindcast,2010,3,4392-5136,26.5,70.5,False,0,0.20354964402213227,0.20342730417905841,-0.00012233984307385981,0.00012207032705191523,2.6951602194458246e-07,-13,-13
original_prcp_hindcast,2010,3,4392-5136,25.5,12.5,False,0,0.00262190964713227,0.0024995698040584102,-0.00012233984307385981,0.00012207032705191523,2.6951602194458246e-07,-13,-13
original_prcp_hindcast,2010,3,4392-5136,25.5,39.5,False,0,0.01702620652213227,0.01690386667905841,-0.00012233984307385981,0.00012207032705191523,2.6951602194458246e-07,-13,-13
original_prcp_hindcast,2010,3,4392-5136,25.5,44.5,False,0,0.01568343308463227,0.01556109324155841,-0.00012233984307385981,0.00012207032705191523,2.6951602194458246e-07,-13,-13
original_prcp_hindcast,2010,3,4392-5136,25.5,49.5,False,0,0.00750472214713227,0.0073823823040584102,-0.00012233984307385981,0.00012207032705191523,2.6951602194458246e-07,-13,-13
original_prcp_hindcast,2010,3,4392-5136,25.5,57.5,False,0,0.00091292527213227004,0.00079058542905841023,-0.00012233984307385981,0.00012207032705191523,2.6951602194458246e-07,-13,-13
original_prcp_hindcast,2010,3,4392-5136,24.5,12.5,False,0,0.00213362839713227,0.0020112885540584102,-0.00012233984307385981,0.00012207032705191523,2.6951602194458246e-07,-13,-13
original_prcp_hindcast,2010,3,4392-5136,24.5,20.5,False,0,0.00225569870963227,0.0021333588665584102,-0.00012233984307385981,0.00012207032705191523,2.6951602194458246e-07,-13,-13
original_prcp_hindcast,2010,3,4392-5136,24.5,32.5,False,0,0.00042464402213227004,0.00030230417905841023,-0.00012233984307385981,0.00012207032705191523,2.6951602194458246e-07,-13,-13
original_prcp_hindcast,2010,3,4392-5136,24.5,37.5,False,0,0.00713851120963227,0.0070161713665584102,-0.00012233984307385981,0.00012207032705191523,2.6951602194458246e-07,-13,-13
original_prcp_hindcast,2010,3,4392-5136,24.5,40.5,False,0,0.01995589402213227,0.01983355417905841,-0.00012233984307385981,0.00012207032705191523,2.6951602194458246e-07,-13,-13
original_prcp_hindcast,2010,3,4392-5136,23.5,14.5,False,0,0.00701644089713227,0.0068941010540584102,-0.00012233984307385981,0.00012207032705191523,2.6951602194458246e-07,-13,-13
original_prcp_hindcast,2010,3,4392-5136,23.5,47.5,False,0,0.01226546433463227,0.01214312449155841,-0.00012233984307385981,0.00012207032705191523,2.6951602194458246e-07,-13,-13
original_prcp_hindcast,2010,3,4392-5136,23.5,62.5,False,0,0.01238753464713227,0.01226519480405841,-0.00012233984307385981,0.00012207032705191523,2.6951602194458246e-07,-13,-13
original_prcp_hindcast,2010,3,4392-5136,22.5,-4.5,False,0,0.00201155808463227,0.0018892182415584102,-0.00012233984307385981,0.00012207032705191523,2.6951602194458246e-07,-13,-13
original_prcp_hindcast,2010,3,4392-5136,22.5,27.5,False,0,0.00018050339713227004,5.8163554058410227e-05,-0.00012233984307385981,0.00012207032705191523,2.6951602194458246e-07,-13,-13
original_prcp_hindcast,2010,3,4392-5136,22.5,29.5,False,0,0.00042464402213227004,0.00030230417905841023,-0.00012233984307385981,0.00012207032705191523,2.6951602194458246e-07,-13,-13
original_prcp_hindcast,2010,3,4392-5136,22.5,42.5,False,0,0.04436995652213227,0.04424761667905841,-0.00012233984307385981,0.00012207032705191523,2.6951602194458246e-07,-13,-13
original_prcp_hindcast,2010,3,4392-5136,21.5,2.5,False,0,0.02715804245963227,0.02703570261655841,-0.00012233984307385981,0.00012207032705191523,2.6951602194458246e-07,-13,-13
original_prcp_hindcast,2010,3,4392-5136,21.5,11.5,False,0,0.00164534714713227,0.0015230073040584102,-0.00012233984307385981,0.00012207032705191523,2.6951602194458246e-07,-13,-13
original_prcp_hindcast,2010,3,4392-5136,21.5,23.5,False,0,0.00140120652213227,0.0012788666790584102,-0.00012233984307385981,0.00012207032705191523,2.6951602194458246e-07,-13,-13
original_prcp_hindcast,2010,3,4392-5136,21.5,54.5,False,0,0.00066878464713227004,0.00054644480405841023,-0.00012233984307385981,0.00012207032705191523,2.6951602194458246e-07,-13,-13
original_prcp_hindcast,2010,3,4392-5136,20.5,-12.5,False,0,0.00957991745963227,0.0094575776165584102,-0.00012233984307385981,0.00012207032705191523,2.6951602194458246e-07,-13,-13
original_prcp_hindcast,2010,3,4392-5136,20.5,-9.5,False,0,0.00384261277213227,0.0037202729290584102,-0.00012233984307385981,0.00012207032705191523,2.6951602194458246e-07,-13,-13
original_prcp_hindcast,2010,3,4392-5136,20.5,12.5,False,0,0.00408675339713227,0.0039644135540584102,-0.00012233984307385981,0.00012207032705191523,2.6951602194458246e-07,-13,-13
original_prcp_hindcast,2010,3,4392-5136,20.5,33.5,True,1,0.00188948777213227,0.0017671479290584102,-0.00012233984307385981,0.00012207032705191523,2.6951602194458246e-07,-13,-13
original_prcp_hindcast,2010,3,4392-5136,20.5,52.5,False,0,0.00042464402213227004,0.00030230417905841023,-0.00012233984307385981,0.00012207032705191523,2.6951602194458246e-07,-13,-13
original_prcp_hindcast,2010,3,4392-5136,19.5,-13.5,True,1,0.00640608933463227,0.0062837494915584102,-0.00012233984307385981,0.00012207032705191523,2.6951602194458246e-07,-13,-13
original_prcp_hindcast,2010,3,4392-5136,19.5,4.5,False,0,0.02935530808463227,0.02923296824155841,-0.00012233984307385981,0.00012207032705191523,2.6951602194458246e-07,-13,-13
original_prcp_hindcast,2010,3,4392-5136,19.5,24.5,False,0,0.00066878464713227004,0.00054644480405841023,-0.00012233984307385981,0.00012207032705191523,2.6951602194458246e-07,-13,-13
original_prcp_hindcast,2010,3,4392-5136,19.5,44.5,False,0,0.04229476120963227,0.04217242136655841,-0.00012233984307385981,0.00012207032705191523,2.6951602194458246e-07,-13,-13
original_prcp_hindcast,2010,3,4392-5136,18.5,16.5,False,0,0.03204085495963227,0.03191851511655841,-0.00012233984307385981,0.00012207032705191523,2.6951602194458246e-07,-13,-13
original_prcp_hindcast,2010,3,4392-5136,18.5,18.5,False,0,0.01556136277213227,0.01543902292905841,-0.00012233984307385981,0.00012207032705191523,2.6951602194458246e-07,-13,-13
original_prcp_hindcast,2010,3,4392-5136,18.5,19.5,False,0,0.01238753464713227,0.01226519480405841,-0.00012233984307385981,0.00012207032705191523,2.6951602194458246e-07,-13,-13
original_prcp_hindcast,2010,3,4392-5136,18.5,29.5,False,0,0.00494124558463227,0.0048189057415584102,-0.00012233984307385981,0.00012207032705191523,2.6951602194458246e-07,-13,-13
original_prcp_hindcast,2010,3,4392-5136,17.5,5.5,False,0,0.07476546433463227,0.07464312449155841,-0.00012233984307385981,0.00012207032705191523,2.6951602194458246e-07,-13,-13
original_prcp_hindcast,2010,3,4392-5136,17.5,45.5,False,0,0.00628401902213227,0.0061616791790584102,-0.00012233984307385981,0.00012207032705191523,2.6951602194458246e-07,-13,-13
original_prcp_hindcast,2010,3,4392-5136,16.5,24.5,False,0,0.01788069870963227,0.01775835886655841,-0.00012233984307385981,0.00012207032705191523,2.6951602194458246e-07,-13,-13
original_prcp_hindcast,2010,3,4392-5136,16.5,31.5,False,0,0.02374007370963227,0.02361773386655841,-0.00012233984307385981,0.00012207032705191523,2.6951602194458246e-07,-13,-13
original_prcp_hindcast,2010,3,4392-5136,15.5,21.5,True,1,0.10650374558463227,0.10638140574155841,-0.00012233984307385981,0.00012207032705191523,2.6951602194458246e-07,-13,-13
original_prcp_hindcast,2010,3,4392-5136,15.5,25.5,False,0,0.04253890183463227,0.04241656199155841,-0.00012233984307385981,0.00012207032705191523,2.6951602194458246e-07,-13,-13
original_prcp_hindcast,2010,3,4392-5136,-21.5,116.5,False,0,0.01311995652213227,0.01299761667905841,-0.00012233984307385981,0.00012207032705191523,2.6951602194458246e-07,-13,-13
original_prcp_hindcast,2010,3,4392-5136,-21.5,119.5,False,0,0.02947737839713227,0.02935503855405841,-0.00012233984307385981,0.00012207032705191523,2.6951602194458246e-07,-13,-13
original_prcp_hindcast,2010,4,4392-5136,31.5,72.5,False,0,0.10376562924375321,0.1036376953125,-0.00012793393125321018,0.00012207031295474735,5.8636182984628249e-06,-13,-13
original_prcp_hindcast,2010,4,4392-5136,30.5,8.5,False,0,0.0042783245562532102,0.004150390625,-0.00012793393125321018,0.00012207031295474735,5.8636182984628249e-06,-13,-13
original_prcp_hindcast,2010,4,4392-5136,29.5,9.5,False,0,0.0069638714312532102,0.0068359375,-0.00012793393125321018,0.00012207031295474735,5.8636182984628249e-06,-13,-13
original_prcp_hindcast,2010,4,4392-5136,29.5,74.5,False,0,0.07483496518125321,0.07470703125,-0.00012793393125321018,0.00012207031295474735,5.8636182984628249e-06,-13,-13
original_prcp_hindcast,2010,4,4392-5136,28.5,4.5,False,0,0.0036679729937532102,0.0035400390625,-0.00012793393125321018,0.00012207031295474735,5.8636182984628249e-06,-13,-13
original_prcp_hindcast,2010,4,4392-5136,28.5,73.5,False,0,0.04492773861875321,0.0447998046875,-0.00012793393125321018,0.00012207031295474735,5.8636182984628249e-06,-13,-13
original_prcp_hindcast,2010,4,4392-5136,28.5,74.5,False,0,0.06128516049375321,0.0611572265625,-0.00012793393125321018,0.00012207031295474735,5.8636182984628249e-06,-13,-13
original_prcp_hindcast,2010,4,4392-5136,27.5,29.5,False,0,0.0031796917437532102,0.0030517578125,-0.00012793393125321018,0.00012207031295474735,5.8636182984628249e-06,-13,-13
original_prcp_hindcast,2010,4,4392-5136,27.5,30.5,False,0,0.0034238323687532102,0.0032958984375,-0.00012793393125321018,0.00012207031295474735,5.8636182984628249e-06,-13,-13
original_prcp_hindcast,2010,4,4392-5136,27.5,31.5,False,0,0.0036679729937532102,0.0035400390625,-0.00012793393125321018,0.00012207031295474735,5.8636182984628249e-06,-13,-13
original_prcp_hindcast,2010,4,4392-5136,27.5,65.5,False,0,0.03821387143125321,0.0380859375,-0.00012793393125321018,0.00012207031295474735,5.8636182984628249e-06,-13,-13
original_prcp_hindcast,2010,4,4392-5136,27.5,74.5,False,0,0.09485449643125321,0.0947265625,-0.00012793393125321018,0.00012207031295474735,5.8636182984628249e-06,-13,-13
original_prcp_hindcast,2010,4,4392-5136,26.5,6.5,False,0,0.0056210979937532102,0.0054931640625,-0.00012793393125321018,0.00012207031295474735,5.8636182984628249e-06,-13,-13
original_prcp_hindcast,2010,4,4392-5136,26.5,10.5,False,0,0.0031796917437532102,0.0030517578125,-0.00012793393125321018,0.00012207031295474735,5.8636182984628249e-06,-13,-13
original_prcp_hindcast,2010,4,4392-5136,26.5,32.5,False,0,0.0020810589312532102,0.001953125,-0.00012793393125321018,0.00012207031295474735,5.8636182984628249e-06,-13,-13
original_prcp_hindcast,2010,4,4392-5136,26.5,46.5,False,0,0.01392187924375321,0.0137939453125,-0.00012793393125321018,0.00012207031295474735,5.8636182984628249e-06,-13,-13
original_prcp_hindcast,2010,4,4392-5136,26.5,53.5,False,0,0.0011044964312532102,0.0009765625,-0.00012793393125321018,0.00012207031295474735,5.8636182984628249e-06,-13,-13
original_prcp_hindcast,2010,4,4392-5136,25.5,-4.5,False,0,0.01099219174375321,0.0108642578125,-0.00012793393125321018,0.00012207031295474735,5.8636182984628249e-06,-13,-13
original_prcp_hindcast,2010,4,4392-5136,25.5,14.5,False,0,0.00037207455625321018,0.000244140625,-0.00012793393125321018,0.00012207031295474735,5.8636182984628249e-06,-13,-13
original_prcp_hindcast,2010,4,4392-5136,25.5,17.5,False,0,0.00037207455625321018,0.000244140625,-0.00012793393125321018,0.00012207031295474735,5.8636182984628249e-06,-13,-13
original_prcp_hindcast,2010,4,4392-5136,25.5,32.5,False,0,0.00049414486875321018,0.0003662109375,-0.00012793393125321018,0.00012207031295474735,5.8636182984628249e-06,-13,-13
original_prcp_hindcast,2010,4,4392-5136,24.5,-4.5,False,0,0.01233496518125321,0.01220703125,-0.00012793393125321018,0.00012207031295474735,5.8636182984628249e-06,-13,-13
original_prcp_hindcast,2010,4,4392-5136,22.5,1.5,False,0,0.0054990276812532102,0.00537109375,-0.00012793393125321018,0.00012207031295474735,5.8636182984628249e-06,-13,-13
original_prcp_hindcast,2010,4,4392-5136,22.5,13.5,False,0,0.00037207455625321018,0.000244140625,-0.00012793393125321018,0.00012207031295474735,5.8636182984628249e-06,-13,-13
original_prcp_hindcast,2010,4,4392-5136,22.5,23.5,False,0,0.00025000424375321018,0.0001220703125,-0.00012793393125321018,0.00012207031295474735,5.8636182984628249e-06,-13,-13
original_prcp_hindcast,2010,4,4392-5136,22.5,25.5,False,0,0.0015927776812532102,0.00146484375,-0.00012793393125321018,0.00012207031295474735,5.8636182984628249e-06,-13,-13
original_prcp_hindcast,2010,4,4392-5136,22.5,48.5,False,0,0.0056210979937532102,0.0054931640625,-0.00012793393125321018,0.00012207031295474735,5.8636182984628249e-06,-13,-13
original_prcp_hindcast,2010,4,4392-5136,21.5,29.5,False,0,0.0012265667437532102,0.0010986328125,-0.00012793393125321018,0.00012207031295474735,5.8636182984628249e-06,-13,-13
original_prcp_hindcast,2010,4,4392-5136,21.5,55.5,False,0,0.00049414486875321018,0.0003662109375,-0.00012793393125321018,0.00012207031295474735,5.8636182984628249e-06,-13,-13
original_prcp_hindcast,2010,4,4392-5136,21.5,70.5,False,0,0.27539648861875321,0.2752685546875,-0.00012793393125321018,0.00012207031295474735,5.8636182984628249e-06,-13,-13
original_prcp_hindcast,2010,4,4392-5136,21.5,71.5,False,0,0.20496191830625321,0.204833984375,-0.00012793393125321018,0.00012207031295474735,5.8636182984628249e-06,-13,-13
original_prcp_hindcast,2010,4,4392-5136,20.5,27.5,False,0,0.0014707073687532102,0.0013427734375,-0.00012793393125321018,0.00012207031295474735,5.8636182984628249e-06,-13,-13
original_prcp_hindcast,2010,4,4392-5136,19.5,-7.5,True,1,0.09412207455625321,0.093994140625,-0.00012793393125321018,0.00012207031295474735,5.8636182984628249e-06,-13,-13
original_prcp_hindcast,2010,4,4392-5136,19.5,-6.5,False,0,0.07398047299375321,0.0738525390625,-0.00012793393125321018,0.00012207031295474735,5.8636182984628249e-06,-13,-13
original_prcp_hindcast,2010,4,4392-5136,19.5,18.5,False,0,0.01209082455625321,0.011962890625,-0.00012793393125321018,0.00012207031295474735,5.8636182984628249e-06,-13,-13
original_prcp_hindcast,2010,4,4392-5136,19.5,28.5,False,0,0.0061093792437532102,0.0059814453125,-0.00012793393125321018,0.00012207031295474735,5.8636182984628249e-06,-13,-13
original_prcp_hindcast,2010,4,4392-5136,18.5,-4.5,False,0,0.09229101986875321,0.0921630859375,-0.00012793393125321018,0.00012207031295474735,5.8636182984628249e-06,-13,-13
original_prcp_hindcast,2010,4,4392-5136,18.5,2.5,False,0,0.03955664486875321,0.0394287109375,-0.00012793393125321018,0.00012207031295474735,5.8636182984628249e-06,-13,-13
original_prcp_hindcast,2010,4,4392-5136,18.5,28.5,False,0,0.01660742611875321,0.0164794921875,-0.00012793393125321018,0.00012207031295474735,5.8636182984628249e-06,-13,-13
original_prcp_hindcast,2010,4,4392-5136,17.5,-0.5,True,1,0.12146582455625321,0.121337890625,-0.00012793393125321018,0.00012207031295474735,5.8636182984628249e-06,-13,-13
original_prcp_hindcast,2010,4,4392-5136,17.5,11.5,False,0,0.01550879330625321,0.015380859375,-0.00012793393125321018,0.00012207031295474735,5.8636182984628249e-06,-13,-13
original_prcp_hindcast,2010,4,4392-5136,16.5,28.5,False,0,0.02649512143125321,0.0263671875,-0.00012793393125321018,0.00012207031295474735,5.8636182984628249e-06,-13,-13
original_prcp_hindcast,2010,4,4392-5136,-26.5,120.5,False,0,0.03333105893125321,0.033203125,-0.00012793393125321018,0.00012207031295474735,5.8636182984628249e-06,-13,-13
original_prcp_hindcast,2010,5,4392-5136,34.5,58.5,False,0,0.071334923180984333,0.071204955238499679,-0.00012996794248465449,0.00012207032705191523,7.8976154327392578e-06,-13,-13
original_prcp_hindcast,2010,5,4392-5136,33.5,39.5,False,0,0.059860313805984333,0.059730345863499679,-0.00012996794248465449,0.00012207032705191523,7.8976154327392578e-06,-13,-13
original_prcp_hindcast,2010,5,4392-5136,33.5,43.5,False,0,0.11906441536848433,0.11893444742599968,-0.00012996794248465449,0.00012207032705191523,7.8976154327392578e-06,-13,-13
original_prcp_hindcast,2010,5,4392-5136,32.5,43.5,False,0,0.055587852868484333,0.055457884925999679,-0.00012996794248465449,0.00012207032705191523,7.8976154327392578e-06,-13,-13
original_prcp_hindcast,2010,5,4392-5136,31.5,41.5,False,0,0.023971641930984333,0.023841673988499679,-0.00012996794248465449,0.00012207032705191523,7.8976154327392578e-06,-13,-13
original_prcp_hindcast,2010,5,4392-5136,31.5,47.5,False,0,0.10673531380598433,0.10660534586349968,-0.00012996794248465449,0.00012207032705191523,7.8976154327392578e-06,-13,-13
original_prcp_hindcast,2010,5,4392-5136,31.5,50.5,False,0,0.27006539193098433,0.26993542398849968,-0.00012996794248465449,0.00012207032705191523,7.8976154327392578e-06,-13,-13
original_prcp_hindcast,2010,5,4392-5136,31.5,52.5,False,0,0.043747032555984333,0.043617064613499679,-0.00012996794248465449,0.00012207032705191523,7.8976154327392578e-06,-13,-13
original_prcp_hindcast,2010,5,4392-5136,31.5,55.5,False,0,0.015792930993484333,0.015662963050999679,-0.00012996794248465449,0.00012207032705191523,7.8976154327392578e-06,-13,-13
original_prcp_hindcast,2010,5,4392-5136,31.5,62.5,False,0,0.017501915368484333,0.017371947425999679,-0.00012996794248465449,0.00012207032705191523,7.8976154327392578e-06,-13,-13
original_prcp_hindcast,2010,5,4392-5136,30.5,38.5,False,0,0.024581993493484333,0.024452025550999679,-0.00012996794248465449,0.00012207032705191523,7.8976154327392578e-06,-13,-13
original_prcp_hindcast,2010,5,4392-5136,30.5,44.5,False,0,0.089035118493484333,0.088905150550999679,-0.00012996794248465449,0.00012207032705191523,7.8976154327392578e-06,-13,-13
original_prcp_hindcast,2010,5,4392-5136,30.5,59.5,False,0,0.014694298180984333,0.014564330238499679,-0.00012996794248465449,0.00012207032705191523,7.8976154327392578e-06,-13,-13
original_prcp_hindcast,2010,5,4392-5136,28.5,7.5,False,0,0.0016327747434843332,0.0015028068009996787,-0.00012996794248465449,0.00012207032705191523,7.8976154327392578e-06,-13,-13
original_prcp_hindcast,2010,5,4392-5136,28.5,8.5,False,0,0.0021210559934843332,0.0019910880509996787,-0.00012996794248465449,0.00012207032705191523,7.8976154327392578e-06,-13,-13
original_prcp_hindcast,2010,5,4392-5136,28.5,27.5,False,0,0.00041207161848433316,0.00028210367599967867,-0.00012996794248465449,0.00012207032705191523,7.8976154327392578e-06,-13,-13
original_prcp_hindcast,2010,5,4392-5136,28.5,50.5,False,0,0.074630821618484333,0.074500853675999679,-0.00012996794248465449,0.00012207032705191523,7.8976154327392578e-06,-13,-13
original_prcp_hindcast,2010,5,4392-5136,28.5,59.5,False,0,0.021652305993484333,0.021522338050999679,-0.00012996794248465449,0.00012207032705191523,7.8976154327392578e-06,-13,-13
original_prcp_hindcast,2010,5,4392-5136,27.5,-0.5,False,0,0.00065621224348433316,0.00052624430099967867,-0.00012996794248465449,0.00012207032705191523,7.8976154327392578e-06,-13,-13
original_prcp_hindcast,2010,5,4392-5136,27.5,50.5,False,0,0.054245079430984333,0.054115111488499679,-0.00012996794248465449,0.00012207032705191523,7.8976154327392578e-06,-13,-13
original_prcp_hindcast,2010,5,4392-5136,26.5,20.5,False,0,0.0030976184934843332,0.0029676505509996787,-0.00012996794248465449,0.00012207032705191523,7.8976154327392578e-06,-13,-13
original_prcp_hindcast,2010,5,4392-5136,26.5,26.5,False,0,0.0019989856809843332,0.0018690177384996787,-0.00012996794248465449,0.00012207032705191523,7.8976154327392578e-06,-13,-13
original_prcp_hindcast,2010,5,4392-5136,26.5,36.5,False,0,0.013229454430984333,0.013099486488499679,-0.00012996794248465449,0.00012207032705191523,7.8976154327392578e-06,-13,-13
original_prcp_hindcast,2010,5,4392-5136,26.5,40.5,False,0,0.023361290368484333,0.023231322425999679,-0.00012996794248465449,0.00012207032705191523,7.8976154327392578e-06,-13,-13
original_prcp_hindcast,2010,5,4392-5136,26.5,43.5,False,0,0.0089569934934843332,0.0088270255509996787,-0.00012996794248465449,0.00012207032705191523,7.8976154327392578e-06,-13,-13
original_prcp_hindcast,2010,5,4392-5136,25.5,-5.5,False,0,0.0039521106809843332,0.0038221427384996787,-0.00012996794248465449,0.00012207032705191523,7.8976154327392578e-06,-13,-13
original_prcp_hindcast,2010,5,4392-5136,25.5,17.5,False,0,0.0043183216184843332,0.0041883536759996787,-0.00012996794248465449,0.00012207032705191523,7.8976154327392578e-06,-13,-13
original_prcp_hindcast,2010,5,4392-5136,24.5,6.5,False,0,0.0088349231809843332,0.0087049552384996787,-0.00012996794248465449,0.00012207032705191523,7.8976154327392578e-06,-13,-13
original_prcp_hindcast,2010,5,4392-5136,24.5,28.5,False,0,0.00077828255598433316,0.00064831461349967867,-0.00012996794248465449,0.00012207032705191523,7.8976154327392578e-06,-13,-13
original_prcp_hindcast,2010,5,4392-5136,24.5,32.5,False,0,0.0029755481809843332,0.0028455802384996787,-0.00012996794248465449,0.00012207032705191523,7.8976154327392578e-06,-13,-13
original_prcp_hindcast,2010,5,4392-5136,23.5,-6.5,False,0,0.0022431263059843332,0.0021131583634996787,-0.00012996794248465449,0.00012207032705191523,7.8976154327392578e-06,-13,-13
original_prcp_hindcast,2010,5,4392-5136,23.5,18.5,False,0,0.0027314075559843332,0.0026014396134996787,-0.00012996794248465449,0.00012207032705191523,7.8976154327392578e-06,-13,-13
original_prcp_hindcast,2010,5,4392-5136,22.5,-1.5,False,0,0.0052948841184843332,0.0051649161759996787,-0.00012996794248465449,0.00012207032705191523,7.8976154327392578e-06,-13,-13
original_prcp_hindcast,2010,5,4392-5136,22.5,9.5,False,0,0.00077828255598433316,0.00064831461349967867,-0.00012996794248465449,0.00012207032705191523,7.8976154327392578e-06,-13,-13
original_prcp_hindcast,2010,5,4392-5136,21.5,21.5,False,0,0.00016793099348433316,3.7963050999678671e-05,-0.00012996794248465449,0.00012207032705191523,7.8976154327392578e-06,-13,-13
original_prcp_hindcast,2010,5,4392-5136,21.5,29.5,False,0,0.00077828255598433316,0.00064831461349967867,-0.00012996794248465449,0.00012207032705191523,7.8976154327392578e-06,-13,-13
original_prcp_hindcast,2010,5,4392-5136,20.5,26.5,False,0,0.00065621224348433316,0.00052624430099967867,-0.00012996794248465449,0.00012207032705191523,7.8976154327392578e-06,-13,-13
original_prcp_hindcast,2010,5,4392-5136,19.5,-8.5,False,0,0.015060509118484333,0.014930541175999679,-0.00012996794248465449,0.00012207032705191523,7.8976154327392578e-06,-13,-13
original_prcp_hindcast,2010,5,4392-5136,19.5,26.5,False,0,0.0018769153684843332,0.0017469474259996787,-0.00012996794248465449,0.00012207032705191523,7.8976154327392578e-06,-13,-13
original_prcp_hindcast,2010,5,4392-5136,19.5,28.5,False,0,0.0012665638059843332,0.0011365958634996787,-0.00012996794248465449,0.00012207032705191523,7.8976154327392578e-06,-13,-13
original_prcp_hindcast,2010,5,4392-5136,19.5,38.5,False,0,0.0043183216184843332,0.0041883536759996787,-0.00012996794248465449,0.00012207032705191523,7.8976154327392578e-06,-13,-13
original_prcp_hindcast,2010,5,4392-5136,18.5,2.5,False,0,0.062545860680984333,0.062415892738499679,-0.00012996794248465449,0.00012207032705191523,7.8976154327392578e-06,-13,-13
original_prcp_hindcast,2010,5,4392-5136,18.5,15.5,False,0,0.0051728138059843332,0.0050428458634996787,-0.00012996794248465449,0.00012207032705191523,7.8976154327392578e-06,-13,-13
original_prcp_hindcast,2010,5,4392-5136,18.5,16.5,False,0,0.0030976184934843332,0.0029676505509996787,-0.00012996794248465449,0.00012207032705191523,7.8976154327392578e-06,-13,-13
original_prcp_hindcast,2010,5,4392-5136,18.5,30.5,False,0,0.0050507434934843332,0.0049207755509996787,-0.00012996794248465449,0.00012207032705191523,7.8976154327392578e-06,-13,-13
original_prcp_hindcast,2010,5,4392-5136,17.5,26.5,False,0,0.0040741809934843332,0.0039442130509996787,-0.00012996794248465449,0.00012207032705191523,7.8976154327392578e-06,-13,-13
original_prcp_hindcast,2010,5,4392-5136,16.5,15.5,False,0,0.011276329430984333,0.011146361488499679,-0.00012996794248465449,0.00012207032705191523,7.8976154327392578e-06,-13,-13
original_prcp_hindcast,2010,5,4392-5136,15.5,4.5,True,1,0.12370308724348433,0.12357311930099968,-0.00012996794248465449,0.00012207032705191523,7.8976154327392578e-06,-13,-13
original_prcp_hindcast,2010,17,3672-4392,34.5,40.5,False,0,0.040161153386463866,0.0400390625,-0.0001220908864638659,9.1552734376776357e-05,3.0538152087089543e-05,-14,-13
original_prcp_hindcast,2010,17,3672-4392,32.5,61.5,False,0,0.019409200261463866,0.019287109375,-0.0001220908864638659,9.1552734376776357e-05,3.0538152087089543e-05,-14,-13
original_prcp_hindcast,2010,17,3672-4392,29.5,48.5,False,0,0.086792012761463866,0.086669921875,-0.0001220908864638659,9.1552734376776357e-05,3.0538152087089543e-05,-14,-13
original_prcp_hindcast,2010,17,3672-4392,22.5,21.5,False,0,0.0019531455739638659,0.0018310546875,-0.0001220908864638659,9.1552734376776357e-05,3.0538152087089543e-05,-14,-13
original_prcp_hindcast,2010,17,3672-4392,-18.5,17.5,True,1,0.069091817448963866,0.0689697265625,-0.0001220908864638659,9.1552734376776357e-05,3.0538152087089543e-05,-14,-13
original_prcp_hindcast,2010,20,3672-4392,35.5,43.5,False,0,0.042748351188492961,0.042612044033376151,-0.00013630715511681046,0.00012207032023070497,1.4236834886105498e-05,-13,-13
original_prcp_hindcast,2010,20,3672-4392,31.5,39.5,False,0,0.0062493277509929612,0.0061130205958761508,-0.00013630715511681046,0.00012207032023070497,1.4236834886105498e-05,-13,-13
original_prcp_hindcast,2010,20,3672-4392,31.5,40.5,False,0,0.012108702750992961,0.011972395595876151,-0.00013630715511681046,0.00012207032023070497,1.4236834886105498e-05,-13,-13
original_prcp_hindcast,2010,20,3672-4392,30.5,53.5,False,0,0.015038390250992961,0.014902083095876151,-0.00013630715511681046,0.00012207032023070497,1.4236834886105498e-05,-13,-13
original_prcp_hindcast,2010,20,3672-4392,29.5,36.5,False,0,0.0083245230634929612,0.0081882159083761508,-0.00013630715511681046,0.00012207032023070497,1.4236834886105498e-05,-13,-13
original_prcp_hindcast,2010,20,3672-4392,29.5,39.5,False,0,0.0024651480634929612,0.0023288409083761508,-0.00013630715511681046,0.00012207032023070497,1.4236834886105498e-05,-13,-13
original_prcp_hindcast,2010,20,3672-4392,28.5,24.5,False,0,0.00051202306349296123,0.00037571590837615076,-0.00013630715511681046,0.00012207032023070497,1.4236834886105498e-05,-13,-13
original_prcp_hindcast,2010,20,3672-4392,28.5,44.5,False,0,0.022240538688492961,0.022104231533376151,-0.00013630715511681046,0.00012207032023070497,1.4236834886105498e-05,-13,-13
original_prcp_hindcast,2010,20,3672-4392,28.5,63.5,True,2,0.0013665152509929612,0.0012302080958761508,-0.00013630715511681046,0.00012207032023070497,1.4236834886105498e-05,-13,-13
original_prcp_hindcast,2010,20,3672-4392,27.5,15.5,False,0,0.0010003043134929612,0.00086399715837615076,-0.00013630715511681046,0.00012207032023070497,1.4236834886105498e-05,-13,-13
original_prcp_hindcast,2010,20,3672-4392,27.5,21.5,False,0,0.00038995275099296123,0.00025364559587615076,-0.00013630715511681046,0.00012207032023070497,1.4236834886105498e-05,-13,-13
original_prcp_hindcast,2010,20,3672-4392,26.5,32.5,False,0,0.0013665152509929612,0.0012302080958761508,-0.00013630715511681046,0.00012207032023070497,1.4236834886105498e-05,-13,-13
original_prcp_hindcast,2010,20,3672-4392,25.5,13.5,False,0,0.00051202306349296123,0.00037571590837615076,-0.00013630715511681046,0.00012207032023070497,1.4236834886105498e-05,-13,-13
original_prcp_hindcast,2010,20,3672-4392,25.5,18.5,False,0,0.00014581212599296123,9.5049708761507645e-06,-0.00013630715511681046,0.00012207032023070497,1.4236834886105498e-05,-13,-13
original_prcp_hindcast,2010,20,3672-4392,25.5,23.5,False,0,0.00038995275099296123,0.00025364559587615076,-0.00013630715511681046,0.00012207032023070497,1.4236834886105498e-05,-13,-13
original_prcp_hindcast,2010,20,3672-4392,25.5,48.5,False,0,0.018944640250992961,0.018808333095876151,-0.00013630715511681046,0.00012207032023070497,1.4236834886105498e-05,-13,-13
original_prcp_hindcast,2010,20,3672-4392,24.5,46.5,False,0,0.015282530875992961,0.015146223720876151,-0.00013630715511681046,0.00012207032023070497,1.4236834886105498e-05,-13,-13
original_prcp_hindcast,2010,20,3672-4392,23.5,49.5,False,0,0.017601866813492961,0.017465559658376151,-0.00013630715511681046,0.00012207032023070497,1.4236834886105498e-05,-13,-13
original_prcp_hindcast,2010,20,3672-4392,22.5,21.5,False,0,0.00026788243849296123,0.00013157528337615076,-0.00013630715511681046,0.00012207032023070497,1.4236834886105498e-05,-13,-13
original_prcp_hindcast,2010,20,3672-4392,21.5,42.5,False,0,0.032494444938492961,0.032358137783376151,-0.00013630715511681046,0.00012207032023070497,1.4236834886105498e-05,-13,-13
original_prcp_hindcast,2010,20,3672-4392,19.5,23.5,False,0,0.0028313590009929612,0.0026950518458761508,-0.00013630715511681046,0.00012207032023070497,1.4236834886105498e-05,-13,-13
original_prcp_hindcast,2010,20,3672-4392,19.5,30.5,True,1,0.0011223746259929612,0.00098606747087615076,-0.00013630715511681046,0.00012207032023070497,1.4236834886105498e-05,-13,-13
original_prcp_hindcast,2010,20,3672-4392,18.5,20.5,False,0,0.010521788688492961,0.010385481533376151,-0.00013630715511681046,0.00012207032023070497,1.4236834886105498e-05,-13,-13
original_prcp_hindcast,2010,20,3672-4392,18.5,26.5,False,0,0.0013665152509929612,0.0012302080958761508,-0.00013630715511681046,0.00012207032023070497,1.4236834886105498e-05,-13,-13
original_prcp_hindcast,2010,23,3672-4392,25.5,43.5,False,0,0.011962890625,0.0118408203125,-0.0001220703125,9.1552734375e-05,3.0517578125e-05,-14,-13
original_prcp_hindcast,2010,23,3672-4392,-18.5,122.5,False,0,0.0206298828125,0.0205078125,-0.0001220703125,9.1552734375e-05,3.0517578125e-05,-14,-13
original_prcp_hindcast,2010,24,4392-5136,25.5,33.5,False,0,0.0021278643835103139,0.0019626578286988661,-0.00016520655481144786,0.00012207032705191523,4.313622775953263e-05,-13,-13
original_prcp_hindcast,2011,1,4392-5136,38.5,64.5,False,0,0.0062333617051990586,0.006103515625,-0.00012984608019905863,0.00012207031295474735,7.7757672443112824e-06,-13,-13
original_prcp_hindcast,2011,1,4392-5136,34.5,53.5,False,0,0.0052567992051990586,0.005126953125,-0.00012984608019905863,0.00012207031295474735,7.7757672443112824e-06,-13,-13
original_prcp_hindcast,2011,1,4392-5136,33.5,50.5,False,0,0.053840783580199059,0.0537109375,-0.00012984608019905863,0.00012207031295474735,7.7757672443112824e-06,-13,-13
original_prcp_hindcast,2011,1,4392-5136,33.5,65.5,False,0,0.065071252330199059,0.06494140625,-0.00012984608019905863,0.00012207031295474735,7.7757672443112824e-06,-13,-13
original_prcp_hindcast,2011,1,4392-5136,33.5,66.5,True,2,0.073127892955199059,0.072998046875,-0.00012984608019905863,0.00012207031295474735,7.7757672443112824e-06,-13,-13
original_prcp_hindcast,2011,1,4392-5136,32.5,40.5,False,0,0.0098954710801990586,0.009765625,-0.00012984608019905863,0.00012207031295474735,7.7757672443112824e-06,-13,-13
original_prcp_hindcast,2011,1,4392-5136,32.5,53.5,False,0,0.0097734007676990586,0.0096435546875,-0.00012984608019905863,0.00012207031295474735,7.7757672443112824e-06,-13,-13
original_prcp_hindcast,2011,1,4392-5136,32.5,54.5,False,0,0.0072099242051990586,0.007080078125,-0.00012984608019905863,0.00012207031295474735,7.7757672443112824e-06,-13,-13
original_prcp_hindcast,2011,1,4392-5136,32.5,56.5,False,0,0.0059892210801990586,0.005859375,-0.00012984608019905863,0.00012207031295474735,7.7757672443112824e-06,-13,-13
original_prcp_hindcast,2011,1,4392-5136,31.5,40.5,False,0,0.0097734007676990586,0.0096435546875,-0.00012984608019905863,0.00012207031295474735,7.7757672443112824e-06,-13,-13
original_prcp_hindcast,2011,1,4392-5136,31.5,51.5,False,0,0.065925744517699059,0.0657958984375,-0.00012984608019905863,0.00012207031295474735,7.7757672443112824e-06,-13,-13
original_prcp_hindcast,2011,1,4392-5136,31.5,54.5,False,0,0.011238244517699059,0.0111083984375,-0.00012984608019905863,0.00012207031295474735,7.7757672443112824e-06,-13,-13
original_prcp_hindcast,2011,1,4392-5136,31.5,56.5,False,0,0.016365197642699059,0.0162353515625,-0.00012984608019905863,0.00012207031295474735,7.7757672443112824e-06,-13,-13
original_prcp_hindcast,2011,1,4392-5136,31.5,57.5,False,0,0.0056230101426990586,0.0054931640625,-0.00012984608019905863,0.00012207031295474735,7.7757672443112824e-06,-13,-13
original_prcp_hindcast,2011,1,4392-5136,30.5,65.5,False,0,0.011848596080199059,0.01171875,-0.00012984608019905863,0.00012207031295474735,7.7757672443112824e-06,-13,-13
original_prcp_hindcast,2011,1,4392-5136,29.5,37.5,False,0,0.0067216429551990586,0.006591796875,-0.00012984608019905863,0.00012207031295474735,7.7757672443112824e-06,-13,-13
original_prcp_hindcast,2011,1,4392-5136,29.5,42.5,False,0,0.0057450804551990586,0.005615234375,-0.00012984608019905863,0.00012207031295474735,7.7757672443112824e-06,-13,-13
original_prcp_hindcast,2011,1,4392-5136,29.5,43.5,False,0,0.0051347288926990586,0.0050048828125,-0.00012984608019905863,0.00012207031295474735,7.7757672443112824e-06,-13,-13
original_prcp_hindcast,2011,1,4392-5136,29.5,51.5,False,0,0.035530236705199059,0.035400390625,-0.00012984608019905863,0.00012207031295474735,7.7757672443112824e-06,-13,-13
original_prcp_hindcast,2011,1,4392-5136,29.5,54.5,False,0,0.017707971080199059,0.017578125,-0.00012984608019905863,0.00012207031295474735,7.7757672443112824e-06,-13,-13
original_prcp_hindcast,2011,1,4392-5136,28.5,35.5,False,0,0.023811486705199059,0.023681640625,-0.00012984608019905863,0.00012207031295474735,7.7757672443112824e-06,-13,-13
original_prcp_hindcast,2011,1,4392-5136,28.5,43.5,False,0,0.0031816038926990586,0.0030517578125,-0.00012984608019905863,0.00012207031295474735,7.7757672443112824e-06,-13,-13
original_prcp_hindcast,2011,1,4392-5136,28.5,44.5,False,0,0.0026933226426990586,0.0025634765625,-0.00012984608019905863,0.00012207031295474735,7.7757672443112824e-06,-13,-13
original_prcp_hindcast,2011,1,4392-5136,27.5,22.5,False,0,0.0013505492051990586,0.001220703125,-0.00012984608019905863,0.00012207031295474735,7.7757672443112824e-06,-13,-13
original_prcp_hindcast,2011,1,4392-5136,27.5,34.5,False,0,0.0025712523301990586,0.00244140625,-0.00012984608019905863,0.00012207031295474735,7.7757672443112824e-06,-13,-13
original_prcp_hindcast,2011,1,4392-5136,27.5,40.5,False,0,0.0044023070176990586,0.0042724609375,-0.00012984608019905863,0.00012207031295474735,7.7757672443112824e-06,-13,-13
original_prcp_hindcast,2011,1,4392-5136,26.5,38.5,False,0,0.017585900767699059,0.0174560546875,-0.00012984608019905863,0.00012207031295474735,7.7757672443112824e-06,-13,-13
original_prcp_hindcast,2011,1,4392-5136,26.5,39.5,False,0,0.014900353892699059,0.0147705078125,-0.00012984608019905863,0.00012207031295474735,7.7757672443112824e-06,-13,-13
original_prcp_hindcast,2011,1,4392-5136,26.5,42.5,False,0,0.0061112913926990586,0.0059814453125,-0.00012984608019905863,0.00012207031295474735,7.7757672443112824e-06,-13,-13
original_prcp_hindcast,2011,1,4392-5136,26.5,48.5,False,0,0.0078202757676990586,0.0076904296875,-0.00012984608019905863,0.00012207031295474735,7.7757672443112824e-06,-13,-13
original_prcp_hindcast,2011,1,4392-5136,25.5,34.5,False,0,0.011360314830199059,0.01123046875,-0.00012984608019905863,0.00012207031295474735,7.7757672443112824e-06,-13,-13
original_prcp_hindcast,2011,1,4392-5136,25.5,41.5,False,0,0.0091630492051990586,0.009033203125,-0.00012984608019905863,0.00012207031295474735,7.7757672443112824e-06,-13,-13
original_prcp_hindcast,2011,1,4392-5136,24.5,27.5,False,0,0.0012284788926990586,0.0010986328125,-0.00012984608019905863,0.00012207031295474735,7.7757672443112824e-06,-13,-13
original_prcp_hindcast,2011,1,4392-5136,23.5,-4.5,False,0,0.012336877330199059,0.01220703125,-0.00012984608019905863,0.00012207031295474735,7.7757672443112824e-06,-13,-13
original_prcp_hindcast,2011,1,4392-5136,23.5,21.5,False,0,0.00037398670519905863,0.000244140625,-0.00012984608019905863,0.00012207031295474735,7.7757672443112824e-06,-13,-13
original_prcp_hindcast,2011,1,4392-5136,23.5,44.5,False,0,0.034431603892699059,0.0343017578125,-0.00012984608019905863,0.00012207031295474735,7.7757672443112824e-06,-13,-13
original_prcp_hindcast,2011,1,4392-5136,22.5,11.5,False,0,0.0037919554551990586,0.003662109375,-0.00012984608019905863,0.00012207031295474735,7.7757672443112824e-06,-13,-13
original_prcp_hindcast,2011,1,4392-5136,22.5,14.5,False,0,0.0012284788926990586,0.0010986328125,-0.00012984608019905863,0.00012207031295474735,7.7757672443112824e-06,-13,-13
original_prcp_hindcast,2011,1,4392-5136,22.5,34.5,False,0,0.073494103892699059,0.0733642578125,-0.00012984608019905863,0.00012207031295474735,7.7757672443112824e-06,-13,-13
original_prcp_hindcast,2011,1,4392-5136,21.5,-7.5,False,0,0.051277307017699059,0.0511474609375,-0.00012984608019905863,0.00012207031295474735,7.7757672443112824e-06,-13,-13
original_prcp_hindcast,2011,1,4392-5136,21.5,6.5,False,0,0.0047685179551990586,0.004638671875,-0.00012984608019905863,0.00012207031295474735,7.7757672443112824e-06,-13,-13
original_prcp_hindcast,2011,1,4392-5136,21.5,15.5,False,0,0.0017167601426990586,0.0015869140625,-0.00012984608019905863,0.00012207031295474735,7.7757672443112824e-06,-13,-13
original_prcp_hindcast,2011,1,4392-5136,21.5,20.5,False,0,0.00025191639269905863,0.0001220703125,-0.00012984608019905863,0.00012207031295474735,7.7757672443112824e-06,-13,-13
original_prcp_hindcast,2011,1,4392-5136,21.5,22.5,False,0,0.00025191639269905863,0.0001220703125,-0.00012984608019905863,0.00012207031295474735,7.7757672443112824e-06,-13,-13
original_prcp_hindcast,2011,1,4392-5136,20.5,0.5,True,1,0.030281213267699059,0.0301513671875,-0.00012984608019905863,0.00012207031295474735,7.7757672443112824e-06,-13,-13
original_prcp_hindcast,2011,1,4392-5136,20.5,6.5,False,0,0.0064775023301990586,0.00634765625,-0.00012984608019905863,0.00012207031295474735,7.7757672443112824e-06,-13,-13
original_prcp_hindcast,2011,1,4392-5136,19.5,-7.5,True,1,0.016975549205199059,0.016845703125,-0.00012984608019905863,0.00012207031295474735,7.7757672443112824e-06,-13,-13
original_prcp_hindcast,2011,1,4392-5136,19.5,-2.5,False,0,0.036995080455199059,0.036865234375,-0.00012984608019905863,0.00012207031295474735,7.7757672443112824e-06,-13,-13
original_prcp_hindcast,2011,1,4392-5136,19.5,0.5,False,0,0.037483361705199059,0.037353515625,-0.00012984608019905863,0.00012207031295474735,7.7757672443112824e-06,-13,-13
original_prcp_hindcast,2011,1,4392-5136,19.5,24.5,False,0,0.0011064085801990586,0.0009765625,-0.00012984608019905863,0.00012207031295474735,7.7757672443112824e-06,-13,-13
original_prcp_hindcast,2011,1,4392-5136,18.5,22.5,False,0,0.0046464476426990586,0.0045166015625,-0.00012984608019905863,0.00012207031295474735,7.7757672443112824e-06,-13,-13
original_prcp_hindcast,2011,1,4392-5136,17.5,25.5,True,3,0.037727502330199059,0.03759765625,-0.00012984608019905863,0.00012207031295474735,7.7757672443112824e-06,-13,-13
original_prcp_hindcast,2011,1,4392-5136,16.5,19.5,True,1,0.074104455455199059,0.073974609375,-0.00012984608019905863,0.00012207031295474735,7.7757672443112824e-06,-13,-13
original_prcp_hindcast,2011,1,4392-5136,14.5,26.5,True,1,0.20447554920519906,0.204345703125,-0.00012984608019905863,0.00012207031295474735,7.7757672443112824e-06,-13,-13
original_prcp_hindcast,2011,1,4392-5136,-18.5,121.5,False,0,0.062141564830199059,0.06201171875,-0.00012984608019905863,0.00012207031295474735,7.7757672443112824e-06,-13,-13
original_prcp_hindcast,2011,1,4392-5136,-19.5,122.5,False,0,0.026985314830199059,0.02685546875,-0.00012984608019905863,0.00012207031295474735,7.7757672443112824e-06,-13,-13
original_prcp_hindcast,2011,3,3672-4392,39.5,83.5,False,0,0.0062862325285095721,0.0061517777212429792,-0.00013445480726659298,0.00012207032705191523,1.2384480214677751e-05,-13,-13
original_prcp_hindcast,2011,3,3672-4392,38.5,81.5,False,0,0.0051875997160095721,0.0050531449087429792,-0.00013445480726659298,0.00012207032705191523,1.2384480214677751e-05,-13,-13
original_prcp_hindcast,2011,3,3672-4392,38.5,82.5,False,0,0.0042110372160095721,0.0040765824087429792,-0.00013445480726659298,0.00012207032705191523,1.2384480214677751e-05,-13,-13
original_prcp_hindcast,2011,3,3672-4392,37.5,64.5,False,0,0.027160255966009572,0.027025801158742979,-0.00013445480726659298,0.00012207032705191523,1.2384480214677751e-05,-13,-13
original_prcp_hindcast,2011,3,3672-4392,34.5,40.5,False,0,0.079650490341009572,0.079516035533742979,-0.00013445480726659298,0.00012207032705191523,1.2384480214677751e-05,-13,-13
original_prcp_hindcast,2011,3,3672-4392,34.5,57.5,False,0,0.027892677841009572,0.027758223033742979,-0.00013445480726659298,0.00012207032705191523,1.2384480214677751e-05,-13,-13
original_prcp_hindcast,2011,3,3672-4392,34.5,65.5,False,0,0.23858603721600957,0.23845158240874298,-0.00013445480726659298,0.00012207032705191523,1.2384480214677751e-05,-13,-13
original_prcp_hindcast,2011,3,3672-4392,32.5,62.5,True,2,0.010802834091009572,0.010668379283742979,-0.00013445480726659298,0.00012207032705191523,1.2384480214677751e-05,-13,-13
original_prcp_hindcast,2011,3,3672-4392,31.5,59.5,False,0,0.051208107528509572,0.051073652721242979,-0.00013445480726659298,0.00012207032705191523,1.2384480214677751e-05,-13,-13
original_prcp_hindcast,2011,3,3672-4392,29.5,10.5,False,0,0.0078731465910095721,0.0077386917837429792,-0.00013445480726659298,0.00012207032705191523,1.2384480214677751e-05,-13,-13
original_prcp_hindcast,2011,3,3672-4392,29.5,22.5,False,0,0.0038448262785095721,0.0037103714712429792,-0.00013445480726659298,0.00012207032705191523,1.2384480214677751e-05,-13,-13
original_prcp_hindcast,2011,3,3672-4392,29.5,36.5,False,0,0.010924904403509572,0.010790449596242979,-0.00013445480726659298,0.00012207032705191523,1.2384480214677751e-05,-13,-13
original_prcp_hindcast,2011,3,3672-4392,27.5,44.5,False,0,0.018615334091009572,0.018480879283742979,-0.00013445480726659298,0.00012207032705191523,1.2384480214677751e-05,-13,-13
original_prcp_hindcast,2011,3,3672-4392,27.5,47.5,False,0,0.018493263778509572,0.018358808971242979,-0.00013445480726659298,0.00012207032705191523,1.2384480214677751e-05,-13,-13
original_prcp_hindcast,2011,3,3672-4392,26.5,10.5,False,0,0.0038448262785095721,0.0037103714712429792,-0.00013445480726659298,0.00012207032705191523,1.2384480214677751e-05,-13,-13
original_prcp_hindcast,2011,3,3672-4392,26.5,47.5,False,0,0.024352638778509572,0.024218183971242979,-0.00013445480726659298,0.00012207032705191523,1.2384480214677751e-05,-13,-13
original_prcp_hindcast,2011,3,3672-4392,25.5,10.5,False,0,0.0051875997160095721,0.0050531449087429792,-0.00013445480726659298,0.00012207032705191523,1.2384480214677751e-05,-13,-13
original_prcp_hindcast,2011,3,3672-4392,24.5,15.5,False,0,0.0099483419035095721,0.0098138870962429792,-0.00013445480726659298,0.00012207032705191523,1.2384480214677751e-05,-13,-13
original_prcp_hindcast,2011,3,3672-4392,23.5,-10.5,True,1,0.0021358419035095721,0.0020013870962429792,-0.00013445480726659298,0.00012207032705191523,1.2384480214677751e-05,-13,-13
original_prcp_hindcast,2011,3,3672-4392,23.5,-0.5,False,0,0.0036006856535095721,0.0034662308462429792,-0.00013445480726659298,0.00012207032705191523,1.2384480214677751e-05,-13,-13
original_prcp_hindcast,2011,3,3672-4392,23.5,35.5,False,0,0.0043331075285095721,0.0041986527212429792,-0.00013445480726659298,0.00012207032705191523,1.2384480214677751e-05,-13,-13
original_prcp_hindcast,2011,3,3672-4392,21.5,0.5,False,0,0.010070412216009572,0.0099359574087429792,-0.00013445480726659298,0.00012207032705191523,1.2384480214677751e-05,-13,-13
original_prcp_hindcast,2011,3,3672-4392,21.5,13.5,False,0,0.022765724716009572,0.022631269908742979,-0.00013445480726659298,0.00012207032705191523,1.2384480214677751e-05,-13,-13
original_prcp_hindcast,2011,3,3672-4392,20.5,0.5,True,1,0.015441505966009572,0.015307051158742979,-0.00013445480726659298,0.00012207032705191523,1.2384480214677751e-05,-13,-13
original_prcp_hindcast,2011,3,3672-4392,20.5,3.5,False,0,0.010070412216009572,0.0099359574087429792,-0.00013445480726659298,0.00012207032705191523,1.2384480214677751e-05,-13,-13
original_prcp_hindcast,2011,3,3672-4392,-16.5,25.5,False,0,0.053771584091009572,0.053637129283742979,-0.00013445480726659298,0.00012207032705191523,1.2384480214677751e-05,-13,-13
original_prcp_hindcast,2011,6,3672-4392,34.5,43.5,False,0,0.010498046875,0.0103759765625,-0.0001220703125,9.1552734375e-05,3.0517578125e-05,-14,-13
original_prcp_hindcast,2011,6,3672-4392,34.5,66.5,False,0,0.080322265625,0.0802001953125,-0.0001220703125,9.1552734375e-05,3.0517578125e-05,-14,-13
original_prcp_hindcast,2011,6,3672-4392,28.5,58.5,False,0,0.005615234375,0.0054931640625,-0.0001220703125,9.1552734375e-05,3.0517578125e-05,-14,-13
original_prcp_hindcast,2011,6,3672-4392,27.5,57.5,False,0,0.0052490234375,0.005126953125,-0.0001220703125,9.1552734375e-05,3.0517578125e-05,-14,-13
original_prcp_hindcast,2011,6,3672-4392,22.5,37.5,False,0,0.0001220703125,0,-0.0001220703125,9.1552734375e-05,3.0517578125e-05,-14,-13
original_prcp_hindcast,2011,6,3672-4392,19.5,50.5,False,0,0.000732421875,0.0006103515625,-0.0001220703125,9.1552734375e-05,3.0517578125e-05,-14,-13
original_prcp_hindcast,2011,7,3672-4392,39.5,84.5,False,0,0.0017954719223780558,0.0016948738921200857,-0.00010059803025797009,9.1552748926915228e-05,9.0452813310548663e-06,-14,-13
original_prcp_hindcast,2011,7,3672-4392,39.5,85.5,False,0,0.0013071906723780558,0.0012065926421200857,-0.00010059803025797009,9.1552748926915228e-05,9.0452813310548663e-06,-14,-13
original_prcp_hindcast,2011,7,3672-4392,35.5,61.5,False,0,0.023523987547378056,0.023423389517120086,-0.00010059803025797009,9.1552748926915228e-05,9.0452813310548663e-06,-14,-13
original_prcp_hindcast,2011,7,3672-4392,33.5,51.5,False,0,0.074061096922378056,0.073960498892120086,-0.00010059803025797009,9.1552748926915228e-05,9.0452813310548663e-06,-14,-13
original_prcp_hindcast,2011,7,3672-4392,33.5,59.5,False,0,0.034632385984878056,0.034531787954620086,-0.00010059803025797009,9.1552748926915228e-05,9.0452813310548663e-06,-14,-13
original_prcp_hindcast,2011,7,3672-4392,33.5,61.5,False,0,0.018885315672378056,0.018784717642120086,-0.00010059803025797009,9.1552748926915228e-05,9.0452813310548663e-06,-14,-13
original_prcp_hindcast,2011,7,3672-4392,32.5,62.5,True,2,0.0061900031723780558,0.0060894051421200857,-0.00010059803025797009,9.1552748926915228e-05,9.0452813310548663e-06,-14,-13
original_prcp_hindcast,2011,7,3672-4392,32.5,63.5,False,0,0.012171448484878056,0.012070850454620086,-0.00010059803025797009,9.1552748926915228e-05,9.0452813310548663e-06,-14,-13
original_prcp_hindcast,2011,7,3672-4392,26.5,45.5,False,0,0.0096079719223780558,0.0095073738921200857,-0.00010059803025797009,9.1552748926915228e-05,9.0452813310548663e-06,-14,-13
original_prcp_hindcast,2011,7,3672-4392,25.5,22.5,False,0,0.018152893797378056,0.018052295767120086,-0.00010059803025797009,9.1552748926915228e-05,9.0452813310548663e-06,-14,-13
original_prcp_hindcast,2011,7,3672-4392,25.5,41.5,False,0,0.0087534797348780558,0.0086528817046200857,-0.00010059803025797009,9.1552748926915228e-05,9.0452813310548663e-06,-14,-13
original_prcp_hindcast,2011,7,3672-4392,21.5,20.5,False,0,0.0013071906723780558,0.0012065926421200857,-0.00010059803025797009,9.1552748926915228e-05,9.0452813310548663e-06,-14,-13
original_prcp_hindcast,2011,7,3672-4392,21.5,30.5,False,0,0.020716370359878056,0.020615772329620086,-0.00010059803025797009,9.1552748926915228e-05,9.0452813310548663e-06,-14,-13
original_prcp_hindcast,2011,7,3672-4392,-9.5,-43.5,False,0,0.023035706297378056,0.022935108267120086,-0.00010059803025797009,9.1552748926915228e-05,9.0452813310548663e-06,-14,-13
original_prcp_hindcast,2011,7,3672-4392,-20.5,116.5,False,0,0.15328472973487806,0.15318413170462009,-0.00010059803025797009,9.1552748926915228e-05,9.0452813310548663e-06,-14,-13
original_prcp_hindcast,2011,7,3672-4392,-20.5,122.5,False,0,0.017664612547378056,0.017564014517120086,-0.00010059803025797009,9.1552748926915228e-05,9.0452813310548663e-06,-14,-13
original_prcp_hindcast,2011,7,3672-4392,-22.5,118.5,False,0,0.010462464109878056,0.010361866079620086,-0.00010059803025797009,9.1552748926915228e-05,9.0452813310548663e-06,-14,-13
original_prcp_hindcast,2011,7,3672-4392,-23.5,120.5,False,0,0.0069224250473780558,0.0068218270171200857,-0.00010059803025797009,9.1552748926915228e-05,9.0452813310548663e-06,-14,-13
original_prcp_hindcast,2011,8,3672-4392,39.5,88.5,False,0,0.0050171114062322886,0.004883342254913714,-0.00013376915131857459,0.00012207031298316906,1.1698838335405526e-05,-13,-13
original_prcp_hindcast,2011,8,3672-4392,36.5,40.5,False,0,0.16895754109373229,0.16882377194241371,-0.00013376915131857459,0.00012207031298316906,1.1698838335405526e-05,-13,-13
original_prcp_hindcast,2011,8,3672-4392,36.5,41.5,False,0,0.19654543171873229,0.19641166256741371,-0.00013376915131857459,0.00012207031298316906,1.1698838335405526e-05,-13,-13
original_prcp_hindcast,2011,8,3672-4392,34.5,50.5,False,0,0.077282736406232289,0.077148967254913714,-0.00013376915131857459,0.00012207031298316906,1.1698838335405526e-05,-13,-13
original_prcp_hindcast,2011,8,3672-4392,34.5,60.5,False,0,0.024792502031232289,0.024658732879913714,-0.00013376915131857459,0.00012207031298316906,1.1698838335405526e-05,-13,-13
original_prcp_hindcast,2011,8,3672-4392,33.5,53.5,False,0,0.015515158281232289,0.015381389129913714,-0.00013376915131857459,0.00012207031298316906,1.1698838335405526e-05,-13,-13
original_prcp_hindcast,2011,8,3672-4392,33.5,66.5,True,2,0.088757345781232289,0.088623576629913714,-0.00013376915131857459,0.00012207031298316906,1.1698838335405526e-05,-13,-13
original_prcp_hindcast,2011,8,3672-4392,32.5,54.5,False,0,0.040295431718732289,0.040161662567413714,-0.00013376915131857459,0.00012207031298316906,1.1698838335405526e-05,-13,-13
original_prcp_hindcast,2011,8,3672-4392,32.5,55.5,False,0,0.042858908281232289,0.042725139129913714,-0.00013376915131857459,0.00012207031298316906,1.1698838335405526e-05,-13,-13
original_prcp_hindcast,2011,8,3672-4392,31.5,46.5,False,0,0.068005392656232289,0.067871623504913714,-0.00013376915131857459,0.00012207031298316906,1.1698838335405526e-05,-13,-13
original_prcp_hindcast,2011,8,3672-4392,31.5,60.5,False,0,0.037365744218732289,0.037231975067413714,-0.00013376915131857459,0.00012207031298316906,1.1698838335405526e-05,-13,-13
original_prcp_hindcast,2011,8,3672-4392,29.5,44.5,False,0,0.012097189531232289,0.011963420379913714,-0.00013376915131857459,0.00012207031298316906,1.1698838335405526e-05,-13,-13
original_prcp_hindcast,2011,8,3672-4392,28.5,21.5,False,0,0.0045288301562322886,0.004395061004913714,-0.00013376915131857459,0.00012207031298316906,1.1698838335405526e-05,-13,-13
original_prcp_hindcast,2011,8,3672-4392,27.5,25.5,False,0,0.0014770723437322886,0.001343303192413714,-0.00013376915131857459,0.00012207031298316906,1.1698838335405526e-05,-13,-13
original_prcp_hindcast,2011,8,3672-4392,27.5,30.5,False,0,0.00062258015623228857,0.00048881100491371399,-0.00013376915131857459,0.00012207031298316906,1.1698838335405526e-05,-13,-13
original_prcp_hindcast,2011,8,3672-4392,26.5,27.5,False,0,0.00098879109373228857,0.00085502194241371399,-0.00013376915131857459,0.00012207031298316906,1.1698838335405526e-05,-13,-13
original_prcp_hindcast,2011,8,3672-4392,26.5,41.5,False,0,0.030041525468732289,0.029907756317413714,-0.00013376915131857459,0.00012207031298316906,1.1698838335405526e-05,-13,-13
original_prcp_hindcast,2011,8,3672-4392,25.5,17.5,False,0,0.0095337129687322886,0.009399943817413714,-0.00013376915131857459,0.00012207031298316906,1.1698838335405526e-05,-13,-13
original_prcp_hindcast,2011,8,3672-4392,25.5,33.5,False,0,0.00025636921873228857,0.00012260006741371399,-0.00013376915131857459,0.00012207031298316906,1.1698838335405526e-05,-13,-13
original_prcp_hindcast,2011,8,3672-4392,25.5,36.5,False,0,0.00062258015623228857,0.00048881100491371399,-0.00013376915131857459,0.00012207031298316906,1.1698838335405526e-05,-13,-13
original_prcp_hindcast,2011,8,3672-4392,24.5,36.5,False,0,0.00050050984373228857,0.00036674069241371399,-0.00013376915131857459,0.00012207031298316906,1.1698838335405526e-05,-13,-13
original_prcp_hindcast,2011,8,3672-4392,23.5,19.5,False,0,0.0012329317187322886,0.001099162567413714,-0.00013376915131857459,0.00012207031298316906,1.1698838335405526e-05,-13,-13
original_prcp_hindcast,2011,8,3672-4392,22.5,19.5,False,0,0.0013550020312322886,0.001221232879913714,-0.00013376915131857459,0.00012207031298316906,1.1698838335405526e-05,-13,-13
original_prcp_hindcast,2011,8,3672-4392,22.5,47.5,False,0,0.010266134843732289,0.010132365692413714,-0.00013376915131857459,0.00012207031298316906,1.1698838335405526e-05,-13,-13
original_prcp_hindcast,2011,8,3672-4392,21.5,16.5,False,0,0.016857931718732289,0.016724162567413714,-0.00013376915131857459,0.00012207031298316906,1.1698838335405526e-05,-13,-13
original_prcp_hindcast,2011,8,3672-4392,21.5,19.5,False,0,0.0069702364062322886,0.006836467254913714,-0.00013376915131857459,0.00012207031298316906,1.1698838335405526e-05,-13,-13
original_prcp_hindcast,2011,8,3672-4392,21.5,23.5,False,0,0.0025757051562322886,0.002441936004913714,-0.00013376915131857459,0.00012207031298316906,1.1698838335405526e-05,-13,-13
original_prcp_hindcast,2011,8,3672-4392,20.5,37.5,False,0,0.0085571504687322886,0.008423381317413714,-0.00013376915131857459,0.00012207031298316906,1.1698838335405526e-05,-13,-13
original_prcp_hindcast,2011,8,3672-4392,19.5,17.5,False,0,0.023327658281232289,0.023193889129913714,-0.00013376915131857459,0.00012207031298316906,1.1698838335405526e-05,-13,-13
original_prcp_hindcast,2011,8,3672-4392,19.5,20.5,False,0,0.012219259843732289,0.012085490692413714,-0.00013376915131857459,0.00012207031298316906,1.1698838335405526e-05,-13,-13
original_prcp_hindcast,2011,8,3672-4392,18.5,18.5,False,0,0.0075805879687322886,0.007446818817413714,-0.00013376915131857459,0.00012207031298316906,1.1698838335405526e-05,-13,-13
original_prcp_hindcast,2011,8,3672-4392,-13.5,24.5,True,2,0.050305197343732289,0.050171428192413714,-0.00013376915131857459,0.00012207031298316906,1.1698838335405526e-05,-13,-13
original_prcp_hindcast,2011,8,3672-4392,-14.5,23.5,True,4,0.050915548906232289,0.050781779754913714,-0.00013376915131857459,0.00012207031298316906,1.1698838335405526e-05,-13,-13
original_prcp_hindcast,2011,8,3672-4392,-17.5,14.5,True,1,0.072155783281232289,0.072022014129913714,-0.00013376915131857459,0.00012207031298316906,1.1698838335405526e-05,-13,-13
original_prcp_hindcast,2011,8,3672-4392,-17.5,18.5,True,1,0.043591330156232289,0.043457561004913714,-0.00013376915131857459,0.00012207031298316906,1.1698838335405526e-05,-13,-13
original_prcp_hindcast,2011,8,3672-4392,-18.5,17.5,True,1,0.040173361406232289,0.040039592254913714,-0.00013376915131857459,0.00012207031298316906,1.1698838335405526e-05,-13,-13
original_prcp_hindcast,2011,8,3672-4392,-20.5,19.5,False,0,0.042614767656232289,0.042480998504913714,-0.00013376915131857459,0.00012207031298316906,1.1698838335405526e-05,-13,-13
original_prcp_hindcast,2011,8,3672-4392,-23.5,-69.5,False,0,0.022961447343732289,0.022827678192413714,-0.00013376915131857459,0.00012207031298316906,1.1698838335405526e-05,-13,-13
original_prcp_hindcast,2011,10,3672-4392,34.5,47.5,False,0,0.0770263671875,0.076904296875,-0.0001220703125,9.1552734375e-05,3.0517578125e-05,-14,-13
original_prcp_hindcast,2011,10,3672-4392,27.5,23.5,False,0,0.000732421875,0.0006103515625,-0.0001220703125,9.1552734375e-05,3.0517578125e-05,-14,-13
original_prcp_hindcast,2011,10,3672-4392,24.5,15.5,False,0,0.00048828125,0.0003662109375,-0.0001220703125,9.1552734375e-05,3.0517578125e-05,-14,-13
original_prcp_hindcast,2011,10,3672-4392,24.5,23.5,False,0,0.0001220703125,0,-0.0001220703125,9.1552734375e-05,3.0517578125e-05,-14,-13
original_prcp_hindcast,2011,10,3672-4392,20.5,30.5,False,0,0.0013427734375,0.001220703125,-0.0001220703125,9.1552734375e-05,3.0517578125e-05,-14,-13
original_prcp_hindcast,2011,10,3672-4392,19.5,20.5,False,0,0.001953125,0.0018310546875,-0.0001220703125,9.1552734375e-05,3.0517578125e-05,-14,-13
original_prcp_hindcast,2011,11,3672-4392,32.5,44.5,False,0,0.0076904296875,0.007568359375,-0.0001220703125,9.1552734375e-05,3.0517578125e-05,-14,-13
original_prcp_hindcast,2011,11,3672-4392,28.5,64.5,False,0,0.000732421875,0.0006103515625,-0.0001220703125,9.1552734375e-05,3.0517578125e-05,-14,-13
original_prcp_hindcast,2011,11,3672-4392,25.5,36.5,False,0,0.000244140625,0.0001220703125,-0.0001220703125,9.1552734375e-05,3.0517578125e-05,-14,-13
original_prcp_hindcast,2011,12,3672-4392,37.5,80.5,False,0,0.00439453125,0.0042724609375,-0.0001220703125,9.1552734375e-05,3.0517578125e-05,-14,-13
original_prcp_hindcast,2011,12,3672-4392,30.5,38.5,False,0,0.0057373046875,0.005615234375,-0.0001220703125,9.1552734375e-05,3.0517578125e-05,-14,-13
original_prcp_hindcast,2011,12,3672-4392,28.5,24.5,False,0,0.001220703125,0.0010986328125,-0.0001220703125,9.1552734375e-05,3.0517578125e-05,-14,-13
original_prcp_hindcast,2011,12,3672-4392,26.5,47.5,False,0,0.009765625,0.0096435546875,-0.0001220703125,9.1552734375e-05,3.0517578125e-05,-14,-13
original_prcp_hindcast,2011,12,3672-4392,24.5,24.5,False,0,0.0001220703125,0,-0.0001220703125,9.1552734375e-05,3.0517578125e-05,-14,-13
original_prcp_hindcast,2011,12,3672-4392,23.5,19.5,False,0,0.0101318359375,0.010009765625,-0.0001220703125,9.1552734375e-05,3.0517578125e-05,-14,-13
original_prcp_hindcast,2011,12,3672-4392,20.5,29.5,True,1,0.008056640625,0.0079345703125,-0.0001220703125,9.1552734375e-05,3.0517578125e-05,-14,-13
original_prcp_hindcast,2011,12,3672-4392,19.5,24.5,False,0,0.000244140625,0.0001220703125,-0.0001220703125,9.1552734375e-05,3.0517578125e-05,-14,-13
original_prcp_hindcast,2011,12,3672-4392,-17.5,125.5,False,0,0.287841796875,0.2877197265625,-0.0001220703125,9.1552734375e-05,3.0517578125e-05,-14,-13
original_prcp_hindcast,2011,12,3672-4392,-19.5,115.5,False,0,0.25634765625,0.2562255859375,-0.0001220703125,9.1552734375e-05,3.0517578125e-05,-14,-13
original_prcp_hindcast,2011,14,3672-4392,37.5,64.5,False,0,0.00634765625,0.0062255859375,-0.0001220703125,9.1552734375e-05,3.0517578125e-05,-14,-13
original_prcp_hindcast,2011,14,3672-4392,33.5,58.5,False,0,0.022705078125,0.0225830078125,-0.0001220703125,9.1552734375e-05,3.0517578125e-05,-14,-13
original_prcp_hindcast,2011,14,3672-4392,31.5,59.5,False,0,0.0048828125,0.0047607421875,-0.0001220703125,9.1552734375e-05,3.0517578125e-05,-14,-13
original_prcp_hindcast,2011,14,3672-4392,28.5,20.5,False,0,0.001708984375,0.0015869140625,-0.0001220703125,9.1552734375e-05,3.0517578125e-05,-14,-13
original_prcp_hindcast,2011,14,3672-4392,26.5,40.5,False,0,0.084228515625,0.0841064453125,-0.0001220703125,9.1552734375e-05,3.0517578125e-05,-14,-13
original_prcp_hindcast,2011,14,3672-4392,19.5,13.5,False,0,0.000244140625,0.0001220703125,-0.0001220703125,9.1552734375e-05,3.0517578125e-05,-14,-13
original_prcp_hindcast,2011,14,3672-4392,-21.5,116.5,False,0,0.03857421875,0.0384521484375,-0.0001220703125,9.1552734375e-05,3.0517578125e-05,-14,-13
original_prcp_hindcast,2011,15,3672-4392,32.5,59.5,False,0,0.039306640625,0.0391845703125,-0.0001220703125,9.1552734375e-05,3.0517578125e-05,-14,-13
original_prcp_hindcast,2011,15,3672-4392,31.5,57.5,False,0,0.009765625,0.0096435546875,-0.0001220703125,9.1552734375e-05,3.0517578125e-05,-14,-13
original_prcp_hindcast,2011,15,3672-4392,29.5,59.5,False,0,0.0064697265625,0.00634765625,-0.0001220703125,9.1552734375e-05,3.0517578125e-05,-14,-13
original_prcp_hindcast,2011,15,3672-4392,24.5,42.5,False,0,0.022705078125,0.0225830078125,-0.0001220703125,9.1552734375e-05,3.0517578125e-05,-14,-13
original_prcp_hindcast,2011,15,3672-4392,23.5,16.5,False,0,0.0003662109375,0.000244140625,-0.0001220703125,9.1552734375e-05,3.0517578125e-05,-14,-13
original_prcp_hindcast,2011,15,3672-4392,23.5,21.5,False,0,0.000244140625,0.0001220703125,-0.0001220703125,9.1552734375e-05,3.0517578125e-05,-14,-13
original_prcp_hindcast,2011,16,4392-5136,28.5,63.5,True,2,0.0054941045762575413,0.00537109375,-0.00012301082625754134,0.00012207031252842171,9.4051372911962972e-07,-13,-13
original_prcp_hindcast,2011,16,4392-5136,26.5,28.5,False,0,0.00012301082625754134,0,-0.00012301082625754134,0.00012207031252842171,9.4051372911962972e-07,-13,-13
original_prcp_hindcast,2011,16,4392-5136,26.5,31.5,False,0,0.0014657842637575413,0.0013427734375,-0.00012301082625754134,0.00012207031252842171,9.4051372911962972e-07,-13,-13
original_prcp_hindcast,2011,16,4392-5136,25.5,21.5,False,0,0.00061129207625754134,0.00048828125,-0.00012301082625754134,0.00012207031252842171,9.4051372911962972e-07,-13,-13
original_prcp_hindcast,2011,16,4392-5136,25.5,27.5,False,0,0.00024508113875754134,0.0001220703125,-0.00012301082625754134,0.00012207031252842171,9.4051372911962972e-07,-13,-13
original_prcp_hindcast,2011,16,4392-5136,24.5,12.5,False,0,0.00036715145125754134,0.000244140625,-0.00012301082625754134,0.00012207031252842171,9.4051372911962972e-07,-13,-13
original_prcp_hindcast,2011,16,4392-5136,24.5,13.5,False,0,0.00048922176375754134,0.0003662109375,-0.00012301082625754134,0.00012207031252842171,9.4051372911962972e-07,-13,-13
original_prcp_hindcast,2011,16,4392-5136,24.5,31.5,False,0,0.00097750301375754134,0.0008544921875,-0.00012301082625754134,0.00012207031252842171,9.4051372911962972e-07,-13,-13
original_prcp_hindcast,2011,16,4392-5136,23.5,13.5,False,0,0.00036715145125754134,0.000244140625,-0.00012301082625754134,0.00012207031252842171,9.4051372911962972e-07,-13,-13
original_prcp_hindcast,2011,16,4392-5136,22.5,5.5,False,0,0.0019540655137575413,0.0018310546875,-0.00012301082625754134,0.00012207031252842171,9.4051372911962972e-07,-13,-13
original_prcp_hindcast,2011,16,4392-5136,22.5,8.5,False,0,0.00024508113875754134,0.0001220703125,-0.00012301082625754134,0.00012207031252842171,9.4051372911962972e-07,-13,-13
original_prcp_hindcast,2011,16,4392-5136,22.5,29.5,False,0,0.00036715145125754134,0.000244140625,-0.00012301082625754134,0.00012207031252842171,9.4051372911962972e-07,-13,-13
original_prcp_hindcast,2011,16,4392-5136,21.5,-0.5,False,0,0.0029306280137575413,0.0028076171875,-0.00012301082625754134,0.00012207031252842171,9.4051372911962972e-07,-13,-13
original_prcp_hindcast,2011,16,4392-5136,21.5,4.5,False,0,0.00036715145125754134,0.000244140625,-0.00012301082625754134,0.00012207031252842171,9.4051372911962972e-07,-13,-13
original_prcp_hindcast,2011,16,4392-5136,21.5,5.5,False,0,0.00024508113875754134,0.0001220703125,-0.00012301082625754134,0.00012207031252842171,9.4051372911962972e-07,-13,-13
original_prcp_hindcast,2011,16,4392-5136,20.5,8.5,False,0,0.00061129207625754134,0.00048828125,-0.00012301082625754134,0.00012207031252842171,9.4051372911962972e-07,-13,-13
original_prcp_hindcast,2011,16,4392-5136,20.5,10.5,False,0,0.00024508113875754134,0.0001220703125,-0.00012301082625754134,0.00012207031252842171,9.4051372911962972e-07,-13,-13
original_prcp_hindcast,2011,16,4392-5136,20.5,11.5,False,0,0.00024508113875754134,0.0001220703125,-0.00012301082625754134,0.00012207031252842171,9.4051372911962972e-07,-13,-13
original_prcp_hindcast,2011,16,4392-5136,20.5,47.5,False,0,0.0012216436387575413,0.0010986328125,-0.00012301082625754134,0.00012207031252842171,9.4051372911962972e-07,-13,-13
original_prcp_hindcast,2011,16,4392-5136,19.5,-4.5,False,0,0.0074472295762575413,0.00732421875,-0.00012301082625754134,0.00012207031252842171,9.4051372911962972e-07,-13,-13
original_prcp_hindcast,2011,16,4392-5136,19.5,3.5,False,0,0.0013437139512575413,0.001220703125,-0.00012301082625754134,0.00012207031252842171,9.4051372911962972e-07,-13,-13
original_prcp_hindcast,2011,16,4392-5136,18.5,15.5,False,0,0.0052499639512575413,0.005126953125,-0.00012301082625754134,0.00012207031252842171,9.4051372911962972e-07,-13,-13
original_prcp_hindcast,2011,16,4392-5136,18.5,16.5,False,0,0.0056161748887575413,0.0054931640625,-0.00012301082625754134,0.00012207031252842171,9.4051372911962972e-07,-13,-13
original_prcp_hindcast,2011,16,4392-5136,18.5,17.5,False,0,0.0034189092637575413,0.0032958984375,-0.00012301082625754134,0.00012207031252842171,9.4051372911962972e-07,-13,-13
original_prcp_hindcast,2011,16,4392-5136,18.5,30.5,False,0,0.0074472295762575413,0.00732421875,-0.00012301082625754134,0.00012207031252842171,9.4051372911962972e-07,-13,-13
original_prcp_hindcast,2011,16,4392-5136,18.5,47.5,False,0,0.0012216436387575413,0.0010986328125,-0.00012301082625754134,0.00012207031252842171,9.4051372911962972e-07,-13,-13
original_prcp_hindcast,2011,16,4392-5136,18.5,50.5,False,0,0.0040292608262575413,0.00390625,-0.00012301082625754134,0.00012207031252842171,9.4051372911962972e-07,-13,-13
original_prcp_hindcast,2011,16,4392-5136,17.5,0.5,False,0,0.024048792076257541,0.02392578125,-0.00012301082625754134,0.00012207031252842171,9.4051372911962972e-07,-13,-13
original_prcp_hindcast,2011,16,4392-5136,17.5,47.5,True,3,0.0021982061387575413,0.0020751953125,-0.00012301082625754134,0.00012207031252842171,9.4051372911962972e-07,-13,-13
original_prcp_hindcast,2011,16,4392-5136,17.5,48.5,False,0,0.0015878545762575413,0.00146484375,-0.00012301082625754134,0.00012207031252842171,9.4051372911962972e-07,-13,-13
original_prcp_hindcast,2011,16,4392-5136,16.5,9.5,False,0,0.010254846763757541,0.0101318359375,-0.00012301082625754134,0.00012207031252842171,9.4051372911962972e-07,-13,-13
original_prcp_hindcast,2011,16,4392-5136,15.5,13.5,False,0,0.032349573326257541,0.0322265625,-0.00012301082625754134,0.00012207031252842171,9.4051372911962972e-07,-13,-13
original_prcp_hindcast,2011,16,4392-5136,14.5,11.5,False,0,0.068482385826257541,0.068359375,-0.00012301082625754134,0.00012207031252842171,9.4051372911962972e-07,-13,-13
original_prcp_hindcast,2011,16,4392-5136,14.5,25.5,False,0,0.12390230770125754,0.123779296875,-0.00012301082625754134,0.00012207031252842171,9.4051372911962972e-07,-13,-13
original_prcp_hindcast,2011,16,4392-5136,14.5,26.5,True,1,0.11804293270125754,0.117919921875,-0.00012301082625754134,0.00012207031252842171,9.4051372911962972e-07,-13,-13
original_prcp_hindcast,2011,16,4392-5136,14.5,28.5,False,0,0.13818453426375754,0.1380615234375,-0.00012301082625754134,0.00012207031252842171,9.4051372911962972e-07,-13,-13
original_prcp_hindcast,2011,16,4392-5136,-17.5,119.5,False,0,0.27392672176375754,0.2738037109375,-0.00012301082625754134,0.00012207031252842171,9.4051372911962972e-07,-13,-13
original_prcp_hindcast,2011,16,4392-5136,-22.5,116.5,False,0,0.010132776451257541,0.010009765625,-0.00012301082625754134,0.00012207031252842171,9.4051372911962972e-07,-13,-13
original_prcp_hindcast,2011,16,4392-5136,-22.5,124.5,False,0,0.0069589483262575413,0.0068359375,-0.00012301082625754134,0.00012207031252842171,9.4051372911962972e-07,-13,-13
original_prcp_hindcast,2011,16,4392-5136,-23.5,121.5,False,0,0.011231409263757541,0.0111083984375,-0.00012301082625754134,0.00012207031252842171,9.4051372911962972e-07,-13,-13
original_prcp_hindcast,2011,16,4392-5136,-23.5,123.5,False,0,0.0056161748887575413,0.0054931640625,-0.00012301082625754134,0.00012207031252842171,9.4051372911962972e-07,-13,-13
original_prcp_hindcast,2011,18,3672-4392,39.5,62.5,False,0,0.022465386991825653,0.022339548085767547,-0.00012583890605810666,0.00012207031298316906,3.7685930749375984e-06,-13,-13
original_prcp_hindcast,2011,18,3672-4392,38.5,61.5,False,0,0.027714410429325653,0.027588571523267547,-0.00012583890605810666,0.00012207031298316906,3.7685930749375984e-06,-13,-13
original_prcp_hindcast,2011,18,3672-4392,38.5,79.5,False,0,0.014652886991825653,0.014527048085767547,-0.00012583890605810666,0.00012207031298316906,3.7685930749375984e-06,-13,-13
original_prcp_hindcast,2011,18,3672-4392,32.5,44.5,False,0,0.011479058866825653,0.011353219960767547,-0.00012583890605810666,0.00012207031298316906,3.7685930749375984e-06,-13,-13
original_prcp_hindcast,2011,18,3672-4392,32.5,60.5,False,0,0.063358941679325653,0.063233102773267547,-0.00012583890605810666,0.00012207031298316906,3.7685930749375984e-06,-13,-13
original_prcp_hindcast,2011,18,3672-4392,32.5,62.5,True,2,0.038822808866825653,0.038696969960767547,-0.00012583890605810666,0.00012207031298316906,3.7685930749375984e-06,-13,-13
original_prcp_hindcast,2011,18,3672-4392,32.5,63.5,False,0,0.045292535429325653,0.045166696523267547,-0.00012583890605810666,0.00012207031298316906,3.7685930749375984e-06,-13,-13
original_prcp_hindcast,2011,18,3672-4392,31.5,49.5,False,0,0.065678277616825653,0.065552438710767547,-0.00012583890605810666,0.00012207031298316906,3.7685930749375984e-06,-13,-13
original_prcp_hindcast,2011,18,3672-4392,30.5,41.5,False,0,0.0052534729293256532,0.0051276340232675466,-0.00012583890605810666,0.00012207031298316906,3.7685930749375984e-06,-13,-13
original_prcp_hindcast,2011,18,3672-4392,30.5,49.5,False,0,0.024052301054325653,0.023926462148267547,-0.00012583890605810666,0.00012207031298316906,3.7685930749375984e-06,-13,-13
original_prcp_hindcast,2011,18,3672-4392,30.5,63.5,False,0,0.010258355741825653,0.010132516835767547,-0.00012583890605810666,0.00012207031298316906,3.7685930749375984e-06,-13,-13
original_prcp_hindcast,2011,18,3672-4392,29.5,41.5,False,0,0.0023237854293256532,0.0021979465232675466,-0.00012583890605810666,0.00012207031298316906,3.7685930749375984e-06,-13,-13
original_prcp_hindcast,2011,18,3672-4392,28.5,45.5,False,0,0.019901910429325653,0.019776071523267547,-0.00012583890605810666,0.00012207031298316906,3.7685930749375984e-06,-13,-13
original_prcp_hindcast,2011,18,3672-4392,28.5,59.5,False,0,0.0043989807418256532,0.0042731418357675466,-0.00012583890605810666,0.00012207031298316906,3.7685930749375984e-06,-13,-13
original_prcp_hindcast,2011,18,3672-4392,27.5,47.5,False,0,0.062626519804325653,0.062500680898267547,-0.00012583890605810666,0.00012207031298316906,3.7685930749375984e-06,-13,-13
original_prcp_hindcast,2011,18,3672-4392,26.5,33.5,False,0,0.0018355041793256532,0.0017096652732675466,-0.00012583890605810666,0.00012207031298316906,3.7685930749375984e-06,-13,-13
original_prcp_hindcast,2011,18,3672-4392,26.5,36.5,False,0,0.0059858948043256532,0.0058600558982675466,-0.00012583890605810666,0.00012207031298316906,3.7685930749375984e-06,-13,-13
original_prcp_hindcast,2011,18,3672-4392,26.5,46.5,False,0,0.031498590116825653,0.031372751210767547,-0.00012583890605810666,0.00012207031298316906,3.7685930749375984e-06,-13,-13
original_prcp_hindcast,2011,18,3672-4392,26.5,47.5,False,0,0.052860894804325653,0.052735055898267547,-0.00012583890605810666,0.00012207031298316906,3.7685930749375984e-06,-13,-13
original_prcp_hindcast,2011,18,3672-4392,25.5,43.5,False,0,0.039555230741825653,0.039429391835767547,-0.00012583890605810666,0.00012207031298316906,3.7685930749375984e-06,-13,-13
original_prcp_hindcast,2011,18,3672-4392,25.5,45.5,False,0,0.024784722929325653,0.024658884023267547,-0.00012583890605810666,0.00012207031298316906,3.7685930749375984e-06,-13,-13
original_prcp_hindcast,2011,18,3672-4392,25.5,49.5,False,0,0.023075738554325653,0.022949899648267547,-0.00012583890605810666,0.00012207031298316906,3.7685930749375984e-06,-13,-13
original_prcp_hindcast,2011,18,3672-4392,24.5,28.5,False,0,0.00012651980432565324,6.8089826754658134e-07,-0.00012583890605810666,0.00012207031298316906,3.7685930749375984e-06,-13,-13
original_prcp_hindcast,2011,18,3672-4392,24.5,30.5,False,0,0.00012651980432565324,6.8089826754658134e-07,-0.00012583890605810666,0.00012207031298316906,3.7685930749375984e-06,-13,-13
original_prcp_hindcast,2011,18,3672-4392,24.5,36.5,False,0,0.00024859011682565324,0.00012275121076754658,-0.00012583890605810666,0.00012207031298316906,3.7685930749375984e-06,-13,-13
original_prcp_hindcast,2011,18,3672-4392,24.5,45.5,False,0,0.028080621366825653,0.027954782460767547,-0.00012583890605810666,0.00012207031298316906,3.7685930749375984e-06,-13,-13
original_prcp_hindcast,2011,18,3672-4392,23.5,21.5,False,0,0.00037066042932565324,0.00024482152326754658,-0.00012583890605810666,0.00012207031298316906,3.7685930749375984e-06,-13,-13
original_prcp_hindcast,2011,18,3672-4392,23.5,24.5,False,0,0.00049273074182565324,0.00036689183576754658,-0.00012583890605810666,0.00012207031298316906,3.7685930749375984e-06,-13,-13
original_prcp_hindcast,2011,18,3672-4392,23.5,26.5,False,0,0.00024859011682565324,0.00012275121076754658,-0.00012583890605810666,0.00012207031298316906,3.7685930749375984e-06,-13,-13
original_prcp_hindcast,2011,18,3672-4392,23.5,36.5,False,0,0.00061480105432565324,0.00048896214826754658,-0.00012583890605810666,0.00012207031298316906,3.7685930749375984e-06,-13,-13
original_prcp_hindcast,2011,18,3672-4392,22.5,42.5,False,0,0.041264215116825653,0.041138376210767547,-0.00012583890605810666,0.00012207031298316906,3.7685930749375984e-06,-13,-13
original_prcp_hindcast,2011,18,3672-4392,21.5,27.5,False,0,0.00073687136682565324,0.00061103246076754658,-0.00012583890605810666,0.00012207031298316906,3.7685930749375984e-06,-13,-13
original_prcp_hindcast,2011,18,3672-4392,21.5,28.5,True,1,0.00061480105432565324,0.00048896214826754658,-0.00012583890605810666,0.00012207031298316906,3.7685930749375984e-06,-13,-13
original_prcp_hindcast,2011,18,3672-4392,21.5,29.5,False,0,0.00012651980432565324,6.8089826754658134e-07,-0.00012583890605810666,0.00012207031298316906,3.7685930749375984e-06,-13,-13
original_prcp_hindcast,2011,18,3672-4392,21.5,33.5,False,0,0.00073687136682565324,0.00061103246076754658,-0.00012583890605810666,0.00012207031298316906,3.7685930749375984e-06,-13,-13
original_prcp_hindcast,2011,18,3672-4392,21.5,51.5,False,0,0.0026899963668256532,0.0025641574607675466,-0.00012583890605810666,0.00012207031298316906,3.7685930749375984e-06,-13,-13
original_prcp_hindcast,2011,18,3672-4392,20.5,27.5,False,0,0.0011030823043256532,0.00097724339826754658,-0.00012583890605810666,0.00012207031298316906,3.7685930749375984e-06,-13,-13
original_prcp_hindcast,2011,18,3672-4392,19.5,44.5,False,0,0.041874566679325653,0.041748727773267547,-0.00012583890605810666,0.00012207031298316906,3.7685930749375984e-06,-13,-13
original_prcp_hindcast,2011,18,3672-4392,19.5,52.5,False,0,0.0011030823043256532,0.00097724339826754658,-0.00012583890605810666,0.00012207031298316906,3.7685930749375984e-06,-13,-13
original_prcp_hindcast,2011,18,3672-4392,-6.5,-42.5,False,0,0.22986284792932565,0.22973700902326755,-0.00012583890605810666,0.00012207031298316906,3.7685930749375984e-06,-13,-13
original_prcp_hindcast,2011,18,3672-4392,-17.5,20.5,False,0,0.034062066679325653,0.033936227773267547,-0.00012583890605810666,0.00012207031298316906,3.7685930749375984e-06,-13,-13
original_prcp_hindcast,2011,20,3672-4392,38.5,59.5,False,0,0.0097753219142759917,0.0096437239992042123,-0.00013159791507177943,0.00012207031298316906,9.5276020886103652e-06,-13,-13
original_prcp_hindcast,2011,20,3672-4392,38.5,60.5,False,0,0.0055028609767759917,0.0053712630617042123,-0.00013159791507177943,0.00012207031298316906,9.5276020886103652e-06,-13,-13
original_prcp_hindcast,2011,20,3672-4392,35.5,39.5,False,0,0.023935478164275992,0.023803880249204212,-0.00013159791507177943,0.00012207031298316906,9.5276020886103652e-06,-13,-13
original_prcp_hindcast,2011,20,3672-4392,33.5,61.5,False,0,0.021982353164275992,0.021850755249204212,-0.00013159791507177943,0.00012207031298316906,9.5276020886103652e-06,-13,-13
original_prcp_hindcast,2011,20,3672-4392,32.5,63.5,False,0,0.015756767226775992,0.015625169311704212,-0.00013159791507177943,0.00012207031298316906,9.5276020886103652e-06,-13,-13
original_prcp_hindcast,2011,20,3672-4392,31.5,50.5,False,0,0.13733879847677599,0.13720720056170421,-0.00013159791507177943,0.00012207031298316906,9.5276020886103652e-06,-13,-13
original_prcp_hindcast,2011,20,3672-4392,31.5,52.5,False,0,0.022958915664275992,0.022827317749204212,-0.00013159791507177943,0.00012207031298316906,9.5276020886103652e-06,-13,-13
original_prcp_hindcast,2011,20,3672-4392,29.5,23.5,False,0,0.0068456344142759917,0.0067140364992042123,-0.00013159791507177943,0.00012207031298316906,9.5276020886103652e-06,-13,-13
original_prcp_hindcast,2011,20,3672-4392,28.5,45.5,False,0,0.0080663375392759917,0.0079347396242042123,-0.00013159791507177943,0.00012207031298316906,9.5276020886103652e-06,-13,-13
original_prcp_hindcast,2011,20,3672-4392,28.5,46.5,False,0,0.0070897750392759917,0.0069581771242042123,-0.00013159791507177943,0.00012207031298316906,9.5276020886103652e-06,-13,-13
original_prcp_hindcast,2011,20,3672-4392,27.5,50.5,False,0,0.0068456344142759917,0.0067140364992042123,-0.00013159791507177943,0.00012207031298316906,9.5276020886103652e-06,-13,-13
original_prcp_hindcast,2011,20,3672-4392,27.5,61.5,False,0,0.0028173141017759917,0.0026857161867042123,-0.00013159791507177943,0.00012207031298316906,9.5276020886103652e-06,-13,-13
original_prcp_hindcast,2011,20,3672-4392,26.5,58.5,False,0,0.0081884078517759917,0.0080568099367042123,-0.00013159791507177943,0.00012207031298316906,9.5276020886103652e-06,-13,-13
original_prcp_hindcast,2011,20,3672-4392,25.5,-8.5,True,1,0.0020848922267759917,0.0019532943117042123,-0.00013159791507177943,0.00012207031298316906,9.5276020886103652e-06,-13,-13
original_prcp_hindcast,2011,20,3672-4392,25.5,12.5,False,0,0.0025731734767759917,0.0024415755617042123,-0.00013159791507177943,0.00012207031298316906,9.5276020886103652e-06,-13,-13
original_prcp_hindcast,2011,20,3672-4392,25.5,32.5,False,0,0.00025383753927599173,0.0001222396242042123,-0.00013159791507177943,0.00012207031298316906,9.5276020886103652e-06,-13,-13
original_prcp_hindcast,2011,20,3672-4392,23.5,23.5,False,0,0.0035497359767759917,0.0034181380617042123,-0.00013159791507177943,0.00012207031298316906,9.5276020886103652e-06,-13,-13
original_prcp_hindcast,2011,20,3672-4392,22.5,14.5,False,0,0.0062352828517759917,0.0061036849367042123,-0.00013159791507177943,0.00012207031298316906,9.5276020886103652e-06,-13,-13
original_prcp_hindcast,2011,20,3672-4392,20.5,32.5,True,1,0.0042821578517759917,0.0041505599367042123,-0.00013159791507177943,0.00012207031298316906,9.5276020886103652e-06,-13,-13
original_prcp_hindcast,2011,20,3672-4392,-5.5,-43.5,False,0,0.21607415003927599,0.21594255212420421,-0.00013159791507177943,0.00012207031298316906,9.5276020886103652e-06,-13,-13
original_prcp_hindcast,2011,20,3672-4392,-8.5,-44.5,False,0,0.021372001601775992,0.021240403686704212,-0.00013159791507177943,0.00012207031298316906,9.5276020886103652e-06,-13,-13
original_prcp_hindcast,2011,20,3672-4392,-15.5,117.5,False,0,0.15113274378927599,0.15100114587420421,-0.00013159791507177943,0.00012207031298316906,9.5276020886103652e-06,-13,-13
original_prcp_hindcast,2011,20,3672-4392,-17.5,126.5,False,0,0.031137626601775992,0.031006028686704212,-0.00013159791507177943,0.00012207031298316906,9.5276020886103652e-06,-13,-13
original_prcp_hindcast,2011,20,3672-4392,-19.5,118.5,False,0,0.27320305628927599,0.27307145837420421,-0.00013159791507177943,0.00012207031298316906,9.5276020886103652e-06,-13,-13
original_prcp_hindcast,2011,22,3672-4392,29.5,38.5,False,0,0.005859375,0.0057373046875,-0.0001220703125,9.1552734375e-05,3.0517578125e-05,-14,-13
original_prcp_hindcast,2011,22,3672-4392,28.5,45.5,False,0,0.0103759765625,0.01025390625,-0.0001220703125,9.1552734375e-05,3.0517578125e-05,-14,-13
original_prcp_hindcast,2011,22,3672-4392,25.5,15.5,False,0,0.0018310546875,0.001708984375,-0.0001220703125,9.1552734375e-05,3.0517578125e-05,-14,-13
original_prcp_hindcast,2011,22,3672-4392,24.5,40.5,False,0,0.02685546875,0.0267333984375,-0.0001220703125,9.1552734375e-05,3.0517578125e-05,-14,-13
original_prcp_hindcast,2011,22,3672-4392,24.5,58.5,False,0,0.000732421875,0.0006103515625,-0.0001220703125,9.1552734375e-05,3.0517578125e-05,-14,-13
original_prcp_hindcast,2011,24,3672-4392,27.5,33.5,False,0,0.001220703125,0.0010986328125,-0.0001220703125,9.1552734375e-05,3.0517578125e-05,-14,-13
original_prcp_hindcast,2011,24,3672-4392,26.5,26.5,False,0,0.0018310546875,0.001708984375,-0.0001220703125,9.1552734375e-05,3.0517578125e-05,-14,-13
original_prcp_hindcast,2011,24,3672-4392,21.5,9.5,False,0,0.0030517578125,0.0029296875,-0.0001220703125,9.1552734375e-05,3.0517578125e-05,-14,-13
original_prcp_hindcast,2012,1,3672-4392,38.5,62.5,False,0,0.021979691726301098,0.021850702480264772,-0.00012898924603632622,0.00012207031298316906,6.9189330531571613e-06,-13,-13
original_prcp_hindcast,2012,1,3672-4392,36.5,60.5,False,0,0.051154496413801098,0.051025507167764772,-0.00012898924603632622,0.00012207031298316906,6.9189330531571613e-06,-13,-13
original_prcp_hindcast,2012,1,3672-4392,35.5,60.5,False,0,0.044684769851301098,0.044555780605264772,-0.00012898924603632622,0.00012207031298316906,6.9189330531571613e-06,-13,-13
original_prcp_hindcast,2012,1,3672-4392,34.5,40.5,False,0,0.017218949538801098,0.017089960292764772,-0.00012898924603632622,0.00012207031298316906,6.9189330531571613e-06,-13,-13
original_prcp_hindcast,2012,1,3672-4392,34.5,43.5,False,0,0.019660355788801098,0.019531366542764772,-0.00012898924603632622,0.00012207031298316906,6.9189330531571613e-06,-13,-13
original_prcp_hindcast,2012,1,3672-4392,34.5,59.5,False,0,0.012946488601301098,0.012817499355264772,-0.00012898924603632622,0.00012207031298316906,6.9189330531571613e-06,-13,-13
original_prcp_hindcast,2012,1,3672-4392,33.5,37.5,False,0,0.0065988323513010982,0.006469843105264772,-0.00012898924603632622,0.00012207031298316906,6.9189330531571613e-06,-13,-13
original_prcp_hindcast,2012,1,3672-4392,33.5,50.5,False,0,0.062995316726301098,0.062866327480264772,-0.00012898924603632622,0.00012207031298316906,6.9189330531571613e-06,-13,-13
original_prcp_hindcast,2012,1,3672-4392,33.5,55.5,False,0,0.0073312542263010982,0.007202264980264772,-0.00012898924603632622,0.00012207031298316906,6.9189330531571613e-06,-13,-13
original_prcp_hindcast,2012,1,3672-4392,33.5,65.5,False,0,0.021979691726301098,0.021850702480264772,-0.00012898924603632622,0.00012207031298316906,6.9189330531571613e-06,-13,-13
original_prcp_hindcast,2012,1,3672-4392,30.5,47.5,False,0,0.0072091839138010982,0.007080194667764772,-0.00012898924603632622,0.00012207031298316906,6.9189330531571613e-06,-13,-13
original_prcp_hindcast,2012,1,3672-4392,30.5,54.5,False,0,0.0063546917263010982,0.006225702480264772,-0.00012898924603632622,0.00012207031298316906,6.9189330531571613e-06,-13,-13
original_prcp_hindcast,2012,1,3672-4392,30.5,58.5,False,0,0.00073945735130109824,0.00061046810526477202,-0.00012898924603632622,0.00012207031298316906,6.9189330531571613e-06,-13,-13
original_prcp_hindcast,2012,1,3672-4392,29.5,25.5,False,0,0.00025117610130109824,0.00012218685526477202,-0.00012898924603632622,0.00012207031298316906,6.9189330531571613e-06,-13,-13
original_prcp_hindcast,2012,1,3672-4392,28.5,24.5,False,0,0.00037324641380109824,0.00024425716776477202,-0.00012898924603632622,0.00012207031298316906,6.9189330531571613e-06,-13,-13
original_prcp_hindcast,2012,1,3672-4392,28.5,26.5,False,0,0.00025117610130109824,0.00012218685526477202,-0.00012898924603632622,0.00012207031298316906,6.9189330531571613e-06,-13,-13
original_prcp_hindcast,2012,1,3672-4392,28.5,32.5,False,0,0.00049531672630109824,0.00036632748026477202,-0.00012898924603632622,0.00012207031298316906,6.9189330531571613e-06,-13,-13
original_prcp_hindcast,2012,1,3672-4392,28.5,44.5,False,0,0.020026566726301098,0.019897577480264772,-0.00012898924603632622,0.00012207031298316906,6.9189330531571613e-06,-13,-13
original_prcp_hindcast,2012,1,3672-4392,28.5,54.5,False,0,0.0019601604763010982,0.001831171230264772,-0.00012898924603632622,0.00012207031298316906,6.9189330531571613e-06,-13,-13
original_prcp_hindcast,2012,1,3672-4392,27.5,22.5,False,0,0.0019601604763010982,0.001831171230264772,-0.00012898924603632622,0.00012207031298316906,6.9189330531571613e-06,-13,-13
original_prcp_hindcast,2012,1,3672-4392,27.5,24.5,False,0,0.00098359797630109824,0.00085460873026477202,-0.00012898924603632622,0.00012207031298316906,6.9189330531571613e-06,-13,-13
original_prcp_hindcast,2012,1,3672-4392,27.5,33.5,False,0,0.00049531672630109824,0.00036632748026477202,-0.00012898924603632622,0.00012207031298316906,6.9189330531571613e-06,-13,-13
original_prcp_hindcast,2012,1,3672-4392,27.5,39.5,False,0,0.018561722976301098,0.018432733730264772,-0.00012898924603632622,0.00012207031298316906,6.9189330531571613e-06,-13,-13
original_prcp_hindcast,2012,1,3672-4392,27.5,62.5,False,0,0.00037324641380109824,0.00024425716776477202,-0.00012898924603632622,0.00012207031298316906,6.9189330531571613e-06,-13,-13
original_prcp_hindcast,2012,1,3672-4392,26.5,21.5,False,0,0.0020822307888010982,0.001953241542764772,-0.00012898924603632622,0.00012207031298316906,6.9189330531571613e-06,-13,-13
original_prcp_hindcast,2012,1,3672-4392,26.5,36.5,False,0,0.0055001995388010982,0.005371210292764772,-0.00012898924603632622,0.00012207031298316906,6.9189330531571613e-06,-13,-13
original_prcp_hindcast,2012,1,3672-4392,25.5,52.5,False,0,0.00049531672630109824,0.00036632748026477202,-0.00012898924603632622,0.00012207031298316906,6.9189330531571613e-06,-13,-13
original_prcp_hindcast,2012,1,3672-4392,24.5,38.5,False,0,0.019904496413801098,0.019775507167764772,-0.00012898924603632622,0.00012207031298316906,6.9189330531571613e-06,-13,-13
original_prcp_hindcast,2012,1,3672-4392,24.5,45.5,False,0,0.024787308913801098,0.024658319667764772,-0.00012898924603632622,0.00012207031298316906,6.9189330531571613e-06,-13,-13
original_prcp_hindcast,2012,1,3672-4392,23.5,14.5,False,0,0.0046457073513010982,0.004516718105264772,-0.00012898924603632622,0.00012207031298316906,6.9189330531571613e-06,-13,-13
original_prcp_hindcast,2012,1,3672-4392,23.5,15.5,False,0,0.0023263714138010982,0.002197382167764772,-0.00012898924603632622,0.00012207031298316906,6.9189330531571613e-06,-13,-13
original_prcp_hindcast,2012,1,3672-4392,23.5,45.5,False,0,0.023444535476301098,0.023315546230264772,-0.00012898924603632622,0.00012207031298316906,6.9189330531571613e-06,-13,-13
original_prcp_hindcast,2012,1,3672-4392,22.5,13.5,False,0,0.0058664104763010982,0.005737421230264772,-0.00012898924603632622,0.00012207031298316906,6.9189330531571613e-06,-13,-13
original_prcp_hindcast,2012,1,3672-4392,22.5,26.5,False,0,0.00086152766380109824,0.00073253841776477202,-0.00012898924603632622,0.00012207031298316906,6.9189330531571613e-06,-13,-13
original_prcp_hindcast,2012,1,3672-4392,20.5,22.5,False,0,0.0013498089138010982,0.001220819667764772,-0.00012898924603632622,0.00012207031298316906,6.9189330531571613e-06,-13,-13
original_prcp_hindcast,2012,1,3672-4392,19.5,22.5,False,0,0.0037912151638010982,0.003662225917764772,-0.00012898924603632622,0.00012207031298316906,6.9189330531571613e-06,-13,-13
original_prcp_hindcast,2012,1,3672-4392,18.5,20.5,False,0,0.0039132854763010982,0.003784296230264772,-0.00012898924603632622,0.00012207031298316906,6.9189330531571613e-06,-13,-13
original_prcp_hindcast,2012,2,3672-4392,39.5,86.5,False,0,0.0013048818218521774,0.0011998383852187544,-0.00010504343663342297,9.1552748926915228e-05,1.3490687706507742e-05,-14,-13
original_prcp_hindcast,2012,2,3672-4392,32.5,51.5,False,0,0.018638866196852177,0.018533822760218754,-0.00010504343663342297,9.1552748926915228e-05,1.3490687706507742e-05,-14,-13
original_prcp_hindcast,2012,2,3672-4392,32.5,56.5,False,0,0.0032580068218521774,0.0031529633852187544,-0.00010504343663342297,9.1552748926915228e-05,1.3490687706507742e-05,-14,-13
original_prcp_hindcast,2012,2,3672-4392,32.5,67.5,True,2,0.057701366196852177,0.057596322760218754,-0.00010504343663342297,9.1552748926915228e-05,1.3490687706507742e-05,-14,-13
original_prcp_hindcast,2012,2,3672-4392,30.5,51.5,False,0,0.029503124009352177,0.029398080572718754,-0.00010504343663342297,9.1552748926915228e-05,1.3490687706507742e-05,-14,-13
original_prcp_hindcast,2012,2,3672-4392,30.5,54.5,False,0,0.0080187490093521774,0.0079137055727187544,-0.00010504343663342297,9.1552748926915228e-05,1.3490687706507742e-05,-14,-13
original_prcp_hindcast,2012,2,3672-4392,30.5,59.5,False,0,0.0025255849468521774,0.0024205415102187544,-0.00010504343663342297,9.1552748926915228e-05,1.3490687706507742e-05,-14,-13
original_prcp_hindcast,2012,2,3672-4392,28.5,36.5,False,0,0.034141795884352177,0.034036752447718754,-0.00010504343663342297,9.1552748926915228e-05,1.3490687706507742e-05,-14,-13
original_prcp_hindcast,2012,2,3672-4392,28.5,64.5,False,0,0.0049669911968521774,0.0048619477602187544,-0.00010504343663342297,9.1552748926915228e-05,1.3490687706507742e-05,-14,-13
original_prcp_hindcast,2012,2,3672-4392,27.5,39.5,False,0,0.028770702134352177,0.028665658697718754,-0.00010504343663342297,9.1552748926915228e-05,1.3490687706507742e-05,-14,-13
original_prcp_hindcast,2012,2,3672-4392,25.5,-2.5,False,0,0.0025255849468521774,0.0024205415102187544,-0.00010504343663342297,9.1552748926915228e-05,1.3490687706507742e-05,-14,-13
original_prcp_hindcast,2012,2,3672-4392,25.5,31.5,False,0,0.0015490224468521774,0.0014439790102187544,-0.00010504343663342297,9.1552748926915228e-05,1.3490687706507742e-05,-14,-13
original_prcp_hindcast,2012,2,3672-4392,24.5,16.5,False,0,0.0015490224468521774,0.0014439790102187544,-0.00010504343663342297,9.1552748926915228e-05,1.3490687706507742e-05,-14,-13
original_prcp_hindcast,2012,2,3672-4392,24.5,35.5,False,0,0.017906444321852177,0.017801400885218754,-0.00010504343663342297,9.1552748926915228e-05,1.3490687706507742e-05,-14,-13
original_prcp_hindcast,2012,2,3672-4392,23.5,12.5,False,0,0.0056994130718521774,0.0055943696352187544,-0.00010504343663342297,9.1552748926915228e-05,1.3490687706507742e-05,-14,-13
original_prcp_hindcast,2012,2,3672-4392,23.5,21.5,False,0,0.00093867088435217738,0.00083362744771875441,-0.00010504343663342297,9.1552748926915228e-05,1.3490687706507742e-05,-14,-13
original_prcp_hindcast,2012,2,3672-4392,23.5,29.5,False,0,0.00020624900935217738,0.00010120557271875441,-0.00010504343663342297,9.1552748926915228e-05,1.3490687706507742e-05,-14,-13
original_prcp_hindcast,2012,2,3672-4392,22.5,32.5,False,0,0.0017931630718521774,0.0016881196352187544,-0.00010504343663342297,9.1552748926915228e-05,1.3490687706507742e-05,-14,-13
original_prcp_hindcast,2012,2,3672-4392,21.5,8.5,False,0,0.094810741196852177,0.094705697760218754,-0.00010504343663342297,9.1552748926915228e-05,1.3490687706507742e-05,-14,-13
original_prcp_hindcast,2012,2,3672-4392,20.5,48.5,False,0,0.0041124990093521774,0.0040074555727187544,-0.00010504343663342297,9.1552748926915228e-05,1.3490687706507742e-05,-14,-13
original_prcp_hindcast,2012,2,3672-4392,20.5,50.5,False,0,0.0020373036968521774,0.0019322602602187544,-0.00010504343663342297,9.1552748926915228e-05,1.3490687706507742e-05,-14,-13
original_prcp_hindcast,2012,2,3672-4392,19.5,34.5,False,0,0.013267772446852177,0.013162729010218754,-0.00010504343663342297,9.1552748926915228e-05,1.3490687706507742e-05,-14,-13
original_prcp_hindcast,2012,2,3672-4392,18.5,23.5,True,1,0.0067980458843521774,0.0066930024477187544,-0.00010504343663342297,9.1552748926915228e-05,1.3490687706507742e-05,-14,-13
original_prcp_hindcast,2012,14,3672-4392,30.5,49.5,False,0,0.0137939453125,0.013671875,-0.0001220703125,9.1552734375e-05,3.0517578125e-05,-14,-13
original_prcp_hindcast,2012,14,3672-4392,27.5,22.5,False,0,0.000732421875,0.0006103515625,-0.0001220703125,9.1552734375e-05,3.0517578125e-05,-14,-13
original_prcp_hindcast,2012,14,3672-4392,27.5,63.5,False,0,0.0068359375,0.0067138671875,-0.0001220703125,9.1552734375e-05,3.0517578125e-05,-14,-13
original_prcp_hindcast,2012,14,3672-4392,24.5,45.5,False,0,0.0147705078125,0.0146484375,-0.0001220703125,9.1552734375e-05,3.0517578125e-05,-14,-13
original_prcp_hindcast,2012,14,3672-4392,21.5,32.5,False,0,0.000244140625,0.0001220703125,-0.0001220703125,9.1552734375e-05,3.0517578125e-05,-14,-13
original_prcp_hindcast,2012,14,3672-4392,20.5,54.5,False,0,0.003662109375,0.0035400390625,-0.0001220703125,9.1552734375e-05,3.0517578125e-05,-14,-13
original_prcp_hindcast,2012,15,3672-4392,39.5,80.5,False,0,0.010990605444021639,0.0108642578125,-0.00012634763152163941,9.1552734829747351e-05,3.4794896691892063e-05,-14,-13
original_prcp_hindcast,2012,15,3672-4392,33.5,53.5,False,0,0.021000371069021639,0.0208740234375,-0.00012634763152163941,9.1552734829747351e-05,3.4794896691892063e-05,-14,-13
original_prcp_hindcast,2012,15,3672-4392,29.5,36.5,False,0,0.012089238256521639,0.011962890625,-0.00012634763152163941,9.1552734829747351e-05,3.4794896691892063e-05,-14,-13
original_prcp_hindcast,2012,15,3672-4392,28.5,35.5,False,0,0.010014042944021639,0.0098876953125,-0.00012634763152163941,9.1552734829747351e-05,3.4794896691892063e-05,-14,-13
original_prcp_hindcast,2012,15,3672-4392,25.5,53.5,False,0,0.00037048825652163941,0.000244140625,-0.00012634763152163941,9.1552734829747351e-05,3.4794896691892063e-05,-14,-13
original_prcp_hindcast,2012,15,3672-4392,23.5,-8.5,False,0,0.0014691210690216394,0.0013427734375,-0.00012634763152163941,9.1552734829747351e-05,3.4794896691892063e-05,-14,-13
original_prcp_hindcast,2012,15,3672-4392,20.5,36.5,False,0,0.052616582006521639,0.052490234375,-0.00012634763152163941,9.1552734829747351e-05,3.4794896691892063e-05,-14,-13
original_prcp_hindcast,2012,15,3672-4392,17.5,10.5,False,0,0.0043988085690216394,0.0042724609375,-0.00012634763152163941,9.1552734829747351e-05,3.4794896691892063e-05,-14,-13
original_prcp_hindcast,2012,15,3672-4392,-22.5,120.5,False,0,0.0024456835690216394,0.0023193359375,-0.00012634763152163941,9.1552734829747351e-05,3.4794896691892063e-05,-14,-13
original_prcp_hindcast,2012,16,3672-4392,27.5,41.5,False,0,0.047253896928850736,0.047120806566454121,-0.00013309036239661509,9.1552735284494702e-05,4.153762711212039e-05,-14,-13
original_prcp_hindcast,2012,16,3672-4392,22.5,17.5,False,0,0.001233389116350736,0.0011002987539541209,-0.00013309036239661509,9.1552735284494702e-05,4.153762711212039e-05,-14,-13
original_prcp_hindcast,2012,16,3672-4392,19.5,19.5,False,0,0.003308584428850736,0.0031754940664541209,-0.00013309036239661509,9.1552735284494702e-05,4.153762711212039e-05,-14,-13
original_prcp_hindcast,2012,21,3672-4392,32.5,55.5,False,0,0.0087915220856302767,0.0086677335759759444,-0.0001237885096543323,9.155273485816906e-05,3.2235774796163241e-05,-14,-13
original_prcp_hindcast,2012,21,3672-4392,31.5,58.5,False,0,0.0097680845856302767,0.0096442960759759444,-0.0001237885096543323,9.155273485816906e-05,3.2235774796163241e-05,-14,-13
original_prcp_hindcast,2012,21,3672-4392,27.5,-1.5,False,0,0.00024660021063027671,0.0001228117009759444,-0.0001237885096543323,9.155273485816906e-05,3.2235774796163241e-05,-14,-13
original_prcp_hindcast,2012,21,3672-4392,24.5,-12.5,False,0,0.0023217955231302767,0.0021980070134759444,-0.0001237885096543323,9.155273485816906e-05,3.2235774796163241e-05,-14,-13
original_prcp_hindcast,2012,21,3672-4392,23.5,-10.5,True,1,0.0020776548981302767,0.0019538663884759444,-0.0001237885096543323,9.155273485816906e-05,3.2235774796163241e-05,-14,-13
original_prcp_hindcast,2012,21,3672-4392,22.5,25.5,False,0,0.0050073423981302767,0.0048835538884759444,-0.0001237885096543323,9.155273485816906e-05,3.2235774796163241e-05,-14,-13
original_prcp_hindcast,2012,21,3672-4392,20.5,15.5,False,0,0.0051294127106302767,0.0050056242009759444,-0.0001237885096543323,9.155273485816906e-05,3.2235774796163241e-05,-14,-13
original_prcp_hindcast,2012,21,3672-4392,18.5,35.5,False,0,0.013796404898130277,0.013672616388475944,-0.0001237885096543323,9.155273485816906e-05,3.2235774796163241e-05,-14,-13
original_prcp_hindcast,2012,24,3672-4392,37.5,65.5,False,0,0.05615234375,0.0560302734375,-0.0001220703125,9.1552734375e-05,3.0517578125e-05,-14,-13
original_prcp_hindcast,2012,24,3672-4392,37.5,66.5,False,0,0.0633544921875,0.063232421875,-0.0001220703125,9.1552734375e-05,3.0517578125e-05,-14,-13
original_prcp_hindcast,2012,24,3672-4392,31.5,43.5,False,0,0.0074462890625,0.00732421875,-0.0001220703125,9.1552734375e-05,3.0517578125e-05,-14,-13
original_prcp_hindcast,2012,24,3672-4392,19.5,18.5,False,0,0.0399169921875,0.039794921875,-0.0001220703125,9.1552734375e-05,3.0517578125e-05,-14,-13
original_prcp_hindcast,2012,24,3672-4392,-25.5,125.5,False,0,0.002197265625,0.0020751953125,-0.0001220703125,9.1552734375e-05,3.0517578125e-05,-14,-13
original_prcp_hindcast,2013,5,4392-5136,32.5,56.5,False,0,0.017610544979106635,0.017474481021054089,-0.00013606395805254579,0.00012207032705191523,1.3993631000630558e-05,-13,-13
original_prcp_hindcast,2013,5,4392-5136,30.5,64.5,False,0,0.0050373027916066349,0.0049012388335540891,-0.00013606395805254579,0.00012207032705191523,1.3993631000630558e-05,-13,-13
original_prcp_hindcast,2013,5,4392-5136,29.5,62.5,False,0,0.024812693416606635,0.024676629458554089,-0.00013606395805254579,0.00012207032705191523,1.3993631000630558e-05,-13,-13
original_prcp_hindcast,2013,5,4392-5136,28.5,3.5,False,0,0.011384959041606635,0.011248895083554089,-0.00013606395805254579,0.00012207032705191523,1.3993631000630558e-05,-13,-13
original_prcp_hindcast,2013,5,4392-5136,28.5,53.5,False,0,0.011629099666606635,0.011493035708554089,-0.00013606395805254579,0.00012207032705191523,1.3993631000630558e-05,-13,-13
original_prcp_hindcast,2013,5,4392-5136,25.5,-0.5,False,0,0.0025958965416066349,0.0024598325835540891,-0.00013606395805254579,0.00012207032705191523,1.3993631000630558e-05,-13,-13
original_prcp_hindcast,2013,5,4392-5136,25.5,19.5,False,0,0.00015449029160663486,1.8426333554089069e-05,-0.00013606395805254579,0.00012207032705191523,1.3993631000630558e-05,-13,-13
original_prcp_hindcast,2013,5,4392-5136,25.5,22.5,False,0,0.00052070122910663486,0.00038463727105408907,-0.00013606395805254579,0.00012207032705191523,1.3993631000630558e-05,-13,-13
original_prcp_hindcast,2013,5,4392-5136,24.5,49.5,False,0,0.00039863091660663486,0.00026256695855408907,-0.00013606395805254579,0.00012207032705191523,1.3993631000630558e-05,-13,-13
original_prcp_hindcast,2013,5,4392-5136,23.5,48.5,False,0,0.00015449029160663486,1.8426333554089069e-05,-0.00013606395805254579,0.00012207032705191523,1.3993631000630558e-05,-13,-13
original_prcp_hindcast,2013,5,4392-5136,22.5,50.5,False,0,0.00027656060410663486,0.00014049664605408907,-0.00013606395805254579,0.00012207032705191523,1.3993631000630558e-05,-13,-13
original_prcp_hindcast,2013,5,4392-5136,20.5,3.5,False,0,0.0078449199791066349,0.0077088560210540891,-0.00013606395805254579,0.00012207032705191523,1.3993631000630558e-05,-13,-13
original_prcp_hindcast,2013,5,4392-5136,20.5,20.5,False,0,0.0012531231041066349,0.0011170591460540891,-0.00013606395805254579,0.00012207032705191523,1.3993631000630558e-05,-13,-13
original_prcp_hindcast,2013,5,4392-5136,19.5,17.5,False,0,0.0086994121666066349,0.0085633482085540891,-0.00013606395805254579,0.00012207032705191523,1.3993631000630558e-05,-13,-13
original_prcp_hindcast,2013,5,4392-5136,18.5,-16.5,True,1,0.043367380916606635,0.043231316958554089,-0.00013606395805254579,0.00012207032705191523,1.3993631000630558e-05,-13,-13
original_prcp_hindcast,2013,5,4392-5136,18.5,11.5,False,0,0.0011310527916066349,0.00099498883355408907,-0.00013606395805254579,0.00012207032705191523,1.3993631000630558e-05,-13,-13
original_prcp_hindcast,2013,5,4392-5136,17.5,21.5,False,0,0.013948435604106635,0.013812371646054089,-0.00013606395805254579,0.00012207032705191523,1.3993631000630558e-05,-13,-13
original_prcp_hindcast,2013,5,4392-5136,-18.5,117.5,False,0,0.46341132622910663,0.46327526227105409,-0.00013606395805254579,0.00012207032705191523,1.3993631000630558e-05,-13,-13
original_prcp_hindcast,2013,5,4392-5136,-25.5,117.5,False,0,0.15005683404160663,0.14992077008355409,-0.00013606395805254579,0.00012207032705191523,1.3993631000630558e-05,-13,-13
original_prcp_hindcast,2013,8,3672-4392,29.5,60.5,False,0,0.0087890625,0.0086669921875,-0.0001220703125,9.1552734375e-05,3.0517578125e-05,-14,-13
original_prcp_hindcast,2013,8,3672-4392,24.5,23.5,False,0,0.000732421875,0.0006103515625,-0.0001220703125,9.1552734375e-05,3.0517578125e-05,-14,-13
original_prcp_hindcast,2013,8,3672-4392,23.5,-3.5,False,0,0.0006103515625,0.00048828125,-0.0001220703125,9.1552734375e-05,3.0517578125e-05,-14,-13
original_prcp_hindcast,2013,8,3672-4392,21.5,13.5,False,0,0.000732421875,0.0006103515625,-0.0001220703125,9.1552734375e-05,3.0517578125e-05,-14,-13
original_prcp_hindcast,2013,8,3672-4392,-21.5,120.5,False,0,0.03076171875,0.0306396484375,-0.0001220703125,9.1552734375e-05,3.0517578125e-05,-14,-13
original_prcp_hindcast,2013,10,3672-4392,35.5,58.5,False,0,0.0599365234375,0.059814453125,-0.0001220703125,9.1552734375e-05,3.0517578125e-05,-14,-13
original_prcp_hindcast,2013,10,3672-4392,35.5,60.5,False,0,0.0614013671875,0.061279296875,-0.0001220703125,9.1552734375e-05,3.0517578125e-05,-14,-13
original_prcp_hindcast,2013,10,3672-4392,33.5,40.5,False,0,0.01318359375,0.0130615234375,-0.0001220703125,9.1552734375e-05,3.0517578125e-05,-14,-13
original_prcp_hindcast,2013,10,3672-4392,29.5,37.5,False,0,0.001953125,0.0018310546875,-0.0001220703125,9.1552734375e-05,3.0517578125e-05,-14,-13
original_prcp_hindcast,2013,10,3672-4392,29.5,48.5,False,0,0.0028076171875,0.002685546875,-0.0001220703125,9.1552734375e-05,3.0517578125e-05,-14,-13
original_prcp_hindcast,2013,10,3672-4392,28.5,8.5,False,0,0.0008544921875,0.000732421875,-0.0001220703125,9.1552734375e-05,3.0517578125e-05,-14,-13
original_prcp_hindcast,2013,10,3672-4392,27.5,25.5,False,0,0.0001220703125,0,-0.0001220703125,9.1552734375e-05,3.0517578125e-05,-14,-13
original_prcp_hindcast,2013,10,3672-4392,25.5,52.5,False,0,0.000732421875,0.0006103515625,-0.0001220703125,9.1552734375e-05,3.0517578125e-05,-14,-13
original_prcp_hindcast,2013,10,3672-4392,24.5,37.5,False,0,0.0028076171875,0.002685546875,-0.0001220703125,9.1552734375e-05,3.0517578125e-05,-14,-13
original_prcp_hindcast,2013,10,3672-4392,21.5,29.5,False,0,0.0015869140625,0.00146484375,-0.0001220703125,9.1552734375e-05,3.0517578125e-05,-14,-13
original_prcp_hindcast,2013,10,3672-4392,21.5,30.5,False,0,0.0054931640625,0.00537109375,-0.0001220703125,9.1552734375e-05,3.0517578125e-05,-14,-13
original_prcp_hindcast,2013,10,3672-4392,18.5,10.5,False,0,0.002197265625,0.0020751953125,-0.0001220703125,9.1552734375e-05,3.0517578125e-05,-14,-13
original_prcp_hindcast,2013,10,3672-4392,-21.5,127.5,False,0,0.0078125,0.0076904296875,-0.0001220703125,9.1552734375e-05,3.0517578125e-05,-14,-13
original_prcp_hindcast,2013,12,3672-4392,34.5,61.5,False,0,0.0479736328125,0.0478515625,-0.0001220703125,9.1552734375e-05,3.0517578125e-05,-14,-13
original_prcp_hindcast,2013,12,3672-4392,32.5,55.5,False,0,0.016845703125,0.0167236328125,-0.0001220703125,9.1552734375e-05,3.0517578125e-05,-14,-13
original_prcp_hindcast,2013,12,3672-4392,29.5,54.5,False,0,0.0145263671875,0.014404296875,-0.0001220703125,9.1552734375e-05,3.0517578125e-05,-14,-13
original_prcp_hindcast,2013,12,3672-4392,28.5,36.5,False,0,0.0018310546875,0.001708984375,-0.0001220703125,9.1552734375e-05,3.0517578125e-05,-14,-13
original_prcp_hindcast,2013,12,3672-4392,26.5,18.5,False,0,0.00048828125,0.0003662109375,-0.0001220703125,9.1552734375e-05,3.0517578125e-05,-14,-13
original_prcp_hindcast,2013,12,3672-4392,26.5,39.5,False,0,0.0064697265625,0.00634765625,-0.0001220703125,9.1552734375e-05,3.0517578125e-05,-14,-13
original_prcp_hindcast,2013,12,3672-4392,24.5,50.5,False,0,0.0020751953125,0.001953125,-0.0001220703125,9.1552734375e-05,3.0517578125e-05,-14,-13
original_prcp_hindcast,2013,13,3672-4392,25.5,44.5,False,0,0.0013427734375,0.001220703125,-0.0001220703125,9.1552734375e-05,3.0517578125e-05,-14,-13
original_prcp_hindcast,2013,13,3672-4392,23.5,20.5,False,0,0.000732421875,0.0006103515625,-0.0001220703125,9.1552734375e-05,3.0517578125e-05,-14,-13
original_prcp_hindcast,2013,13,3672-4392,22.5,41.5,False,0,0.00341796875,0.0032958984375,-0.0001220703125,9.1552734375e-05,3.0517578125e-05,-14,-13
original_prcp_hindcast,2013,13,3672-4392,17.5,18.5,False,0,0.0113525390625,0.01123046875,-0.0001220703125,9.1552734375e-05,3.0517578125e-05,-14,-13
original_prcp_hindcast,2013,14,3672-4392,29.5,21.5,False,0,0.00024476020115571373,0.0001220703125,-0.00012268988865571373,9.1552734403421709e-05,3.1137154252292021e-05,-14,-13
original_prcp_hindcast,2013,14,3672-4392,28.5,24.5,False,0,0.00012268988865571373,0,-0.00012268988865571373,9.1552734403421709e-05,3.1137154252292021e-05,-14,-13
original_prcp_hindcast,2013,14,3672-4392,27.5,20.5,False,0,0.00012268988865571373,0,-0.00012268988865571373,9.1552734403421709e-05,3.1137154252292021e-05,-14,-13
original_prcp_hindcast,2013,15,3672-4392,32.5,44.5,False,0,0.010009765625,0.0098876953125,-0.0001220703125,9.1552734375e-05,3.0517578125e-05,-14,-13
original_prcp_hindcast,2013,15,3672-4392,-25.5,124.5,False,0,0.1773681640625,0.17724609375,-0.0001220703125,9.1552734375e-05,3.0517578125e-05,-14,-13
original_prcp_hindcast,2013,21,3672-4392,37.5,42.5,False,0,0.08544921875,0.0853271484375,-0.0001220703125,9.1552734375e-05,3.0517578125e-05,-14,-13
original_prcp_hindcast,2013,21,3672-4392,36.5,38.5,False,0,0.02294921875,0.0228271484375,-0.0001220703125,9.1552734375e-05,3.0517578125e-05,-14,-13
original_prcp_hindcast,2013,21,3672-4392,35.5,61.5,False,0,0.0372314453125,0.037109375,-0.0001220703125,9.1552734375e-05,3.0517578125e-05,-14,-13
original_prcp_hindcast,2013,21,3672-4392,31.5,66.5,False,0,0.02490234375,0.0247802734375,-0.0001220703125,9.1552734375e-05,3.0517578125e-05,-14,-13
original_prcp_hindcast,2013,21,3672-4392,29.5,47.5,False,0,0.0010986328125,0.0009765625,-0.0001220703125,9.1552734375e-05,3.0517578125e-05,-14,-13
original_prcp_hindcast,2013,21,3672-4392,28.5,7.5,False,0,0.0015869140625,0.00146484375,-0.0001220703125,9.1552734375e-05,3.0517578125e-05,-14,-13
original_prcp_hindcast,2013,21,3672-4392,26.5,42.5,False,0,0.00244140625,0.0023193359375,-0.0001220703125,9.1552734375e-05,3.0517578125e-05,-14,-13
original_prcp_hindcast,2013,21,3672-4392,21.5,49.5,False,0,0.0013427734375,0.001220703125,-0.0001220703125,9.1552734375e-05,3.0517578125e-05,-14,-13
original_prcp_hindcast,2013,21,3672-4392,-18.5,125.5,False,0,0.033203125,0.0330810546875,-0.0001220703125,9.1552734375e-05,3.0517578125e-05,-14,-13
original_prcp_hindcast,2013,23,3672-4392,29.5,40.5,False,0,0.0042724609375,0.004150390625,-0.0001220703125,9.1552734375e-05,3.0517578125e-05,-14,-13
original_prcp_hindcast,2013,23,3672-4392,29.5,41.5,False,0,0.004638671875,0.0045166015625,-0.0001220703125,9.1552734375e-05,3.0517578125e-05,-14,-13
original_prcp_hindcast,2013,23,3672-4392,22.5,49.5,False,0,0.0006103515625,0.00048828125,-0.0001220703125,9.1552734375e-05,3.0517578125e-05,-14,-13
original_prcp_hindcast,2013,23,3672-4392,19.5,43.5,False,0,0.0430908203125,0.04296875,-0.0001220703125,9.1552734375e-05,3.0517578125e-05,-14,-13
original_prcp_hindcast,2013,23,3672-4392,-9.5,-42.5,False,0,0.0880126953125,0.087890625,-0.0001220703125,9.1552734375e-05,3.0517578125e-05,-14,-13
original_prcp_hindcast,2013,24,3672-4392,38.5,64.5,False,0,0.0146484375,0.0145263671875,-0.0001220703125,9.1552734375e-05,3.0517578125e-05,-14,-13
original_prcp_hindcast,2013,24,3672-4392,34.5,55.5,False,0,0.008056640625,0.0079345703125,-0.0001220703125,9.1552734375e-05,3.0517578125e-05,-14,-13
original_prcp_hindcast,2013,24,3672-4392,30.5,49.5,False,0,0.00341796875,0.0032958984375,-0.0001220703125,9.1552734375e-05,3.0517578125e-05,-14,-13
original_prcp_hindcast,2013,24,3672-4392,26.5,20.5,False,0,0.000244140625,0.0001220703125,-0.0001220703125,9.1552734375e-05,3.0517578125e-05,-14,-13
original_prcp_hindcast,2013,24,3672-4392,26.5,23.5,False,0,0.000244140625,0.0001220703125,-0.0001220703125,9.1552734375e-05,3.0517578125e-05,-14,-13
original_prcp_hindcast,2013,24,3672-4392,24.5,-1.5,False,0,0.00244140625,0.0023193359375,-0.0001220703125,9.1552734375e-05,3.0517578125e-05,-14,-13
original_prcp_hindcast,2013,24,3672-4392,23.5,7.5,False,0,0.013427734375,0.0133056640625,-0.0001220703125,9.1552734375e-05,3.0517578125e-05,-14,-13
original_prcp_hindcast,2013,24,3672-4392,21.5,6.5,False,0,0.0054931640625,0.00537109375,-0.0001220703125,9.1552734375e-05,3.0517578125e-05,-14,-13
original_prcp_hindcast,2013,24,3672-4392,21.5,13.5,False,0,0.0048828125,0.0047607421875,-0.0001220703125,9.1552734375e-05,3.0517578125e-05,-14,-13
original_prcp_hindcast,2013,24,3672-4392,20.5,26.5,False,0,0.0042724609375,0.004150390625,-0.0001220703125,9.1552734375e-05,3.0517578125e-05,-14,-13
original_prcp_hindcast,2014,3,3672-4392,34.5,44.5,False,0,0.0062255859375,0.006103515625,-0.0001220703125,9.1552734375e-05,3.0517578125e-05,-14,-13
original_prcp_hindcast,2014,3,3672-4392,31.5,2.5,False,0,0.0087890625,0.0086669921875,-0.0001220703125,9.1552734375e-05,3.0517578125e-05,-14,-13
original_prcp_hindcast,2014,3,3672-4392,27.5,6.5,False,0,0.0030517578125,0.0029296875,-0.0001220703125,9.1552734375e-05,3.0517578125e-05,-14,-13
original_prcp_hindcast,2014,3,3672-4392,24.5,37.5,False,0,0.0047607421875,0.004638671875,-0.0001220703125,9.1552734375e-05,3.0517578125e-05,-14,-13
original_prcp_hindcast,2014,3,3672-4392,23.5,-3.5,False,0,0.003662109375,0.0035400390625,-0.0001220703125,9.1552734375e-05,3.0517578125e-05,-14,-13
original_prcp_hindcast,2014,4,3672-4392,30.5,54.5,False,0,0.025550957056111656,0.025407750581507571,-0.00014320647460408509,9.1552748926915228e-05,5.1653725677169859e-05,-14,-13
original_prcp_hindcast,2014,5,4392-5136,30.5,66.5,True,5,0.052985012334829662,0.0528564453125,-0.000128567022329662,9.1552734829747351e-05,3.7014287499914644e-05,-14,-13
original_prcp_hindcast,2014,5,4392-5136,29.5,48.5,False,0,0.008795559209829662,0.0086669921875,-0.000128567022329662,9.1552734829747351e-05,3.7014287499914644e-05,-14,-13
original_prcp_hindcast,2014,5,4392-5136,27.5,22.5,False,0,0.000983059209829662,0.0008544921875,-0.000128567022329662,9.1552734829747351e-05,3.7014287499914644e-05,-14,-13
original_prcp_hindcast,2014,5,4392-5136,-23.5,123.5,False,0,0.067145168584829662,0.0670166015625,-0.000128567022329662,9.1552734829747351e-05,3.7014287499914644e-05,-14,-13
original_prcp_hindcast,2014,6,3672-4392,39.5,87.5,False,0,0.0089111328125,0.0087890625,-0.0001220703125,9.1552734375e-05,3.0517578125e-05,-14,-13
original_prcp_hindcast,2014,6,3672-4392,34.5,43.5,False,0,0.011474609375,0.0113525390625,-0.0001220703125,9.1552734375e-05,3.0517578125e-05,-14,-13
original_prcp_hindcast,2014,6,3672-4392,33.5,50.5,False,0,0.0699462890625,0.06982421875,-0.0001220703125,9.1552734375e-05,3.0517578125e-05,-14,-13
original_prcp_hindcast,2014,6,3672-4392,25.5,-1.5,False,0,0.000244140625,0.0001220703125,-0.0001220703125,9.1552734375e-05,3.0517578125e-05,-14,-13
original_prcp_hindcast,2014,6,3672-4392,23.5,-3.5,False,0,0.002197265625,0.0020751953125,-0.0001220703125,9.1552734375e-05,3.0517578125e-05,-14,-13
original_prcp_hindcast,2014,6,3672-4392,-11.5,-43.5,False,0,0.096435546875,0.0963134765625,-0.0001220703125,9.1552734375e-05,3.0517578125e-05,-14,-13
original_prcp_hindcast,2014,7,3672-4392,29.5,61.5,False,0,0.0083048642718495103,0.0081787109375,-0.00012615333434951026,9.1552734829747351e-05,3.4600599519762909e-05,-14,-13
original_prcp_hindcast,2014,7,3672-4392,26.5,27.5,False,0,0.00024822364684951026,0.0001220703125,-0.00012615333434951026,9.1552734829747351e-05,3.4600599519762909e-05,-14,-13
original_prcp_hindcast,2014,7,3672-4392,25.5,42.5,False,0,0.03552654395934951,0.035400390625,-0.00012615333434951026,9.1552734829747351e-05,3.4600599519762909e-05,-14,-13
original_prcp_hindcast,2014,7,3672-4392,21.5,38.5,False,0,0.0081827939593495103,0.008056640625,-0.00012615333434951026,9.1552734829747351e-05,3.4600599519762909e-05,-14,-13
original_prcp_hindcast,2014,8,3672-4392,34.5,46.5,False,0,0.054015084460843354,0.053888364564045332,-0.00012671989679802209,0.00012207032705191523,4.649569746106863e-06,-13,-13
original_prcp_hindcast,2014,8,3672-4392,34.5,56.5,False,0,0.012267037585843354,0.012140317689045332,-0.00012671989679802209,0.00012207032705191523,4.649569746106863e-06,-13,-13
original_prcp_hindcast,2014,8,3672-4392,33.5,61.5,False,0,0.026060982898343354,0.025934263001545332,-0.00012671989679802209,0.00012207032705191523,4.649569746106863e-06,-13,-13
original_prcp_hindcast,2014,8,3672-4392,32.5,63.5,False,0,0.043272896960843354,0.043146177064045332,-0.00012671989679802209,0.00012207032705191523,4.649569746106863e-06,-13,-13
original_prcp_hindcast,2014,8,3672-4392,31.5,37.5,False,0,0.020079537585843354,0.019952817689045332,-0.00012671989679802209,0.00012207032705191523,4.649569746106863e-06,-13,-13
original_prcp_hindcast,2014,8,3672-4392,31.5,40.5,False,0,0.016051217273343354,0.015924497376545332,-0.00012671989679802209,0.00012207032705191523,4.649569746106863e-06,-13,-13
original_prcp_hindcast,2014,8,3672-4392,31.5,65.5,True,5,0.035094186023343354,0.034967466126545332,-0.00012671989679802209,0.00012207032705191523,4.649569746106863e-06,-13,-13
original_prcp_hindcast,2014,8,3672-4392,31.5,66.5,False,0,0.078795357898343354,0.078668638001545332,-0.00012671989679802209,0.00012207032705191523,4.649569746106863e-06,-13,-13
original_prcp_hindcast,2014,8,3672-4392,30.5,38.5,False,0,0.0062855922733433545,0.0061588723765453324,-0.00012671989679802209,0.00012207032705191523,4.649569746106863e-06,-13,-13
original_prcp_hindcast,2014,8,3672-4392,30.5,41.5,False,0,0.016539498523343354,0.016412778626545332,-0.00012671989679802209,0.00012207032705191523,4.649569746106863e-06,-13,-13
original_prcp_hindcast,2014,8,3672-4392,30.5,61.5,False,0,0.0042103969608433545,0.0040836770640453324,-0.00012671989679802209,0.00012207032705191523,4.649569746106863e-06,-13,-13
original_prcp_hindcast,2014,8,3672-4392,29.5,21.5,False,0,0.0022572719608433545,0.0021305520640453324,-0.00012671989679802209,0.00012207032705191523,4.649569746106863e-06,-13,-13
original_prcp_hindcast,2014,8,3672-4392,28.5,33.5,False,0,0.0040883266483433545,0.0039616067515453324,-0.00012671989679802209,0.00012207032705191523,4.649569746106863e-06,-13,-13
original_prcp_hindcast,2014,8,3672-4392,28.5,46.5,False,0,0.0027455532108433545,0.0026188333140453324,-0.00012671989679802209,0.00012207032705191523,4.649569746106863e-06,-13,-13
original_prcp_hindcast,2014,8,3672-4392,27.5,36.5,False,0,0.010069771960843354,0.0099430520640453324,-0.00012671989679802209,0.00012207032705191523,4.649569746106863e-06,-13,-13
original_prcp_hindcast,2014,8,3672-4392,27.5,64.5,True,3,0.078307076648343354,0.078180356751545332,-0.00012671989679802209,0.00012207032705191523,4.649569746106863e-06,-13,-13
original_prcp_hindcast,2014,8,3672-4392,26.5,22.5,False,0,0.00067035789834335446,0.00054363800154533237,-0.00012671989679802209,0.00012207032705191523,4.649569746106863e-06,-13,-13
original_prcp_hindcast,2014,8,3672-4392,26.5,42.5,False,0,0.0064076625858433545,0.0062809426890453324,-0.00012671989679802209,0.00012207032705191523,4.649569746106863e-06,-13,-13
original_prcp_hindcast,2014,8,3672-4392,26.5,46.5,False,0,0.0066518032108433545,0.0065250833140453324,-0.00012671989679802209,0.00012207032705191523,4.649569746106863e-06,-13,-13
original_prcp_hindcast,2014,8,3672-4392,26.5,60.5,False,0,0.079649850085843354,0.079523130189045332,-0.00012671989679802209,0.00012207032705191523,4.649569746106863e-06,-13,-13
original_prcp_hindcast,2014,8,3672-4392,25.5,13.5,False,0,0.013243600085843354,0.013116880189045332,-0.00012671989679802209,0.00012207032705191523,4.649569746106863e-06,-13,-13
original_prcp_hindcast,2014,8,3672-4392,25.5,20.5,False,0,0.00042621727334335446,0.00029949737654533237,-0.00012671989679802209,0.00012207032705191523,4.649569746106863e-06,-13,-13
original_prcp_hindcast,2014,8,3672-4392,25.5,27.5,False,0,0.00042621727334335446,0.00029949737654533237,-0.00012671989679802209,0.00012207032705191523,4.649569746106863e-06,-13,-13
original_prcp_hindcast,2014,8,3672-4392,25.5,30.5,False,0,0.0012807094608433545,0.0011539895640453324,-0.00012671989679802209,0.00012207032705191523,4.649569746106863e-06,-13,-13
original_prcp_hindcast,2014,8,3672-4392,25.5,49.5,False,0,0.0070180141483433545,0.0068912942515453324,-0.00012671989679802209,0.00012207032705191523,4.649569746106863e-06,-13,-13
original_prcp_hindcast,2014,8,3672-4392,24.5,22.5,False,0,0.00030414696084335446,0.00017742706404533237,-0.00012671989679802209,0.00012207032705191523,4.649569746106863e-06,-13,-13
original_prcp_hindcast,2014,8,3672-4392,24.5,23.5,False,0,0.00054828758584335446,0.00042156768904533237,-0.00012671989679802209,0.00012207032705191523,4.649569746106863e-06,-13,-13
original_prcp_hindcast,2014,8,3672-4392,24.5,24.5,False,0,0.00091449852334335446,0.00078777862654533237,-0.00012671989679802209,0.00012207032705191523,4.649569746106863e-06,-13,-13
original_prcp_hindcast,2014,8,3672-4392,24.5,41.5,False,0,0.0053090297733433545,0.0051823098765453324,-0.00012671989679802209,0.00012207032705191523,4.649569746106863e-06,-13,-13
original_prcp_hindcast,2014,8,3672-4392,24.5,46.5,False,0,0.0071400844608433545,0.0070133645640453324,-0.00012671989679802209,0.00012207032705191523,4.649569746106863e-06,-13,-13
original_prcp_hindcast,2014,8,3672-4392,22.5,3.5,False,0,0.0079945766483433545,0.0078678567515453324,-0.00012671989679802209,0.00012207032705191523,4.649569746106863e-06,-13,-13
original_prcp_hindcast,2014,8,3672-4392,22.5,18.5,False,0,0.0037221157108433545,0.0035953958140453324,-0.00012671989679802209,0.00012207032705191523,4.649569746106863e-06,-13,-13
original_prcp_hindcast,2014,8,3672-4392,22.5,29.5,False,0,0.00067035789834335446,0.00054363800154533237,-0.00012671989679802209,0.00012207032705191523,4.649569746106863e-06,-13,-13
original_prcp_hindcast,2014,8,3672-4392,22.5,53.5,False,0,0.017760201648343354,0.017633481751545332,-0.00012671989679802209,0.00012207032705191523,4.649569746106863e-06,-13,-13
original_prcp_hindcast,2014,8,3672-4392,21.5,25.5,False,0,0.0027455532108433545,0.0026188333140453324,-0.00012671989679802209,0.00012207032705191523,4.649569746106863e-06,-13,-13
original_prcp_hindcast,2014,8,3672-4392,21.5,31.5,False,0,0.00042621727334335446,0.00029949737654533237,-0.00012671989679802209,0.00012207032705191523,4.649569746106863e-06,-13,-13
original_prcp_hindcast,2014,8,3672-4392,21.5,45.5,False,0,0.0017689907108433545,0.0016422708140453324,-0.00012671989679802209,0.00012207032705191523,4.649569746106863e-06,-13,-13
original_prcp_hindcast,2014,8,3672-4392,20.5,20.5,False,0,0.00091449852334335446,0.00078777862654533237,-0.00012671989679802209,0.00012207032705191523,4.649569746106863e-06,-13,-13
original_prcp_hindcast,2014,8,3672-4392,19.5,50.5,False,0,0.011046334460843354,0.010919614564045332,-0.00012671989679802209,0.00012207032705191523,4.649569746106863e-06,-13,-13
original_prcp_hindcast,2014,8,3672-4392,-15.5,127.5,False,0,0.11212055321084335,0.11199383331404533,-0.00012671989679802209,0.00012207032705191523,4.649569746106863e-06,-13,-13
original_prcp_hindcast,2014,8,3672-4392,-16.5,127.5,False,0,0.10284320946084335,0.10271648956404533,-0.00012671989679802209,0.00012207032705191523,4.649569746106863e-06,-13,-13
original_prcp_hindcast,2014,8,3672-4392,-20.5,119.5,False,0,0.11321918602334335,0.11309246612654533,-0.00012671989679802209,0.00012207032705191523,4.649569746106863e-06,-13,-13
original_prcp_hindcast,2014,8,3672-4392,-21.5,121.5,False,0,0.15496723289834335,0.15484051300154533,-0.00012671989679802209,0.00012207032705191523,4.649569746106863e-06,-13,-13
original_prcp_hindcast,2014,8,3672-4392,-21.5,125.5,False,0,0.024596139148343354,0.024469419251545332,-0.00012671989679802209,0.00012207032705191523,4.649569746106863e-06,-13,-13
original_prcp_hindcast,2014,8,3672-4392,-24.5,25.5,False,0,0.24212543602334335,0.24199871612654533,-0.00012671989679802209,0.00012207032705191523,4.649569746106863e-06,-13,-13
original_prcp_hindcast,2014,9,3672-4392,39.5,86.5,False,0,0.0012209373496148146,0.0010986328125,-0.00012230453711481459,0.00012207031252842171,2.3422458639288379e-07,-13,-13
original_prcp_hindcast,2014,9,3672-4392,39.5,87.5,False,0,0.0012209373496148146,0.0010986328125,-0.00012230453711481459,0.00012207031252842171,2.3422458639288379e-07,-13,-13
original_prcp_hindcast,2014,9,3672-4392,35.5,41.5,False,0,0.0064699607871148146,0.00634765625,-0.00012230453711481459,0.00012207031252842171,2.3422458639288379e-07,-13,-13
original_prcp_hindcast,2014,9,3672-4392,35.5,44.5,False,0,0.036621327974614815,0.0364990234375,-0.00012230453711481459,0.00012207031252842171,2.3422458639288379e-07,-13,-13
original_prcp_hindcast,2014,9,3672-4392,35.5,55.5,False,0,0.020874257662114815,0.020751953125,-0.00012230453711481459,0.00012207031252842171,2.3422458639288379e-07,-13,-13
original_prcp_hindcast,2014,9,3672-4392,35.5,61.5,False,0,0.034057851412114815,0.033935546875,-0.00012230453711481459,0.00012207031252842171,2.3422458639288379e-07,-13,-13
original_prcp_hindcast,2014,9,3672-4392,34.5,49.5,False,0,0.060302968599614815,0.0601806640625,-0.00012230453711481459,0.00012207031252842171,2.3422458639288379e-07,-13,-13
original_prcp_hindcast,2014,9,3672-4392,33.5,39.5,False,0,0.0058596092246148146,0.0057373046875,-0.00012230453711481459,0.00012207031252842171,2.3422458639288379e-07,-13,-13
original_prcp_hindcast,2014,9,3672-4392,33.5,61.5,False,0,0.033203359224614815,0.0330810546875,-0.00012230453711481459,0.00012207031252842171,2.3422458639288379e-07,-13,-13
original_prcp_hindcast,2014,9,3672-4392,32.5,59.5,False,0,0.048584218599614815,0.0484619140625,-0.00012230453711481459,0.00012207031252842171,2.3422458639288379e-07,-13,-13
original_prcp_hindcast,2014,9,3672-4392,32.5,62.5,True,2,0.036010976412114815,0.035888671875,-0.00012230453711481459,0.00012207031252842171,2.3422458639288379e-07,-13,-13
original_prcp_hindcast,2014,9,3672-4392,31.5,46.5,False,0,0.019409413912114815,0.019287109375,-0.00012230453711481459,0.00012207031252842171,2.3422458639288379e-07,-13,-13
original_prcp_hindcast,2014,9,3672-4392,31.5,67.5,False,0,0.051635976412114815,0.051513671875,-0.00012230453711481459,0.00012207031252842171,2.3422458639288379e-07,-13,-13
original_prcp_hindcast,2014,9,3672-4392,30.5,4.5,False,0,0.0025637107871148146,0.00244140625,-0.00012230453711481459,0.00012207031252842171,2.3422458639288379e-07,-13,-13
original_prcp_hindcast,2014,9,3672-4392,30.5,5.5,False,0,0.0014650779746148146,0.0013427734375,-0.00012230453711481459,0.00012207031252842171,2.3422458639288379e-07,-13,-13
original_prcp_hindcast,2014,9,3672-4392,30.5,59.5,False,0,0.028564687349614815,0.0284423828125,-0.00012230453711481459,0.00012207031252842171,2.3422458639288379e-07,-13,-13
original_prcp_hindcast,2014,9,3672-4392,29.5,39.5,False,0,0.0040285545371148146,0.00390625,-0.00012230453711481459,0.00012207031252842171,2.3422458639288379e-07,-13,-13
original_prcp_hindcast,2014,9,3672-4392,29.5,40.5,False,0,0.0097658592246148146,0.0096435546875,-0.00012230453711481459,0.00012207031252842171,2.3422458639288379e-07,-13,-13
original_prcp_hindcast,2014,9,3672-4392,29.5,45.5,False,0,0.0040285545371148146,0.00390625,-0.00012230453711481459,0.00012207031252842171,2.3422458639288379e-07,-13,-13
original_prcp_hindcast,2014,9,3672-4392,29.5,57.5,False,0,0.10656761703711481,0.1064453125,-0.00012230453711481459,0.00012207031252842171,2.3422458639288379e-07,-13,-13
original_prcp_hindcast,2014,9,3672-4392,28.5,14.5,False,0,0.0037844139121148146,0.003662109375,-0.00012230453711481459,0.00012207031252842171,2.3422458639288379e-07,-13,-13
original_prcp_hindcast,2014,9,3672-4392,28.5,41.5,False,0,0.010009999849614815,0.0098876953125,-0.00012230453711481459,0.00012207031252842171,2.3422458639288379e-07,-13,-13
original_prcp_hindcast,2014,9,3672-4392,28.5,64.5,False,0,0.0095217185996148146,0.0093994140625,-0.00012230453711481459,0.00012207031252842171,2.3422458639288379e-07,-13,-13
original_prcp_hindcast,2014,9,3672-4392,27.5,21.5,False,0,0.00024437484961481459,0.0001220703125,-0.00012230453711481459,0.00012207031252842171,2.3422458639288379e-07,-13,-13
original_prcp_hindcast,2014,9,3672-4392,27.5,24.5,False,0,0.00024437484961481459,0.0001220703125,-0.00012230453711481459,0.00012207031252842171,2.3422458639288379e-07,-13,-13
original_prcp_hindcast,2014,9,3672-4392,27.5,32.5,False,0,0.00048851547461481459,0.0003662109375,-0.00012230453711481459,0.00012207031252842171,2.3422458639288379e-07,-13,-13
original_prcp_hindcast,2014,9,3672-4392,27.5,46.5,False,0,0.0080568748496148146,0.0079345703125,-0.00012230453711481459,0.00012207031252842171,2.3422458639288379e-07,-13,-13
original_prcp_hindcast,2014,9,3672-4392,27.5,53.5,False,0,0.025268788912114815,0.025146484375,-0.00012230453711481459,0.00012207031252842171,2.3422458639288379e-07,-13,-13
original_prcp_hindcast,2014,9,3672-4392,27.5,54.5,False,0,0.027221913912114815,0.027099609375,-0.00012230453711481459,0.00012207031252842171,2.3422458639288379e-07,-13,-13
original_prcp_hindcast,2014,9,3672-4392,26.5,23.5,False,0,0.00024437484961481459,0.0001220703125,-0.00012230453711481459,0.00012207031252842171,2.3422458639288379e-07,-13,-13
original_prcp_hindcast,2014,9,3672-4392,26.5,40.5,False,0,0.028198476412114815,0.028076171875,-0.00012230453711481459,0.00012207031252842171,2.3422458639288379e-07,-13,-13
original_prcp_hindcast,2014,9,3672-4392,26.5,60.5,False,0,0.016601796724614815,0.0164794921875,-0.00012230453711481459,0.00012207031252842171,2.3422458639288379e-07,-13,-13
original_prcp_hindcast,2014,9,3672-4392,25.5,8.5,False,0,0.019409413912114815,0.019287109375,-0.00012230453711481459,0.00012207031252842171,2.3422458639288379e-07,-13,-13
original_prcp_hindcast,2014,9,3672-4392,25.5,20.5,False,0,0.00036644516211481459,0.000244140625,-0.00012230453711481459,0.00012207031252842171,2.3422458639288379e-07,-13,-13
original_prcp_hindcast,2014,9,3672-4392,24.5,13.5,False,0,0.0010988670371148146,0.0009765625,-0.00012230453711481459,0.00012207031252842171,2.3422458639288379e-07,-13,-13
original_prcp_hindcast,2014,9,3672-4392,24.5,24.5,False,0,0.00048851547461481459,0.0003662109375,-0.00012230453711481459,0.00012207031252842171,2.3422458639288379e-07,-13,-13
original_prcp_hindcast,2014,9,3672-4392,24.5,57.5,False,0,0.0052492576621148146,0.005126953125,-0.00012230453711481459,0.00012207031252842171,2.3422458639288379e-07,-13,-13
original_prcp_hindcast,2014,9,3672-4392,23.5,35.5,False,0,0.00097679672461481459,0.0008544921875,-0.00012230453711481459,0.00012207031252842171,2.3422458639288379e-07,-13,-13
original_prcp_hindcast,2014,9,3672-4392,20.5,24.5,False,0,0.00036644516211481459,0.000244140625,-0.00012230453711481459,0.00012207031252842171,2.3422458639288379e-07,-13,-13
original_prcp_hindcast,2014,9,3672-4392,20.5,25.5,False,0,0.00024437484961481459,0.0001220703125,-0.00012230453711481459,0.00012207031252842171,2.3422458639288379e-07,-13,-13
original_prcp_hindcast,2014,9,3672-4392,20.5,31.5,False,0,0.0014650779746148146,0.0013427734375,-0.00012230453711481459,0.00012207031252842171,2.3422458639288379e-07,-13,-13
original_prcp_hindcast,2014,9,3672-4392,19.5,20.5,False,0,0.0019533592246148146,0.0018310546875,-0.00012230453711481459,0.00012207031252842171,2.3422458639288379e-07,-13,-13
original_prcp_hindcast,2014,9,3672-4392,19.5,21.5,False,0,0.0023195701621148146,0.002197265625,-0.00012230453711481459,0.00012207031252842171,2.3422458639288379e-07,-13,-13
original_prcp_hindcast,2014,9,3672-4392,19.5,24.5,False,0,0.00036644516211481459,0.000244140625,-0.00012230453711481459,0.00012207031252842171,2.3422458639288379e-07,-13,-13
original_prcp_hindcast,2014,9,3672-4392,18.5,19.5,False,0,0.0020754295371148146,0.001953125,-0.00012230453711481459,0.00012207031252842171,2.3422458639288379e-07,-13,-13
original_prcp_hindcast,2014,9,3672-4392,18.5,21.5,True,1,0.0029299217246148146,0.0028076171875,-0.00012230453711481459,0.00012207031252842171,2.3422458639288379e-07,-13,-13
original_prcp_hindcast,2014,9,3672-4392,-15.5,27.5,True,4,0.058593984224614815,0.0584716796875,-0.00012230453711481459,0.00012207031252842171,2.3422458639288379e-07,-13,-13
original_prcp_hindcast,2014,9,3672-4392,-18.5,30.5,True,3,0.035400624849614815,0.0352783203125,-0.00012230453711481459,0.00012207031252842171,2.3422458639288379e-07,-13,-13
original_prcp_hindcast,2014,9,3672-4392,-20.5,116.5,False,0,0.19042992172461481,0.1903076171875,-0.00012230453711481459,0.00012207031252842171,2.3422458639288379e-07,-13,-13
original_prcp_hindcast,2014,9,3672-4392,-20.5,123.5,False,0,0.028930898287114815,0.02880859375,-0.00012230453711481459,0.00012207031252842171,2.3422458639288379e-07,-13,-13
original_prcp_hindcast,2014,10,3672-4392,33.5,43.5,False,0,0.000244140625,0.0001220703125,-0.0001220703125,9.1552734375e-05,3.0517578125e-05,-14,-13
original_prcp_hindcast,2014,10,3672-4392,31.5,57.5,False,0,0.0137939453125,0.013671875,-0.0001220703125,9.1552734375e-05,3.0517578125e-05,-14,-13
original_prcp_hindcast,2014,10,3672-4392,31.5,62.5,False,0,0.021484375,0.0213623046875,-0.0001220703125,9.1552734375e-05,3.0517578125e-05,-14,-13
original_prcp_hindcast,2014,10,3672-4392,29.5,20.5,False,0,0.000244140625,0.0001220703125,-0.0001220703125,9.1552734375e-05,3.0517578125e-05,-14,-13
original_prcp_hindcast,2014,10,3672-4392,29.5,21.5,False,0,0.0001220703125,0,-0.0001220703125,9.1552734375e-05,3.0517578125e-05,-14,-13
original_prcp_hindcast,2014,10,3672-4392,25.5,35.5,False,0,0.0001220703125,0,-0.0001220703125,9.1552734375e-05,3.0517578125e-05,-14,-13
original_prcp_hindcast,2014,10,3672-4392,-22.5,120.5,False,0,0.0858154296875,0.085693359375,-0.0001220703125,9.1552734375e-05,3.0517578125e-05,-14,-13
original_prcp_hindcast,2014,11,3672-4392,31.5,37.5,False,0,0.004150390625,0.0040283203125,-0.0001220703125,9.1552734375e-05,3.0517578125e-05,-14,-13
original_prcp_hindcast,2014,11,3672-4392,31.5,57.5,False,0,0.007568359375,0.0074462890625,-0.0001220703125,9.1552734375e-05,3.0517578125e-05,-14,-13
original_prcp_hindcast,2014,11,3672-4392,26.5,-1.5,False,0,0.0001220703125,0,-0.0001220703125,9.1552734375e-05,3.0517578125e-05,-14,-13
original_prcp_hindcast,2014,11,3672-4392,26.5,47.5,False,0,0.0072021484375,0.007080078125,-0.0001220703125,9.1552734375e-05,3.0517578125e-05,-14,-13
original_prcp_hindcast,2014,11,3672-4392,24.5,31.5,False,0,0.000732421875,0.0006103515625,-0.0001220703125,9.1552734375e-05,3.0517578125e-05,-14,-13
original_prcp_hindcast,2014,11,3672-4392,23.5,33.5,False,0,0.001708984375,0.0015869140625,-0.0001220703125,9.1552734375e-05,3.0517578125e-05,-14,-13
original_prcp_hindcast,2014,11,3672-4392,23.5,35.5,False,0,0.003662109375,0.0035400390625,-0.0001220703125,9.1552734375e-05,3.0517578125e-05,-14,-13
original_prcp_hindcast,2014,11,3672-4392,22.5,51.5,False,0,0.0037841796875,0.003662109375,-0.0001220703125,9.1552734375e-05,3.0517578125e-05,-14,-13
original_prcp_hindcast,2014,11,3672-4392,20.5,54.5,False,0,0.0067138671875,0.006591796875,-0.0001220703125,9.1552734375e-05,3.0517578125e-05,-14,-13
original_prcp_hindcast,2014,11,3672-4392,19.5,46.5,False,0,0.000732421875,0.0006103515625,-0.0001220703125,9.1552734375e-05,3.0517578125e-05,-14,-13
original_prcp_hindcast,2014,11,3672-4392,18.5,50.5,False,0,0.0029296875,0.0028076171875,-0.0001220703125,9.1552734375e-05,3.0517578125e-05,-14,-13
original_prcp_hindcast,2014,11,3672-4392,-16.5,122.5,False,0,0.0528564453125,0.052734375,-0.0001220703125,9.1552734375e-05,3.0517578125e-05,-14,-13
original_prcp_hindcast,2014,11,3672-4392,-20.5,120.5,False,0,0.0352783203125,0.03515625,-0.0001220703125,9.1552734375e-05,3.0517578125e-05,-14,-13
original_prcp_hindcast,2014,11,3672-4392,-22.5,126.5,False,0,0.085693359375,0.0855712890625,-0.0001220703125,9.1552734375e-05,3.0517578125e-05,-14,-13
original_prcp_hindcast,2014,12,3672-4392,35.5,63.5,True,2,0.0526123046875,0.052490234375,-0.0001220703125,9.1552734375e-05,3.0517578125e-05,-14,-13
original_prcp_hindcast,2014,12,3672-4392,25.5,29.5,False,0,0.0001220703125,0,-0.0001220703125,9.1552734375e-05,3.0517578125e-05,-14,-13
original_prcp_hindcast,2014,12,3672-4392,24.5,44.5,False,0,0.0059814453125,0.005859375,-0.0001220703125,9.1552734375e-05,3.0517578125e-05,-14,-13
original_prcp_hindcast,2014,12,3672-4392,-18.5,20.5,True,1,0.056884765625,0.0567626953125,-0.0001220703125,9.1552734375e-05,3.0517578125e-05,-14,-13
original_prcp_hindcast,2014,13,3672-4392,31.5,48.5,False,0,0.0810546875,0.0809326171875,-0.0001220703125,9.1552734375e-05,3.0517578125e-05,-14,-13
original_prcp_hindcast,2014,13,3672-4392,28.5,56.5,False,0,0.0975341796875,0.097412109375,-0.0001220703125,9.1552734375e-05,3.0517578125e-05,-14,-13
original_prcp_hindcast,2014,13,3672-4392,25.5,40.5,False,0,0.0206298828125,0.0205078125,-0.0001220703125,9.1552734375e-05,3.0517578125e-05,-14,-13
original_prcp_hindcast,2014,13,3672-4392,24.5,43.5,False,0,0.0164794921875,0.016357421875,-0.0001220703125,9.1552734375e-05,3.0517578125e-05,-14,-13
original_prcp_hindcast,2014,13,3672-4392,21.5,5.5,False,0,0.0018310546875,0.001708984375,-0.0001220703125,9.1552734375e-05,3.0517578125e-05,-14,-13
original_prcp_hindcast,2014,13,3672-4392,21.5,29.5,False,0,0.0001220703125,0,-0.0001220703125,9.1552734375e-05,3.0517578125e-05,-14,-13
original_prcp_hindcast,2014,13,3672-4392,-23.5,118.5,False,0,0.0882568359375,0.088134765625,-0.0001220703125,9.1552734375e-05,3.0517578125e-05,-14,-13
original_prcp_hindcast,2014,14,3672-4392,27.5,22.5,False,0,0.0015869140625,0.00146484375,-0.0001220703125,9.1552734375e-05,3.0517578125e-05,-14,-13
original_prcp_hindcast,2014,14,3672-4392,27.5,46.5,False,0,0.0399169921875,0.039794921875,-0.0001220703125,9.1552734375e-05,3.0517578125e-05,-14,-13
original_prcp_hindcast,2014,14,3672-4392,26.5,23.5,False,0,0.002197265625,0.0020751953125,-0.0001220703125,9.1552734375e-05,3.0517578125e-05,-14,-13
original_prcp_hindcast,2014,14,3672-4392,-15.5,117.5,False,0,0.135009765625,0.1348876953125,-0.0001220703125,9.1552734375e-05,3.0517578125e-05,-14,-13
original_prcp_hindcast,2014,14,3672-4392,-23.5,114.5,False,0,0.150634765625,0.1505126953125,-0.0001220703125,9.1552734375e-05,3.0517578125e-05,-14,-13
original_prcp_hindcast,2014,14,3672-4392,-24.5,125.5,False,0,0.0706787109375,0.070556640625,-0.0001220703125,9.1552734375e-05,3.0517578125e-05,-14,-13
original_prcp_hindcast,2014,14,3672-4392,-27.5,123.5,False,0,0.1065673828125,0.1064453125,-0.0001220703125,9.1552734375e-05,3.0517578125e-05,-14,-13
original_prcp_hindcast,2014,16,3672-4392,30.5,22.5,False,0,0.0047743524237375823,0.004638671875,-0.00013568054873758228,9.1552734829747351e-05,4.4127813907834934e-05,-14,-13
original_prcp_hindcast,2014,16,3672-4392,29.5,55.5,False,0,0.026136657111237582,0.0260009765625,-0.00013568054873758228,9.1552734829747351e-05,4.4127813907834934e-05,-14,-13
original_prcp_hindcast,2014,16,3672-4392,23.5,41.5,False,0,0.0088026727362375823,0.0086669921875,-0.00013568054873758228,9.1552734829747351e-05,4.4127813907834934e-05,-14,-13
original_prcp_hindcast,2014,17,4392-5136,28.5,1.5,False,0,0.0034573440643725917,0.0033243857615161687,-0.00013295830285642296,0.00012207032705191523,1.0887975804507732e-05,-13,-13
original_prcp_hindcast,2014,17,4392-5136,27.5,-4.5,False,0,0.0011380081268725917,0.0010050498240161687,-0.00013295830285642296,0.00012207032705191523,1.0887975804507732e-05,-13,-13
original_prcp_hindcast,2014,17,4392-5136,27.5,35.5,False,0,0.00064972687687259167,0.00051676857401616871,-0.00013295830285642296,0.00012207032705191523,1.0887975804507732e-05,-13,-13
original_prcp_hindcast,2014,17,4392-5136,27.5,51.5,False,0,0.0084622268768725917,0.0083292685740161687,-0.00013295830285642296,0.00012207032705191523,1.0887975804507732e-05,-13,-13
original_prcp_hindcast,2014,17,4392-5136,26.5,-7.5,False,0,0.0012600784393725917,0.0011271201365161687,-0.00013295830285642296,0.00012207032705191523,1.0887975804507732e-05,-13,-13
original_prcp_hindcast,2014,17,4392-5136,26.5,19.5,False,0,0.0016262893768725917,0.0014933310740161687,-0.00013295830285642296,0.00012207032705191523,1.0887975804507732e-05,-13,-13
original_prcp_hindcast,2014,17,4392-5136,26.5,20.5,False,0,0.0011380081268725917,0.0010050498240161687,-0.00013295830285642296,0.00012207032705191523,1.0887975804507732e-05,-13,-13
original_prcp_hindcast,2014,17,4392-5136,26.5,26.5,False,0,0.0038235550018725917,0.0036905966990161687,-0.00013295830285642296,0.00012207032705191523,1.0887975804507732e-05,-13,-13
original_prcp_hindcast,2014,17,4392-5136,25.5,-3.5,False,0,0.0030911331268725917,0.0029581748240161687,-0.00013295830285642296,0.00012207032705191523,1.0887975804507732e-05,-13,-13
original_prcp_hindcast,2014,17,4392-5136,25.5,32.5,False,0,0.00028351593937259167,0.00015055763651616871,-0.00013295830285642296,0.00012207032705191523,1.0887975804507732e-05,-13,-13
original_prcp_hindcast,2014,17,4392-5136,25.5,44.5,False,0,0.0022366409393725917,0.0021036826365161687,-0.00013295830285642296,0.00012207032705191523,1.0887975804507732e-05,-13,-13
original_prcp_hindcast,2014,17,4392-5136,24.5,-4.5,False,0,0.0015042190643725917,0.0013712607615161687,-0.00013295830285642296,0.00012207032705191523,1.0887975804507732e-05,-13,-13
original_prcp_hindcast,2014,17,4392-5136,24.5,24.5,False,0,0.0019925003143725917,0.0018595420115161687,-0.00013295830285642296,0.00012207032705191523,1.0887975804507732e-05,-13,-13
original_prcp_hindcast,2014,17,4392-5136,24.5,25.5,False,0,0.0021145706268725917,0.0019816123240161687,-0.00013295830285642296,0.00012207032705191523,1.0887975804507732e-05,-13,-13
original_prcp_hindcast,2014,17,4392-5136,23.5,-6.5,False,0,0.0076077346893725917,0.0074747763865161687,-0.00013295830285642296,0.00012207032705191523,1.0887975804507732e-05,-13,-13
original_prcp_hindcast,2014,17,4392-5136,23.5,29.5,False,0,0.00028351593937259167,0.00015055763651616871,-0.00013295830285642296,0.00012207032705191523,1.0887975804507732e-05,-13,-13
original_prcp_hindcast,2014,17,4392-5136,23.5,42.5,False,0,0.034096992501872592,0.033964034199016169,-0.00013295830285642296,0.00012207032705191523,1.0887975804507732e-05,-13,-13
original_prcp_hindcast,2014,17,4392-5136,23.5,56.5,False,0,0.034463203439372592,0.034330245136516169,-0.00013295830285642296,0.00012207032705191523,1.0887975804507732e-05,-13,-13
original_prcp_hindcast,2014,17,4392-5136,22.5,15.5,False,0,0.0050442581268725917,0.0049112998240161687,-0.00013295830285642296,0.00012207032705191523,1.0887975804507732e-05,-13,-13
original_prcp_hindcast,2014,17,4392-5136,21.5,29.5,False,0,0.0023587112518725917,0.0022257529490161687,-0.00013295830285642296,0.00012207032705191523,1.0887975804507732e-05,-13,-13
original_prcp_hindcast,2014,17,4392-5136,19.5,19.5,False,0,0.010537422189372592,0.010404463886516169,-0.00013295830285642296,0.00012207032705191523,1.0887975804507732e-05,-13,-13
original_prcp_hindcast,2014,17,4392-5136,19.5,24.5,False,0,0.0023587112518725917,0.0022257529490161687,-0.00013295830285642296,0.00012207032705191523,1.0887975804507732e-05,-13,-13
original_prcp_hindcast,2014,17,4392-5136,18.5,-17.5,False,0,0.0038235550018725917,0.0036905966990161687,-0.00013295830285642296,0.00012207032705191523,1.0887975804507732e-05,-13,-13
original_prcp_hindcast,2014,17,4392-5136,18.5,16.5,False,0,0.015542305001872592,0.015409346699016169,-0.00013295830285642296,0.00012207032705191523,1.0887975804507732e-05,-13,-13
original_prcp_hindcast,2014,17,4392-5136,17.5,25.5,True,3,0.0029690628143725917,0.0028361045115161687,-0.00013295830285642296,0.00012207032705191523,1.0887975804507732e-05,-13,-13
original_prcp_hindcast,2014,17,4392-5136,17.5,30.5,True,1,0.013711250314372592,0.013578292011516169,-0.00013295830285642296,0.00012207032705191523,1.0887975804507732e-05,-13,-13
original_prcp_hindcast,2014,17,4392-5136,17.5,45.5,False,0,0.0061428909393725917,0.0060099326365161687,-0.00013295830285642296,0.00012207032705191523,1.0887975804507732e-05,-13,-13
original_prcp_hindcast,2014,17,4392-5136,15.5,19.5,False,0,0.083413398751872592,0.083280440449016169,-0.00013295830285642296,0.00012207032705191523,1.0887975804507732e-05,-13,-13
original_prcp_hindcast,2014,17,4392-5136,-24.5,117.5,False,0,0.17752960968937259,0.17739665138651617,-0.00013295830285642296,0.00012207032705191523,1.0887975804507732e-05,-13,-13
original_prcp_hindcast,2014,18,3672-4392,37.5,80.5,False,0,0.0037846809578923057,0.003662109375,-0.00012257158289230574,9.1552734403421709e-05,3.1018848488884032e-05,-14,-13
original_prcp_hindcast,2014,18,3672-4392,21.5,14.5,False,0,0.0073247200203923057,0.0072021484375,-0.00012257158289230574,9.1552734403421709e-05,3.1018848488884032e-05,-14,-13
original_prcp_hindcast,2014,18,3672-4392,21.5,19.5,False,0,0.0053715950203923057,0.0052490234375,-0.00012257158289230574,9.1552734403421709e-05,3.1018848488884032e-05,-14,-13
original_prcp_hindcast,2014,18,3672-4392,18.5,19.5,False,0,0.0058598762703923057,0.0057373046875,-0.00012257158289230574,9.1552734403421709e-05,3.1018848488884032e-05,-14,-13
original_prcp_hindcast,2014,19,4392-5136,25.5,-0.5,False,0,0.0010986328125,0.0009765625,-0.0001220703125,6.103515625e-05,6.103515625e-05,-14,-14
original_prcp_hindcast,2014,19,4392-5136,24.5,-4.5,False,0,0.001708984375,0.0015869140625,-0.0001220703125,6.103515625e-05,6.103515625e-05,-14,-14
original_prcp_hindcast,2014,19,4392-5136,22.5,10.5,False,0,0.0023193359375,0.002197265625,-0.0001220703125,6.103515625e-05,6.103515625e-05,-14,-14
original_prcp_hindcast,2014,22,3672-4392,36.5,61.5,False,0,0.037233775738968689,0.037109375,-0.00012440073896868853,0.00012207031295474735,2.3304260139411781e-06,-13,-13
original_prcp_hindcast,2014,22,3672-4392,35.5,56.5,False,0,0.014040416363968689,0.013916015625,-0.00012440073896868853,0.00012207031295474735,2.3304260139411781e-06,-13,-13
original_prcp_hindcast,2014,22,3672-4392,35.5,57.5,False,0,0.018923228863968689,0.018798828125,-0.00012440073896868853,0.00012207031295474735,2.3304260139411781e-06,-13,-13
original_prcp_hindcast,2014,22,3672-4392,34.5,60.5,False,0,0.035768931988968689,0.03564453125,-0.00012440073896868853,0.00012207031295474735,2.3304260139411781e-06,-13,-13
original_prcp_hindcast,2014,22,3672-4392,34.5,61.5,False,0,0.044069713238968689,0.0439453125,-0.00012440073896868853,0.00012207031295474735,2.3304260139411781e-06,-13,-13
original_prcp_hindcast,2014,22,3672-4392,33.5,55.5,False,0,0.0075706898014686885,0.0074462890625,-0.00012440073896868853,0.00012207031295474735,2.3304260139411781e-06,-13,-13
original_prcp_hindcast,2014,22,3672-4392,33.5,56.5,False,0,0.0091576038639686885,0.009033203125,-0.00012440073896868853,0.00012207031295474735,2.3304260139411781e-06,-13,-13
original_prcp_hindcast,2014,22,3672-4392,33.5,63.5,False,0,0.072145885113968689,0.072021484375,-0.00012440073896868853,0.00012207031295474735,2.3304260139411781e-06,-13,-13
original_prcp_hindcast,2014,22,3672-4392,33.5,66.5,True,2,0.085573619488968689,0.08544921875,-0.00012440073896868853,0.00012207031295474735,2.3304260139411781e-06,-13,-13
original_prcp_hindcast,2014,22,3672-4392,32.5,63.5,False,0,0.045900767926468689,0.0457763671875,-0.00012440073896868853,0.00012207031295474735,2.3304260139411781e-06,-13,-13
original_prcp_hindcast,2014,22,3672-4392,31.5,43.5,False,0,0.00073475230146868853,0.0006103515625,-0.00012440073896868853,0.00012207031295474735,2.3304260139411781e-06,-13,-13
original_prcp_hindcast,2014,22,3672-4392,31.5,60.5,False,0,0.016237681988968689,0.01611328125,-0.00012440073896868853,0.00012207031295474735,2.3304260139411781e-06,-13,-13
original_prcp_hindcast,2014,22,3672-4392,31.5,63.5,False,0,0.014284556988968689,0.01416015625,-0.00012440073896868853,0.00012207031295474735,2.3304260139411781e-06,-13,-13
original_prcp_hindcast,2014,22,3672-4392,31.5,66.5,False,0,0.040041392926468689,0.0399169921875,-0.00012440073896868853,0.00012207031295474735,2.3304260139411781e-06,-13,-13
original_prcp_hindcast,2014,22,3672-4392,30.5,53.5,False,0,0.021974986676468689,0.0218505859375,-0.00012440073896868853,0.00012207031295474735,2.3304260139411781e-06,-13,-13
original_prcp_hindcast,2014,22,3672-4392,29.5,27.5,False,0,0.010500377301468689,0.0103759765625,-0.00012440073896868853,0.00012207031295474735,2.3304260139411781e-06,-13,-13
original_prcp_hindcast,2014,22,3672-4392,28.5,29.5,False,0,0.00036854136396868853,0.000244140625,-0.00012440073896868853,0.00012207031295474735,2.3304260139411781e-06,-13,-13
original_prcp_hindcast,2014,22,3672-4392,28.5,41.5,False,0,0.0023216663639686885,0.002197265625,-0.00012440073896868853,0.00012207031295474735,2.3304260139411781e-06,-13,-13
original_prcp_hindcast,2014,22,3672-4392,28.5,47.5,False,0,0.0076927601139686885,0.007568359375,-0.00012440073896868853,0.00012207031295474735,2.3304260139411781e-06,-13,-13
original_prcp_hindcast,2014,22,3672-4392,27.5,23.5,False,0,0.0014671741764686885,0.0013427734375,-0.00012440073896868853,0.00012207031295474735,2.3304260139411781e-06,-13,-13
original_prcp_hindcast,2014,22,3672-4392,27.5,41.5,False,0,0.012453502301468689,0.0123291015625,-0.00012440073896868853,0.00012207031295474735,2.3304260139411781e-06,-13,-13
original_prcp_hindcast,2014,22,3672-4392,26.5,31.5,False,0,0.00024647105146868853,0.0001220703125,-0.00012440073896868853,0.00012207031295474735,2.3304260139411781e-06,-13,-13
original_prcp_hindcast,2014,22,3672-4392,26.5,32.5,False,0,0.00012440073896868853,0,-0.00012440073896868853,0.00012207031295474735,2.3304260139411781e-06,-13,-13
original_prcp_hindcast,2014,22,3672-4392,26.5,40.5,False,0,0.011476939801468689,0.0113525390625,-0.00012440073896868853,0.00012207031295474735,2.3304260139411781e-06,-13,-13
original_prcp_hindcast,2014,22,3672-4392,26.5,48.5,False,0,0.0092796741764686885,0.0091552734375,-0.00012440073896868853,0.00012207031295474735,2.3304260139411781e-06,-13,-13
original_prcp_hindcast,2014,22,3672-4392,25.5,6.5,False,0,0.0034202991764686885,0.0032958984375,-0.00012440073896868853,0.00012207031295474735,2.3304260139411781e-06,-13,-13
original_prcp_hindcast,2014,22,3672-4392,25.5,30.5,False,0,0.00024647105146868853,0.0001220703125,-0.00012440073896868853,0.00012207031295474735,2.3304260139411781e-06,-13,-13
original_prcp_hindcast,2014,22,3672-4392,24.5,-3.5,False,0,0.0012230335514686885,0.0010986328125,-0.00012440073896868853,0.00012207031295474735,2.3304260139411781e-06,-13,-13
original_prcp_hindcast,2014,22,3672-4392,24.5,27.5,False,0,0.0014671741764686885,0.0013427734375,-0.00012440073896868853,0.00012207031295474735,2.3304260139411781e-06,-13,-13
original_prcp_hindcast,2014,22,3672-4392,24.5,29.5,False,0,0.00097889292646868853,0.0008544921875,-0.00012440073896868853,0.00012207031295474735,2.3304260139411781e-06,-13,-13
original_prcp_hindcast,2014,22,3672-4392,24.5,30.5,False,0,0.00036854136396868853,0.000244140625,-0.00012440073896868853,0.00012207031295474735,2.3304260139411781e-06,-13,-13
original_prcp_hindcast,2014,22,3672-4392,24.5,40.5,False,0,0.0098900257389686885,0.009765625,-0.00012440073896868853,0.00012207031295474735,2.3304260139411781e-06,-13,-13
original_prcp_hindcast,2014,22,3672-4392,23.5,-6.5,False,0,0.0029320179264686885,0.0028076171875,-0.00012440073896868853,0.00012207031295474735,2.3304260139411781e-06,-13,-13
original_prcp_hindcast,2014,22,3672-4392,23.5,23.5,False,0,0.0092796741764686885,0.0091552734375,-0.00012440073896868853,0.00012207031295474735,2.3304260139411781e-06,-13,-13
original_prcp_hindcast,2014,22,3672-4392,23.5,42.5,False,0,0.0065941273014686885,0.0064697265625,-0.00012440073896868853,0.00012207031295474735,2.3304260139411781e-06,-13,-13
original_prcp_hindcast,2014,22,3672-4392,22.5,9.5,False,0,0.0056175648014686885,0.0054931640625,-0.00012440073896868853,0.00012207031295474735,2.3304260139411781e-06,-13,-13
original_prcp_hindcast,2014,22,3672-4392,21.5,35.5,True,1,0.00049061167646868853,0.0003662109375,-0.00012440073896868853,0.00012207031295474735,2.3304260139411781e-06,-13,-13
original_prcp_hindcast,2014,22,3672-4392,21.5,51.5,False,0,0.00024647105146868853,0.0001220703125,-0.00012440073896868853,0.00012207031295474735,2.3304260139411781e-06,-13,-13
original_prcp_hindcast,2014,22,3672-4392,20.5,6.5,False,0,0.0065941273014686885,0.0064697265625,-0.00012440073896868853,0.00012207031295474735,2.3304260139411781e-06,-13,-13
original_prcp_hindcast,2014,22,3672-4392,20.5,28.5,False,0,0.00036854136396868853,0.000244140625,-0.00012440073896868853,0.00012207031295474735,2.3304260139411781e-06,-13,-13
original_prcp_hindcast,2014,22,3672-4392,20.5,37.5,False,0,0.00097889292646868853,0.0008544921875,-0.00012440073896868853,0.00012207031295474735,2.3304260139411781e-06,-13,-13
original_prcp_hindcast,2014,22,3672-4392,20.5,46.5,False,0,0.00036854136396868853,0.000244140625,-0.00012440073896868853,0.00012207031295474735,2.3304260139411781e-06,-13,-13
original_prcp_hindcast,2014,22,3672-4392,20.5,47.5,False,0,0.00012440073896868853,0,-0.00012440073896868853,0.00012207031295474735,2.3304260139411781e-06,-13,-13
original_prcp_hindcast,2014,22,3672-4392,19.5,15.5,False,0,0.016237681988968689,0.01611328125,-0.00012440073896868853,0.00012207031295474735,2.3304260139411781e-06,-13,-13
original_prcp_hindcast,2014,22,3672-4392,18.5,14.5,False,0,0.023561900738968689,0.0234375,-0.00012440073896868853,0.00012207031295474735,2.3304260139411781e-06,-13,-13
original_prcp_hindcast,2014,22,3672-4392,18.5,18.5,False,0,0.0028099476139686885,0.002685546875,-0.00012440073896868853,0.00012207031295474735,2.3304260139411781e-06,-13,-13
original_prcp_hindcast,2014,22,3672-4392,18.5,25.5,False,0,0.00036854136396868853,0.000244140625,-0.00012440073896868853,0.00012207031295474735,2.3304260139411781e-06,-13,-13
original_prcp_hindcast,2014,22,3672-4392,18.5,47.5,False,0,0.00012440073896868853,0,-0.00012440073896868853,0.00012207031295474735,2.3304260139411781e-06,-13,-13
original_prcp_hindcast,2014,22,3672-4392,17.5,17.5,True,1,0.0059837757389686885,0.005859375,-0.00012440073896868853,0.00012207031295474735,2.3304260139411781e-06,-13,-13
original_prcp_hindcast,2014,22,3672-4392,-23.5,123.5,False,0,0.0029320179264686885,0.0028076171875,-0.00012440073896868853,0.00012207031295474735,2.3304260139411781e-06,-13,-13
original_prcp_hindcast,2014,23,3672-4392,27.5,48.5,False,0,0.0025634765625,0.00244140625,-0.0001220703125,9.1552734375e-05,3.0517578125e-05,-14,-13
original_prcp_hindcast,2015,2,3672-4392,33.5,39.5,False,0,0.001953125,0.0018310546875,-0.0001220703125,9.1552734375e-05,3.0517578125e-05,-14,-13
original_prcp_hindcast,2015,2,3672-4392,32.5,47.5,False,0,0.001953125,0.0018310546875,-0.0001220703125,9.1552734375e-05,3.0517578125e-05,-14,-13
original_prcp_hindcast,2015,2,3672-4392,24.5,-8.5,False,0,0.001953125,0.0018310546875,-0.0001220703125,9.1552734375e-05,3.0517578125e-05,-14,-13
original_prcp_hindcast,2015,2,3672-4392,24.5,41.5,False,0,0.001708984375,0.0015869140625,-0.0001220703125,9.1552734375e-05,3.0517578125e-05,-14,-13
original_prcp_hindcast,2015,2,3672-4392,22.5,37.5,False,0,0.000244140625,0.0001220703125,-0.0001220703125,9.1552734375e-05,3.0517578125e-05,-14,-13
original_prcp_hindcast,2015,3,3672-4392,33.5,57.5,False,0,0.003173828125,0.0030517578125,-0.0001220703125,9.1552734375e-05,3.0517578125e-05,-14,-13
original_prcp_hindcast,2015,3,3672-4392,24.5,13.5,False,0,0.000244140625,0.0001220703125,-0.0001220703125,9.1552734375e-05,3.0517578125e-05,-14,-13
original_prcp_hindcast,2015,3,3672-4392,24.5,46.5,False,0,0.0052490234375,0.005126953125,-0.0001220703125,9.1552734375e-05,3.0517578125e-05,-14,-13
original_prcp_hindcast,2015,3,3672-4392,21.5,24.5,False,0,0.0001220703125,0,-0.0001220703125,9.1552734375e-05,3.0517578125e-05,-14,-13
original_prcp_hindcast,2015,3,3672-4392,20.5,9.5,True,1,0.0010986328125,0.0009765625,-0.0001220703125,9.1552734375e-05,3.0517578125e-05,-14,-13
original_prcp_hindcast,2015,3,3672-4392,-19.5,127.5,False,0,0.025390625,0.0252685546875,-0.0001220703125,9.1552734375e-05,3.0517578125e-05,-14,-13
original_prcp_hindcast,2015,5,3672-4392,29.5,39.5,False,0,0.0003662109375,0.000244140625,-0.0001220703125,6.103515625e-05,6.103515625e-05,-14,-14
original_prcp_hindcast,2015,7,3672-4392,31.5,58.5,False,0,0.020095911968383007,0.019979232674813829,-0.00011667929356917739,9.1552748926915228e-05,2.5126544642262161e-05,-14,-13
original_prcp_hindcast,2015,10,3672-4392,32.5,42.5,False,0,0.001220703125,0.0010986328125,-0.0001220703125,9.1552734375e-05,3.0517578125e-05,-14,-13
original_prcp_hindcast,2015,10,3672-4392,30.5,59.5,False,0,0.0203857421875,0.020263671875,-0.0001220703125,9.1552734375e-05,3.0517578125e-05,-14,-13
original_prcp_hindcast,2015,10,3672-4392,22.5,15.5,False,0,0.000732421875,0.0006103515625,-0.0001220703125,9.1552734375e-05,3.0517578125e-05,-14,-13
original_prcp_hindcast,2015,10,3672-4392,22.5,18.5,False,0,0.0003662109375,0.000244140625,-0.0001220703125,9.1552734375e-05,3.0517578125e-05,-14,-13
original_prcp_hindcast,2015,10,3672-4392,-18.5,118.5,False,0,0.0980224609375,0.097900390625,-0.0001220703125,9.1552734375e-05,3.0517578125e-05,-14,-13
original_prcp_hindcast,2015,12,3672-4392,36.5,64.5,True,2,0.039587384031619877,0.03944674861850217,-0.00014063541311770678,0.00012207032705191523,1.8565086065791547e-05,-13,-13
original_prcp_hindcast,2015,12,3672-4392,31.5,43.5,False,0,0.033239727781619877,0.03309909236850217,-0.00014063541311770678,0.00012207032705191523,1.8565086065791547e-05,-13,-13
original_prcp_hindcast,2015,12,3672-4392,31.5,44.5,False,0,0.041296368406619877,0.04115573299350217,-0.00014063541311770678,0.00012207032705191523,1.8565086065791547e-05,-13,-13
original_prcp_hindcast,2015,12,3672-4392,31.5,54.5,False,0,0.011145001219119877,0.01100436580600217,-0.00014063541311770678,0.00012207032705191523,1.8565086065791547e-05,-13,-13
original_prcp_hindcast,2015,12,3672-4392,31.5,66.5,False,0,0.092077618406619877,0.09193698299350217,-0.00014063541311770678,0.00012207032705191523,1.8565086065791547e-05,-13,-13
original_prcp_hindcast,2015,12,3672-4392,27.5,30.5,False,0,0.0021117980941198766,0.0019711626810021698,-0.00014063541311770678,0.00012207032705191523,1.8565086065791547e-05,-13,-13
original_prcp_hindcast,2015,12,3672-4392,27.5,63.5,False,0,0.036535626219119877,0.03639499080600217,-0.00014063541311770678,0.00012207032705191523,1.8565086065791547e-05,-13,-13
original_prcp_hindcast,2015,12,3672-4392,26.5,24.5,False,0,0.0040649230941198766,0.0039242876810021698,-0.00014063541311770678,0.00012207032705191523,1.8565086065791547e-05,-13,-13
original_prcp_hindcast,2015,12,3672-4392,25.5,36.5,False,0,0.00015867309411987662,1.8037681002169847e-05,-0.00014063541311770678,0.00012207032705191523,1.8565086065791547e-05,-13,-13
original_prcp_hindcast,2015,12,3672-4392,25.5,47.5,False,0,0.012853985594119877,0.01271335018100217,-0.00014063541311770678,0.00012207032705191523,1.8565086065791547e-05,-13,-13
original_prcp_hindcast,2015,12,3672-4392,24.5,26.5,False,0,0.0099242980941198766,0.0097836626810021698,-0.00014063541311770678,0.00012207032705191523,1.8565086065791547e-05,-13,-13
original_prcp_hindcast,2015,12,3672-4392,23.5,32.5,False,0,0.0022338684066198766,0.0020932329935021698,-0.00014063541311770678,0.00012207032705191523,1.8565086065791547e-05,-13,-13
original_prcp_hindcast,2015,12,3672-4392,23.5,44.5,False,0,0.040319805906619877,0.04017917049350217,-0.00014063541311770678,0.00012207032705191523,1.8565086065791547e-05,-13,-13
original_prcp_hindcast,2015,12,3672-4392,22.5,49.5,False,0,0.00028074340661987662,0.00014010799350216985,-0.00014063541311770678,0.00012207032705191523,1.8565086065791547e-05,-13,-13
original_prcp_hindcast,2015,12,3672-4392,20.5,23.5,False,0,0.036169415281619877,0.03602877986850217,-0.00014063541311770678,0.00012207032705191523,1.8565086065791547e-05,-13,-13
original_prcp_hindcast,2015,12,3672-4392,-16.5,20.5,False,0,0.098791485594119877,0.09865085018100217,-0.00014063541311770678,0.00012207032705191523,1.8565086065791547e-05,-13,-13
original_prcp_hindcast,2015,12,3672-4392,-17.5,23.5,True,4,0.076208477781619877,0.07606784236850217,-0.00014063541311770678,0.00012207032705191523,1.8565086065791547e-05,-13,-13
original_prcp_hindcast,2015,12,3672-4392,-20.5,119.5,False,0,0.052404766844119877,0.05226413143100217,-0.00014063541311770678,0.00012207032705191523,1.8565086065791547e-05,-13,-13
original_prcp_hindcast,2015,12,3672-4392,-20.5,125.5,False,0,0.020178204344119877,0.02003756893100217,-0.00014063541311770678,0.00012207032705191523,1.8565086065791547e-05,-13,-13
original_prcp_hindcast,2015,12,3672-4392,-21.5,119.5,False,0,0.065466290281619877,0.06532565486850217,-0.00014063541311770678,0.00012207032705191523,1.8565086065791547e-05,-13,-13
original_prcp_hindcast,2015,17,3672-4392,33.5,65.5,False,0,0.070556640625,0.0704345703125,-0.0001220703125,9.1552734375e-05,3.0517578125e-05,-14,-13
original_prcp_hindcast,2015,17,3672-4392,29.5,38.5,False,0,0.000732421875,0.0006103515625,-0.0001220703125,9.1552734375e-05,3.0517578125e-05,-14,-13
original_prcp_hindcast,2015,17,3672-4392,27.5,48.5,False,0,0.0030517578125,0.0029296875,-0.0001220703125,9.1552734375e-05,3.0517578125e-05,-14,-13
original_prcp_hindcast,2015,17,3672-4392,26.5,37.5,False,0,0.0003662109375,0.000244140625,-0.0001220703125,9.1552734375e-05,3.0517578125e-05,-14,-13
original_prcp_hindcast,2015,17,3672-4392,26.5,39.5,False,0,0.0025634765625,0.00244140625,-0.0001220703125,9.1552734375e-05,3.0517578125e-05,-14,-13
original_prcp_hindcast,2015,17,3672-4392,25.5,0.5,False,0,0.00341796875,0.0032958984375,-0.0001220703125,9.1552734375e-05,3.0517578125e-05,-14,-13
original_prcp_hindcast,2015,17,3672-4392,23.5,47.5,False,0,0.0029296875,0.0028076171875,-0.0001220703125,9.1552734375e-05,3.0517578125e-05,-14,-13
original_prcp_hindcast,2015,17,3672-4392,19.5,27.5,False,0,0.000244140625,0.0001220703125,-0.0001220703125,9.1552734375e-05,3.0517578125e-05,-14,-13
original_prcp_hindcast,2015,17,3672-4392,19.5,43.5,False,0,0.035400390625,0.0352783203125,-0.0001220703125,9.1552734375e-05,3.0517578125e-05,-14,-13
original_prcp_hindcast,2015,17,3672-4392,16.5,48.5,True,1,0.0491943359375,0.049072265625,-0.0001220703125,9.1552734375e-05,3.0517578125e-05,-14,-13
original_prcp_hindcast,2015,17,3672-4392,-24.5,122.5,False,0,0.1109619140625,0.11083984375,-0.0001220703125,9.1552734375e-05,3.0517578125e-05,-14,-13
original_prcp_hindcast,2015,19,3672-4392,36.5,66.5,False,0,0.0816650390625,0.08154296875,-0.0001220703125,9.1552734375e-05,3.0517578125e-05,-14,-13
original_prcp_hindcast,2015,19,3672-4392,27.5,19.5,False,0,0.0072021484375,0.007080078125,-0.0001220703125,9.1552734375e-05,3.0517578125e-05,-14,-13
original_prcp_hindcast,2015,19,3672-4392,27.5,31.5,False,0,0.0010986328125,0.0009765625,-0.0001220703125,9.1552734375e-05,3.0517578125e-05,-14,-13
original_prcp_hindcast,2015,19,3672-4392,26.5,31.5,False,0,0.000244140625,0.0001220703125,-0.0001220703125,9.1552734375e-05,3.0517578125e-05,-14,-13
original_prcp_hindcast,2015,19,3672-4392,25.5,22.5,False,0,0.0010986328125,0.0009765625,-0.0001220703125,9.1552734375e-05,3.0517578125e-05,-14,-13
original_prcp_hindcast,2015,19,3672-4392,24.5,13.5,False,0,0.0057373046875,0.005615234375,-0.0001220703125,9.1552734375e-05,3.0517578125e-05,-14,-13
original_prcp_hindcast,2015,19,3672-4392,19.5,50.5,False,0,0.001220703125,0.0010986328125,-0.0001220703125,9.1552734375e-05,3.0517578125e-05,-14,-13
original_prcp_hindcast,2015,19,3672-4392,18.5,45.5,False,0,0.005126953125,0.0050048828125,-0.0001220703125,9.1552734375e-05,3.0517578125e-05,-14,-13
original_prcp_hindcast,2015,20,3672-4392,28.5,64.5,False,0,0.010989993772454909,0.0108642578125,-0.00012573595995490905,9.1552734829747351e-05,3.4183225125161698e-05,-14,-13
original_prcp_hindcast,2015,20,3672-4392,-25.5,120.5,False,0,0.018070071897454909,0.0179443359375,-0.00012573595995490905,9.1552734829747351e-05,3.4183225125161698e-05,-14,-13
original_prcp_hindcast,2016,1,3672-4392,37.5,66.5,False,0,0.045166015625,0.0450439453125,-0.0001220703125,9.1552734375e-05,3.0517578125e-05,-14,-13
original_prcp_hindcast,2016,1,3672-4392,34.5,58.5,False,0,0.023193359375,0.0230712890625,-0.0001220703125,9.1552734375e-05,3.0517578125e-05,-14,-13
original_prcp_hindcast,2016,1,3672-4392,23.5,49.5,False,0,0.0306396484375,0.030517578125,-0.0001220703125,9.1552734375e-05,3.0517578125e-05,-14,-13
original_prcp_hindcast,2016,5,3672-4392,35.5,59.5,False,0,0.0809326171875,0.080810546875,-0.0001220703125,9.1552734375e-05,3.0517578125e-05,-14,-13
original_prcp_hindcast,2016,5,3672-4392,33.5,54.5,False,0,0.0128173828125,0.0126953125,-0.0001220703125,9.1552734375e-05,3.0517578125e-05,-14,-13
original_prcp_hindcast,2016,5,3672-4392,31.5,47.5,False,0,0.0113525390625,0.01123046875,-0.0001220703125,9.1552734375e-05,3.0517578125e-05,-14,-13
original_prcp_hindcast,2016,5,3672-4392,31.5,65.5,True,5,0.03955078125,0.0394287109375,-0.0001220703125,9.1552734375e-05,3.0517578125e-05,-14,-13
original_prcp_hindcast,2016,5,3672-4392,29.5,51.5,False,0,0.0245361328125,0.0244140625,-0.0001220703125,9.1552734375e-05,3.0517578125e-05,-14,-13
original_prcp_hindcast,2016,5,3672-4392,25.5,1.5,False,0,0.00048828125,0.0003662109375,-0.0001220703125,9.1552734375e-05,3.0517578125e-05,-14,-13
original_prcp_hindcast,2016,5,3672-4392,25.5,35.5,False,0,0.0111083984375,0.010986328125,-0.0001220703125,9.1552734375e-05,3.0517578125e-05,-14,-13
original_prcp_hindcast,2016,5,3672-4392,24.5,13.5,False,0,0.0010986328125,0.0009765625,-0.0001220703125,9.1552734375e-05,3.0517578125e-05,-14,-13
original_prcp_hindcast,2016,5,3672-4392,21.5,43.5,False,0,0.056884765625,0.0567626953125,-0.0001220703125,9.1552734375e-05,3.0517578125e-05,-14,-13
original_prcp_hindcast,2016,5,3672-4392,-19.5,18.5,False,0,0.01416015625,0.0140380859375,-0.0001220703125,9.1552734375e-05,3.0517578125e-05,-14,-13
original_prcp_hindcast,2016,6,3672-4392,37.5,69.5,True,2,0.17578125,0.1756591796875,-0.0001220703125,9.1552734375e-05,3.0517578125e-05,-14,-13
original_prcp_hindcast,2016,6,3672-4392,31.5,63.5,False,0,0.01611328125,0.0159912109375,-0.0001220703125,9.1552734375e-05,3.0517578125e-05,-14,-13
original_prcp_hindcast,2016,6,3672-4392,28.5,39.5,False,0,0.00439453125,0.0042724609375,-0.0001220703125,9.1552734375e-05,3.0517578125e-05,-14,-13
original_prcp_hindcast,2016,6,3672-4392,27.5,7.5,False,0,0.0059814453125,0.005859375,-0.0001220703125,9.1552734375e-05,3.0517578125e-05,-14,-13
original_prcp_hindcast,2016,6,3672-4392,27.5,44.5,False,0,0.01220703125,0.0120849609375,-0.0001220703125,9.1552734375e-05,3.0517578125e-05,-14,-13
original_prcp_hindcast,2016,6,3672-4392,24.5,19.5,False,0,0.000244140625,0.0001220703125,-0.0001220703125,9.1552734375e-05,3.0517578125e-05,-14,-13
original_prcp_hindcast,2016,6,3672-4392,22.5,-11.5,False,0,0.0010986328125,0.0009765625,-0.0001220703125,9.1552734375e-05,3.0517578125e-05,-14,-13
original_prcp_hindcast,2016,6,3672-4392,22.5,-6.5,False,0,0.002685546875,0.0025634765625,-0.0001220703125,9.1552734375e-05,3.0517578125e-05,-14,-13
original_prcp_hindcast,2016,6,3672-4392,22.5,-5.5,False,0,0.00244140625,0.0023193359375,-0.0001220703125,9.1552734375e-05,3.0517578125e-05,-14,-13
original_prcp_hindcast,2016,6,3672-4392,19.5,6.5,False,0,0.0081787109375,0.008056640625,-0.0001220703125,9.1552734375e-05,3.0517578125e-05,-14,-13
original_prcp_hindcast,2016,12,3672-4392,37.5,59.5,False,0,0.13012743788999614,0.13000681993526086,-0.00012061795473528036,9.155273485816906e-05,2.9065219877111304e-05,-14,-13
original_prcp_hindcast,2016,12,3672-4392,34.5,43.5,False,0,0.0021977503899961448,0.0020771324352608644,-0.00012061795473528036,9.155273485816906e-05,2.9065219877111304e-05,-14,-13
original_prcp_hindcast,2016,12,3672-4392,32.5,7.5,False,0,0.0017094691399961448,0.0015888511852608644,-0.00012061795473528036,9.155273485816906e-05,2.9065219877111304e-05,-14,-13
original_prcp_hindcast,2016,12,3672-4392,29.5,51.5,False,0,0.018677242577496145,0.018556624622760864,-0.00012061795473528036,9.155273485816906e-05,2.9065219877111304e-05,-14,-13
original_prcp_hindcast,2016,12,3672-4392,28.5,60.5,False,0,0.035522945702496145,0.035402327747760864,-0.00012061795473528036,9.155273485816906e-05,2.9065219877111304e-05,-14,-13
original_prcp_hindcast,2016,12,3672-4392,27.5,65.5,False,0,0.055176266014996145,0.055055648060260864,-0.00012061795473528036,9.155273485816906e-05,2.9065219877111304e-05,-14,-13
original_prcp_hindcast,2016,12,3672-4392,22.5,37.5,False,0,0.0023198207024961448,0.0021992027477608644,-0.00012061795473528036,9.155273485816906e-05,2.9065219877111304e-05,-14,-13
original_prcp_hindcast,2016,12,3672-4392,22.5,52.5,False,0,0.023437984764996145,0.023317366810260864,-0.00012061795473528036,9.155273485816906e-05,2.9065219877111304e-05,-14,-13
original_prcp_hindcast,2016,12,3672-4392,22.5,55.5,False,0,0.0067143519524961448,0.0065937339977608644,-0.00012061795473528036,9.155273485816906e-05,2.9065219877111304e-05,-14,-13
original_prcp_hindcast,2016,12,3672-4392,21.5,34.5,True,1,0.019043453514996145,0.018922835560260864,-0.00012061795473528036,9.155273485816906e-05,2.9065219877111304e-05,-14,-13
original_prcp_hindcast,2016,13,4392-5136,18.5,17.5,False,0,0.024804666740237735,0.024702937706024386,-0.00010172903421334922,6.1035170801915228e-05,4.0693863411433995e-05,-14,-14
original_prcp_hindcast,2016,13,4392-5136,16.5,-5.5,False,0,0.098962381583987735,0.098860652549774386,-0.00010172903421334922,6.1035170801915228e-05,4.0693863411433995e-05,-14,-14
original_prcp_hindcast,2016,16,3672-4392,29.5,47.5,False,0,0.045659200883164885,0.04553427492010087,-0.00012492596306401538,9.1552735284494702e-05,3.3373227779520676e-05,-14,-13
original_prcp_hindcast,2016,16,3672-4392,28.5,50.5,False,0,0.061162130570664885,0.06103720460760087,-0.00012492596306401538,9.1552735284494702e-05,3.3373227779520676e-05,-14,-13
original_prcp_hindcast,2016,16,3672-4392,26.5,-0.5,False,0,0.0042773649456648855,0.0041524389826008701,-0.00012492596306401538,9.1552735284494702e-05,3.3373227779520676e-05,-14,-13
original_prcp_hindcast,2016,16,3672-4392,25.5,20.5,False,0,0.00049318525816488545,0.00036825929510087008,-0.00012492596306401538,9.1552735284494702e-05,3.3373227779520676e-05,-14,-13
original_prcp_hindcast,2016,16,3672-4392,24.5,-3.5,False,0,0.0042773649456648855,0.0041524389826008701,-0.00012492596306401538,9.1552735284494702e-05,3.3373227779520676e-05,-14,-13
original_prcp_hindcast,2016,16,3672-4392,22.5,3.5,False,0,0.0076953336956648855,0.0075704077326008701,-0.00012492596306401538,9.1552735284494702e-05,3.3373227779520676e-05,-14,-13
original_prcp_hindcast,2016,16,3672-4392,22.5,5.5,False,0,0.014775411820664885,0.01465048585760087,-0.00012492596306401538,9.1552735284494702e-05,3.3373227779520676e-05,-14,-13
original_prcp_hindcast,2016,16,3672-4392,20.5,28.5,False,0,0.00073732588316488545,0.00061239992010087008,-0.00012492596306401538,9.1552735284494702e-05,3.3373227779520676e-05,-14,-13
original_prcp_hindcast,2016,16,3672-4392,17.5,16.5,False,0,0.035405294633164885,0.03528036867010087,-0.00012492596306401538,9.1552735284494702e-05,3.3373227779520676e-05,-14,-13
original_prcp_hindcast,2016,16,3672-4392,-27.5,122.5,False,0,0.11841310713316489,0.11828818117010087,-0.00012492596306401538,9.1552735284494702e-05,3.3373227779520676e-05,-14,-13
original_prcp_hindcast,2016,18,3672-4392,36.5,39.5,False,0,0.0179443359375,0.017822265625,-0.0001220703125,9.1552734375e-05,3.0517578125e-05,-14,-13
original_prcp_hindcast,2016,18,3672-4392,31.5,45.5,False,0,0.001708984375,0.0015869140625,-0.0001220703125,9.1552734375e-05,3.0517578125e-05,-14,-13
original_prcp_hindcast,2016,18,3672-4392,27.5,36.5,False,0,0.024169921875,0.0240478515625,-0.0001220703125,9.1552734375e-05,3.0517578125e-05,-14,-13
original_prcp_hindcast,2016,18,3672-4392,27.5,62.5,False,0,0.0137939453125,0.013671875,-0.0001220703125,9.1552734375e-05,3.0517578125e-05,-14,-13
original_prcp_hindcast,2016,18,3672-4392,23.5,36.5,False,0,0.0010986328125,0.0009765625,-0.0001220703125,9.1552734375e-05,3.0517578125e-05,-14,-13
original_prcp_hindcast,2016,18,3672-4392,22.5,13.5,False,0,0.0008544921875,0.000732421875,-0.0001220703125,9.1552734375e-05,3.0517578125e-05,-14,-13
original_prcp_hindcast,2016,18,3672-4392,21.5,42.5,False,0,0.029052734375,0.0289306640625,-0.0001220703125,9.1552734375e-05,3.0517578125e-05,-14,-13
original_prcp_hindcast,2016,18,3672-4392,20.5,-3.5,False,0,0.0128173828125,0.0126953125,-0.0001220703125,9.1552734375e-05,3.0517578125e-05,-14,-13
original_prcp_hindcast,2016,18,3672-4392,20.5,6.5,False,0,0.009521484375,0.0093994140625,-0.0001220703125,9.1552734375e-05,3.0517578125e-05,-14,-13
original_prcp_hindcast,2016,18,3672-4392,20.5,47.5,False,0,0.0050048828125,0.0048828125,-0.0001220703125,9.1552734375e-05,3.0517578125e-05,-14,-13
original_prcp_hindcast,2016,18,3672-4392,18.5,14.5,False,0,0.0172119140625,0.01708984375,-0.0001220703125,9.1552734375e-05,3.0517578125e-05,-14,-13
original_prcp_hindcast,2016,21,3672-4392,30.5,38.5,False,0,0.001220703125,0.0010986328125,-0.0001220703125,9.1552734375e-05,3.0517578125e-05,-14,-13
original_prcp_hindcast,2016,21,3672-4392,25.5,5.5,False,0,0.004150390625,0.0040283203125,-0.0001220703125,9.1552734375e-05,3.0517578125e-05,-14,-13
original_prcp_hindcast,2016,21,3672-4392,23.5,22.5,False,0,0.0003662109375,0.000244140625,-0.0001220703125,9.1552734375e-05,3.0517578125e-05,-14,-13
original_prcp_hindcast,2016,21,3672-4392,22.5,0.5,False,0,0.028564453125,0.0284423828125,-0.0001220703125,9.1552734375e-05,3.0517578125e-05,-14,-13
original_prcp_hindcast,2016,21,3672-4392,20.5,18.5,True,1,0.01513671875,0.0150146484375,-0.0001220703125,9.1552734375e-05,3.0517578125e-05,-14,-13
original_prcp_hindcast,2016,21,3672-4392,18.5,44.5,False,0,0.0263671875,0.0262451171875,-0.0001220703125,9.1552734375e-05,3.0517578125e-05,-14,-13
original_prcp_hindcast,2016,21,3672-4392,-18.5,121.5,False,0,0.045654296875,0.0455322265625,-0.0001220703125,9.1552734375e-05,3.0517578125e-05,-14,-13
original_prcp_hindcast,2016,21,3672-4392,-22.5,125.5,False,0,0.12890625,0.1287841796875,-0.0001220703125,9.1552734375e-05,3.0517578125e-05,-14,-13
original_prcp_hindcast,2016,22,3672-4392,-23.5,17.5,False,0,0.03369140625,0.0335693359375,-0.0001220703125,6.103515625e-05,6.103515625e-05,-14,-14
original_prcp_hindcast,2016,23,3672-4392,38.5,65.5,False,0,0.0472412109375,0.047119140625,-0.0001220703125,9.1552734375e-05,3.0517578125e-05,-14,-13
original_prcp_hindcast,2016,23,3672-4392,30.5,52.5,False,0,0.017578125,0.0174560546875,-0.0001220703125,9.1552734375e-05,3.0517578125e-05,-14,-13
original_prcp_hindcast,2016,23,3672-4392,29.5,63.5,False,0,0.0440673828125,0.0439453125,-0.0001220703125,9.1552734375e-05,3.0517578125e-05,-14,-13
original_prcp_hindcast,2016,23,3672-4392,27.5,1.5,False,0,0.0013427734375,0.001220703125,-0.0001220703125,9.1552734375e-05,3.0517578125e-05,-14,-13
original_prcp_hindcast,2016,23,3672-4392,25.5,36.5,False,0,0.002685546875,0.0025634765625,-0.0001220703125,9.1552734375e-05,3.0517578125e-05,-14,-13
original_prcp_hindcast,2016,23,3672-4392,22.5,6.5,False,0,0.138916015625,0.1387939453125,-0.0001220703125,9.1552734375e-05,3.0517578125e-05,-14,-13
original_prcp_hindcast,2016,23,3672-4392,20.5,43.5,False,0,0.079345703125,0.0792236328125,-0.0001220703125,9.1552734375e-05,3.0517578125e-05,-14,-13
original_prcp_hindcast,2016,23,3672-4392,17.5,30.5,True,1,0.005615234375,0.0054931640625,-0.0001220703125,9.1552734375e-05,3.0517578125e-05,-14,-13
original_prcp_hindcast,2016,24,3672-4392,39.5,33.5,False,0,0.121337890625,0.1212158203125,-0.0001220703125,9.1552734375e-05,3.0517578125e-05,-14,-13
original_prcp_hindcast,2016,24,3672-4392,29.5,40.5,False,0,0.00146484375,0.0013427734375,-0.0001220703125,9.1552734375e-05,3.0517578125e-05,-14,-13
original_prcp_hindcast,2016,24,3672-4392,28.5,38.5,False,0,0.0020751953125,0.001953125,-0.0001220703125,9.1552734375e-05,3.0517578125e-05,-14,-13
original_prcp_hindcast,2016,24,3672-4392,25.5,17.5,False,0,0.001953125,0.0018310546875,-0.0001220703125,9.1552734375e-05,3.0517578125e-05,-14,-13
original_prcp_hindcast,2016,24,3672-4392,25.5,20.5,False,0,0.0006103515625,0.00048828125,-0.0001220703125,9.1552734375e-05,3.0517578125e-05,-14,-13
original_prcp_hindcast,2016,24,3672-4392,25.5,41.5,False,0,0.010498046875,0.0103759765625,-0.0001220703125,9.1552734375e-05,3.0517578125e-05,-14,-13
original_prcp_hindcast,2016,24,3672-4392,23.5,26.5,False,0,0.0006103515625,0.00048828125,-0.0001220703125,9.1552734375e-05,3.0517578125e-05,-14,-13
original_prcp_hindcast,2016,24,3672-4392,23.5,27.5,False,0,0.000244140625,0.0001220703125,-0.0001220703125,9.1552734375e-05,3.0517578125e-05,-14,-13
original_prcp_hindcast,2016,24,3672-4392,22.5,15.5,False,0,0.001220703125,0.0010986328125,-0.0001220703125,9.1552734375e-05,3.0517578125e-05,-14,-13
original_prcp_hindcast,2016,24,3672-4392,22.5,43.5,False,0,0.074951171875,0.0748291015625,-0.0001220703125,9.1552734375e-05,3.0517578125e-05,-14,-13
original_prcp_hindcast,2016,24,3672-4392,20.5,51.5,False,0,0.0125732421875,0.012451171875,-0.0001220703125,9.1552734375e-05,3.0517578125e-05,-14,-13
original_prcp_hindcast,2016,24,3672-4392,19.5,16.5,False,0,0.0029296875,0.0028076171875,-0.0001220703125,9.1552734375e-05,3.0517578125e-05,-14,-13
