source_key,file,column,long_metric,readable_leaf,diagnostic_only,rows,finite,na
somalia_oracle_v1,results/experiments/somalia_oracle/v1/metrics/metrics.csv,n_rows,,n_rows,False,86,86,0
somalia_oracle_v1,results/experiments/somalia_oracle/v1/metrics/metrics.csv,n_areas,,n_areas,False,86,86,0
somalia_oracle_v1,results/experiments/somalia_oracle/v1/metrics/metrics.csv,tp,,binary.count.tp,False,86,82,4
somalia_oracle_v1,results/experiments/somalia_oracle/v1/metrics/metrics.csv,fp,,binary.count.fp,False,86,82,4
somalia_oracle_v1,results/experiments/somalia_oracle/v1/metrics/metrics.csv,fn,,binary.count.fn,False,86,82,4
somalia_oracle_v1,results/experiments/somalia_oracle/v1/metrics/metrics.csv,tn,,binary.count.tn,False,86,82,4
somalia_oracle_v1,results/experiments/somalia_oracle/v1/metrics/metrics.csv,n,,n_rows,False,86,82,4
somalia_oracle_v1,results/experiments/somalia_oracle/v1/metrics/metrics.csv,precision,,binary.precision,False,86,82,4
somalia_oracle_v1,results/experiments/somalia_oracle/v1/metrics/metrics.csv,recall,,binary.recall,False,86,82,4
somalia_oracle_v1,results/experiments/somalia_oracle/v1/metrics/metrics.csv,f1,,binary.f1,False,86,82,4
somalia_oracle_v1,results/experiments/somalia_oracle/v1/metrics/metrics.csv,f2,,binary.f2,False,86,82,4
somalia_oracle_v1,results/experiments/somalia_oracle/v1/metrics/metrics.csv,prevalence,,binary.observed_prevalence,False,86,82,4
somalia_oracle_v1,results/experiments/somalia_oracle/v1/metrics/metrics.csv,accuracy,,five_class.accuracy,False,86,70,16
somalia_oracle_v1,results/experiments/somalia_oracle/v1/metrics/metrics.csv,r2_q3,,share_phase3plus_r2,False,86,64,22
somalia_oracle_v1,results/experiments/somalia_oracle/v1/metrics/metrics.csv,predicted_prevalence,,binary.predicted_prevalence,False,86,64,22
somalia_oracle_v1,results/experiments/somalia_oracle/v1/metrics/metrics.csv,n_actual_phase1,,five_class.count.observed_phase1,False,86,64,22
somalia_oracle_v1,results/experiments/somalia_oracle/v1/metrics/metrics.csv,n_pred_phase1,,five_class.count.predicted_phase1,False,86,64,22
somalia_oracle_v1,results/experiments/somalia_oracle/v1/metrics/metrics.csv,n_actual_phase2,,five_class.count.observed_phase2,False,86,64,22
somalia_oracle_v1,results/experiments/somalia_oracle/v1/metrics/metrics.csv,n_pred_phase2,,five_class.count.predicted_phase2,False,86,64,22
somalia_oracle_v1,results/experiments/somalia_oracle/v1/metrics/metrics.csv,n_actual_phase3,,five_class.count.observed_phase3,False,86,64,22
somalia_oracle_v1,results/experiments/somalia_oracle/v1/metrics/metrics.csv,n_pred_phase3,,five_class.count.predicted_phase3,False,86,64,22
somalia_oracle_v1,results/experiments/somalia_oracle/v1/metrics/metrics.csv,n_actual_phase4,,five_class.count.observed_phase4,False,86,64,22
somalia_oracle_v1,results/experiments/somalia_oracle/v1/metrics/metrics.csv,n_pred_phase4,,five_class.count.predicted_phase4,False,86,64,22
somalia_oracle_v1,results/experiments/somalia_oracle/v1/metrics/metrics.csv,n_actual_phase5,,five_class.count.observed_phase5,False,86,64,22
somalia_oracle_v1,results/experiments/somalia_oracle/v1/metrics/metrics.csv,n_pred_phase5,,five_class.count.predicted_phase5,False,86,64,22
somalia_oracle_v1,results/experiments/somalia_oracle/v1/metrics/metrics.csv,mean_q3_pred,,share_phase3plus_mean_pred,False,86,64,22
somalia_oracle_v1,results/experiments/somalia_oracle/v1/metrics/contrasts.csv,n_rows,,n_rows,False,90,90,0
somalia_oracle_v1,results/experiments/somalia_oracle/v1/metrics/contrasts.csv,n_areas,,n_areas,False,90,90,0
somalia_oracle_v1,results/experiments/somalia_oracle/v1/metrics/contrasts.csv,point_delta_f2,,delta.binary.f2,False,90,90,0
somalia_oracle_v1,results/experiments/somalia_oracle/v1/metrics/contrasts.csv,valid_draws,,delta.<metric>.draws_valid,False,90,90,0
somalia_oracle_v1,results/experiments/somalia_oracle/v1/metrics/contrasts.csv,undefined_draws,,delta.<metric>.draws_undefined,False,90,90,0
somalia_oracle_v1,results/experiments/somalia_oracle/v1/metrics/contrasts.csv,ci_low,,delta.<metric>.ci_low,False,90,90,0
somalia_oracle_v1,results/experiments/somalia_oracle/v1/metrics/contrasts.csv,ci_high,,delta.<metric>.ci_high,False,90,90,0
somalia_oracle_v1,results/experiments/somalia_oracle/v1/diagnostics/discrimination_auc.csv,auc_crisis,,binary.auc_pooled,False,24,24,0
somalia_oracle_v1,results/experiments/somalia_oracle/v1/diagnostics/discrimination_auc.csv,within_month_auc,,binary.auc_within_month,False,24,24,0
somalia_oracle_v1,results/experiments/somalia_oracle/v1/diagnostics/calibrated_d_vs_benchmarks.csv,n,,n_rows,False,48,48,0
somalia_oracle_v1,results/experiments/somalia_oracle/v1/diagnostics/calibrated_d_vs_benchmarks.csv,n_areas,,n_areas,False,48,48,0
somalia_oracle_v1,results/experiments/somalia_oracle/v1/diagnostics/calibrated_d_vs_benchmarks.csv,f2,,binary.f2,False,48,42,6
somalia_oracle_v1,results/experiments/somalia_oracle/v1/diagnostics/calibrated_d_vs_benchmarks.csv,precision,,binary.precision,False,48,42,6
somalia_oracle_v1,results/experiments/somalia_oracle/v1/diagnostics/calibrated_d_vs_benchmarks.csv,recall,,binary.recall,False,48,42,6
somalia_oracle_v1,results/experiments/somalia_oracle/v1/diagnostics/calibrated_d_vs_benchmarks.csv,f1,,binary.f1,False,48,42,6
somalia_oracle_v1,results/experiments/somalia_oracle/v1/diagnostics/calibrated_d_vs_benchmarks.csv,accuracy,,five_class.accuracy,False,48,30,18
somalia_oracle_v1,results/experiments/somalia_oracle/v1/diagnostics/calibrated_d_vs_benchmarks.csv,macro_f1,,five_class.macro_f1,False,48,30,18
somalia_oracle_v1,results/experiments/somalia_oracle/v1/diagnostics/calibrated_d_vs_benchmarks.csv,p4plus_recall,,binary_phase4plus.recall,False,48,42,6
somalia_oracle_v1,results/experiments/somalia_oracle/v1/diagnostics/calibrated_d_vs_benchmarks.csv,pred_p3_share,,binary.predicted_prevalence,False,48,30,18
somalia_oracle_v1,results/experiments/somalia_oracle/v1/diagnostics/calibrated_d_vs_benchmarks.csv,r2_q3,,share_phase3plus_r2,False,48,36,12
somalia_oracle_v1,results/experiments/somalia_oracle/v1/diagnostics/calibrated_d_vs_benchmarks.csv,r2_n,,share_phase3plus_r2_n_rows,False,48,48,0
somalia_oracle_v1,results/experiments/somalia_oracle/v1/diagnostics/calibrated_d_vs_benchmarks_contrasts.csv,n,,n_rows,False,30,30,0
somalia_oracle_v1,results/experiments/somalia_oracle/v1/diagnostics/calibrated_d_vs_benchmarks_contrasts.csv,n_areas,,n_areas,False,30,30,0
somalia_oracle_v1,results/experiments/somalia_oracle/v1/diagnostics/calibrated_d_vs_benchmarks_contrasts.csv,point_delta_f2,,delta.binary.f2,False,30,30,0
somalia_oracle_v1,results/experiments/somalia_oracle/v1/diagnostics/calibrated_d_vs_benchmarks_contrasts.csv,valid_draws,,delta.<metric>.draws_valid,False,30,30,0
somalia_oracle_v1,results/experiments/somalia_oracle/v1/diagnostics/calibrated_d_vs_benchmarks_contrasts.csv,undefined_draws,,delta.<metric>.draws_undefined,False,30,30,0
somalia_oracle_v1,results/experiments/somalia_oracle/v1/diagnostics/calibrated_d_vs_benchmarks_contrasts.csv,ci_low,,delta.<metric>.ci_low,False,30,30,0
somalia_oracle_v1,results/experiments/somalia_oracle/v1/diagnostics/calibrated_d_vs_benchmarks_contrasts.csv,ci_high,,delta.<metric>.ci_high,False,30,30,0
somalia_oracle_v1,results/experiments/somalia_oracle/v1/diagnostics/calibration_threshold_metrics.csv,n,,n_rows,True,222,222,0
somalia_oracle_v1,results/experiments/somalia_oracle/v1/diagnostics/calibration_threshold_metrics.csv,f2,,binary.f2,True,222,222,0
somalia_oracle_v1,results/experiments/somalia_oracle/v1/diagnostics/calibration_threshold_metrics.csv,precision,,binary.precision,True,222,216,6
somalia_oracle_v1,results/experiments/somalia_oracle/v1/diagnostics/calibration_threshold_metrics.csv,recall,,binary.recall,True,222,222,0
somalia_oracle_v1,results/experiments/somalia_oracle/v1/diagnostics/calibration_threshold_metrics.csv,f1,,binary.f1,True,222,222,0
somalia_oracle_v1,results/experiments/somalia_oracle/v1/diagnostics/calibration_threshold_metrics.csv,accuracy,,five_class.accuracy,True,222,222,0
somalia_oracle_v1,results/experiments/somalia_oracle/v1/diagnostics/calibration_threshold_metrics.csv,macro_f1,,five_class.macro_f1,True,222,222,0
somalia_oracle_v1,results/experiments/somalia_oracle/v1/diagnostics/calibration_threshold_metrics.csv,p4plus_recall,,binary_phase4plus.recall,True,222,222,0
somalia_oracle_v1,results/experiments/somalia_oracle/v1/diagnostics/calibration_threshold_metrics.csv,pred_p3_share,,binary.predicted_prevalence,True,222,222,0
somalia_oracle_v1,results/experiments/somalia_oracle/v1/diagnostics/calibration_threshold_metrics.csv,r2_q3,,share_phase3plus_r2,True,222,192,30
somalia_oracle_v2_q3,results/experiments/somalia_oracle/v2_q3/metrics/metrics.csv,n_primary,,n_rows_primary_cohort,False,140,140,0
somalia_oracle_v2_q3,results/experiments/somalia_oracle/v2_q3/metrics/metrics.csv,n_wider_only,,n_rows_wider_only,False,140,140,0
somalia_oracle_v2_q3,results/experiments/somalia_oracle/v2_q3/metrics/metrics.csv,n_excluded,,n_rows_excluded,False,140,140,0
somalia_oracle_v2_q3,results/experiments/somalia_oracle/v2_q3/metrics/metrics.csv,n,,n_rows,False,140,138,2
somalia_oracle_v2_q3,results/experiments/somalia_oracle/v2_q3/metrics/metrics.csv,n_areas,,n_areas,False,140,108,32
somalia_oracle_v2_q3,results/experiments/somalia_oracle/v2_q3/metrics/metrics.csv,raw_r2,,share_phase3plus_raw.r2,False,140,108,32
somalia_oracle_v2_q3,results/experiments/somalia_oracle/v2_q3/metrics/metrics.csv,raw_rmse,,share_phase3plus_raw.rmse,False,140,108,32
somalia_oracle_v2_q3,results/experiments/somalia_oracle/v2_q3/metrics/metrics.csv,raw_mae,,share_phase3plus_raw.mae,False,140,108,32
somalia_oracle_v2_q3,results/experiments/somalia_oracle/v2_q3/metrics/metrics.csv,raw_bias,,share_phase3plus_raw.bias,False,140,108,32
somalia_oracle_v2_q3,results/experiments/somalia_oracle/v2_q3/metrics/metrics.csv,raw_mean_truth,,share_phase3plus_raw.mean_truth,False,140,108,32
somalia_oracle_v2_q3,results/experiments/somalia_oracle/v2_q3/metrics/metrics.csv,raw_mean_pred,,share_phase3plus_raw.mean_pred,False,140,108,32
somalia_oracle_v2_q3,results/experiments/somalia_oracle/v2_q3/metrics/metrics.csv,final_r2,,share_phase3plus_final.r2,False,140,126,14
somalia_oracle_v2_q3,results/experiments/somalia_oracle/v2_q3/metrics/metrics.csv,final_rmse,,share_phase3plus_final.rmse,False,140,126,14
somalia_oracle_v2_q3,results/experiments/somalia_oracle/v2_q3/metrics/metrics.csv,final_mae,,share_phase3plus_final.mae,False,140,126,14
somalia_oracle_v2_q3,results/experiments/somalia_oracle/v2_q3/metrics/metrics.csv,final_bias,,share_phase3plus_final.bias,False,140,126,14
somalia_oracle_v2_q3,results/experiments/somalia_oracle/v2_q3/metrics/metrics.csv,final_mean_truth,,share_phase3plus_final.mean_truth,False,140,126,14
somalia_oracle_v2_q3,results/experiments/somalia_oracle/v2_q3/metrics/metrics.csv,final_mean_pred,,share_phase3plus_final.mean_pred,False,140,126,14
somalia_oracle_v2_q3,results/experiments/somalia_oracle/v2_q3/metrics/metrics.csv,raw_auc,,binary.auc_pooled_raw,False,140,108,32
somalia_oracle_v2_q3,results/experiments/somalia_oracle/v2_q3/metrics/metrics.csv,final_auc,,binary.auc_pooled_final,False,140,126,14
somalia_oracle_v2_q3,results/experiments/somalia_oracle/v2_q3/metrics/metrics.csv,final_within_month_auc,,binary.auc_within_month_final,False,140,108,32
somalia_oracle_v2_q3,results/experiments/somalia_oracle/v2_q3/metrics/metrics.csv,raw_within_month_auc,,binary.auc_within_month_raw,False,140,108,32
somalia_oracle_v2_q3,results/experiments/somalia_oracle/v2_q3/metrics/metrics.csv,bin_f1,,binary.f1,False,140,138,2
somalia_oracle_v2_q3,results/experiments/somalia_oracle/v2_q3/metrics/metrics.csv,bin_recall,,binary.recall,False,140,138,2
somalia_oracle_v2_q3,results/experiments/somalia_oracle/v2_q3/metrics/metrics.csv,bin_precision,,binary.precision,False,140,138,2
somalia_oracle_v2_q3,results/experiments/somalia_oracle/v2_q3/metrics/metrics.csv,bin_f2,,binary.f2,False,140,138,2
somalia_oracle_v2_q3,results/experiments/somalia_oracle/v2_q3/metrics/metrics.csv,bin_tp,,binary.count.tp,False,140,138,2
somalia_oracle_v2_q3,results/experiments/somalia_oracle/v2_q3/metrics/metrics.csv,bin_fp,,binary.count.fp,False,140,138,2
somalia_oracle_v2_q3,results/experiments/somalia_oracle/v2_q3/metrics/metrics.csv,bin_fn,,binary.count.fn,False,140,138,2
somalia_oracle_v2_q3,results/experiments/somalia_oracle/v2_q3/metrics/metrics.csv,bin_tn,,binary.count.tn,False,140,138,2
somalia_oracle_v2_q3,results/experiments/somalia_oracle/v2_q3/metrics/metrics.csv,legacy_phase_accuracy,,five_class.accuracy,False,140,114,26
somalia_oracle_v2_q3,results/experiments/somalia_oracle/v2_q3/metrics/metrics.csv,legacy_multiclass_macro_f1,,five_class.macro_f1,False,140,108,32
somalia_oracle_v2_q3,results/experiments/somalia_oracle/v2_q3/metrics/metrics.csv,legacy_f1,,legacy_phase_binary.f1,False,140,108,32
somalia_oracle_v2_q3,results/experiments/somalia_oracle/v2_q3/metrics/metrics.csv,legacy_recall,,legacy_phase_binary.recall,False,140,108,32
somalia_oracle_v2_q3,results/experiments/somalia_oracle/v2_q3/metrics/metrics.csv,legacy_precision,,legacy_phase_binary.precision,False,140,108,32
somalia_oracle_v2_q3,results/experiments/somalia_oracle/v2_q3/metrics/metrics.csv,legacy_f2,,legacy_phase_binary.f2,False,140,108,32
somalia_oracle_v2_q3,results/experiments/somalia_oracle/v2_q3/metrics/metrics.csv,legacy_tp,,legacy_phase_binary.count.tp,False,140,108,32
somalia_oracle_v2_q3,results/experiments/somalia_oracle/v2_q3/metrics/metrics.csv,legacy_fp,,legacy_phase_binary.count.fp,False,140,108,32
somalia_oracle_v2_q3,results/experiments/somalia_oracle/v2_q3/metrics/metrics.csv,legacy_fn,,legacy_phase_binary.count.fn,False,140,108,32
somalia_oracle_v2_q3,results/experiments/somalia_oracle/v2_q3/metrics/metrics.csv,legacy_tn,,legacy_phase_binary.count.tn,False,140,108,32
somalia_oracle_v2_q3,results/experiments/somalia_oracle/v2_q3/metrics/metrics.csv,q3_binary_vs_legacy_disagreements,,binary.disagreements_vs_legacy_phase,False,140,108,32
somalia_oracle_v2_q3,results/experiments/somalia_oracle/v2_q3/metrics/metrics.csv,n_clipped,,share_phase3plus_n_clipped,False,140,108,32
somalia_oracle_v2_q3,results/experiments/somalia_oracle/v2_q3/metrics/metrics.csv,n_fallback_direct,,n_rows_fallback_direct,False,140,108,32
somalia_oracle_v2_q3,results/experiments/somalia_oracle/v2_q3/metrics/metrics.csv,n_residual_branch,,n_rows_residual_branch,False,140,108,32
somalia_oracle_v2_q3,results/experiments/somalia_oracle/v2_q3/metrics/contrasts.csv,n,auc,n_rows,False,18,18,0
somalia_oracle_v2_q3,results/experiments/somalia_oracle/v2_q3/metrics/contrasts.csv,n,r2,n_rows,False,18,18,0
somalia_oracle_v2_q3,results/experiments/somalia_oracle/v2_q3/metrics/contrasts.csv,n,rmse,n_rows,False,18,18,0
somalia_oracle_v2_q3,results/experiments/somalia_oracle/v2_q3/metrics/contrasts.csv,n_areas,auc,n_areas,False,18,18,0
somalia_oracle_v2_q3,results/experiments/somalia_oracle/v2_q3/metrics/contrasts.csv,n_areas,r2,n_areas,False,18,18,0
somalia_oracle_v2_q3,results/experiments/somalia_oracle/v2_q3/metrics/contrasts.csv,n_areas,rmse,n_areas,False,18,18,0
somalia_oracle_v2_q3,results/experiments/somalia_oracle/v2_q3/metrics/contrasts.csv,point_delta,auc,delta.auc,False,18,18,0
somalia_oracle_v2_q3,results/experiments/somalia_oracle/v2_q3/metrics/contrasts.csv,point_delta,r2,delta.r2,False,18,18,0
somalia_oracle_v2_q3,results/experiments/somalia_oracle/v2_q3/metrics/contrasts.csv,point_delta,rmse,delta.rmse,False,18,18,0
somalia_oracle_v2_q3,results/experiments/somalia_oracle/v2_q3/metrics/contrasts.csv,ci_low,auc,delta.auc.ci_low,False,18,18,0
somalia_oracle_v2_q3,results/experiments/somalia_oracle/v2_q3/metrics/contrasts.csv,ci_low,r2,delta.r2.ci_low,False,18,18,0
somalia_oracle_v2_q3,results/experiments/somalia_oracle/v2_q3/metrics/contrasts.csv,ci_low,rmse,delta.rmse.ci_low,False,18,18,0
somalia_oracle_v2_q3,results/experiments/somalia_oracle/v2_q3/metrics/contrasts.csv,ci_high,auc,delta.auc.ci_high,False,18,18,0
somalia_oracle_v2_q3,results/experiments/somalia_oracle/v2_q3/metrics/contrasts.csv,ci_high,r2,delta.r2.ci_high,False,18,18,0
somalia_oracle_v2_q3,results/experiments/somalia_oracle/v2_q3/metrics/contrasts.csv,ci_high,rmse,delta.rmse.ci_high,False,18,18,0
somalia_oracle_v2_q3,results/experiments/somalia_oracle/v2_q3/metrics/contrasts.csv,undefined_draws,auc,delta.auc.draws_undefined,False,18,18,0
somalia_oracle_v2_q3,results/experiments/somalia_oracle/v2_q3/metrics/contrasts.csv,undefined_draws,r2,delta.r2.draws_undefined,False,18,18,0
somalia_oracle_v2_q3,results/experiments/somalia_oracle/v2_q3/metrics/contrasts.csv,undefined_draws,rmse,delta.rmse.draws_undefined,False,18,18,0
somalia_oracle_v3_validity,results/experiments/somalia_oracle/v3_validity/metrics/metrics.csv,n_primary,,n_rows_primary_cohort,False,92,92,0
somalia_oracle_v3_validity,results/experiments/somalia_oracle/v3_validity/metrics/metrics.csv,n,,n_rows,False,92,90,2
somalia_oracle_v3_validity,results/experiments/somalia_oracle/v3_validity/metrics/metrics.csv,n_areas,,n_areas,False,92,72,20
somalia_oracle_v3_validity,results/experiments/somalia_oracle/v3_validity/metrics/metrics.csv,raw_r2,,share_phase3plus_raw.r2,False,92,72,20
somalia_oracle_v3_validity,results/experiments/somalia_oracle/v3_validity/metrics/metrics.csv,raw_rmse,,share_phase3plus_raw.rmse,False,92,72,20
somalia_oracle_v3_validity,results/experiments/somalia_oracle/v3_validity/metrics/metrics.csv,raw_mae,,share_phase3plus_raw.mae,False,92,72,20
somalia_oracle_v3_validity,results/experiments/somalia_oracle/v3_validity/metrics/metrics.csv,raw_bias,,share_phase3plus_raw.bias,False,92,72,20
somalia_oracle_v3_validity,results/experiments/somalia_oracle/v3_validity/metrics/metrics.csv,raw_mean_truth,,share_phase3plus_raw.mean_truth,False,92,72,20
somalia_oracle_v3_validity,results/experiments/somalia_oracle/v3_validity/metrics/metrics.csv,raw_mean_pred,,share_phase3plus_raw.mean_pred,False,92,72,20
somalia_oracle_v3_validity,results/experiments/somalia_oracle/v3_validity/metrics/metrics.csv,final_r2,,share_phase3plus_final.r2,False,92,78,14
somalia_oracle_v3_validity,results/experiments/somalia_oracle/v3_validity/metrics/metrics.csv,final_rmse,,share_phase3plus_final.rmse,False,92,78,14
somalia_oracle_v3_validity,results/experiments/somalia_oracle/v3_validity/metrics/metrics.csv,final_mae,,share_phase3plus_final.mae,False,92,78,14
somalia_oracle_v3_validity,results/experiments/somalia_oracle/v3_validity/metrics/metrics.csv,final_bias,,share_phase3plus_final.bias,False,92,78,14
somalia_oracle_v3_validity,results/experiments/somalia_oracle/v3_validity/metrics/metrics.csv,final_mean_truth,,share_phase3plus_final.mean_truth,False,92,78,14
somalia_oracle_v3_validity,results/experiments/somalia_oracle/v3_validity/metrics/metrics.csv,final_mean_pred,,share_phase3plus_final.mean_pred,False,92,78,14
somalia_oracle_v3_validity,results/experiments/somalia_oracle/v3_validity/metrics/metrics.csv,raw_auc,,binary.auc_pooled_raw,False,92,72,20
somalia_oracle_v3_validity,results/experiments/somalia_oracle/v3_validity/metrics/metrics.csv,final_auc,,binary.auc_pooled_final,False,92,78,14
somalia_oracle_v3_validity,results/experiments/somalia_oracle/v3_validity/metrics/metrics.csv,final_within_month_auc,,binary.auc_within_month_final,False,92,72,20
somalia_oracle_v3_validity,results/experiments/somalia_oracle/v3_validity/metrics/metrics.csv,raw_within_month_auc,,binary.auc_within_month_raw,False,92,72,20
somalia_oracle_v3_validity,results/experiments/somalia_oracle/v3_validity/metrics/metrics.csv,bin_f1,,binary.f1,False,92,90,2
somalia_oracle_v3_validity,results/experiments/somalia_oracle/v3_validity/metrics/metrics.csv,bin_recall,,binary.recall,False,92,90,2
somalia_oracle_v3_validity,results/experiments/somalia_oracle/v3_validity/metrics/metrics.csv,bin_precision,,binary.precision,False,92,90,2
somalia_oracle_v3_validity,results/experiments/somalia_oracle/v3_validity/metrics/metrics.csv,bin_f2,,binary.f2,False,92,90,2
somalia_oracle_v3_validity,results/experiments/somalia_oracle/v3_validity/metrics/metrics.csv,bin_tp,,binary.count.tp,False,92,90,2
somalia_oracle_v3_validity,results/experiments/somalia_oracle/v3_validity/metrics/metrics.csv,bin_fp,,binary.count.fp,False,92,90,2
somalia_oracle_v3_validity,results/experiments/somalia_oracle/v3_validity/metrics/metrics.csv,bin_fn,,binary.count.fn,False,92,90,2
somalia_oracle_v3_validity,results/experiments/somalia_oracle/v3_validity/metrics/metrics.csv,bin_tn,,binary.count.tn,False,92,90,2
somalia_oracle_v3_validity,results/experiments/somalia_oracle/v3_validity/metrics/metrics.csv,legacy_phase_accuracy,,five_class.accuracy,False,92,78,14
somalia_oracle_v3_validity,results/experiments/somalia_oracle/v3_validity/metrics/metrics.csv,legacy_multiclass_macro_f1,,five_class.macro_f1,False,92,72,20
somalia_oracle_v3_validity,results/experiments/somalia_oracle/v3_validity/metrics/metrics.csv,legacy_f1,,legacy_phase_binary.f1,False,92,72,20
somalia_oracle_v3_validity,results/experiments/somalia_oracle/v3_validity/metrics/metrics.csv,legacy_recall,,legacy_phase_binary.recall,False,92,72,20
somalia_oracle_v3_validity,results/experiments/somalia_oracle/v3_validity/metrics/metrics.csv,legacy_precision,,legacy_phase_binary.precision,False,92,72,20
somalia_oracle_v3_validity,results/experiments/somalia_oracle/v3_validity/metrics/metrics.csv,legacy_f2,,legacy_phase_binary.f2,False,92,72,20
somalia_oracle_v3_validity,results/experiments/somalia_oracle/v3_validity/metrics/metrics.csv,legacy_tp,,legacy_phase_binary.count.tp,False,92,72,20
somalia_oracle_v3_validity,results/experiments/somalia_oracle/v3_validity/metrics/metrics.csv,legacy_fp,,legacy_phase_binary.count.fp,False,92,72,20
somalia_oracle_v3_validity,results/experiments/somalia_oracle/v3_validity/metrics/metrics.csv,legacy_fn,,legacy_phase_binary.count.fn,False,92,72,20
somalia_oracle_v3_validity,results/experiments/somalia_oracle/v3_validity/metrics/metrics.csv,legacy_tn,,legacy_phase_binary.count.tn,False,92,72,20
somalia_oracle_v3_validity,results/experiments/somalia_oracle/v3_validity/metrics/metrics.csv,q3_binary_vs_legacy_disagreements,,binary.disagreements_vs_legacy_phase,False,92,72,20
somalia_oracle_v3_validity,results/experiments/somalia_oracle/v3_validity/metrics/metrics.csv,n_clipped,,share_phase3plus_n_clipped,False,92,72,20
somalia_oracle_v3_validity,results/experiments/somalia_oracle/v3_validity/metrics/metrics.csv,n_fallback_direct,,n_rows_fallback_direct,False,92,72,20
somalia_oracle_v3_validity,results/experiments/somalia_oracle/v3_validity/metrics/metrics.csv,n_residual_branch,,n_rows_residual_branch,False,92,72,20
somalia_oracle_v3_validity,results/experiments/somalia_oracle/v3_validity/metrics/contrasts.csv,n,auc,n_rows,False,30,30,0
somalia_oracle_v3_validity,results/experiments/somalia_oracle/v3_validity/metrics/contrasts.csv,n,r2,n_rows,False,30,30,0
somalia_oracle_v3_validity,results/experiments/somalia_oracle/v3_validity/metrics/contrasts.csv,n,rmse,n_rows,False,30,30,0
somalia_oracle_v3_validity,results/experiments/somalia_oracle/v3_validity/metrics/contrasts.csv,n_areas,auc,n_areas,False,30,30,0
somalia_oracle_v3_validity,results/experiments/somalia_oracle/v3_validity/metrics/contrasts.csv,n_areas,r2,n_areas,False,30,30,0
somalia_oracle_v3_validity,results/experiments/somalia_oracle/v3_validity/metrics/contrasts.csv,n_areas,rmse,n_areas,False,30,30,0
somalia_oracle_v3_validity,results/experiments/somalia_oracle/v3_validity/metrics/contrasts.csv,point_delta,auc,delta.auc,False,30,30,0
somalia_oracle_v3_validity,results/experiments/somalia_oracle/v3_validity/metrics/contrasts.csv,point_delta,r2,delta.r2,False,30,30,0
somalia_oracle_v3_validity,results/experiments/somalia_oracle/v3_validity/metrics/contrasts.csv,point_delta,rmse,delta.rmse,False,30,30,0
somalia_oracle_v3_validity,results/experiments/somalia_oracle/v3_validity/metrics/contrasts.csv,ci_low,auc,delta.auc.ci_low,False,30,30,0
somalia_oracle_v3_validity,results/experiments/somalia_oracle/v3_validity/metrics/contrasts.csv,ci_low,r2,delta.r2.ci_low,False,30,30,0
somalia_oracle_v3_validity,results/experiments/somalia_oracle/v3_validity/metrics/contrasts.csv,ci_low,rmse,delta.rmse.ci_low,False,30,30,0
somalia_oracle_v3_validity,results/experiments/somalia_oracle/v3_validity/metrics/contrasts.csv,ci_high,auc,delta.auc.ci_high,False,30,30,0
somalia_oracle_v3_validity,results/experiments/somalia_oracle/v3_validity/metrics/contrasts.csv,ci_high,r2,delta.r2.ci_high,False,30,30,0
somalia_oracle_v3_validity,results/experiments/somalia_oracle/v3_validity/metrics/contrasts.csv,ci_high,rmse,delta.rmse.ci_high,False,30,30,0
somalia_oracle_v4_calibrated_d,results/experiments/somalia_oracle/v4_calibrated_d/metrics/annual_metrics.csv,n_cohort,,n_rows_cohort,False,40,40,0
somalia_oracle_v4_calibrated_d,results/experiments/somalia_oracle/v4_calibrated_d/metrics/annual_metrics.csv,n_primary,,n_rows_primary_cohort,False,40,40,0
somalia_oracle_v4_calibrated_d,results/experiments/somalia_oracle/v4_calibrated_d/metrics/annual_metrics.csv,n_excluded,,n_rows_excluded,False,40,40,0
somalia_oracle_v4_calibrated_d,results/experiments/somalia_oracle/v4_calibrated_d/metrics/annual_metrics.csv,n,,n_rows,False,40,35,5
somalia_oracle_v4_calibrated_d,results/experiments/somalia_oracle/v4_calibrated_d/metrics/annual_metrics.csv,n_areas,,n_areas,False,40,35,5
somalia_oracle_v4_calibrated_d,results/experiments/somalia_oracle/v4_calibrated_d/metrics/annual_metrics.csv,n_months,,n_target_months,False,40,35,5
somalia_oracle_v4_calibrated_d,results/experiments/somalia_oracle/v4_calibrated_d/metrics/annual_metrics.csv,n_original_reports,,n_original_reports,False,40,35,5
somalia_oracle_v4_calibrated_d,results/experiments/somalia_oracle/v4_calibrated_d/metrics/annual_metrics.csv,n_originals,,n_rows_original,False,40,35,5
somalia_oracle_v4_calibrated_d,results/experiments/somalia_oracle/v4_calibrated_d/metrics/annual_metrics.csv,n_copies,,n_rows_copies,False,40,35,5
somalia_oracle_v4_calibrated_d,results/experiments/somalia_oracle/v4_calibrated_d/metrics/annual_metrics.csv,raw_r2,,share_phase3plus_raw.r2,False,40,35,5
somalia_oracle_v4_calibrated_d,results/experiments/somalia_oracle/v4_calibrated_d/metrics/annual_metrics.csv,raw_rmse,,share_phase3plus_raw.rmse,False,40,35,5
somalia_oracle_v4_calibrated_d,results/experiments/somalia_oracle/v4_calibrated_d/metrics/annual_metrics.csv,raw_mae,,share_phase3plus_raw.mae,False,40,35,5
somalia_oracle_v4_calibrated_d,results/experiments/somalia_oracle/v4_calibrated_d/metrics/annual_metrics.csv,raw_bias,,share_phase3plus_raw.bias,False,40,35,5
somalia_oracle_v4_calibrated_d,results/experiments/somalia_oracle/v4_calibrated_d/metrics/annual_metrics.csv,raw_mean_truth,,share_phase3plus_raw.mean_truth,False,40,35,5
somalia_oracle_v4_calibrated_d,results/experiments/somalia_oracle/v4_calibrated_d/metrics/annual_metrics.csv,raw_mean_pred,,share_phase3plus_raw.mean_pred,False,40,35,5
somalia_oracle_v4_calibrated_d,results/experiments/somalia_oracle/v4_calibrated_d/metrics/annual_metrics.csv,raw_auc,,binary.auc_pooled_raw,False,40,35,5
somalia_oracle_v4_calibrated_d,results/experiments/somalia_oracle/v4_calibrated_d/metrics/annual_metrics.csv,final_r2,,share_phase3plus_final.r2,False,40,35,5
somalia_oracle_v4_calibrated_d,results/experiments/somalia_oracle/v4_calibrated_d/metrics/annual_metrics.csv,final_rmse,,share_phase3plus_final.rmse,False,40,35,5
somalia_oracle_v4_calibrated_d,results/experiments/somalia_oracle/v4_calibrated_d/metrics/annual_metrics.csv,final_mae,,share_phase3plus_final.mae,False,40,35,5
somalia_oracle_v4_calibrated_d,results/experiments/somalia_oracle/v4_calibrated_d/metrics/annual_metrics.csv,final_bias,,share_phase3plus_final.bias,False,40,35,5
somalia_oracle_v4_calibrated_d,results/experiments/somalia_oracle/v4_calibrated_d/metrics/annual_metrics.csv,final_mean_truth,,share_phase3plus_final.mean_truth,False,40,35,5
somalia_oracle_v4_calibrated_d,results/experiments/somalia_oracle/v4_calibrated_d/metrics/annual_metrics.csv,final_mean_pred,,share_phase3plus_final.mean_pred,False,40,35,5
somalia_oracle_v4_calibrated_d,results/experiments/somalia_oracle/v4_calibrated_d/metrics/annual_metrics.csv,final_auc,,binary.auc_pooled_final,False,40,35,5
somalia_oracle_v4_calibrated_d,results/experiments/somalia_oracle/v4_calibrated_d/metrics/annual_metrics.csv,bin_f1,,binary.f1,False,40,35,5
somalia_oracle_v4_calibrated_d,results/experiments/somalia_oracle/v4_calibrated_d/metrics/annual_metrics.csv,bin_recall,,binary.recall,False,40,35,5
somalia_oracle_v4_calibrated_d,results/experiments/somalia_oracle/v4_calibrated_d/metrics/annual_metrics.csv,bin_precision,,binary.precision,False,40,34,6
somalia_oracle_v4_calibrated_d,results/experiments/somalia_oracle/v4_calibrated_d/metrics/annual_metrics.csv,bin_f2,,binary.f2,False,40,35,5
somalia_oracle_v4_calibrated_d,results/experiments/somalia_oracle/v4_calibrated_d/metrics/annual_metrics.csv,bin_tp,,binary.count.tp,False,40,35,5
somalia_oracle_v4_calibrated_d,results/experiments/somalia_oracle/v4_calibrated_d/metrics/annual_metrics.csv,bin_fp,,binary.count.fp,False,40,35,5
somalia_oracle_v4_calibrated_d,results/experiments/somalia_oracle/v4_calibrated_d/metrics/annual_metrics.csv,bin_fn,,binary.count.fn,False,40,35,5
somalia_oracle_v4_calibrated_d,results/experiments/somalia_oracle/v4_calibrated_d/metrics/annual_metrics.csv,bin_tn,,binary.count.tn,False,40,35,5
somalia_oracle_v4_calibrated_d,results/experiments/somalia_oracle/v4_calibrated_d/metrics/annual_metrics.csv,n_clipped,,share_phase3plus_n_clipped,False,40,35,5
somalia_oracle_v4_calibrated_d,results/experiments/somalia_oracle/v4_calibrated_d/metrics/annual_metrics.csv,n_fallback_direct,,n_rows_fallback_direct,False,40,35,5
somalia_oracle_v4_calibrated_d,results/experiments/somalia_oracle/v4_calibrated_d/metrics/annual_metrics.csv,n_residual_branch,,n_rows_residual_branch,False,40,35,5
somalia_oracle_v4_calibrated_d,results/experiments/somalia_oracle/v4_calibrated_d/metrics/pooled_metrics.csv,n,,n_rows,False,8,7,1
somalia_oracle_v4_calibrated_d,results/experiments/somalia_oracle/v4_calibrated_d/metrics/pooled_metrics.csv,n_areas,,n_areas,False,8,7,1
somalia_oracle_v4_calibrated_d,results/experiments/somalia_oracle/v4_calibrated_d/metrics/pooled_metrics.csv,n_months,,n_target_months,False,8,7,1
somalia_oracle_v4_calibrated_d,results/experiments/somalia_oracle/v4_calibrated_d/metrics/pooled_metrics.csv,n_original_reports,,n_original_reports,False,8,7,1
somalia_oracle_v4_calibrated_d,results/experiments/somalia_oracle/v4_calibrated_d/metrics/pooled_metrics.csv,n_originals,,n_rows_original,False,8,7,1
somalia_oracle_v4_calibrated_d,results/experiments/somalia_oracle/v4_calibrated_d/metrics/pooled_metrics.csv,n_copies,,n_rows_copies,False,8,7,1
somalia_oracle_v4_calibrated_d,results/experiments/somalia_oracle/v4_calibrated_d/metrics/pooled_metrics.csv,raw_r2,,share_phase3plus_raw.r2,False,8,7,1
somalia_oracle_v4_calibrated_d,results/experiments/somalia_oracle/v4_calibrated_d/metrics/pooled_metrics.csv,raw_rmse,,share_phase3plus_raw.rmse,False,8,7,1
somalia_oracle_v4_calibrated_d,results/experiments/somalia_oracle/v4_calibrated_d/metrics/pooled_metrics.csv,raw_mae,,share_phase3plus_raw.mae,False,8,7,1
somalia_oracle_v4_calibrated_d,results/experiments/somalia_oracle/v4_calibrated_d/metrics/pooled_metrics.csv,raw_bias,,share_phase3plus_raw.bias,False,8,7,1
somalia_oracle_v4_calibrated_d,results/experiments/somalia_oracle/v4_calibrated_d/metrics/pooled_metrics.csv,raw_mean_truth,,share_phase3plus_raw.mean_truth,False,8,7,1
somalia_oracle_v4_calibrated_d,results/experiments/somalia_oracle/v4_calibrated_d/metrics/pooled_metrics.csv,raw_mean_pred,,share_phase3plus_raw.mean_pred,False,8,7,1
somalia_oracle_v4_calibrated_d,results/experiments/somalia_oracle/v4_calibrated_d/metrics/pooled_metrics.csv,raw_auc,,binary.auc_pooled_raw,False,8,7,1
somalia_oracle_v4_calibrated_d,results/experiments/somalia_oracle/v4_calibrated_d/metrics/pooled_metrics.csv,final_r2,,share_phase3plus_final.r2,False,8,7,1
somalia_oracle_v4_calibrated_d,results/experiments/somalia_oracle/v4_calibrated_d/metrics/pooled_metrics.csv,final_rmse,,share_phase3plus_final.rmse,False,8,7,1
somalia_oracle_v4_calibrated_d,results/experiments/somalia_oracle/v4_calibrated_d/metrics/pooled_metrics.csv,final_mae,,share_phase3plus_final.mae,False,8,7,1
somalia_oracle_v4_calibrated_d,results/experiments/somalia_oracle/v4_calibrated_d/metrics/pooled_metrics.csv,final_bias,,share_phase3plus_final.bias,False,8,7,1
somalia_oracle_v4_calibrated_d,results/experiments/somalia_oracle/v4_calibrated_d/metrics/pooled_metrics.csv,final_mean_truth,,share_phase3plus_final.mean_truth,False,8,7,1
somalia_oracle_v4_calibrated_d,results/experiments/somalia_oracle/v4_calibrated_d/metrics/pooled_metrics.csv,final_mean_pred,,share_phase3plus_final.mean_pred,False,8,7,1
somalia_oracle_v4_calibrated_d,results/experiments/somalia_oracle/v4_calibrated_d/metrics/pooled_metrics.csv,final_auc,,binary.auc_pooled_final,False,8,7,1
somalia_oracle_v4_calibrated_d,results/experiments/somalia_oracle/v4_calibrated_d/metrics/pooled_metrics.csv,bin_f1,,binary.f1,False,8,7,1
somalia_oracle_v4_calibrated_d,results/experiments/somalia_oracle/v4_calibrated_d/metrics/pooled_metrics.csv,bin_recall,,binary.recall,False,8,7,1
somalia_oracle_v4_calibrated_d,results/experiments/somalia_oracle/v4_calibrated_d/metrics/pooled_metrics.csv,bin_precision,,binary.precision,False,8,7,1
somalia_oracle_v4_calibrated_d,results/experiments/somalia_oracle/v4_calibrated_d/metrics/pooled_metrics.csv,bin_f2,,binary.f2,False,8,7,1
somalia_oracle_v4_calibrated_d,results/experiments/somalia_oracle/v4_calibrated_d/metrics/pooled_metrics.csv,bin_tp,,binary.count.tp,False,8,7,1
somalia_oracle_v4_calibrated_d,results/experiments/somalia_oracle/v4_calibrated_d/metrics/pooled_metrics.csv,bin_fp,,binary.count.fp,False,8,7,1
somalia_oracle_v4_calibrated_d,results/experiments/somalia_oracle/v4_calibrated_d/metrics/pooled_metrics.csv,bin_fn,,binary.count.fn,False,8,7,1
somalia_oracle_v4_calibrated_d,results/experiments/somalia_oracle/v4_calibrated_d/metrics/pooled_metrics.csv,bin_tn,,binary.count.tn,False,8,7,1
somalia_oracle_v4_calibrated_d,results/experiments/somalia_oracle/v4_calibrated_d/metrics/pooled_metrics.csv,n_clipped,,share_phase3plus_n_clipped,False,8,7,1
somalia_oracle_v4_calibrated_d,results/experiments/somalia_oracle/v4_calibrated_d/metrics/pooled_metrics.csv,n_fallback_direct,,n_rows_fallback_direct,False,8,7,1
somalia_oracle_v4_calibrated_d,results/experiments/somalia_oracle/v4_calibrated_d/metrics/pooled_metrics.csv,n_residual_branch,,n_rows_residual_branch,False,8,7,1
origin_safe_climate_idp_v1,results/experiments/origin_safe_climate_idp_v1/runs/climate_no_history/0m/metrics/metrics_overall.csv,n_samples,,n_rows,False,5,5,0
origin_safe_climate_idp_v1,results/experiments/origin_safe_climate_idp_v1/runs/climate_no_history/0m/metrics/metrics_overall.csv,exact_phase_accuracy,,five_class.accuracy,False,5,5,0
origin_safe_climate_idp_v1,results/experiments/origin_safe_climate_idp_v1/runs/climate_no_history/0m/metrics/metrics_overall.csv,phase3plus_accuracy,,binary.accuracy,False,5,5,0
origin_safe_climate_idp_v1,results/experiments/origin_safe_climate_idp_v1/runs/climate_no_history/0m/metrics/metrics_overall.csv,precision_phase3plus,,binary.precision,False,5,5,0
origin_safe_climate_idp_v1,results/experiments/origin_safe_climate_idp_v1/runs/climate_no_history/0m/metrics/metrics_overall.csv,sensitivity_phase3plus,,binary.recall,False,5,5,0
origin_safe_climate_idp_v1,results/experiments/origin_safe_climate_idp_v1/runs/climate_no_history/0m/metrics/metrics_overall.csv,f2_phase3plus,,binary.f2,False,5,5,0
origin_safe_climate_idp_v1,results/experiments/origin_safe_climate_idp_v1/runs/climate_no_history/0m/metrics/metrics_overall.csv,r2_phase3plus,,share_phase3plus_r2,False,5,5,0
origin_safe_climate_idp_v1,results/experiments/origin_safe_climate_idp_v1/runs/climate_no_history/0m/metrics/metrics_overall.csv,mae_phase3plus,,share_phase3plus_mae,False,5,5,0
origin_safe_climate_idp_v1,results/experiments/origin_safe_climate_idp_v1/runs/climate_no_history/0m/metrics/metrics_overall.csv,ordinal_mae,,five_class.ordinal_mae,False,5,5,0
origin_safe_climate_idp_v1,results/experiments/origin_safe_climate_idp_v1/runs/climate_no_history/12m/metrics/metrics_overall.csv,n_samples,,n_rows,False,5,5,0
origin_safe_climate_idp_v1,results/experiments/origin_safe_climate_idp_v1/runs/climate_no_history/12m/metrics/metrics_overall.csv,exact_phase_accuracy,,five_class.accuracy,False,5,5,0
origin_safe_climate_idp_v1,results/experiments/origin_safe_climate_idp_v1/runs/climate_no_history/12m/metrics/metrics_overall.csv,phase3plus_accuracy,,binary.accuracy,False,5,5,0
origin_safe_climate_idp_v1,results/experiments/origin_safe_climate_idp_v1/runs/climate_no_history/12m/metrics/metrics_overall.csv,precision_phase3plus,,binary.precision,False,5,5,0
origin_safe_climate_idp_v1,results/experiments/origin_safe_climate_idp_v1/runs/climate_no_history/12m/metrics/metrics_overall.csv,sensitivity_phase3plus,,binary.recall,False,5,5,0
origin_safe_climate_idp_v1,results/experiments/origin_safe_climate_idp_v1/runs/climate_no_history/12m/metrics/metrics_overall.csv,f2_phase3plus,,binary.f2,False,5,5,0
origin_safe_climate_idp_v1,results/experiments/origin_safe_climate_idp_v1/runs/climate_no_history/12m/metrics/metrics_overall.csv,r2_phase3plus,,share_phase3plus_r2,False,5,5,0
origin_safe_climate_idp_v1,results/experiments/origin_safe_climate_idp_v1/runs/climate_no_history/12m/metrics/metrics_overall.csv,mae_phase3plus,,share_phase3plus_mae,False,5,5,0
origin_safe_climate_idp_v1,results/experiments/origin_safe_climate_idp_v1/runs/climate_no_history/12m/metrics/metrics_overall.csv,ordinal_mae,,five_class.ordinal_mae,False,5,5,0
origin_safe_climate_idp_v1,results/experiments/origin_safe_climate_idp_v1/runs/climate_no_history/3m/metrics/metrics_overall.csv,n_samples,,n_rows,False,5,5,0
origin_safe_climate_idp_v1,results/experiments/origin_safe_climate_idp_v1/runs/climate_no_history/3m/metrics/metrics_overall.csv,exact_phase_accuracy,,five_class.accuracy,False,5,5,0
origin_safe_climate_idp_v1,results/experiments/origin_safe_climate_idp_v1/runs/climate_no_history/3m/metrics/metrics_overall.csv,phase3plus_accuracy,,binary.accuracy,False,5,5,0
origin_safe_climate_idp_v1,results/experiments/origin_safe_climate_idp_v1/runs/climate_no_history/3m/metrics/metrics_overall.csv,precision_phase3plus,,binary.precision,False,5,5,0
origin_safe_climate_idp_v1,results/experiments/origin_safe_climate_idp_v1/runs/climate_no_history/3m/metrics/metrics_overall.csv,sensitivity_phase3plus,,binary.recall,False,5,5,0
origin_safe_climate_idp_v1,results/experiments/origin_safe_climate_idp_v1/runs/climate_no_history/3m/metrics/metrics_overall.csv,f2_phase3plus,,binary.f2,False,5,5,0
origin_safe_climate_idp_v1,results/experiments/origin_safe_climate_idp_v1/runs/climate_no_history/3m/metrics/metrics_overall.csv,r2_phase3plus,,share_phase3plus_r2,False,5,5,0
origin_safe_climate_idp_v1,results/experiments/origin_safe_climate_idp_v1/runs/climate_no_history/3m/metrics/metrics_overall.csv,mae_phase3plus,,share_phase3plus_mae,False,5,5,0
origin_safe_climate_idp_v1,results/experiments/origin_safe_climate_idp_v1/runs/climate_no_history/3m/metrics/metrics_overall.csv,ordinal_mae,,five_class.ordinal_mae,False,5,5,0
origin_safe_climate_idp_v1,results/experiments/origin_safe_climate_idp_v1/runs/climate_no_history/6m/metrics/metrics_overall.csv,n_samples,,n_rows,False,5,5,0
origin_safe_climate_idp_v1,results/experiments/origin_safe_climate_idp_v1/runs/climate_no_history/6m/metrics/metrics_overall.csv,exact_phase_accuracy,,five_class.accuracy,False,5,5,0
origin_safe_climate_idp_v1,results/experiments/origin_safe_climate_idp_v1/runs/climate_no_history/6m/metrics/metrics_overall.csv,phase3plus_accuracy,,binary.accuracy,False,5,5,0
origin_safe_climate_idp_v1,results/experiments/origin_safe_climate_idp_v1/runs/climate_no_history/6m/metrics/metrics_overall.csv,precision_phase3plus,,binary.precision,False,5,5,0
origin_safe_climate_idp_v1,results/experiments/origin_safe_climate_idp_v1/runs/climate_no_history/6m/metrics/metrics_overall.csv,sensitivity_phase3plus,,binary.recall,False,5,5,0
origin_safe_climate_idp_v1,results/experiments/origin_safe_climate_idp_v1/runs/climate_no_history/6m/metrics/metrics_overall.csv,f2_phase3plus,,binary.f2,False,5,5,0
origin_safe_climate_idp_v1,results/experiments/origin_safe_climate_idp_v1/runs/climate_no_history/6m/metrics/metrics_overall.csv,r2_phase3plus,,share_phase3plus_r2,False,5,5,0
origin_safe_climate_idp_v1,results/experiments/origin_safe_climate_idp_v1/runs/climate_no_history/6m/metrics/metrics_overall.csv,mae_phase3plus,,share_phase3plus_mae,False,5,5,0
origin_safe_climate_idp_v1,results/experiments/origin_safe_climate_idp_v1/runs/climate_no_history/6m/metrics/metrics_overall.csv,ordinal_mae,,five_class.ordinal_mae,False,5,5,0
origin_safe_climate_idp_v1,results/experiments/origin_safe_climate_idp_v1/runs/climate_safe_history/0m/metrics/metrics_overall.csv,n_samples,,n_rows,False,5,5,0
origin_safe_climate_idp_v1,results/experiments/origin_safe_climate_idp_v1/runs/climate_safe_history/0m/metrics/metrics_overall.csv,exact_phase_accuracy,,five_class.accuracy,False,5,5,0
origin_safe_climate_idp_v1,results/experiments/origin_safe_climate_idp_v1/runs/climate_safe_history/0m/metrics/metrics_overall.csv,phase3plus_accuracy,,binary.accuracy,False,5,5,0
origin_safe_climate_idp_v1,results/experiments/origin_safe_climate_idp_v1/runs/climate_safe_history/0m/metrics/metrics_overall.csv,precision_phase3plus,,binary.precision,False,5,5,0
origin_safe_climate_idp_v1,results/experiments/origin_safe_climate_idp_v1/runs/climate_safe_history/0m/metrics/metrics_overall.csv,sensitivity_phase3plus,,binary.recall,False,5,5,0
origin_safe_climate_idp_v1,results/experiments/origin_safe_climate_idp_v1/runs/climate_safe_history/0m/metrics/metrics_overall.csv,f2_phase3plus,,binary.f2,False,5,5,0
origin_safe_climate_idp_v1,results/experiments/origin_safe_climate_idp_v1/runs/climate_safe_history/0m/metrics/metrics_overall.csv,r2_phase3plus,,share_phase3plus_r2,False,5,5,0
origin_safe_climate_idp_v1,results/experiments/origin_safe_climate_idp_v1/runs/climate_safe_history/0m/metrics/metrics_overall.csv,mae_phase3plus,,share_phase3plus_mae,False,5,5,0
origin_safe_climate_idp_v1,results/experiments/origin_safe_climate_idp_v1/runs/climate_safe_history/0m/metrics/metrics_overall.csv,ordinal_mae,,five_class.ordinal_mae,False,5,5,0
origin_safe_climate_idp_v1,results/experiments/origin_safe_climate_idp_v1/runs/climate_safe_history/12m/metrics/metrics_overall.csv,n_samples,,n_rows,False,5,5,0
origin_safe_climate_idp_v1,results/experiments/origin_safe_climate_idp_v1/runs/climate_safe_history/12m/metrics/metrics_overall.csv,exact_phase_accuracy,,five_class.accuracy,False,5,5,0
origin_safe_climate_idp_v1,results/experiments/origin_safe_climate_idp_v1/runs/climate_safe_history/12m/metrics/metrics_overall.csv,phase3plus_accuracy,,binary.accuracy,False,5,5,0
origin_safe_climate_idp_v1,results/experiments/origin_safe_climate_idp_v1/runs/climate_safe_history/12m/metrics/metrics_overall.csv,precision_phase3plus,,binary.precision,False,5,5,0
origin_safe_climate_idp_v1,results/experiments/origin_safe_climate_idp_v1/runs/climate_safe_history/12m/metrics/metrics_overall.csv,sensitivity_phase3plus,,binary.recall,False,5,5,0
origin_safe_climate_idp_v1,results/experiments/origin_safe_climate_idp_v1/runs/climate_safe_history/12m/metrics/metrics_overall.csv,f2_phase3plus,,binary.f2,False,5,5,0
origin_safe_climate_idp_v1,results/experiments/origin_safe_climate_idp_v1/runs/climate_safe_history/12m/metrics/metrics_overall.csv,r2_phase3plus,,share_phase3plus_r2,False,5,5,0
origin_safe_climate_idp_v1,results/experiments/origin_safe_climate_idp_v1/runs/climate_safe_history/12m/metrics/metrics_overall.csv,mae_phase3plus,,share_phase3plus_mae,False,5,5,0
origin_safe_climate_idp_v1,results/experiments/origin_safe_climate_idp_v1/runs/climate_safe_history/12m/metrics/metrics_overall.csv,ordinal_mae,,five_class.ordinal_mae,False,5,5,0
origin_safe_climate_idp_v1,results/experiments/origin_safe_climate_idp_v1/runs/climate_safe_history/3m/metrics/metrics_overall.csv,n_samples,,n_rows,False,5,5,0
origin_safe_climate_idp_v1,results/experiments/origin_safe_climate_idp_v1/runs/climate_safe_history/3m/metrics/metrics_overall.csv,exact_phase_accuracy,,five_class.accuracy,False,5,5,0
origin_safe_climate_idp_v1,results/experiments/origin_safe_climate_idp_v1/runs/climate_safe_history/3m/metrics/metrics_overall.csv,phase3plus_accuracy,,binary.accuracy,False,5,5,0
origin_safe_climate_idp_v1,results/experiments/origin_safe_climate_idp_v1/runs/climate_safe_history/3m/metrics/metrics_overall.csv,precision_phase3plus,,binary.precision,False,5,5,0
origin_safe_climate_idp_v1,results/experiments/origin_safe_climate_idp_v1/runs/climate_safe_history/3m/metrics/metrics_overall.csv,sensitivity_phase3plus,,binary.recall,False,5,5,0
origin_safe_climate_idp_v1,results/experiments/origin_safe_climate_idp_v1/runs/climate_safe_history/3m/metrics/metrics_overall.csv,f2_phase3plus,,binary.f2,False,5,5,0
origin_safe_climate_idp_v1,results/experiments/origin_safe_climate_idp_v1/runs/climate_safe_history/3m/metrics/metrics_overall.csv,r2_phase3plus,,share_phase3plus_r2,False,5,5,0
origin_safe_climate_idp_v1,results/experiments/origin_safe_climate_idp_v1/runs/climate_safe_history/3m/metrics/metrics_overall.csv,mae_phase3plus,,share_phase3plus_mae,False,5,5,0
origin_safe_climate_idp_v1,results/experiments/origin_safe_climate_idp_v1/runs/climate_safe_history/3m/metrics/metrics_overall.csv,ordinal_mae,,five_class.ordinal_mae,False,5,5,0
origin_safe_climate_idp_v1,results/experiments/origin_safe_climate_idp_v1/runs/climate_safe_history/6m/metrics/metrics_overall.csv,n_samples,,n_rows,False,5,5,0
origin_safe_climate_idp_v1,results/experiments/origin_safe_climate_idp_v1/runs/climate_safe_history/6m/metrics/metrics_overall.csv,exact_phase_accuracy,,five_class.accuracy,False,5,5,0
origin_safe_climate_idp_v1,results/experiments/origin_safe_climate_idp_v1/runs/climate_safe_history/6m/metrics/metrics_overall.csv,phase3plus_accuracy,,binary.accuracy,False,5,5,0
origin_safe_climate_idp_v1,results/experiments/origin_safe_climate_idp_v1/runs/climate_safe_history/6m/metrics/metrics_overall.csv,precision_phase3plus,,binary.precision,False,5,5,0
origin_safe_climate_idp_v1,results/experiments/origin_safe_climate_idp_v1/runs/climate_safe_history/6m/metrics/metrics_overall.csv,sensitivity_phase3plus,,binary.recall,False,5,5,0
origin_safe_climate_idp_v1,results/experiments/origin_safe_climate_idp_v1/runs/climate_safe_history/6m/metrics/metrics_overall.csv,f2_phase3plus,,binary.f2,False,5,5,0
origin_safe_climate_idp_v1,results/experiments/origin_safe_climate_idp_v1/runs/climate_safe_history/6m/metrics/metrics_overall.csv,r2_phase3plus,,share_phase3plus_r2,False,5,5,0
origin_safe_climate_idp_v1,results/experiments/origin_safe_climate_idp_v1/runs/climate_safe_history/6m/metrics/metrics_overall.csv,mae_phase3plus,,share_phase3plus_mae,False,5,5,0
origin_safe_climate_idp_v1,results/experiments/origin_safe_climate_idp_v1/runs/climate_safe_history/6m/metrics/metrics_overall.csv,ordinal_mae,,five_class.ordinal_mae,False,5,5,0
origin_safe_climate_idp_v1,results/experiments/origin_safe_climate_idp_v1/runs/climate_safe_history_idp/0m/metrics/metrics_overall.csv,n_samples,,n_rows,False,5,5,0
origin_safe_climate_idp_v1,results/experiments/origin_safe_climate_idp_v1/runs/climate_safe_history_idp/0m/metrics/metrics_overall.csv,exact_phase_accuracy,,five_class.accuracy,False,5,5,0
origin_safe_climate_idp_v1,results/experiments/origin_safe_climate_idp_v1/runs/climate_safe_history_idp/0m/metrics/metrics_overall.csv,phase3plus_accuracy,,binary.accuracy,False,5,5,0
origin_safe_climate_idp_v1,results/experiments/origin_safe_climate_idp_v1/runs/climate_safe_history_idp/0m/metrics/metrics_overall.csv,precision_phase3plus,,binary.precision,False,5,5,0
origin_safe_climate_idp_v1,results/experiments/origin_safe_climate_idp_v1/runs/climate_safe_history_idp/0m/metrics/metrics_overall.csv,sensitivity_phase3plus,,binary.recall,False,5,5,0
origin_safe_climate_idp_v1,results/experiments/origin_safe_climate_idp_v1/runs/climate_safe_history_idp/0m/metrics/metrics_overall.csv,f2_phase3plus,,binary.f2,False,5,5,0
origin_safe_climate_idp_v1,results/experiments/origin_safe_climate_idp_v1/runs/climate_safe_history_idp/0m/metrics/metrics_overall.csv,r2_phase3plus,,share_phase3plus_r2,False,5,5,0
origin_safe_climate_idp_v1,results/experiments/origin_safe_climate_idp_v1/runs/climate_safe_history_idp/0m/metrics/metrics_overall.csv,mae_phase3plus,,share_phase3plus_mae,False,5,5,0
origin_safe_climate_idp_v1,results/experiments/origin_safe_climate_idp_v1/runs/climate_safe_history_idp/0m/metrics/metrics_overall.csv,ordinal_mae,,five_class.ordinal_mae,False,5,5,0
origin_safe_climate_idp_v1,results/experiments/origin_safe_climate_idp_v1/runs/climate_safe_history_idp/12m/metrics/metrics_overall.csv,n_samples,,n_rows,False,5,5,0
origin_safe_climate_idp_v1,results/experiments/origin_safe_climate_idp_v1/runs/climate_safe_history_idp/12m/metrics/metrics_overall.csv,exact_phase_accuracy,,five_class.accuracy,False,5,5,0
origin_safe_climate_idp_v1,results/experiments/origin_safe_climate_idp_v1/runs/climate_safe_history_idp/12m/metrics/metrics_overall.csv,phase3plus_accuracy,,binary.accuracy,False,5,5,0
origin_safe_climate_idp_v1,results/experiments/origin_safe_climate_idp_v1/runs/climate_safe_history_idp/12m/metrics/metrics_overall.csv,precision_phase3plus,,binary.precision,False,5,5,0
origin_safe_climate_idp_v1,results/experiments/origin_safe_climate_idp_v1/runs/climate_safe_history_idp/12m/metrics/metrics_overall.csv,sensitivity_phase3plus,,binary.recall,False,5,5,0
origin_safe_climate_idp_v1,results/experiments/origin_safe_climate_idp_v1/runs/climate_safe_history_idp/12m/metrics/metrics_overall.csv,f2_phase3plus,,binary.f2,False,5,5,0
origin_safe_climate_idp_v1,results/experiments/origin_safe_climate_idp_v1/runs/climate_safe_history_idp/12m/metrics/metrics_overall.csv,r2_phase3plus,,share_phase3plus_r2,False,5,5,0
origin_safe_climate_idp_v1,results/experiments/origin_safe_climate_idp_v1/runs/climate_safe_history_idp/12m/metrics/metrics_overall.csv,mae_phase3plus,,share_phase3plus_mae,False,5,5,0
origin_safe_climate_idp_v1,results/experiments/origin_safe_climate_idp_v1/runs/climate_safe_history_idp/12m/metrics/metrics_overall.csv,ordinal_mae,,five_class.ordinal_mae,False,5,5,0
origin_safe_climate_idp_v1,results/experiments/origin_safe_climate_idp_v1/runs/climate_safe_history_idp/3m/metrics/metrics_overall.csv,n_samples,,n_rows,False,5,5,0
origin_safe_climate_idp_v1,results/experiments/origin_safe_climate_idp_v1/runs/climate_safe_history_idp/3m/metrics/metrics_overall.csv,exact_phase_accuracy,,five_class.accuracy,False,5,5,0
origin_safe_climate_idp_v1,results/experiments/origin_safe_climate_idp_v1/runs/climate_safe_history_idp/3m/metrics/metrics_overall.csv,phase3plus_accuracy,,binary.accuracy,False,5,5,0
origin_safe_climate_idp_v1,results/experiments/origin_safe_climate_idp_v1/runs/climate_safe_history_idp/3m/metrics/metrics_overall.csv,precision_phase3plus,,binary.precision,False,5,5,0
origin_safe_climate_idp_v1,results/experiments/origin_safe_climate_idp_v1/runs/climate_safe_history_idp/3m/metrics/metrics_overall.csv,sensitivity_phase3plus,,binary.recall,False,5,5,0
origin_safe_climate_idp_v1,results/experiments/origin_safe_climate_idp_v1/runs/climate_safe_history_idp/3m/metrics/metrics_overall.csv,f2_phase3plus,,binary.f2,False,5,5,0
origin_safe_climate_idp_v1,results/experiments/origin_safe_climate_idp_v1/runs/climate_safe_history_idp/3m/metrics/metrics_overall.csv,r2_phase3plus,,share_phase3plus_r2,False,5,5,0
origin_safe_climate_idp_v1,results/experiments/origin_safe_climate_idp_v1/runs/climate_safe_history_idp/3m/metrics/metrics_overall.csv,mae_phase3plus,,share_phase3plus_mae,False,5,5,0
origin_safe_climate_idp_v1,results/experiments/origin_safe_climate_idp_v1/runs/climate_safe_history_idp/3m/metrics/metrics_overall.csv,ordinal_mae,,five_class.ordinal_mae,False,5,5,0
origin_safe_climate_idp_v1,results/experiments/origin_safe_climate_idp_v1/runs/climate_safe_history_idp/6m/metrics/metrics_overall.csv,n_samples,,n_rows,False,5,5,0
origin_safe_climate_idp_v1,results/experiments/origin_safe_climate_idp_v1/runs/climate_safe_history_idp/6m/metrics/metrics_overall.csv,exact_phase_accuracy,,five_class.accuracy,False,5,5,0
origin_safe_climate_idp_v1,results/experiments/origin_safe_climate_idp_v1/runs/climate_safe_history_idp/6m/metrics/metrics_overall.csv,phase3plus_accuracy,,binary.accuracy,False,5,5,0
origin_safe_climate_idp_v1,results/experiments/origin_safe_climate_idp_v1/runs/climate_safe_history_idp/6m/metrics/metrics_overall.csv,precision_phase3plus,,binary.precision,False,5,5,0
origin_safe_climate_idp_v1,results/experiments/origin_safe_climate_idp_v1/runs/climate_safe_history_idp/6m/metrics/metrics_overall.csv,sensitivity_phase3plus,,binary.recall,False,5,5,0
origin_safe_climate_idp_v1,results/experiments/origin_safe_climate_idp_v1/runs/climate_safe_history_idp/6m/metrics/metrics_overall.csv,f2_phase3plus,,binary.f2,False,5,5,0
origin_safe_climate_idp_v1,results/experiments/origin_safe_climate_idp_v1/runs/climate_safe_history_idp/6m/metrics/metrics_overall.csv,r2_phase3plus,,share_phase3plus_r2,False,5,5,0
origin_safe_climate_idp_v1,results/experiments/origin_safe_climate_idp_v1/runs/climate_safe_history_idp/6m/metrics/metrics_overall.csv,mae_phase3plus,,share_phase3plus_mae,False,5,5,0
origin_safe_climate_idp_v1,results/experiments/origin_safe_climate_idp_v1/runs/climate_safe_history_idp/6m/metrics/metrics_overall.csv,ordinal_mae,,five_class.ordinal_mae,False,5,5,0
origin_safe_weather_oracle_v1,results/experiments/origin_safe_weather_oracle_v1/runs/climate_safe_history_idp_oracle/12m/metrics/metrics_overall.csv,n_samples,,n_rows,False,5,5,0
origin_safe_weather_oracle_v1,results/experiments/origin_safe_weather_oracle_v1/runs/climate_safe_history_idp_oracle/12m/metrics/metrics_overall.csv,exact_phase_accuracy,,five_class.accuracy,False,5,5,0
origin_safe_weather_oracle_v1,results/experiments/origin_safe_weather_oracle_v1/runs/climate_safe_history_idp_oracle/12m/metrics/metrics_overall.csv,phase3plus_accuracy,,binary.accuracy,False,5,5,0
origin_safe_weather_oracle_v1,results/experiments/origin_safe_weather_oracle_v1/runs/climate_safe_history_idp_oracle/12m/metrics/metrics_overall.csv,precision_phase3plus,,binary.precision,False,5,5,0
origin_safe_weather_oracle_v1,results/experiments/origin_safe_weather_oracle_v1/runs/climate_safe_history_idp_oracle/12m/metrics/metrics_overall.csv,sensitivity_phase3plus,,binary.recall,False,5,5,0
origin_safe_weather_oracle_v1,results/experiments/origin_safe_weather_oracle_v1/runs/climate_safe_history_idp_oracle/12m/metrics/metrics_overall.csv,f2_phase3plus,,binary.f2,False,5,5,0
origin_safe_weather_oracle_v1,results/experiments/origin_safe_weather_oracle_v1/runs/climate_safe_history_idp_oracle/12m/metrics/metrics_overall.csv,r2_phase3plus,,share_phase3plus_r2,False,5,5,0
origin_safe_weather_oracle_v1,results/experiments/origin_safe_weather_oracle_v1/runs/climate_safe_history_idp_oracle/12m/metrics/metrics_overall.csv,mae_phase3plus,,share_phase3plus_mae,False,5,5,0
origin_safe_weather_oracle_v1,results/experiments/origin_safe_weather_oracle_v1/runs/climate_safe_history_idp_oracle/12m/metrics/metrics_overall.csv,ordinal_mae,,five_class.ordinal_mae,False,5,5,0
origin_safe_weather_oracle_v1,results/experiments/origin_safe_weather_oracle_v1/runs/climate_safe_history_idp_oracle/3m/metrics/metrics_overall.csv,n_samples,,n_rows,False,5,5,0
origin_safe_weather_oracle_v1,results/experiments/origin_safe_weather_oracle_v1/runs/climate_safe_history_idp_oracle/3m/metrics/metrics_overall.csv,exact_phase_accuracy,,five_class.accuracy,False,5,5,0
origin_safe_weather_oracle_v1,results/experiments/origin_safe_weather_oracle_v1/runs/climate_safe_history_idp_oracle/3m/metrics/metrics_overall.csv,phase3plus_accuracy,,binary.accuracy,False,5,5,0
origin_safe_weather_oracle_v1,results/experiments/origin_safe_weather_oracle_v1/runs/climate_safe_history_idp_oracle/3m/metrics/metrics_overall.csv,precision_phase3plus,,binary.precision,False,5,5,0
origin_safe_weather_oracle_v1,results/experiments/origin_safe_weather_oracle_v1/runs/climate_safe_history_idp_oracle/3m/metrics/metrics_overall.csv,sensitivity_phase3plus,,binary.recall,False,5,5,0
origin_safe_weather_oracle_v1,results/experiments/origin_safe_weather_oracle_v1/runs/climate_safe_history_idp_oracle/3m/metrics/metrics_overall.csv,f2_phase3plus,,binary.f2,False,5,5,0
origin_safe_weather_oracle_v1,results/experiments/origin_safe_weather_oracle_v1/runs/climate_safe_history_idp_oracle/3m/metrics/metrics_overall.csv,r2_phase3plus,,share_phase3plus_r2,False,5,5,0
origin_safe_weather_oracle_v1,results/experiments/origin_safe_weather_oracle_v1/runs/climate_safe_history_idp_oracle/3m/metrics/metrics_overall.csv,mae_phase3plus,,share_phase3plus_mae,False,5,5,0
origin_safe_weather_oracle_v1,results/experiments/origin_safe_weather_oracle_v1/runs/climate_safe_history_idp_oracle/3m/metrics/metrics_overall.csv,ordinal_mae,,five_class.ordinal_mae,False,5,5,0
origin_safe_weather_oracle_v1,results/experiments/origin_safe_weather_oracle_v1/runs/climate_safe_history_idp_oracle/6m/metrics/metrics_overall.csv,n_samples,,n_rows,False,5,5,0
origin_safe_weather_oracle_v1,results/experiments/origin_safe_weather_oracle_v1/runs/climate_safe_history_idp_oracle/6m/metrics/metrics_overall.csv,exact_phase_accuracy,,five_class.accuracy,False,5,5,0
origin_safe_weather_oracle_v1,results/experiments/origin_safe_weather_oracle_v1/runs/climate_safe_history_idp_oracle/6m/metrics/metrics_overall.csv,phase3plus_accuracy,,binary.accuracy,False,5,5,0
origin_safe_weather_oracle_v1,results/experiments/origin_safe_weather_oracle_v1/runs/climate_safe_history_idp_oracle/6m/metrics/metrics_overall.csv,precision_phase3plus,,binary.precision,False,5,5,0
origin_safe_weather_oracle_v1,results/experiments/origin_safe_weather_oracle_v1/runs/climate_safe_history_idp_oracle/6m/metrics/metrics_overall.csv,sensitivity_phase3plus,,binary.recall,False,5,5,0
origin_safe_weather_oracle_v1,results/experiments/origin_safe_weather_oracle_v1/runs/climate_safe_history_idp_oracle/6m/metrics/metrics_overall.csv,f2_phase3plus,,binary.f2,False,5,5,0
origin_safe_weather_oracle_v1,results/experiments/origin_safe_weather_oracle_v1/runs/climate_safe_history_idp_oracle/6m/metrics/metrics_overall.csv,r2_phase3plus,,share_phase3plus_r2,False,5,5,0
origin_safe_weather_oracle_v1,results/experiments/origin_safe_weather_oracle_v1/runs/climate_safe_history_idp_oracle/6m/metrics/metrics_overall.csv,mae_phase3plus,,share_phase3plus_mae,False,5,5,0
origin_safe_weather_oracle_v1,results/experiments/origin_safe_weather_oracle_v1/runs/climate_safe_history_idp_oracle/6m/metrics/metrics_overall.csv,ordinal_mae,,five_class.ordinal_mae,False,5,5,0
origin_safe_weather_oracle_v1,results/experiments/origin_safe_weather_oracle_v1/runs/climate_safe_history_idp_oracle_b6/12m/metrics/metrics_overall.csv,n_samples,,n_rows,False,5,5,0
origin_safe_weather_oracle_v1,results/experiments/origin_safe_weather_oracle_v1/runs/climate_safe_history_idp_oracle_b6/12m/metrics/metrics_overall.csv,exact_phase_accuracy,,five_class.accuracy,False,5,5,0
origin_safe_weather_oracle_v1,results/experiments/origin_safe_weather_oracle_v1/runs/climate_safe_history_idp_oracle_b6/12m/metrics/metrics_overall.csv,phase3plus_accuracy,,binary.accuracy,False,5,5,0
origin_safe_weather_oracle_v1,results/experiments/origin_safe_weather_oracle_v1/runs/climate_safe_history_idp_oracle_b6/12m/metrics/metrics_overall.csv,precision_phase3plus,,binary.precision,False,5,5,0
origin_safe_weather_oracle_v1,results/experiments/origin_safe_weather_oracle_v1/runs/climate_safe_history_idp_oracle_b6/12m/metrics/metrics_overall.csv,sensitivity_phase3plus,,binary.recall,False,5,5,0
origin_safe_weather_oracle_v1,results/experiments/origin_safe_weather_oracle_v1/runs/climate_safe_history_idp_oracle_b6/12m/metrics/metrics_overall.csv,f2_phase3plus,,binary.f2,False,5,5,0
origin_safe_weather_oracle_v1,results/experiments/origin_safe_weather_oracle_v1/runs/climate_safe_history_idp_oracle_b6/12m/metrics/metrics_overall.csv,r2_phase3plus,,share_phase3plus_r2,False,5,5,0
origin_safe_weather_oracle_v1,results/experiments/origin_safe_weather_oracle_v1/runs/climate_safe_history_idp_oracle_b6/12m/metrics/metrics_overall.csv,mae_phase3plus,,share_phase3plus_mae,False,5,5,0
origin_safe_weather_oracle_v1,results/experiments/origin_safe_weather_oracle_v1/runs/climate_safe_history_idp_oracle_b6/12m/metrics/metrics_overall.csv,ordinal_mae,,five_class.ordinal_mae,False,5,5,0
origin_safe_weather_oracle_v1,results/experiments/origin_safe_weather_oracle_v1/runs/climate_safe_history_idp_oracle_b6/3m/metrics/metrics_overall.csv,n_samples,,n_rows,False,5,5,0
origin_safe_weather_oracle_v1,results/experiments/origin_safe_weather_oracle_v1/runs/climate_safe_history_idp_oracle_b6/3m/metrics/metrics_overall.csv,exact_phase_accuracy,,five_class.accuracy,False,5,5,0
origin_safe_weather_oracle_v1,results/experiments/origin_safe_weather_oracle_v1/runs/climate_safe_history_idp_oracle_b6/3m/metrics/metrics_overall.csv,phase3plus_accuracy,,binary.accuracy,False,5,5,0
origin_safe_weather_oracle_v1,results/experiments/origin_safe_weather_oracle_v1/runs/climate_safe_history_idp_oracle_b6/3m/metrics/metrics_overall.csv,precision_phase3plus,,binary.precision,False,5,5,0
origin_safe_weather_oracle_v1,results/experiments/origin_safe_weather_oracle_v1/runs/climate_safe_history_idp_oracle_b6/3m/metrics/metrics_overall.csv,sensitivity_phase3plus,,binary.recall,False,5,5,0
origin_safe_weather_oracle_v1,results/experiments/origin_safe_weather_oracle_v1/runs/climate_safe_history_idp_oracle_b6/3m/metrics/metrics_overall.csv,f2_phase3plus,,binary.f2,False,5,5,0
origin_safe_weather_oracle_v1,results/experiments/origin_safe_weather_oracle_v1/runs/climate_safe_history_idp_oracle_b6/3m/metrics/metrics_overall.csv,r2_phase3plus,,share_phase3plus_r2,False,5,5,0
origin_safe_weather_oracle_v1,results/experiments/origin_safe_weather_oracle_v1/runs/climate_safe_history_idp_oracle_b6/3m/metrics/metrics_overall.csv,mae_phase3plus,,share_phase3plus_mae,False,5,5,0
origin_safe_weather_oracle_v1,results/experiments/origin_safe_weather_oracle_v1/runs/climate_safe_history_idp_oracle_b6/3m/metrics/metrics_overall.csv,ordinal_mae,,five_class.ordinal_mae,False,5,5,0
origin_safe_weather_oracle_v1,results/experiments/origin_safe_weather_oracle_v1/runs/climate_safe_history_idp_oracle_b6/6m/metrics/metrics_overall.csv,n_samples,,n_rows,False,5,5,0
origin_safe_weather_oracle_v1,results/experiments/origin_safe_weather_oracle_v1/runs/climate_safe_history_idp_oracle_b6/6m/metrics/metrics_overall.csv,exact_phase_accuracy,,five_class.accuracy,False,5,5,0
origin_safe_weather_oracle_v1,results/experiments/origin_safe_weather_oracle_v1/runs/climate_safe_history_idp_oracle_b6/6m/metrics/metrics_overall.csv,phase3plus_accuracy,,binary.accuracy,False,5,5,0
origin_safe_weather_oracle_v1,results/experiments/origin_safe_weather_oracle_v1/runs/climate_safe_history_idp_oracle_b6/6m/metrics/metrics_overall.csv,precision_phase3plus,,binary.precision,False,5,5,0
origin_safe_weather_oracle_v1,results/experiments/origin_safe_weather_oracle_v1/runs/climate_safe_history_idp_oracle_b6/6m/metrics/metrics_overall.csv,sensitivity_phase3plus,,binary.recall,False,5,5,0
origin_safe_weather_oracle_v1,results/experiments/origin_safe_weather_oracle_v1/runs/climate_safe_history_idp_oracle_b6/6m/metrics/metrics_overall.csv,f2_phase3plus,,binary.f2,False,5,5,0
origin_safe_weather_oracle_v1,results/experiments/origin_safe_weather_oracle_v1/runs/climate_safe_history_idp_oracle_b6/6m/metrics/metrics_overall.csv,r2_phase3plus,,share_phase3plus_r2,False,5,5,0
origin_safe_weather_oracle_v1,results/experiments/origin_safe_weather_oracle_v1/runs/climate_safe_history_idp_oracle_b6/6m/metrics/metrics_overall.csv,mae_phase3plus,,share_phase3plus_mae,False,5,5,0
origin_safe_weather_oracle_v1,results/experiments/origin_safe_weather_oracle_v1/runs/climate_safe_history_idp_oracle_b6/6m/metrics/metrics_overall.csv,ordinal_mae,,five_class.ordinal_mae,False,5,5,0
origin_safe_weather_oracle_v1,results/experiments/origin_safe_weather_oracle_v1/verification/global_comparison_baseline_first.csv,n_samples,,n_rows,False,50,50,0
origin_safe_weather_oracle_v1,results/experiments/origin_safe_weather_oracle_v1/verification/global_comparison_baseline_first.csv,exact_phase_accuracy,,five_class.accuracy,False,50,50,0
origin_safe_weather_oracle_v1,results/experiments/origin_safe_weather_oracle_v1/verification/global_comparison_baseline_first.csv,phase3plus_accuracy,,binary.accuracy,False,50,50,0
origin_safe_weather_oracle_v1,results/experiments/origin_safe_weather_oracle_v1/verification/global_comparison_baseline_first.csv,precision_phase3plus,,binary.precision,False,50,50,0
origin_safe_weather_oracle_v1,results/experiments/origin_safe_weather_oracle_v1/verification/global_comparison_baseline_first.csv,sensitivity_phase3plus,,binary.recall,False,50,50,0
origin_safe_weather_oracle_v1,results/experiments/origin_safe_weather_oracle_v1/verification/global_comparison_baseline_first.csv,f2_phase3plus,,binary.f2,False,50,50,0
origin_safe_weather_oracle_v1,results/experiments/origin_safe_weather_oracle_v1/verification/global_comparison_baseline_first.csv,r2_phase3plus,,share_phase3plus_r2,False,50,50,0
origin_safe_weather_oracle_v1,results/experiments/origin_safe_weather_oracle_v1/verification/global_comparison_baseline_first.csv,mae_phase3plus,,share_phase3plus_mae,False,50,50,0
origin_safe_weather_oracle_v1,results/experiments/origin_safe_weather_oracle_v1/verification/global_comparison_baseline_first.csv,ordinal_mae,,five_class.ordinal_mae,False,50,50,0
origin_safe_weather_oracle_v1,results/experiments/origin_safe_weather_oracle_v1/region3/region3_metrics.csv,n_rows,,n_rows,False,50,50,0
origin_safe_weather_oracle_v1,results/experiments/origin_safe_weather_oracle_v1/region3/region3_metrics.csv,n_areas,,n_areas,False,50,50,0
origin_safe_weather_oracle_v1,results/experiments/origin_safe_weather_oracle_v1/region3/region3_metrics.csv,n_countries,,n_countries,False,50,50,0
origin_safe_weather_oracle_v1,results/experiments/origin_safe_weather_oracle_v1/region3/region3_metrics.csv,exact_phase_accuracy,,five_class.accuracy,False,50,50,0
origin_safe_weather_oracle_v1,results/experiments/origin_safe_weather_oracle_v1/region3/region3_metrics.csv,phase3plus_accuracy,,binary.accuracy,False,50,50,0
origin_safe_weather_oracle_v1,results/experiments/origin_safe_weather_oracle_v1/region3/region3_metrics.csv,precision_phase3plus,,binary.precision,False,50,50,0
origin_safe_weather_oracle_v1,results/experiments/origin_safe_weather_oracle_v1/region3/region3_metrics.csv,sensitivity_phase3plus,,binary.recall,False,50,50,0
origin_safe_weather_oracle_v1,results/experiments/origin_safe_weather_oracle_v1/region3/region3_metrics.csv,f2_phase3plus,,binary.f2,False,50,50,0
origin_safe_weather_oracle_v1,results/experiments/origin_safe_weather_oracle_v1/region3/region3_metrics.csv,r2_phase3plus,,share_phase3plus_r2,False,50,50,0
origin_safe_weather_oracle_v1,results/experiments/origin_safe_weather_oracle_v1/region3/region3_metrics.csv,mae_phase3plus,,share_phase3plus_mae,False,50,50,0
origin_safe_weather_oracle_v1,results/experiments/origin_safe_weather_oracle_v1/region3/region3_metrics.csv,ordinal_mae,,five_class.ordinal_mae,False,50,50,0
origin_safe_weather_oracle_v1,results/experiments/origin_safe_weather_oracle_v1/region3/region3_paired_intervals.csv,point_delta,exact_phase_accuracy,delta.five_class.accuracy,False,45,45,0
origin_safe_weather_oracle_v1,results/experiments/origin_safe_weather_oracle_v1/region3/region3_paired_intervals.csv,point_delta,f2_phase3plus,delta.binary.f2,False,45,45,0
origin_safe_weather_oracle_v1,results/experiments/origin_safe_weather_oracle_v1/region3/region3_paired_intervals.csv,point_delta,mae_phase3plus,delta.share_phase3plus_mae,False,45,45,0
origin_safe_weather_oracle_v1,results/experiments/origin_safe_weather_oracle_v1/region3/region3_paired_intervals.csv,point_delta,ordinal_mae,delta.five_class.ordinal_mae,False,45,45,0
origin_safe_weather_oracle_v1,results/experiments/origin_safe_weather_oracle_v1/region3/region3_paired_intervals.csv,point_delta,phase3plus_accuracy,delta.binary.accuracy,False,45,45,0
origin_safe_weather_oracle_v1,results/experiments/origin_safe_weather_oracle_v1/region3/region3_paired_intervals.csv,point_delta,precision_phase3plus,delta.binary.precision,False,45,45,0
origin_safe_weather_oracle_v1,results/experiments/origin_safe_weather_oracle_v1/region3/region3_paired_intervals.csv,point_delta,r2_phase3plus,delta.share_phase3plus_r2,False,45,45,0
origin_safe_weather_oracle_v1,results/experiments/origin_safe_weather_oracle_v1/region3/region3_paired_intervals.csv,point_delta,sensitivity_phase3plus,delta.binary.recall,False,45,45,0
origin_safe_weather_oracle_v1,results/experiments/origin_safe_weather_oracle_v1/region3/region3_paired_intervals.csv,draws_total,exact_phase_accuracy,delta.five_class.accuracy.draws_total,False,45,45,0
origin_safe_weather_oracle_v1,results/experiments/origin_safe_weather_oracle_v1/region3/region3_paired_intervals.csv,draws_total,f2_phase3plus,delta.binary.f2.draws_total,False,45,45,0
origin_safe_weather_oracle_v1,results/experiments/origin_safe_weather_oracle_v1/region3/region3_paired_intervals.csv,draws_total,mae_phase3plus,delta.share_phase3plus_mae.draws_total,False,45,45,0
origin_safe_weather_oracle_v1,results/experiments/origin_safe_weather_oracle_v1/region3/region3_paired_intervals.csv,draws_total,ordinal_mae,delta.five_class.ordinal_mae.draws_total,False,45,45,0
origin_safe_weather_oracle_v1,results/experiments/origin_safe_weather_oracle_v1/region3/region3_paired_intervals.csv,draws_total,phase3plus_accuracy,delta.binary.accuracy.draws_total,False,45,45,0
origin_safe_weather_oracle_v1,results/experiments/origin_safe_weather_oracle_v1/region3/region3_paired_intervals.csv,draws_total,precision_phase3plus,delta.binary.precision.draws_total,False,45,45,0
origin_safe_weather_oracle_v1,results/experiments/origin_safe_weather_oracle_v1/region3/region3_paired_intervals.csv,draws_total,r2_phase3plus,delta.share_phase3plus_r2.draws_total,False,45,45,0
origin_safe_weather_oracle_v1,results/experiments/origin_safe_weather_oracle_v1/region3/region3_paired_intervals.csv,draws_total,sensitivity_phase3plus,delta.binary.recall.draws_total,False,45,45,0
origin_safe_weather_oracle_v1,results/experiments/origin_safe_weather_oracle_v1/region3/region3_paired_intervals.csv,draws_valid,exact_phase_accuracy,delta.five_class.accuracy.draws_valid,False,45,45,0
origin_safe_weather_oracle_v1,results/experiments/origin_safe_weather_oracle_v1/region3/region3_paired_intervals.csv,draws_valid,f2_phase3plus,delta.binary.f2.draws_valid,False,45,45,0
origin_safe_weather_oracle_v1,results/experiments/origin_safe_weather_oracle_v1/region3/region3_paired_intervals.csv,draws_valid,mae_phase3plus,delta.share_phase3plus_mae.draws_valid,False,45,45,0
origin_safe_weather_oracle_v1,results/experiments/origin_safe_weather_oracle_v1/region3/region3_paired_intervals.csv,draws_valid,ordinal_mae,delta.five_class.ordinal_mae.draws_valid,False,45,45,0
origin_safe_weather_oracle_v1,results/experiments/origin_safe_weather_oracle_v1/region3/region3_paired_intervals.csv,draws_valid,phase3plus_accuracy,delta.binary.accuracy.draws_valid,False,45,45,0
origin_safe_weather_oracle_v1,results/experiments/origin_safe_weather_oracle_v1/region3/region3_paired_intervals.csv,draws_valid,precision_phase3plus,delta.binary.precision.draws_valid,False,45,45,0
origin_safe_weather_oracle_v1,results/experiments/origin_safe_weather_oracle_v1/region3/region3_paired_intervals.csv,draws_valid,r2_phase3plus,delta.share_phase3plus_r2.draws_valid,False,45,45,0
origin_safe_weather_oracle_v1,results/experiments/origin_safe_weather_oracle_v1/region3/region3_paired_intervals.csv,draws_valid,sensitivity_phase3plus,delta.binary.recall.draws_valid,False,45,45,0
origin_safe_weather_oracle_v1,results/experiments/origin_safe_weather_oracle_v1/region3/region3_paired_intervals.csv,draws_invalid,exact_phase_accuracy,delta.five_class.accuracy.draws_invalid,False,45,45,0
origin_safe_weather_oracle_v1,results/experiments/origin_safe_weather_oracle_v1/region3/region3_paired_intervals.csv,draws_invalid,f2_phase3plus,delta.binary.f2.draws_invalid,False,45,45,0
origin_safe_weather_oracle_v1,results/experiments/origin_safe_weather_oracle_v1/region3/region3_paired_intervals.csv,draws_invalid,mae_phase3plus,delta.share_phase3plus_mae.draws_invalid,False,45,45,0
origin_safe_weather_oracle_v1,results/experiments/origin_safe_weather_oracle_v1/region3/region3_paired_intervals.csv,draws_invalid,ordinal_mae,delta.five_class.ordinal_mae.draws_invalid,False,45,45,0
origin_safe_weather_oracle_v1,results/experiments/origin_safe_weather_oracle_v1/region3/region3_paired_intervals.csv,draws_invalid,phase3plus_accuracy,delta.binary.accuracy.draws_invalid,False,45,45,0
origin_safe_weather_oracle_v1,results/experiments/origin_safe_weather_oracle_v1/region3/region3_paired_intervals.csv,draws_invalid,precision_phase3plus,delta.binary.precision.draws_invalid,False,45,45,0
origin_safe_weather_oracle_v1,results/experiments/origin_safe_weather_oracle_v1/region3/region3_paired_intervals.csv,draws_invalid,r2_phase3plus,delta.share_phase3plus_r2.draws_invalid,False,45,45,0
origin_safe_weather_oracle_v1,results/experiments/origin_safe_weather_oracle_v1/region3/region3_paired_intervals.csv,draws_invalid,sensitivity_phase3plus,delta.binary.recall.draws_invalid,False,45,45,0
origin_safe_weather_oracle_v1,results/experiments/origin_safe_weather_oracle_v1/region3/region3_paired_intervals.csv,invalid_fraction,exact_phase_accuracy,delta.five_class.accuracy.invalid_fraction,False,45,45,0
origin_safe_weather_oracle_v1,results/experiments/origin_safe_weather_oracle_v1/region3/region3_paired_intervals.csv,invalid_fraction,f2_phase3plus,delta.binary.f2.invalid_fraction,False,45,45,0
origin_safe_weather_oracle_v1,results/experiments/origin_safe_weather_oracle_v1/region3/region3_paired_intervals.csv,invalid_fraction,mae_phase3plus,delta.share_phase3plus_mae.invalid_fraction,False,45,45,0
origin_safe_weather_oracle_v1,results/experiments/origin_safe_weather_oracle_v1/region3/region3_paired_intervals.csv,invalid_fraction,ordinal_mae,delta.five_class.ordinal_mae.invalid_fraction,False,45,45,0
origin_safe_weather_oracle_v1,results/experiments/origin_safe_weather_oracle_v1/region3/region3_paired_intervals.csv,invalid_fraction,phase3plus_accuracy,delta.binary.accuracy.invalid_fraction,False,45,45,0
origin_safe_weather_oracle_v1,results/experiments/origin_safe_weather_oracle_v1/region3/region3_paired_intervals.csv,invalid_fraction,precision_phase3plus,delta.binary.precision.invalid_fraction,False,45,45,0
origin_safe_weather_oracle_v1,results/experiments/origin_safe_weather_oracle_v1/region3/region3_paired_intervals.csv,invalid_fraction,r2_phase3plus,delta.share_phase3plus_r2.invalid_fraction,False,45,45,0
origin_safe_weather_oracle_v1,results/experiments/origin_safe_weather_oracle_v1/region3/region3_paired_intervals.csv,invalid_fraction,sensitivity_phase3plus,delta.binary.recall.invalid_fraction,False,45,45,0
origin_safe_weather_oracle_v1,results/experiments/origin_safe_weather_oracle_v1/region3/region3_paired_intervals.csv,min_valid_draws,exact_phase_accuracy,delta.five_class.accuracy.min_valid_draws,False,45,45,0
origin_safe_weather_oracle_v1,results/experiments/origin_safe_weather_oracle_v1/region3/region3_paired_intervals.csv,min_valid_draws,f2_phase3plus,delta.binary.f2.min_valid_draws,False,45,45,0
origin_safe_weather_oracle_v1,results/experiments/origin_safe_weather_oracle_v1/region3/region3_paired_intervals.csv,min_valid_draws,mae_phase3plus,delta.share_phase3plus_mae.min_valid_draws,False,45,45,0
origin_safe_weather_oracle_v1,results/experiments/origin_safe_weather_oracle_v1/region3/region3_paired_intervals.csv,min_valid_draws,ordinal_mae,delta.five_class.ordinal_mae.min_valid_draws,False,45,45,0
origin_safe_weather_oracle_v1,results/experiments/origin_safe_weather_oracle_v1/region3/region3_paired_intervals.csv,min_valid_draws,phase3plus_accuracy,delta.binary.accuracy.min_valid_draws,False,45,45,0
origin_safe_weather_oracle_v1,results/experiments/origin_safe_weather_oracle_v1/region3/region3_paired_intervals.csv,min_valid_draws,precision_phase3plus,delta.binary.precision.min_valid_draws,False,45,45,0
origin_safe_weather_oracle_v1,results/experiments/origin_safe_weather_oracle_v1/region3/region3_paired_intervals.csv,min_valid_draws,r2_phase3plus,delta.share_phase3plus_r2.min_valid_draws,False,45,45,0
origin_safe_weather_oracle_v1,results/experiments/origin_safe_weather_oracle_v1/region3/region3_paired_intervals.csv,min_valid_draws,sensitivity_phase3plus,delta.binary.recall.min_valid_draws,False,45,45,0
origin_safe_weather_oracle_v1,results/experiments/origin_safe_weather_oracle_v1/region3/region3_paired_intervals.csv,ci_lower,exact_phase_accuracy,delta.five_class.accuracy.ci_low,False,45,45,0
origin_safe_weather_oracle_v1,results/experiments/origin_safe_weather_oracle_v1/region3/region3_paired_intervals.csv,ci_lower,f2_phase3plus,delta.binary.f2.ci_low,False,45,45,0
origin_safe_weather_oracle_v1,results/experiments/origin_safe_weather_oracle_v1/region3/region3_paired_intervals.csv,ci_lower,mae_phase3plus,delta.share_phase3plus_mae.ci_low,False,45,45,0
origin_safe_weather_oracle_v1,results/experiments/origin_safe_weather_oracle_v1/region3/region3_paired_intervals.csv,ci_lower,ordinal_mae,delta.five_class.ordinal_mae.ci_low,False,45,45,0
origin_safe_weather_oracle_v1,results/experiments/origin_safe_weather_oracle_v1/region3/region3_paired_intervals.csv,ci_lower,phase3plus_accuracy,delta.binary.accuracy.ci_low,False,45,45,0
origin_safe_weather_oracle_v1,results/experiments/origin_safe_weather_oracle_v1/region3/region3_paired_intervals.csv,ci_lower,precision_phase3plus,delta.binary.precision.ci_low,False,45,45,0
origin_safe_weather_oracle_v1,results/experiments/origin_safe_weather_oracle_v1/region3/region3_paired_intervals.csv,ci_lower,r2_phase3plus,delta.share_phase3plus_r2.ci_low,False,45,45,0
origin_safe_weather_oracle_v1,results/experiments/origin_safe_weather_oracle_v1/region3/region3_paired_intervals.csv,ci_lower,sensitivity_phase3plus,delta.binary.recall.ci_low,False,45,45,0
origin_safe_weather_oracle_v1,results/experiments/origin_safe_weather_oracle_v1/region3/region3_paired_intervals.csv,ci_upper,exact_phase_accuracy,delta.five_class.accuracy.ci_high,False,45,45,0
origin_safe_weather_oracle_v1,results/experiments/origin_safe_weather_oracle_v1/region3/region3_paired_intervals.csv,ci_upper,f2_phase3plus,delta.binary.f2.ci_high,False,45,45,0
origin_safe_weather_oracle_v1,results/experiments/origin_safe_weather_oracle_v1/region3/region3_paired_intervals.csv,ci_upper,mae_phase3plus,delta.share_phase3plus_mae.ci_high,False,45,45,0
origin_safe_weather_oracle_v1,results/experiments/origin_safe_weather_oracle_v1/region3/region3_paired_intervals.csv,ci_upper,ordinal_mae,delta.five_class.ordinal_mae.ci_high,False,45,45,0
origin_safe_weather_oracle_v1,results/experiments/origin_safe_weather_oracle_v1/region3/region3_paired_intervals.csv,ci_upper,phase3plus_accuracy,delta.binary.accuracy.ci_high,False,45,45,0
origin_safe_weather_oracle_v1,results/experiments/origin_safe_weather_oracle_v1/region3/region3_paired_intervals.csv,ci_upper,precision_phase3plus,delta.binary.precision.ci_high,False,45,45,0
origin_safe_weather_oracle_v1,results/experiments/origin_safe_weather_oracle_v1/region3/region3_paired_intervals.csv,ci_upper,r2_phase3plus,delta.share_phase3plus_r2.ci_high,False,45,45,0
origin_safe_weather_oracle_v1,results/experiments/origin_safe_weather_oracle_v1/region3/region3_paired_intervals.csv,ci_upper,sensitivity_phase3plus,delta.binary.recall.ci_high,False,45,45,0
compact_global_original,results/experiments/compact_climate_weather_oracle_v1/runs/compact_baseline/0m/metrics/metrics_overall.csv,n_samples,,n_rows,False,5,5,0
compact_global_original,results/experiments/compact_climate_weather_oracle_v1/runs/compact_baseline/0m/metrics/metrics_overall.csv,exact_phase_accuracy,,five_class.accuracy,False,5,5,0
compact_global_original,results/experiments/compact_climate_weather_oracle_v1/runs/compact_baseline/0m/metrics/metrics_overall.csv,phase3plus_accuracy,,binary.accuracy,False,5,5,0
compact_global_original,results/experiments/compact_climate_weather_oracle_v1/runs/compact_baseline/0m/metrics/metrics_overall.csv,precision_phase3plus,,binary.precision,False,5,5,0
compact_global_original,results/experiments/compact_climate_weather_oracle_v1/runs/compact_baseline/0m/metrics/metrics_overall.csv,sensitivity_phase3plus,,binary.recall,False,5,5,0
compact_global_original,results/experiments/compact_climate_weather_oracle_v1/runs/compact_baseline/0m/metrics/metrics_overall.csv,f2_phase3plus,,binary.f2,False,5,5,0
compact_global_original,results/experiments/compact_climate_weather_oracle_v1/runs/compact_baseline/0m/metrics/metrics_overall.csv,r2_phase3plus,,share_phase3plus_r2,False,5,5,0
compact_global_original,results/experiments/compact_climate_weather_oracle_v1/runs/compact_baseline/0m/metrics/metrics_overall.csv,mae_phase3plus,,share_phase3plus_mae,False,5,5,0
compact_global_original,results/experiments/compact_climate_weather_oracle_v1/runs/compact_baseline/0m/metrics/metrics_overall.csv,ordinal_mae,,five_class.ordinal_mae,False,5,5,0
compact_global_original,results/experiments/compact_climate_weather_oracle_v1/runs/compact_baseline/12m/metrics/metrics_overall.csv,n_samples,,n_rows,False,5,5,0
compact_global_original,results/experiments/compact_climate_weather_oracle_v1/runs/compact_baseline/12m/metrics/metrics_overall.csv,exact_phase_accuracy,,five_class.accuracy,False,5,5,0
compact_global_original,results/experiments/compact_climate_weather_oracle_v1/runs/compact_baseline/12m/metrics/metrics_overall.csv,phase3plus_accuracy,,binary.accuracy,False,5,5,0
compact_global_original,results/experiments/compact_climate_weather_oracle_v1/runs/compact_baseline/12m/metrics/metrics_overall.csv,precision_phase3plus,,binary.precision,False,5,5,0
compact_global_original,results/experiments/compact_climate_weather_oracle_v1/runs/compact_baseline/12m/metrics/metrics_overall.csv,sensitivity_phase3plus,,binary.recall,False,5,5,0
compact_global_original,results/experiments/compact_climate_weather_oracle_v1/runs/compact_baseline/12m/metrics/metrics_overall.csv,f2_phase3plus,,binary.f2,False,5,5,0
compact_global_original,results/experiments/compact_climate_weather_oracle_v1/runs/compact_baseline/12m/metrics/metrics_overall.csv,r2_phase3plus,,share_phase3plus_r2,False,5,5,0
compact_global_original,results/experiments/compact_climate_weather_oracle_v1/runs/compact_baseline/12m/metrics/metrics_overall.csv,mae_phase3plus,,share_phase3plus_mae,False,5,5,0
compact_global_original,results/experiments/compact_climate_weather_oracle_v1/runs/compact_baseline/12m/metrics/metrics_overall.csv,ordinal_mae,,five_class.ordinal_mae,False,5,5,0
compact_global_original,results/experiments/compact_climate_weather_oracle_v1/runs/compact_baseline/3m/metrics/metrics_overall.csv,n_samples,,n_rows,False,5,5,0
compact_global_original,results/experiments/compact_climate_weather_oracle_v1/runs/compact_baseline/3m/metrics/metrics_overall.csv,exact_phase_accuracy,,five_class.accuracy,False,5,5,0
compact_global_original,results/experiments/compact_climate_weather_oracle_v1/runs/compact_baseline/3m/metrics/metrics_overall.csv,phase3plus_accuracy,,binary.accuracy,False,5,5,0
compact_global_original,results/experiments/compact_climate_weather_oracle_v1/runs/compact_baseline/3m/metrics/metrics_overall.csv,precision_phase3plus,,binary.precision,False,5,5,0
compact_global_original,results/experiments/compact_climate_weather_oracle_v1/runs/compact_baseline/3m/metrics/metrics_overall.csv,sensitivity_phase3plus,,binary.recall,False,5,5,0
compact_global_original,results/experiments/compact_climate_weather_oracle_v1/runs/compact_baseline/3m/metrics/metrics_overall.csv,f2_phase3plus,,binary.f2,False,5,5,0
compact_global_original,results/experiments/compact_climate_weather_oracle_v1/runs/compact_baseline/3m/metrics/metrics_overall.csv,r2_phase3plus,,share_phase3plus_r2,False,5,5,0
compact_global_original,results/experiments/compact_climate_weather_oracle_v1/runs/compact_baseline/3m/metrics/metrics_overall.csv,mae_phase3plus,,share_phase3plus_mae,False,5,5,0
compact_global_original,results/experiments/compact_climate_weather_oracle_v1/runs/compact_baseline/3m/metrics/metrics_overall.csv,ordinal_mae,,five_class.ordinal_mae,False,5,5,0
compact_global_original,results/experiments/compact_climate_weather_oracle_v1/runs/compact_baseline/6m/metrics/metrics_overall.csv,n_samples,,n_rows,False,5,5,0
compact_global_original,results/experiments/compact_climate_weather_oracle_v1/runs/compact_baseline/6m/metrics/metrics_overall.csv,exact_phase_accuracy,,five_class.accuracy,False,5,5,0
compact_global_original,results/experiments/compact_climate_weather_oracle_v1/runs/compact_baseline/6m/metrics/metrics_overall.csv,phase3plus_accuracy,,binary.accuracy,False,5,5,0
compact_global_original,results/experiments/compact_climate_weather_oracle_v1/runs/compact_baseline/6m/metrics/metrics_overall.csv,precision_phase3plus,,binary.precision,False,5,5,0
compact_global_original,results/experiments/compact_climate_weather_oracle_v1/runs/compact_baseline/6m/metrics/metrics_overall.csv,sensitivity_phase3plus,,binary.recall,False,5,5,0
compact_global_original,results/experiments/compact_climate_weather_oracle_v1/runs/compact_baseline/6m/metrics/metrics_overall.csv,f2_phase3plus,,binary.f2,False,5,5,0
compact_global_original,results/experiments/compact_climate_weather_oracle_v1/runs/compact_baseline/6m/metrics/metrics_overall.csv,r2_phase3plus,,share_phase3plus_r2,False,5,5,0
compact_global_original,results/experiments/compact_climate_weather_oracle_v1/runs/compact_baseline/6m/metrics/metrics_overall.csv,mae_phase3plus,,share_phase3plus_mae,False,5,5,0
compact_global_original,results/experiments/compact_climate_weather_oracle_v1/runs/compact_baseline/6m/metrics/metrics_overall.csv,ordinal_mae,,five_class.ordinal_mae,False,5,5,0
compact_global_original,results/experiments/compact_climate_weather_oracle_v1/runs/compact_weather_oracle/12m/metrics/metrics_overall.csv,n_samples,,n_rows,False,5,5,0
compact_global_original,results/experiments/compact_climate_weather_oracle_v1/runs/compact_weather_oracle/12m/metrics/metrics_overall.csv,exact_phase_accuracy,,five_class.accuracy,False,5,5,0
compact_global_original,results/experiments/compact_climate_weather_oracle_v1/runs/compact_weather_oracle/12m/metrics/metrics_overall.csv,phase3plus_accuracy,,binary.accuracy,False,5,5,0
compact_global_original,results/experiments/compact_climate_weather_oracle_v1/runs/compact_weather_oracle/12m/metrics/metrics_overall.csv,precision_phase3plus,,binary.precision,False,5,5,0
compact_global_original,results/experiments/compact_climate_weather_oracle_v1/runs/compact_weather_oracle/12m/metrics/metrics_overall.csv,sensitivity_phase3plus,,binary.recall,False,5,5,0
compact_global_original,results/experiments/compact_climate_weather_oracle_v1/runs/compact_weather_oracle/12m/metrics/metrics_overall.csv,f2_phase3plus,,binary.f2,False,5,5,0
compact_global_original,results/experiments/compact_climate_weather_oracle_v1/runs/compact_weather_oracle/12m/metrics/metrics_overall.csv,r2_phase3plus,,share_phase3plus_r2,False,5,5,0
compact_global_original,results/experiments/compact_climate_weather_oracle_v1/runs/compact_weather_oracle/12m/metrics/metrics_overall.csv,mae_phase3plus,,share_phase3plus_mae,False,5,5,0
compact_global_original,results/experiments/compact_climate_weather_oracle_v1/runs/compact_weather_oracle/12m/metrics/metrics_overall.csv,ordinal_mae,,five_class.ordinal_mae,False,5,5,0
compact_global_original,results/experiments/compact_climate_weather_oracle_v1/runs/compact_weather_oracle/3m/metrics/metrics_overall.csv,n_samples,,n_rows,False,5,5,0
compact_global_original,results/experiments/compact_climate_weather_oracle_v1/runs/compact_weather_oracle/3m/metrics/metrics_overall.csv,exact_phase_accuracy,,five_class.accuracy,False,5,5,0
compact_global_original,results/experiments/compact_climate_weather_oracle_v1/runs/compact_weather_oracle/3m/metrics/metrics_overall.csv,phase3plus_accuracy,,binary.accuracy,False,5,5,0
compact_global_original,results/experiments/compact_climate_weather_oracle_v1/runs/compact_weather_oracle/3m/metrics/metrics_overall.csv,precision_phase3plus,,binary.precision,False,5,5,0
compact_global_original,results/experiments/compact_climate_weather_oracle_v1/runs/compact_weather_oracle/3m/metrics/metrics_overall.csv,sensitivity_phase3plus,,binary.recall,False,5,5,0
compact_global_original,results/experiments/compact_climate_weather_oracle_v1/runs/compact_weather_oracle/3m/metrics/metrics_overall.csv,f2_phase3plus,,binary.f2,False,5,5,0
compact_global_original,results/experiments/compact_climate_weather_oracle_v1/runs/compact_weather_oracle/3m/metrics/metrics_overall.csv,r2_phase3plus,,share_phase3plus_r2,False,5,5,0
compact_global_original,results/experiments/compact_climate_weather_oracle_v1/runs/compact_weather_oracle/3m/metrics/metrics_overall.csv,mae_phase3plus,,share_phase3plus_mae,False,5,5,0
compact_global_original,results/experiments/compact_climate_weather_oracle_v1/runs/compact_weather_oracle/3m/metrics/metrics_overall.csv,ordinal_mae,,five_class.ordinal_mae,False,5,5,0
compact_global_original,results/experiments/compact_climate_weather_oracle_v1/runs/compact_weather_oracle/6m/metrics/metrics_overall.csv,n_samples,,n_rows,False,5,5,0
compact_global_original,results/experiments/compact_climate_weather_oracle_v1/runs/compact_weather_oracle/6m/metrics/metrics_overall.csv,exact_phase_accuracy,,five_class.accuracy,False,5,5,0
compact_global_original,results/experiments/compact_climate_weather_oracle_v1/runs/compact_weather_oracle/6m/metrics/metrics_overall.csv,phase3plus_accuracy,,binary.accuracy,False,5,5,0
compact_global_original,results/experiments/compact_climate_weather_oracle_v1/runs/compact_weather_oracle/6m/metrics/metrics_overall.csv,precision_phase3plus,,binary.precision,False,5,5,0
compact_global_original,results/experiments/compact_climate_weather_oracle_v1/runs/compact_weather_oracle/6m/metrics/metrics_overall.csv,sensitivity_phase3plus,,binary.recall,False,5,5,0
compact_global_original,results/experiments/compact_climate_weather_oracle_v1/runs/compact_weather_oracle/6m/metrics/metrics_overall.csv,f2_phase3plus,,binary.f2,False,5,5,0
compact_global_original,results/experiments/compact_climate_weather_oracle_v1/runs/compact_weather_oracle/6m/metrics/metrics_overall.csv,r2_phase3plus,,share_phase3plus_r2,False,5,5,0
compact_global_original,results/experiments/compact_climate_weather_oracle_v1/runs/compact_weather_oracle/6m/metrics/metrics_overall.csv,mae_phase3plus,,share_phase3plus_mae,False,5,5,0
compact_global_original,results/experiments/compact_climate_weather_oracle_v1/runs/compact_weather_oracle/6m/metrics/metrics_overall.csv,ordinal_mae,,five_class.ordinal_mae,False,5,5,0
compact_somalia_original,results/experiments/compact_climate_weather_oracle_v1_somalia_local/report/som_metrics_long.csv,value,exact_phase_accuracy,five_class.accuracy,False,35,35,0
compact_somalia_original,results/experiments/compact_climate_weather_oracle_v1_somalia_local/report/som_metrics_long.csv,value,f2_phase3plus,binary.f2,False,35,34,1
compact_somalia_original,results/experiments/compact_climate_weather_oracle_v1_somalia_local/report/som_metrics_long.csv,value,mae_phase3plus,share_phase3plus_mae,False,35,35,0
compact_somalia_original,results/experiments/compact_climate_weather_oracle_v1_somalia_local/report/som_metrics_long.csv,value,ordinal_mae,five_class.ordinal_mae,False,35,35,0
compact_somalia_original,results/experiments/compact_climate_weather_oracle_v1_somalia_local/report/som_metrics_long.csv,value,phase3plus_accuracy,binary.accuracy,False,35,35,0
compact_somalia_original,results/experiments/compact_climate_weather_oracle_v1_somalia_local/report/som_metrics_long.csv,value,precision_phase3plus,binary.precision,False,35,35,0
compact_somalia_original,results/experiments/compact_climate_weather_oracle_v1_somalia_local/report/som_metrics_long.csv,value,r2_phase3plus,share_phase3plus_r2,False,35,35,0
compact_somalia_original,results/experiments/compact_climate_weather_oracle_v1_somalia_local/report/som_metrics_long.csv,value,sensitivity_phase3plus,binary.recall,False,35,35,0
compact_somalia_original,results/experiments/compact_climate_weather_oracle_v1_somalia_local/report/som_metrics_long.csv,n_rows,exact_phase_accuracy,n_rows,False,35,35,0
compact_somalia_original,results/experiments/compact_climate_weather_oracle_v1_somalia_local/report/som_metrics_long.csv,n_rows,f2_phase3plus,n_rows,False,35,35,0
compact_somalia_original,results/experiments/compact_climate_weather_oracle_v1_somalia_local/report/som_metrics_long.csv,n_rows,mae_phase3plus,n_rows,False,35,35,0
compact_somalia_original,results/experiments/compact_climate_weather_oracle_v1_somalia_local/report/som_metrics_long.csv,n_rows,ordinal_mae,n_rows,False,35,35,0
compact_somalia_original,results/experiments/compact_climate_weather_oracle_v1_somalia_local/report/som_metrics_long.csv,n_rows,phase3plus_accuracy,n_rows,False,35,35,0
compact_somalia_original,results/experiments/compact_climate_weather_oracle_v1_somalia_local/report/som_metrics_long.csv,n_rows,precision_phase3plus,n_rows,False,35,35,0
compact_somalia_original,results/experiments/compact_climate_weather_oracle_v1_somalia_local/report/som_metrics_long.csv,n_rows,r2_phase3plus,n_rows,False,35,35,0
compact_somalia_original,results/experiments/compact_climate_weather_oracle_v1_somalia_local/report/som_metrics_long.csv,n_rows,sensitivity_phase3plus,n_rows,False,35,35,0
compact_somalia_original,results/experiments/compact_climate_weather_oracle_v1_somalia_local/report/som_metrics_long.csv,n_areas,exact_phase_accuracy,n_areas,False,35,35,0
compact_somalia_original,results/experiments/compact_climate_weather_oracle_v1_somalia_local/report/som_metrics_long.csv,n_areas,f2_phase3plus,n_areas,False,35,35,0
compact_somalia_original,results/experiments/compact_climate_weather_oracle_v1_somalia_local/report/som_metrics_long.csv,n_areas,mae_phase3plus,n_areas,False,35,35,0
compact_somalia_original,results/experiments/compact_climate_weather_oracle_v1_somalia_local/report/som_metrics_long.csv,n_areas,ordinal_mae,n_areas,False,35,35,0
compact_somalia_original,results/experiments/compact_climate_weather_oracle_v1_somalia_local/report/som_metrics_long.csv,n_areas,phase3plus_accuracy,n_areas,False,35,35,0
compact_somalia_original,results/experiments/compact_climate_weather_oracle_v1_somalia_local/report/som_metrics_long.csv,n_areas,precision_phase3plus,n_areas,False,35,35,0
compact_somalia_original,results/experiments/compact_climate_weather_oracle_v1_somalia_local/report/som_metrics_long.csv,n_areas,r2_phase3plus,n_areas,False,35,35,0
compact_somalia_original,results/experiments/compact_climate_weather_oracle_v1_somalia_local/report/som_metrics_long.csv,n_areas,sensitivity_phase3plus,n_areas,False,35,35,0
compact_somalia_original,results/experiments/compact_climate_weather_oracle_v1_somalia_local/report/som_metrics_long.csv,observed_3plus,exact_phase_accuracy,binary.count.observed_positive,False,35,35,0
compact_somalia_original,results/experiments/compact_climate_weather_oracle_v1_somalia_local/report/som_metrics_long.csv,observed_3plus,f2_phase3plus,binary.count.observed_positive,False,35,35,0
compact_somalia_original,results/experiments/compact_climate_weather_oracle_v1_somalia_local/report/som_metrics_long.csv,observed_3plus,mae_phase3plus,binary.count.observed_positive,False,35,35,0
compact_somalia_original,results/experiments/compact_climate_weather_oracle_v1_somalia_local/report/som_metrics_long.csv,observed_3plus,ordinal_mae,binary.count.observed_positive,False,35,35,0
compact_somalia_original,results/experiments/compact_climate_weather_oracle_v1_somalia_local/report/som_metrics_long.csv,observed_3plus,phase3plus_accuracy,binary.count.observed_positive,False,35,35,0
compact_somalia_original,results/experiments/compact_climate_weather_oracle_v1_somalia_local/report/som_metrics_long.csv,observed_3plus,precision_phase3plus,binary.count.observed_positive,False,35,35,0
compact_somalia_original,results/experiments/compact_climate_weather_oracle_v1_somalia_local/report/som_metrics_long.csv,observed_3plus,r2_phase3plus,binary.count.observed_positive,False,35,35,0
compact_somalia_original,results/experiments/compact_climate_weather_oracle_v1_somalia_local/report/som_metrics_long.csv,observed_3plus,sensitivity_phase3plus,binary.count.observed_positive,False,35,35,0
compact_somalia_original,results/experiments/compact_climate_weather_oracle_v1_somalia_local/report/som_metrics_long.csv,observed_1_2,exact_phase_accuracy,binary.count.observed_negative,False,35,35,0
compact_somalia_original,results/experiments/compact_climate_weather_oracle_v1_somalia_local/report/som_metrics_long.csv,observed_1_2,f2_phase3plus,binary.count.observed_negative,False,35,35,0
compact_somalia_original,results/experiments/compact_climate_weather_oracle_v1_somalia_local/report/som_metrics_long.csv,observed_1_2,mae_phase3plus,binary.count.observed_negative,False,35,35,0
compact_somalia_original,results/experiments/compact_climate_weather_oracle_v1_somalia_local/report/som_metrics_long.csv,observed_1_2,ordinal_mae,binary.count.observed_negative,False,35,35,0
compact_somalia_original,results/experiments/compact_climate_weather_oracle_v1_somalia_local/report/som_metrics_long.csv,observed_1_2,phase3plus_accuracy,binary.count.observed_negative,False,35,35,0
compact_somalia_original,results/experiments/compact_climate_weather_oracle_v1_somalia_local/report/som_metrics_long.csv,observed_1_2,precision_phase3plus,binary.count.observed_negative,False,35,35,0
compact_somalia_original,results/experiments/compact_climate_weather_oracle_v1_somalia_local/report/som_metrics_long.csv,observed_1_2,r2_phase3plus,binary.count.observed_negative,False,35,35,0
compact_somalia_original,results/experiments/compact_climate_weather_oracle_v1_somalia_local/report/som_metrics_long.csv,observed_1_2,sensitivity_phase3plus,binary.count.observed_negative,False,35,35,0
compact_somalia_original,results/experiments/compact_climate_weather_oracle_v1_somalia_local/report/som_metrics_long.csv,predicted_3plus,exact_phase_accuracy,binary.count.predicted_positive,False,35,35,0
compact_somalia_original,results/experiments/compact_climate_weather_oracle_v1_somalia_local/report/som_metrics_long.csv,predicted_3plus,f2_phase3plus,binary.count.predicted_positive,False,35,35,0
compact_somalia_original,results/experiments/compact_climate_weather_oracle_v1_somalia_local/report/som_metrics_long.csv,predicted_3plus,mae_phase3plus,binary.count.predicted_positive,False,35,35,0
compact_somalia_original,results/experiments/compact_climate_weather_oracle_v1_somalia_local/report/som_metrics_long.csv,predicted_3plus,ordinal_mae,binary.count.predicted_positive,False,35,35,0
compact_somalia_original,results/experiments/compact_climate_weather_oracle_v1_somalia_local/report/som_metrics_long.csv,predicted_3plus,phase3plus_accuracy,binary.count.predicted_positive,False,35,35,0
compact_somalia_original,results/experiments/compact_climate_weather_oracle_v1_somalia_local/report/som_metrics_long.csv,predicted_3plus,precision_phase3plus,binary.count.predicted_positive,False,35,35,0
compact_somalia_original,results/experiments/compact_climate_weather_oracle_v1_somalia_local/report/som_metrics_long.csv,predicted_3plus,r2_phase3plus,binary.count.predicted_positive,False,35,35,0
compact_somalia_original,results/experiments/compact_climate_weather_oracle_v1_somalia_local/report/som_metrics_long.csv,predicted_3plus,sensitivity_phase3plus,binary.count.predicted_positive,False,35,35,0
compact_somalia_original,results/experiments/compact_climate_weather_oracle_v1_somalia_local/report/som_metrics_long.csv,true_positive_3plus,exact_phase_accuracy,binary.count.tp,False,35,35,0
compact_somalia_original,results/experiments/compact_climate_weather_oracle_v1_somalia_local/report/som_metrics_long.csv,true_positive_3plus,f2_phase3plus,binary.count.tp,False,35,35,0
compact_somalia_original,results/experiments/compact_climate_weather_oracle_v1_somalia_local/report/som_metrics_long.csv,true_positive_3plus,mae_phase3plus,binary.count.tp,False,35,35,0
compact_somalia_original,results/experiments/compact_climate_weather_oracle_v1_somalia_local/report/som_metrics_long.csv,true_positive_3plus,ordinal_mae,binary.count.tp,False,35,35,0
compact_somalia_original,results/experiments/compact_climate_weather_oracle_v1_somalia_local/report/som_metrics_long.csv,true_positive_3plus,phase3plus_accuracy,binary.count.tp,False,35,35,0
compact_somalia_original,results/experiments/compact_climate_weather_oracle_v1_somalia_local/report/som_metrics_long.csv,true_positive_3plus,precision_phase3plus,binary.count.tp,False,35,35,0
compact_somalia_original,results/experiments/compact_climate_weather_oracle_v1_somalia_local/report/som_metrics_long.csv,true_positive_3plus,r2_phase3plus,binary.count.tp,False,35,35,0
compact_somalia_original,results/experiments/compact_climate_weather_oracle_v1_somalia_local/report/som_metrics_long.csv,true_positive_3plus,sensitivity_phase3plus,binary.count.tp,False,35,35,0
compact_somalia_original,results/experiments/compact_climate_weather_oracle_v1_somalia_local/report/som_metrics_long.csv,distinct_phase3_worse,exact_phase_accuracy,share_phase3plus_n_distinct_truth,False,35,35,0
compact_somalia_original,results/experiments/compact_climate_weather_oracle_v1_somalia_local/report/som_metrics_long.csv,distinct_phase3_worse,f2_phase3plus,share_phase3plus_n_distinct_truth,False,35,35,0
compact_somalia_original,results/experiments/compact_climate_weather_oracle_v1_somalia_local/report/som_metrics_long.csv,distinct_phase3_worse,mae_phase3plus,share_phase3plus_n_distinct_truth,False,35,35,0
compact_somalia_original,results/experiments/compact_climate_weather_oracle_v1_somalia_local/report/som_metrics_long.csv,distinct_phase3_worse,ordinal_mae,share_phase3plus_n_distinct_truth,False,35,35,0
compact_somalia_original,results/experiments/compact_climate_weather_oracle_v1_somalia_local/report/som_metrics_long.csv,distinct_phase3_worse,phase3plus_accuracy,share_phase3plus_n_distinct_truth,False,35,35,0
compact_somalia_original,results/experiments/compact_climate_weather_oracle_v1_somalia_local/report/som_metrics_long.csv,distinct_phase3_worse,precision_phase3plus,share_phase3plus_n_distinct_truth,False,35,35,0
compact_somalia_original,results/experiments/compact_climate_weather_oracle_v1_somalia_local/report/som_metrics_long.csv,distinct_phase3_worse,r2_phase3plus,share_phase3plus_n_distinct_truth,False,35,35,0
compact_somalia_original,results/experiments/compact_climate_weather_oracle_v1_somalia_local/report/som_metrics_long.csv,distinct_phase3_worse,sensitivity_phase3plus,share_phase3plus_n_distinct_truth,False,35,35,0
compact_somalia_original,results/experiments/compact_climate_weather_oracle_v1_somalia_local/report/som_oracle_minus_baseline_deltas.csv,oracle_value,exact_phase_accuracy,SKIP:duplicate of arm metric (cross-checked equal),False,20,20,0
compact_somalia_original,results/experiments/compact_climate_weather_oracle_v1_somalia_local/report/som_oracle_minus_baseline_deltas.csv,oracle_value,f2_phase3plus,SKIP:duplicate of arm metric (cross-checked equal),False,20,19,1
compact_somalia_original,results/experiments/compact_climate_weather_oracle_v1_somalia_local/report/som_oracle_minus_baseline_deltas.csv,oracle_value,mae_phase3plus,SKIP:duplicate of arm metric (cross-checked equal),False,20,20,0
compact_somalia_original,results/experiments/compact_climate_weather_oracle_v1_somalia_local/report/som_oracle_minus_baseline_deltas.csv,oracle_value,ordinal_mae,SKIP:duplicate of arm metric (cross-checked equal),False,20,20,0
compact_somalia_original,results/experiments/compact_climate_weather_oracle_v1_somalia_local/report/som_oracle_minus_baseline_deltas.csv,oracle_value,phase3plus_accuracy,SKIP:duplicate of arm metric (cross-checked equal),False,20,20,0
compact_somalia_original,results/experiments/compact_climate_weather_oracle_v1_somalia_local/report/som_oracle_minus_baseline_deltas.csv,oracle_value,precision_phase3plus,SKIP:duplicate of arm metric (cross-checked equal),False,20,20,0
compact_somalia_original,results/experiments/compact_climate_weather_oracle_v1_somalia_local/report/som_oracle_minus_baseline_deltas.csv,oracle_value,r2_phase3plus,SKIP:duplicate of arm metric (cross-checked equal),False,20,20,0
compact_somalia_original,results/experiments/compact_climate_weather_oracle_v1_somalia_local/report/som_oracle_minus_baseline_deltas.csv,oracle_value,sensitivity_phase3plus,SKIP:duplicate of arm metric (cross-checked equal),False,20,20,0
compact_somalia_original,results/experiments/compact_climate_weather_oracle_v1_somalia_local/report/som_oracle_minus_baseline_deltas.csv,baseline_value,exact_phase_accuracy,SKIP:duplicate of arm metric (cross-checked equal),False,20,20,0
compact_somalia_original,results/experiments/compact_climate_weather_oracle_v1_somalia_local/report/som_oracle_minus_baseline_deltas.csv,baseline_value,f2_phase3plus,SKIP:duplicate of arm metric (cross-checked equal),False,20,20,0
compact_somalia_original,results/experiments/compact_climate_weather_oracle_v1_somalia_local/report/som_oracle_minus_baseline_deltas.csv,baseline_value,mae_phase3plus,SKIP:duplicate of arm metric (cross-checked equal),False,20,20,0
compact_somalia_original,results/experiments/compact_climate_weather_oracle_v1_somalia_local/report/som_oracle_minus_baseline_deltas.csv,baseline_value,ordinal_mae,SKIP:duplicate of arm metric (cross-checked equal),False,20,20,0
compact_somalia_original,results/experiments/compact_climate_weather_oracle_v1_somalia_local/report/som_oracle_minus_baseline_deltas.csv,baseline_value,phase3plus_accuracy,SKIP:duplicate of arm metric (cross-checked equal),False,20,20,0
compact_somalia_original,results/experiments/compact_climate_weather_oracle_v1_somalia_local/report/som_oracle_minus_baseline_deltas.csv,baseline_value,precision_phase3plus,SKIP:duplicate of arm metric (cross-checked equal),False,20,20,0
compact_somalia_original,results/experiments/compact_climate_weather_oracle_v1_somalia_local/report/som_oracle_minus_baseline_deltas.csv,baseline_value,r2_phase3plus,SKIP:duplicate of arm metric (cross-checked equal),False,20,20,0
compact_somalia_original,results/experiments/compact_climate_weather_oracle_v1_somalia_local/report/som_oracle_minus_baseline_deltas.csv,baseline_value,sensitivity_phase3plus,SKIP:duplicate of arm metric (cross-checked equal),False,20,20,0
compact_somalia_original,results/experiments/compact_climate_weather_oracle_v1_somalia_local/report/som_oracle_minus_baseline_deltas.csv,delta,exact_phase_accuracy,delta.five_class.accuracy,False,20,20,0
compact_somalia_original,results/experiments/compact_climate_weather_oracle_v1_somalia_local/report/som_oracle_minus_baseline_deltas.csv,delta,f2_phase3plus,delta.binary.f2,False,20,19,1
compact_somalia_original,results/experiments/compact_climate_weather_oracle_v1_somalia_local/report/som_oracle_minus_baseline_deltas.csv,delta,mae_phase3plus,delta.share_phase3plus_mae,False,20,20,0
compact_somalia_original,results/experiments/compact_climate_weather_oracle_v1_somalia_local/report/som_oracle_minus_baseline_deltas.csv,delta,ordinal_mae,delta.five_class.ordinal_mae,False,20,20,0
compact_somalia_original,results/experiments/compact_climate_weather_oracle_v1_somalia_local/report/som_oracle_minus_baseline_deltas.csv,delta,phase3plus_accuracy,delta.binary.accuracy,False,20,20,0
compact_somalia_original,results/experiments/compact_climate_weather_oracle_v1_somalia_local/report/som_oracle_minus_baseline_deltas.csv,delta,precision_phase3plus,delta.binary.precision,False,20,20,0
compact_somalia_original,results/experiments/compact_climate_weather_oracle_v1_somalia_local/report/som_oracle_minus_baseline_deltas.csv,delta,r2_phase3plus,delta.share_phase3plus_r2,False,20,20,0
compact_somalia_original,results/experiments/compact_climate_weather_oracle_v1_somalia_local/report/som_oracle_minus_baseline_deltas.csv,delta,sensitivity_phase3plus,delta.binary.recall,False,20,20,0
compact_somalia_original,results/experiments/compact_climate_weather_oracle_v1_somalia_local/report/som_oracle_minus_baseline_deltas.csv,n_rows,exact_phase_accuracy,n_rows,False,20,20,0
compact_somalia_original,results/experiments/compact_climate_weather_oracle_v1_somalia_local/report/som_oracle_minus_baseline_deltas.csv,n_rows,f2_phase3plus,n_rows,False,20,20,0
compact_somalia_original,results/experiments/compact_climate_weather_oracle_v1_somalia_local/report/som_oracle_minus_baseline_deltas.csv,n_rows,mae_phase3plus,n_rows,False,20,20,0
compact_somalia_original,results/experiments/compact_climate_weather_oracle_v1_somalia_local/report/som_oracle_minus_baseline_deltas.csv,n_rows,ordinal_mae,n_rows,False,20,20,0
compact_somalia_original,results/experiments/compact_climate_weather_oracle_v1_somalia_local/report/som_oracle_minus_baseline_deltas.csv,n_rows,phase3plus_accuracy,n_rows,False,20,20,0
compact_somalia_original,results/experiments/compact_climate_weather_oracle_v1_somalia_local/report/som_oracle_minus_baseline_deltas.csv,n_rows,precision_phase3plus,n_rows,False,20,20,0
compact_somalia_original,results/experiments/compact_climate_weather_oracle_v1_somalia_local/report/som_oracle_minus_baseline_deltas.csv,n_rows,r2_phase3plus,n_rows,False,20,20,0
compact_somalia_original,results/experiments/compact_climate_weather_oracle_v1_somalia_local/report/som_oracle_minus_baseline_deltas.csv,n_rows,sensitivity_phase3plus,n_rows,False,20,20,0
compact_somalia_original,results/experiments/compact_climate_weather_oracle_v1_somalia_local/report/som_oracle_minus_baseline_deltas.csv,n_areas,exact_phase_accuracy,n_areas,False,20,20,0
compact_somalia_original,results/experiments/compact_climate_weather_oracle_v1_somalia_local/report/som_oracle_minus_baseline_deltas.csv,n_areas,f2_phase3plus,n_areas,False,20,20,0
compact_somalia_original,results/experiments/compact_climate_weather_oracle_v1_somalia_local/report/som_oracle_minus_baseline_deltas.csv,n_areas,mae_phase3plus,n_areas,False,20,20,0
compact_somalia_original,results/experiments/compact_climate_weather_oracle_v1_somalia_local/report/som_oracle_minus_baseline_deltas.csv,n_areas,ordinal_mae,n_areas,False,20,20,0
compact_somalia_original,results/experiments/compact_climate_weather_oracle_v1_somalia_local/report/som_oracle_minus_baseline_deltas.csv,n_areas,phase3plus_accuracy,n_areas,False,20,20,0
compact_somalia_original,results/experiments/compact_climate_weather_oracle_v1_somalia_local/report/som_oracle_minus_baseline_deltas.csv,n_areas,precision_phase3plus,n_areas,False,20,20,0
compact_somalia_original,results/experiments/compact_climate_weather_oracle_v1_somalia_local/report/som_oracle_minus_baseline_deltas.csv,n_areas,r2_phase3plus,n_areas,False,20,20,0
compact_somalia_original,results/experiments/compact_climate_weather_oracle_v1_somalia_local/report/som_oracle_minus_baseline_deltas.csv,n_areas,sensitivity_phase3plus,n_areas,False,20,20,0
compact_somalia_original,results/experiments/compact_climate_weather_oracle_v1_somalia_local/report/som_oracle_minus_baseline_deltas.csv,observed_3plus,exact_phase_accuracy,binary.count.observed_positive,False,20,20,0
compact_somalia_original,results/experiments/compact_climate_weather_oracle_v1_somalia_local/report/som_oracle_minus_baseline_deltas.csv,observed_3plus,f2_phase3plus,binary.count.observed_positive,False,20,20,0
compact_somalia_original,results/experiments/compact_climate_weather_oracle_v1_somalia_local/report/som_oracle_minus_baseline_deltas.csv,observed_3plus,mae_phase3plus,binary.count.observed_positive,False,20,20,0
compact_somalia_original,results/experiments/compact_climate_weather_oracle_v1_somalia_local/report/som_oracle_minus_baseline_deltas.csv,observed_3plus,ordinal_mae,binary.count.observed_positive,False,20,20,0
compact_somalia_original,results/experiments/compact_climate_weather_oracle_v1_somalia_local/report/som_oracle_minus_baseline_deltas.csv,observed_3plus,phase3plus_accuracy,binary.count.observed_positive,False,20,20,0
compact_somalia_original,results/experiments/compact_climate_weather_oracle_v1_somalia_local/report/som_oracle_minus_baseline_deltas.csv,observed_3plus,precision_phase3plus,binary.count.observed_positive,False,20,20,0
compact_somalia_original,results/experiments/compact_climate_weather_oracle_v1_somalia_local/report/som_oracle_minus_baseline_deltas.csv,observed_3plus,r2_phase3plus,binary.count.observed_positive,False,20,20,0
compact_somalia_original,results/experiments/compact_climate_weather_oracle_v1_somalia_local/report/som_oracle_minus_baseline_deltas.csv,observed_3plus,sensitivity_phase3plus,binary.count.observed_positive,False,20,20,0
compact_somalia_original,results/experiments/compact_climate_weather_oracle_v1_somalia_local/report/som_oracle_minus_baseline_deltas.csv,oracle_predicted_3plus,exact_phase_accuracy,SKIP:in arm row,False,20,20,0
compact_somalia_original,results/experiments/compact_climate_weather_oracle_v1_somalia_local/report/som_oracle_minus_baseline_deltas.csv,oracle_predicted_3plus,f2_phase3plus,SKIP:in arm row,False,20,20,0
compact_somalia_original,results/experiments/compact_climate_weather_oracle_v1_somalia_local/report/som_oracle_minus_baseline_deltas.csv,oracle_predicted_3plus,mae_phase3plus,SKIP:in arm row,False,20,20,0
compact_somalia_original,results/experiments/compact_climate_weather_oracle_v1_somalia_local/report/som_oracle_minus_baseline_deltas.csv,oracle_predicted_3plus,ordinal_mae,SKIP:in arm row,False,20,20,0
compact_somalia_original,results/experiments/compact_climate_weather_oracle_v1_somalia_local/report/som_oracle_minus_baseline_deltas.csv,oracle_predicted_3plus,phase3plus_accuracy,SKIP:in arm row,False,20,20,0
compact_somalia_original,results/experiments/compact_climate_weather_oracle_v1_somalia_local/report/som_oracle_minus_baseline_deltas.csv,oracle_predicted_3plus,precision_phase3plus,SKIP:in arm row,False,20,20,0
compact_somalia_original,results/experiments/compact_climate_weather_oracle_v1_somalia_local/report/som_oracle_minus_baseline_deltas.csv,oracle_predicted_3plus,r2_phase3plus,SKIP:in arm row,False,20,20,0
compact_somalia_original,results/experiments/compact_climate_weather_oracle_v1_somalia_local/report/som_oracle_minus_baseline_deltas.csv,oracle_predicted_3plus,sensitivity_phase3plus,SKIP:in arm row,False,20,20,0
compact_somalia_original,results/experiments/compact_climate_weather_oracle_v1_somalia_local/report/som_oracle_minus_baseline_deltas.csv,baseline_predicted_3plus,exact_phase_accuracy,SKIP:in arm row,False,20,20,0
compact_somalia_original,results/experiments/compact_climate_weather_oracle_v1_somalia_local/report/som_oracle_minus_baseline_deltas.csv,baseline_predicted_3plus,f2_phase3plus,SKIP:in arm row,False,20,20,0
compact_somalia_original,results/experiments/compact_climate_weather_oracle_v1_somalia_local/report/som_oracle_minus_baseline_deltas.csv,baseline_predicted_3plus,mae_phase3plus,SKIP:in arm row,False,20,20,0
compact_somalia_original,results/experiments/compact_climate_weather_oracle_v1_somalia_local/report/som_oracle_minus_baseline_deltas.csv,baseline_predicted_3plus,ordinal_mae,SKIP:in arm row,False,20,20,0
compact_somalia_original,results/experiments/compact_climate_weather_oracle_v1_somalia_local/report/som_oracle_minus_baseline_deltas.csv,baseline_predicted_3plus,phase3plus_accuracy,SKIP:in arm row,False,20,20,0
compact_somalia_original,results/experiments/compact_climate_weather_oracle_v1_somalia_local/report/som_oracle_minus_baseline_deltas.csv,baseline_predicted_3plus,precision_phase3plus,SKIP:in arm row,False,20,20,0
compact_somalia_original,results/experiments/compact_climate_weather_oracle_v1_somalia_local/report/som_oracle_minus_baseline_deltas.csv,baseline_predicted_3plus,r2_phase3plus,SKIP:in arm row,False,20,20,0
compact_somalia_original,results/experiments/compact_climate_weather_oracle_v1_somalia_local/report/som_oracle_minus_baseline_deltas.csv,baseline_predicted_3plus,sensitivity_phase3plus,SKIP:in arm row,False,20,20,0
compact_global_2026_extension,results/experiments/compact_climate_weather_oracle_eval_2026_jan_apr_v1/report/all_metrics_long.csv,value,exact_phase_accuracy,five_class.accuracy,False,490,469,21
compact_global_2026_extension,results/experiments/compact_climate_weather_oracle_eval_2026_jan_apr_v1/report/all_metrics_long.csv,value,f2_phase3plus,binary.f2,False,490,468,22
compact_global_2026_extension,results/experiments/compact_climate_weather_oracle_eval_2026_jan_apr_v1/report/all_metrics_long.csv,value,mae_phase3plus,share_phase3plus_mae,False,490,469,21
compact_global_2026_extension,results/experiments/compact_climate_weather_oracle_eval_2026_jan_apr_v1/report/all_metrics_long.csv,value,ordinal_mae,five_class.ordinal_mae,False,490,469,21
compact_global_2026_extension,results/experiments/compact_climate_weather_oracle_eval_2026_jan_apr_v1/report/all_metrics_long.csv,value,phase3plus_accuracy,binary.accuracy,False,490,469,21
compact_global_2026_extension,results/experiments/compact_climate_weather_oracle_eval_2026_jan_apr_v1/report/all_metrics_long.csv,value,precision_phase3plus,binary.precision,False,490,469,21
compact_global_2026_extension,results/experiments/compact_climate_weather_oracle_eval_2026_jan_apr_v1/report/all_metrics_long.csv,value,r2_phase3plus,share_phase3plus_r2,False,490,462,28
compact_global_2026_extension,results/experiments/compact_climate_weather_oracle_eval_2026_jan_apr_v1/report/all_metrics_long.csv,value,sensitivity_phase3plus,binary.recall,False,490,469,21
compact_global_2026_extension,results/experiments/compact_climate_weather_oracle_eval_2026_jan_apr_v1/report/all_metrics_long.csv,n_rows,exact_phase_accuracy,n_rows,False,490,490,0
compact_global_2026_extension,results/experiments/compact_climate_weather_oracle_eval_2026_jan_apr_v1/report/all_metrics_long.csv,n_rows,f2_phase3plus,n_rows,False,490,490,0
compact_global_2026_extension,results/experiments/compact_climate_weather_oracle_eval_2026_jan_apr_v1/report/all_metrics_long.csv,n_rows,mae_phase3plus,n_rows,False,490,490,0
compact_global_2026_extension,results/experiments/compact_climate_weather_oracle_eval_2026_jan_apr_v1/report/all_metrics_long.csv,n_rows,ordinal_mae,n_rows,False,490,490,0
compact_global_2026_extension,results/experiments/compact_climate_weather_oracle_eval_2026_jan_apr_v1/report/all_metrics_long.csv,n_rows,phase3plus_accuracy,n_rows,False,490,490,0
compact_global_2026_extension,results/experiments/compact_climate_weather_oracle_eval_2026_jan_apr_v1/report/all_metrics_long.csv,n_rows,precision_phase3plus,n_rows,False,490,490,0
compact_global_2026_extension,results/experiments/compact_climate_weather_oracle_eval_2026_jan_apr_v1/report/all_metrics_long.csv,n_rows,r2_phase3plus,n_rows,False,490,490,0
compact_global_2026_extension,results/experiments/compact_climate_weather_oracle_eval_2026_jan_apr_v1/report/all_metrics_long.csv,n_rows,sensitivity_phase3plus,n_rows,False,490,490,0
compact_global_2026_extension,results/experiments/compact_climate_weather_oracle_eval_2026_jan_apr_v1/report/all_metrics_long.csv,n_areas,exact_phase_accuracy,n_areas,False,490,490,0
compact_global_2026_extension,results/experiments/compact_climate_weather_oracle_eval_2026_jan_apr_v1/report/all_metrics_long.csv,n_areas,f2_phase3plus,n_areas,False,490,490,0
compact_global_2026_extension,results/experiments/compact_climate_weather_oracle_eval_2026_jan_apr_v1/report/all_metrics_long.csv,n_areas,mae_phase3plus,n_areas,False,490,490,0
compact_global_2026_extension,results/experiments/compact_climate_weather_oracle_eval_2026_jan_apr_v1/report/all_metrics_long.csv,n_areas,ordinal_mae,n_areas,False,490,490,0
compact_global_2026_extension,results/experiments/compact_climate_weather_oracle_eval_2026_jan_apr_v1/report/all_metrics_long.csv,n_areas,phase3plus_accuracy,n_areas,False,490,490,0
compact_global_2026_extension,results/experiments/compact_climate_weather_oracle_eval_2026_jan_apr_v1/report/all_metrics_long.csv,n_areas,precision_phase3plus,n_areas,False,490,490,0
compact_global_2026_extension,results/experiments/compact_climate_weather_oracle_eval_2026_jan_apr_v1/report/all_metrics_long.csv,n_areas,r2_phase3plus,n_areas,False,490,490,0
compact_global_2026_extension,results/experiments/compact_climate_weather_oracle_eval_2026_jan_apr_v1/report/all_metrics_long.csv,n_areas,sensitivity_phase3plus,n_areas,False,490,490,0
compact_global_2026_extension,results/experiments/compact_climate_weather_oracle_eval_2026_jan_apr_v1/report/all_metrics_long.csv,observed_3plus,exact_phase_accuracy,binary.count.observed_positive,False,490,490,0
compact_global_2026_extension,results/experiments/compact_climate_weather_oracle_eval_2026_jan_apr_v1/report/all_metrics_long.csv,observed_3plus,f2_phase3plus,binary.count.observed_positive,False,490,490,0
compact_global_2026_extension,results/experiments/compact_climate_weather_oracle_eval_2026_jan_apr_v1/report/all_metrics_long.csv,observed_3plus,mae_phase3plus,binary.count.observed_positive,False,490,490,0
compact_global_2026_extension,results/experiments/compact_climate_weather_oracle_eval_2026_jan_apr_v1/report/all_metrics_long.csv,observed_3plus,ordinal_mae,binary.count.observed_positive,False,490,490,0
compact_global_2026_extension,results/experiments/compact_climate_weather_oracle_eval_2026_jan_apr_v1/report/all_metrics_long.csv,observed_3plus,phase3plus_accuracy,binary.count.observed_positive,False,490,490,0
compact_global_2026_extension,results/experiments/compact_climate_weather_oracle_eval_2026_jan_apr_v1/report/all_metrics_long.csv,observed_3plus,precision_phase3plus,binary.count.observed_positive,False,490,490,0
compact_global_2026_extension,results/experiments/compact_climate_weather_oracle_eval_2026_jan_apr_v1/report/all_metrics_long.csv,observed_3plus,r2_phase3plus,binary.count.observed_positive,False,490,490,0
compact_global_2026_extension,results/experiments/compact_climate_weather_oracle_eval_2026_jan_apr_v1/report/all_metrics_long.csv,observed_3plus,sensitivity_phase3plus,binary.count.observed_positive,False,490,490,0
compact_global_2026_extension,results/experiments/compact_climate_weather_oracle_eval_2026_jan_apr_v1/report/all_metrics_long.csv,observed_1_2,exact_phase_accuracy,binary.count.observed_negative,False,490,490,0
compact_global_2026_extension,results/experiments/compact_climate_weather_oracle_eval_2026_jan_apr_v1/report/all_metrics_long.csv,observed_1_2,f2_phase3plus,binary.count.observed_negative,False,490,490,0
compact_global_2026_extension,results/experiments/compact_climate_weather_oracle_eval_2026_jan_apr_v1/report/all_metrics_long.csv,observed_1_2,mae_phase3plus,binary.count.observed_negative,False,490,490,0
compact_global_2026_extension,results/experiments/compact_climate_weather_oracle_eval_2026_jan_apr_v1/report/all_metrics_long.csv,observed_1_2,ordinal_mae,binary.count.observed_negative,False,490,490,0
compact_global_2026_extension,results/experiments/compact_climate_weather_oracle_eval_2026_jan_apr_v1/report/all_metrics_long.csv,observed_1_2,phase3plus_accuracy,binary.count.observed_negative,False,490,490,0
compact_global_2026_extension,results/experiments/compact_climate_weather_oracle_eval_2026_jan_apr_v1/report/all_metrics_long.csv,observed_1_2,precision_phase3plus,binary.count.observed_negative,False,490,490,0
compact_global_2026_extension,results/experiments/compact_climate_weather_oracle_eval_2026_jan_apr_v1/report/all_metrics_long.csv,observed_1_2,r2_phase3plus,binary.count.observed_negative,False,490,490,0
compact_global_2026_extension,results/experiments/compact_climate_weather_oracle_eval_2026_jan_apr_v1/report/all_metrics_long.csv,observed_1_2,sensitivity_phase3plus,binary.count.observed_negative,False,490,490,0
compact_global_2026_extension,results/experiments/compact_climate_weather_oracle_eval_2026_jan_apr_v1/report/all_metrics_long.csv,predicted_3plus,exact_phase_accuracy,binary.count.predicted_positive,False,490,490,0
compact_global_2026_extension,results/experiments/compact_climate_weather_oracle_eval_2026_jan_apr_v1/report/all_metrics_long.csv,predicted_3plus,f2_phase3plus,binary.count.predicted_positive,False,490,490,0
compact_global_2026_extension,results/experiments/compact_climate_weather_oracle_eval_2026_jan_apr_v1/report/all_metrics_long.csv,predicted_3plus,mae_phase3plus,binary.count.predicted_positive,False,490,490,0
compact_global_2026_extension,results/experiments/compact_climate_weather_oracle_eval_2026_jan_apr_v1/report/all_metrics_long.csv,predicted_3plus,ordinal_mae,binary.count.predicted_positive,False,490,490,0
compact_global_2026_extension,results/experiments/compact_climate_weather_oracle_eval_2026_jan_apr_v1/report/all_metrics_long.csv,predicted_3plus,phase3plus_accuracy,binary.count.predicted_positive,False,490,490,0
compact_global_2026_extension,results/experiments/compact_climate_weather_oracle_eval_2026_jan_apr_v1/report/all_metrics_long.csv,predicted_3plus,precision_phase3plus,binary.count.predicted_positive,False,490,490,0
compact_global_2026_extension,results/experiments/compact_climate_weather_oracle_eval_2026_jan_apr_v1/report/all_metrics_long.csv,predicted_3plus,r2_phase3plus,binary.count.predicted_positive,False,490,490,0
compact_global_2026_extension,results/experiments/compact_climate_weather_oracle_eval_2026_jan_apr_v1/report/all_metrics_long.csv,predicted_3plus,sensitivity_phase3plus,binary.count.predicted_positive,False,490,490,0
compact_global_2026_extension,results/experiments/compact_climate_weather_oracle_eval_2026_jan_apr_v1/report/all_metrics_long.csv,true_positive_3plus,exact_phase_accuracy,binary.count.tp,False,490,490,0
compact_global_2026_extension,results/experiments/compact_climate_weather_oracle_eval_2026_jan_apr_v1/report/all_metrics_long.csv,true_positive_3plus,f2_phase3plus,binary.count.tp,False,490,490,0
compact_global_2026_extension,results/experiments/compact_climate_weather_oracle_eval_2026_jan_apr_v1/report/all_metrics_long.csv,true_positive_3plus,mae_phase3plus,binary.count.tp,False,490,490,0
compact_global_2026_extension,results/experiments/compact_climate_weather_oracle_eval_2026_jan_apr_v1/report/all_metrics_long.csv,true_positive_3plus,ordinal_mae,binary.count.tp,False,490,490,0
compact_global_2026_extension,results/experiments/compact_climate_weather_oracle_eval_2026_jan_apr_v1/report/all_metrics_long.csv,true_positive_3plus,phase3plus_accuracy,binary.count.tp,False,490,490,0
compact_global_2026_extension,results/experiments/compact_climate_weather_oracle_eval_2026_jan_apr_v1/report/all_metrics_long.csv,true_positive_3plus,precision_phase3plus,binary.count.tp,False,490,490,0
compact_global_2026_extension,results/experiments/compact_climate_weather_oracle_eval_2026_jan_apr_v1/report/all_metrics_long.csv,true_positive_3plus,r2_phase3plus,binary.count.tp,False,490,490,0
compact_global_2026_extension,results/experiments/compact_climate_weather_oracle_eval_2026_jan_apr_v1/report/all_metrics_long.csv,true_positive_3plus,sensitivity_phase3plus,binary.count.tp,False,490,490,0
compact_global_2026_extension,results/experiments/compact_climate_weather_oracle_eval_2026_jan_apr_v1/report/all_metrics_long.csv,distinct_phase3_worse,exact_phase_accuracy,share_phase3plus_n_distinct_truth,False,490,490,0
compact_global_2026_extension,results/experiments/compact_climate_weather_oracle_eval_2026_jan_apr_v1/report/all_metrics_long.csv,distinct_phase3_worse,f2_phase3plus,share_phase3plus_n_distinct_truth,False,490,490,0
compact_global_2026_extension,results/experiments/compact_climate_weather_oracle_eval_2026_jan_apr_v1/report/all_metrics_long.csv,distinct_phase3_worse,mae_phase3plus,share_phase3plus_n_distinct_truth,False,490,490,0
compact_global_2026_extension,results/experiments/compact_climate_weather_oracle_eval_2026_jan_apr_v1/report/all_metrics_long.csv,distinct_phase3_worse,ordinal_mae,share_phase3plus_n_distinct_truth,False,490,490,0
compact_global_2026_extension,results/experiments/compact_climate_weather_oracle_eval_2026_jan_apr_v1/report/all_metrics_long.csv,distinct_phase3_worse,phase3plus_accuracy,share_phase3plus_n_distinct_truth,False,490,490,0
compact_global_2026_extension,results/experiments/compact_climate_weather_oracle_eval_2026_jan_apr_v1/report/all_metrics_long.csv,distinct_phase3_worse,precision_phase3plus,share_phase3plus_n_distinct_truth,False,490,490,0
compact_global_2026_extension,results/experiments/compact_climate_weather_oracle_eval_2026_jan_apr_v1/report/all_metrics_long.csv,distinct_phase3_worse,r2_phase3plus,share_phase3plus_n_distinct_truth,False,490,490,0
compact_global_2026_extension,results/experiments/compact_climate_weather_oracle_eval_2026_jan_apr_v1/report/all_metrics_long.csv,distinct_phase3_worse,sensitivity_phase3plus,share_phase3plus_n_distinct_truth,False,490,490,0
compact_global_2026_extension,results/experiments/compact_climate_weather_oracle_eval_2026_jan_apr_v1/report/global_deltas.csv,oracle_value,exact_phase_accuracy,SKIP:duplicate of arm metric (cross-checked equal),False,21,21,0
compact_global_2026_extension,results/experiments/compact_climate_weather_oracle_eval_2026_jan_apr_v1/report/global_deltas.csv,oracle_value,f2_phase3plus,SKIP:duplicate of arm metric (cross-checked equal),False,21,21,0
compact_global_2026_extension,results/experiments/compact_climate_weather_oracle_eval_2026_jan_apr_v1/report/global_deltas.csv,oracle_value,mae_phase3plus,SKIP:duplicate of arm metric (cross-checked equal),False,21,21,0
compact_global_2026_extension,results/experiments/compact_climate_weather_oracle_eval_2026_jan_apr_v1/report/global_deltas.csv,oracle_value,ordinal_mae,SKIP:duplicate of arm metric (cross-checked equal),False,21,21,0
compact_global_2026_extension,results/experiments/compact_climate_weather_oracle_eval_2026_jan_apr_v1/report/global_deltas.csv,oracle_value,phase3plus_accuracy,SKIP:duplicate of arm metric (cross-checked equal),False,21,21,0
compact_global_2026_extension,results/experiments/compact_climate_weather_oracle_eval_2026_jan_apr_v1/report/global_deltas.csv,oracle_value,precision_phase3plus,SKIP:duplicate of arm metric (cross-checked equal),False,21,21,0
compact_global_2026_extension,results/experiments/compact_climate_weather_oracle_eval_2026_jan_apr_v1/report/global_deltas.csv,oracle_value,r2_phase3plus,SKIP:duplicate of arm metric (cross-checked equal),False,21,21,0
compact_global_2026_extension,results/experiments/compact_climate_weather_oracle_eval_2026_jan_apr_v1/report/global_deltas.csv,oracle_value,sensitivity_phase3plus,SKIP:duplicate of arm metric (cross-checked equal),False,21,21,0
compact_global_2026_extension,results/experiments/compact_climate_weather_oracle_eval_2026_jan_apr_v1/report/global_deltas.csv,baseline_value,exact_phase_accuracy,SKIP:duplicate of arm metric (cross-checked equal),False,21,21,0
compact_global_2026_extension,results/experiments/compact_climate_weather_oracle_eval_2026_jan_apr_v1/report/global_deltas.csv,baseline_value,f2_phase3plus,SKIP:duplicate of arm metric (cross-checked equal),False,21,21,0
compact_global_2026_extension,results/experiments/compact_climate_weather_oracle_eval_2026_jan_apr_v1/report/global_deltas.csv,baseline_value,mae_phase3plus,SKIP:duplicate of arm metric (cross-checked equal),False,21,21,0
compact_global_2026_extension,results/experiments/compact_climate_weather_oracle_eval_2026_jan_apr_v1/report/global_deltas.csv,baseline_value,ordinal_mae,SKIP:duplicate of arm metric (cross-checked equal),False,21,21,0
compact_global_2026_extension,results/experiments/compact_climate_weather_oracle_eval_2026_jan_apr_v1/report/global_deltas.csv,baseline_value,phase3plus_accuracy,SKIP:duplicate of arm metric (cross-checked equal),False,21,21,0
compact_global_2026_extension,results/experiments/compact_climate_weather_oracle_eval_2026_jan_apr_v1/report/global_deltas.csv,baseline_value,precision_phase3plus,SKIP:duplicate of arm metric (cross-checked equal),False,21,21,0
compact_global_2026_extension,results/experiments/compact_climate_weather_oracle_eval_2026_jan_apr_v1/report/global_deltas.csv,baseline_value,r2_phase3plus,SKIP:duplicate of arm metric (cross-checked equal),False,21,21,0
compact_global_2026_extension,results/experiments/compact_climate_weather_oracle_eval_2026_jan_apr_v1/report/global_deltas.csv,baseline_value,sensitivity_phase3plus,SKIP:duplicate of arm metric (cross-checked equal),False,21,21,0
compact_global_2026_extension,results/experiments/compact_climate_weather_oracle_eval_2026_jan_apr_v1/report/global_deltas.csv,delta,exact_phase_accuracy,delta.five_class.accuracy,False,21,21,0
compact_global_2026_extension,results/experiments/compact_climate_weather_oracle_eval_2026_jan_apr_v1/report/global_deltas.csv,delta,f2_phase3plus,delta.binary.f2,False,21,21,0
compact_global_2026_extension,results/experiments/compact_climate_weather_oracle_eval_2026_jan_apr_v1/report/global_deltas.csv,delta,mae_phase3plus,delta.share_phase3plus_mae,False,21,21,0
compact_global_2026_extension,results/experiments/compact_climate_weather_oracle_eval_2026_jan_apr_v1/report/global_deltas.csv,delta,ordinal_mae,delta.five_class.ordinal_mae,False,21,21,0
compact_global_2026_extension,results/experiments/compact_climate_weather_oracle_eval_2026_jan_apr_v1/report/global_deltas.csv,delta,phase3plus_accuracy,delta.binary.accuracy,False,21,21,0
compact_global_2026_extension,results/experiments/compact_climate_weather_oracle_eval_2026_jan_apr_v1/report/global_deltas.csv,delta,precision_phase3plus,delta.binary.precision,False,21,21,0
compact_global_2026_extension,results/experiments/compact_climate_weather_oracle_eval_2026_jan_apr_v1/report/global_deltas.csv,delta,r2_phase3plus,delta.share_phase3plus_r2,False,21,21,0
compact_global_2026_extension,results/experiments/compact_climate_weather_oracle_eval_2026_jan_apr_v1/report/global_deltas.csv,delta,sensitivity_phase3plus,delta.binary.recall,False,21,21,0
compact_global_2026_extension,results/experiments/compact_climate_weather_oracle_eval_2026_jan_apr_v1/report/global_deltas.csv,n_rows,exact_phase_accuracy,n_rows,False,21,21,0
compact_global_2026_extension,results/experiments/compact_climate_weather_oracle_eval_2026_jan_apr_v1/report/global_deltas.csv,n_rows,f2_phase3plus,n_rows,False,21,21,0
compact_global_2026_extension,results/experiments/compact_climate_weather_oracle_eval_2026_jan_apr_v1/report/global_deltas.csv,n_rows,mae_phase3plus,n_rows,False,21,21,0
compact_global_2026_extension,results/experiments/compact_climate_weather_oracle_eval_2026_jan_apr_v1/report/global_deltas.csv,n_rows,ordinal_mae,n_rows,False,21,21,0
compact_global_2026_extension,results/experiments/compact_climate_weather_oracle_eval_2026_jan_apr_v1/report/global_deltas.csv,n_rows,phase3plus_accuracy,n_rows,False,21,21,0
compact_global_2026_extension,results/experiments/compact_climate_weather_oracle_eval_2026_jan_apr_v1/report/global_deltas.csv,n_rows,precision_phase3plus,n_rows,False,21,21,0
compact_global_2026_extension,results/experiments/compact_climate_weather_oracle_eval_2026_jan_apr_v1/report/global_deltas.csv,n_rows,r2_phase3plus,n_rows,False,21,21,0
compact_global_2026_extension,results/experiments/compact_climate_weather_oracle_eval_2026_jan_apr_v1/report/global_deltas.csv,n_rows,sensitivity_phase3plus,n_rows,False,21,21,0
compact_global_2026_extension,results/experiments/compact_climate_weather_oracle_eval_2026_jan_apr_v1/report/global_deltas.csv,n_areas,exact_phase_accuracy,n_areas,False,21,21,0
compact_global_2026_extension,results/experiments/compact_climate_weather_oracle_eval_2026_jan_apr_v1/report/global_deltas.csv,n_areas,f2_phase3plus,n_areas,False,21,21,0
compact_global_2026_extension,results/experiments/compact_climate_weather_oracle_eval_2026_jan_apr_v1/report/global_deltas.csv,n_areas,mae_phase3plus,n_areas,False,21,21,0
compact_global_2026_extension,results/experiments/compact_climate_weather_oracle_eval_2026_jan_apr_v1/report/global_deltas.csv,n_areas,ordinal_mae,n_areas,False,21,21,0
compact_global_2026_extension,results/experiments/compact_climate_weather_oracle_eval_2026_jan_apr_v1/report/global_deltas.csv,n_areas,phase3plus_accuracy,n_areas,False,21,21,0
compact_global_2026_extension,results/experiments/compact_climate_weather_oracle_eval_2026_jan_apr_v1/report/global_deltas.csv,n_areas,precision_phase3plus,n_areas,False,21,21,0
compact_global_2026_extension,results/experiments/compact_climate_weather_oracle_eval_2026_jan_apr_v1/report/global_deltas.csv,n_areas,r2_phase3plus,n_areas,False,21,21,0
compact_global_2026_extension,results/experiments/compact_climate_weather_oracle_eval_2026_jan_apr_v1/report/global_deltas.csv,n_areas,sensitivity_phase3plus,n_areas,False,21,21,0
compact_global_2026_extension,results/experiments/compact_climate_weather_oracle_eval_2026_jan_apr_v1/report/global_deltas.csv,observed_3plus,exact_phase_accuracy,binary.count.observed_positive,False,21,21,0
compact_global_2026_extension,results/experiments/compact_climate_weather_oracle_eval_2026_jan_apr_v1/report/global_deltas.csv,observed_3plus,f2_phase3plus,binary.count.observed_positive,False,21,21,0
compact_global_2026_extension,results/experiments/compact_climate_weather_oracle_eval_2026_jan_apr_v1/report/global_deltas.csv,observed_3plus,mae_phase3plus,binary.count.observed_positive,False,21,21,0
compact_global_2026_extension,results/experiments/compact_climate_weather_oracle_eval_2026_jan_apr_v1/report/global_deltas.csv,observed_3plus,ordinal_mae,binary.count.observed_positive,False,21,21,0
compact_global_2026_extension,results/experiments/compact_climate_weather_oracle_eval_2026_jan_apr_v1/report/global_deltas.csv,observed_3plus,phase3plus_accuracy,binary.count.observed_positive,False,21,21,0
compact_global_2026_extension,results/experiments/compact_climate_weather_oracle_eval_2026_jan_apr_v1/report/global_deltas.csv,observed_3plus,precision_phase3plus,binary.count.observed_positive,False,21,21,0
compact_global_2026_extension,results/experiments/compact_climate_weather_oracle_eval_2026_jan_apr_v1/report/global_deltas.csv,observed_3plus,r2_phase3plus,binary.count.observed_positive,False,21,21,0
compact_global_2026_extension,results/experiments/compact_climate_weather_oracle_eval_2026_jan_apr_v1/report/global_deltas.csv,observed_3plus,sensitivity_phase3plus,binary.count.observed_positive,False,21,21,0
compact_global_2026_extension,results/experiments/compact_climate_weather_oracle_eval_2026_jan_apr_v1/report/global_deltas.csv,oracle_predicted_3plus,exact_phase_accuracy,SKIP:in arm row,False,21,21,0
compact_global_2026_extension,results/experiments/compact_climate_weather_oracle_eval_2026_jan_apr_v1/report/global_deltas.csv,oracle_predicted_3plus,f2_phase3plus,SKIP:in arm row,False,21,21,0
compact_global_2026_extension,results/experiments/compact_climate_weather_oracle_eval_2026_jan_apr_v1/report/global_deltas.csv,oracle_predicted_3plus,mae_phase3plus,SKIP:in arm row,False,21,21,0
compact_global_2026_extension,results/experiments/compact_climate_weather_oracle_eval_2026_jan_apr_v1/report/global_deltas.csv,oracle_predicted_3plus,ordinal_mae,SKIP:in arm row,False,21,21,0
compact_global_2026_extension,results/experiments/compact_climate_weather_oracle_eval_2026_jan_apr_v1/report/global_deltas.csv,oracle_predicted_3plus,phase3plus_accuracy,SKIP:in arm row,False,21,21,0
compact_global_2026_extension,results/experiments/compact_climate_weather_oracle_eval_2026_jan_apr_v1/report/global_deltas.csv,oracle_predicted_3plus,precision_phase3plus,SKIP:in arm row,False,21,21,0
compact_global_2026_extension,results/experiments/compact_climate_weather_oracle_eval_2026_jan_apr_v1/report/global_deltas.csv,oracle_predicted_3plus,r2_phase3plus,SKIP:in arm row,False,21,21,0
compact_global_2026_extension,results/experiments/compact_climate_weather_oracle_eval_2026_jan_apr_v1/report/global_deltas.csv,oracle_predicted_3plus,sensitivity_phase3plus,SKIP:in arm row,False,21,21,0
compact_global_2026_extension,results/experiments/compact_climate_weather_oracle_eval_2026_jan_apr_v1/report/global_deltas.csv,baseline_predicted_3plus,exact_phase_accuracy,SKIP:in arm row,False,21,21,0
compact_global_2026_extension,results/experiments/compact_climate_weather_oracle_eval_2026_jan_apr_v1/report/global_deltas.csv,baseline_predicted_3plus,f2_phase3plus,SKIP:in arm row,False,21,21,0
compact_global_2026_extension,results/experiments/compact_climate_weather_oracle_eval_2026_jan_apr_v1/report/global_deltas.csv,baseline_predicted_3plus,mae_phase3plus,SKIP:in arm row,False,21,21,0
compact_global_2026_extension,results/experiments/compact_climate_weather_oracle_eval_2026_jan_apr_v1/report/global_deltas.csv,baseline_predicted_3plus,ordinal_mae,SKIP:in arm row,False,21,21,0
compact_global_2026_extension,results/experiments/compact_climate_weather_oracle_eval_2026_jan_apr_v1/report/global_deltas.csv,baseline_predicted_3plus,phase3plus_accuracy,SKIP:in arm row,False,21,21,0
compact_global_2026_extension,results/experiments/compact_climate_weather_oracle_eval_2026_jan_apr_v1/report/global_deltas.csv,baseline_predicted_3plus,precision_phase3plus,SKIP:in arm row,False,21,21,0
compact_global_2026_extension,results/experiments/compact_climate_weather_oracle_eval_2026_jan_apr_v1/report/global_deltas.csv,baseline_predicted_3plus,r2_phase3plus,SKIP:in arm row,False,21,21,0
compact_global_2026_extension,results/experiments/compact_climate_weather_oracle_eval_2026_jan_apr_v1/report/global_deltas.csv,baseline_predicted_3plus,sensitivity_phase3plus,SKIP:in arm row,False,21,21,0
compact_global_2026_extension,results/experiments/compact_climate_weather_oracle_eval_2026_jan_apr_v1/report/regional_deltas.csv,oracle_value,exact_phase_accuracy,SKIP:duplicate of arm metric (cross-checked equal),False,189,180,9
compact_global_2026_extension,results/experiments/compact_climate_weather_oracle_eval_2026_jan_apr_v1/report/regional_deltas.csv,oracle_value,f2_phase3plus,SKIP:duplicate of arm metric (cross-checked equal),False,189,180,9
compact_global_2026_extension,results/experiments/compact_climate_weather_oracle_eval_2026_jan_apr_v1/report/regional_deltas.csv,oracle_value,mae_phase3plus,SKIP:duplicate of arm metric (cross-checked equal),False,189,180,9
compact_global_2026_extension,results/experiments/compact_climate_weather_oracle_eval_2026_jan_apr_v1/report/regional_deltas.csv,oracle_value,ordinal_mae,SKIP:duplicate of arm metric (cross-checked equal),False,189,180,9
compact_global_2026_extension,results/experiments/compact_climate_weather_oracle_eval_2026_jan_apr_v1/report/regional_deltas.csv,oracle_value,phase3plus_accuracy,SKIP:duplicate of arm metric (cross-checked equal),False,189,180,9
compact_global_2026_extension,results/experiments/compact_climate_weather_oracle_eval_2026_jan_apr_v1/report/regional_deltas.csv,oracle_value,precision_phase3plus,SKIP:duplicate of arm metric (cross-checked equal),False,189,180,9
compact_global_2026_extension,results/experiments/compact_climate_weather_oracle_eval_2026_jan_apr_v1/report/regional_deltas.csv,oracle_value,r2_phase3plus,SKIP:duplicate of arm metric (cross-checked equal),False,189,177,12
compact_global_2026_extension,results/experiments/compact_climate_weather_oracle_eval_2026_jan_apr_v1/report/regional_deltas.csv,oracle_value,sensitivity_phase3plus,SKIP:duplicate of arm metric (cross-checked equal),False,189,180,9
compact_global_2026_extension,results/experiments/compact_climate_weather_oracle_eval_2026_jan_apr_v1/report/regional_deltas.csv,baseline_value,exact_phase_accuracy,SKIP:duplicate of arm metric (cross-checked equal),False,189,180,9
compact_global_2026_extension,results/experiments/compact_climate_weather_oracle_eval_2026_jan_apr_v1/report/regional_deltas.csv,baseline_value,f2_phase3plus,SKIP:duplicate of arm metric (cross-checked equal),False,189,179,10
compact_global_2026_extension,results/experiments/compact_climate_weather_oracle_eval_2026_jan_apr_v1/report/regional_deltas.csv,baseline_value,mae_phase3plus,SKIP:duplicate of arm metric (cross-checked equal),False,189,180,9
compact_global_2026_extension,results/experiments/compact_climate_weather_oracle_eval_2026_jan_apr_v1/report/regional_deltas.csv,baseline_value,ordinal_mae,SKIP:duplicate of arm metric (cross-checked equal),False,189,180,9
compact_global_2026_extension,results/experiments/compact_climate_weather_oracle_eval_2026_jan_apr_v1/report/regional_deltas.csv,baseline_value,phase3plus_accuracy,SKIP:duplicate of arm metric (cross-checked equal),False,189,180,9
compact_global_2026_extension,results/experiments/compact_climate_weather_oracle_eval_2026_jan_apr_v1/report/regional_deltas.csv,baseline_value,precision_phase3plus,SKIP:duplicate of arm metric (cross-checked equal),False,189,180,9
compact_global_2026_extension,results/experiments/compact_climate_weather_oracle_eval_2026_jan_apr_v1/report/regional_deltas.csv,baseline_value,r2_phase3plus,SKIP:duplicate of arm metric (cross-checked equal),False,189,177,12
compact_global_2026_extension,results/experiments/compact_climate_weather_oracle_eval_2026_jan_apr_v1/report/regional_deltas.csv,baseline_value,sensitivity_phase3plus,SKIP:duplicate of arm metric (cross-checked equal),False,189,180,9
compact_global_2026_extension,results/experiments/compact_climate_weather_oracle_eval_2026_jan_apr_v1/report/regional_deltas.csv,delta,exact_phase_accuracy,delta.five_class.accuracy,False,189,180,9
compact_global_2026_extension,results/experiments/compact_climate_weather_oracle_eval_2026_jan_apr_v1/report/regional_deltas.csv,delta,f2_phase3plus,delta.binary.f2,False,189,179,10
compact_global_2026_extension,results/experiments/compact_climate_weather_oracle_eval_2026_jan_apr_v1/report/regional_deltas.csv,delta,mae_phase3plus,delta.share_phase3plus_mae,False,189,180,9
compact_global_2026_extension,results/experiments/compact_climate_weather_oracle_eval_2026_jan_apr_v1/report/regional_deltas.csv,delta,ordinal_mae,delta.five_class.ordinal_mae,False,189,180,9
compact_global_2026_extension,results/experiments/compact_climate_weather_oracle_eval_2026_jan_apr_v1/report/regional_deltas.csv,delta,phase3plus_accuracy,delta.binary.accuracy,False,189,180,9
compact_global_2026_extension,results/experiments/compact_climate_weather_oracle_eval_2026_jan_apr_v1/report/regional_deltas.csv,delta,precision_phase3plus,delta.binary.precision,False,189,180,9
compact_global_2026_extension,results/experiments/compact_climate_weather_oracle_eval_2026_jan_apr_v1/report/regional_deltas.csv,delta,r2_phase3plus,delta.share_phase3plus_r2,False,189,177,12
compact_global_2026_extension,results/experiments/compact_climate_weather_oracle_eval_2026_jan_apr_v1/report/regional_deltas.csv,delta,sensitivity_phase3plus,delta.binary.recall,False,189,180,9
compact_global_2026_extension,results/experiments/compact_climate_weather_oracle_eval_2026_jan_apr_v1/report/regional_deltas.csv,n_rows,exact_phase_accuracy,n_rows,False,189,189,0
compact_global_2026_extension,results/experiments/compact_climate_weather_oracle_eval_2026_jan_apr_v1/report/regional_deltas.csv,n_rows,f2_phase3plus,n_rows,False,189,189,0
compact_global_2026_extension,results/experiments/compact_climate_weather_oracle_eval_2026_jan_apr_v1/report/regional_deltas.csv,n_rows,mae_phase3plus,n_rows,False,189,189,0
compact_global_2026_extension,results/experiments/compact_climate_weather_oracle_eval_2026_jan_apr_v1/report/regional_deltas.csv,n_rows,ordinal_mae,n_rows,False,189,189,0
compact_global_2026_extension,results/experiments/compact_climate_weather_oracle_eval_2026_jan_apr_v1/report/regional_deltas.csv,n_rows,phase3plus_accuracy,n_rows,False,189,189,0
compact_global_2026_extension,results/experiments/compact_climate_weather_oracle_eval_2026_jan_apr_v1/report/regional_deltas.csv,n_rows,precision_phase3plus,n_rows,False,189,189,0
compact_global_2026_extension,results/experiments/compact_climate_weather_oracle_eval_2026_jan_apr_v1/report/regional_deltas.csv,n_rows,r2_phase3plus,n_rows,False,189,189,0
compact_global_2026_extension,results/experiments/compact_climate_weather_oracle_eval_2026_jan_apr_v1/report/regional_deltas.csv,n_rows,sensitivity_phase3plus,n_rows,False,189,189,0
compact_global_2026_extension,results/experiments/compact_climate_weather_oracle_eval_2026_jan_apr_v1/report/regional_deltas.csv,n_areas,exact_phase_accuracy,n_areas,False,189,189,0
compact_global_2026_extension,results/experiments/compact_climate_weather_oracle_eval_2026_jan_apr_v1/report/regional_deltas.csv,n_areas,f2_phase3plus,n_areas,False,189,189,0
compact_global_2026_extension,results/experiments/compact_climate_weather_oracle_eval_2026_jan_apr_v1/report/regional_deltas.csv,n_areas,mae_phase3plus,n_areas,False,189,189,0
compact_global_2026_extension,results/experiments/compact_climate_weather_oracle_eval_2026_jan_apr_v1/report/regional_deltas.csv,n_areas,ordinal_mae,n_areas,False,189,189,0
compact_global_2026_extension,results/experiments/compact_climate_weather_oracle_eval_2026_jan_apr_v1/report/regional_deltas.csv,n_areas,phase3plus_accuracy,n_areas,False,189,189,0
compact_global_2026_extension,results/experiments/compact_climate_weather_oracle_eval_2026_jan_apr_v1/report/regional_deltas.csv,n_areas,precision_phase3plus,n_areas,False,189,189,0
compact_global_2026_extension,results/experiments/compact_climate_weather_oracle_eval_2026_jan_apr_v1/report/regional_deltas.csv,n_areas,r2_phase3plus,n_areas,False,189,189,0
compact_global_2026_extension,results/experiments/compact_climate_weather_oracle_eval_2026_jan_apr_v1/report/regional_deltas.csv,n_areas,sensitivity_phase3plus,n_areas,False,189,189,0
compact_global_2026_extension,results/experiments/compact_climate_weather_oracle_eval_2026_jan_apr_v1/report/regional_deltas.csv,observed_3plus,exact_phase_accuracy,binary.count.observed_positive,False,189,189,0
compact_global_2026_extension,results/experiments/compact_climate_weather_oracle_eval_2026_jan_apr_v1/report/regional_deltas.csv,observed_3plus,f2_phase3plus,binary.count.observed_positive,False,189,189,0
compact_global_2026_extension,results/experiments/compact_climate_weather_oracle_eval_2026_jan_apr_v1/report/regional_deltas.csv,observed_3plus,mae_phase3plus,binary.count.observed_positive,False,189,189,0
compact_global_2026_extension,results/experiments/compact_climate_weather_oracle_eval_2026_jan_apr_v1/report/regional_deltas.csv,observed_3plus,ordinal_mae,binary.count.observed_positive,False,189,189,0
compact_global_2026_extension,results/experiments/compact_climate_weather_oracle_eval_2026_jan_apr_v1/report/regional_deltas.csv,observed_3plus,phase3plus_accuracy,binary.count.observed_positive,False,189,189,0
compact_global_2026_extension,results/experiments/compact_climate_weather_oracle_eval_2026_jan_apr_v1/report/regional_deltas.csv,observed_3plus,precision_phase3plus,binary.count.observed_positive,False,189,189,0
compact_global_2026_extension,results/experiments/compact_climate_weather_oracle_eval_2026_jan_apr_v1/report/regional_deltas.csv,observed_3plus,r2_phase3plus,binary.count.observed_positive,False,189,189,0
compact_global_2026_extension,results/experiments/compact_climate_weather_oracle_eval_2026_jan_apr_v1/report/regional_deltas.csv,observed_3plus,sensitivity_phase3plus,binary.count.observed_positive,False,189,189,0
compact_global_2026_extension,results/experiments/compact_climate_weather_oracle_eval_2026_jan_apr_v1/report/regional_deltas.csv,oracle_predicted_3plus,exact_phase_accuracy,SKIP:in arm row,False,189,189,0
compact_global_2026_extension,results/experiments/compact_climate_weather_oracle_eval_2026_jan_apr_v1/report/regional_deltas.csv,oracle_predicted_3plus,f2_phase3plus,SKIP:in arm row,False,189,189,0
compact_global_2026_extension,results/experiments/compact_climate_weather_oracle_eval_2026_jan_apr_v1/report/regional_deltas.csv,oracle_predicted_3plus,mae_phase3plus,SKIP:in arm row,False,189,189,0
compact_global_2026_extension,results/experiments/compact_climate_weather_oracle_eval_2026_jan_apr_v1/report/regional_deltas.csv,oracle_predicted_3plus,ordinal_mae,SKIP:in arm row,False,189,189,0
compact_global_2026_extension,results/experiments/compact_climate_weather_oracle_eval_2026_jan_apr_v1/report/regional_deltas.csv,oracle_predicted_3plus,phase3plus_accuracy,SKIP:in arm row,False,189,189,0
compact_global_2026_extension,results/experiments/compact_climate_weather_oracle_eval_2026_jan_apr_v1/report/regional_deltas.csv,oracle_predicted_3plus,precision_phase3plus,SKIP:in arm row,False,189,189,0
compact_global_2026_extension,results/experiments/compact_climate_weather_oracle_eval_2026_jan_apr_v1/report/regional_deltas.csv,oracle_predicted_3plus,r2_phase3plus,SKIP:in arm row,False,189,189,0
compact_global_2026_extension,results/experiments/compact_climate_weather_oracle_eval_2026_jan_apr_v1/report/regional_deltas.csv,oracle_predicted_3plus,sensitivity_phase3plus,SKIP:in arm row,False,189,189,0
compact_global_2026_extension,results/experiments/compact_climate_weather_oracle_eval_2026_jan_apr_v1/report/regional_deltas.csv,baseline_predicted_3plus,exact_phase_accuracy,SKIP:in arm row,False,189,189,0
compact_global_2026_extension,results/experiments/compact_climate_weather_oracle_eval_2026_jan_apr_v1/report/regional_deltas.csv,baseline_predicted_3plus,f2_phase3plus,SKIP:in arm row,False,189,189,0
compact_global_2026_extension,results/experiments/compact_climate_weather_oracle_eval_2026_jan_apr_v1/report/regional_deltas.csv,baseline_predicted_3plus,mae_phase3plus,SKIP:in arm row,False,189,189,0
compact_global_2026_extension,results/experiments/compact_climate_weather_oracle_eval_2026_jan_apr_v1/report/regional_deltas.csv,baseline_predicted_3plus,ordinal_mae,SKIP:in arm row,False,189,189,0
compact_global_2026_extension,results/experiments/compact_climate_weather_oracle_eval_2026_jan_apr_v1/report/regional_deltas.csv,baseline_predicted_3plus,phase3plus_accuracy,SKIP:in arm row,False,189,189,0
compact_global_2026_extension,results/experiments/compact_climate_weather_oracle_eval_2026_jan_apr_v1/report/regional_deltas.csv,baseline_predicted_3plus,precision_phase3plus,SKIP:in arm row,False,189,189,0
compact_global_2026_extension,results/experiments/compact_climate_weather_oracle_eval_2026_jan_apr_v1/report/regional_deltas.csv,baseline_predicted_3plus,r2_phase3plus,SKIP:in arm row,False,189,189,0
compact_global_2026_extension,results/experiments/compact_climate_weather_oracle_eval_2026_jan_apr_v1/report/regional_deltas.csv,baseline_predicted_3plus,sensitivity_phase3plus,SKIP:in arm row,False,189,189,0
compact_somalia_2026_extension,results/experiments/compact_climate_weather_oracle_eval_2026_jan_apr_v1_somalia_local/report/som_metrics_long.csv,value,exact_phase_accuracy,five_class.accuracy,False,49,49,0
compact_somalia_2026_extension,results/experiments/compact_climate_weather_oracle_eval_2026_jan_apr_v1_somalia_local/report/som_metrics_long.csv,value,f2_phase3plus,binary.f2,False,49,48,1
compact_somalia_2026_extension,results/experiments/compact_climate_weather_oracle_eval_2026_jan_apr_v1_somalia_local/report/som_metrics_long.csv,value,mae_phase3plus,share_phase3plus_mae,False,49,49,0
compact_somalia_2026_extension,results/experiments/compact_climate_weather_oracle_eval_2026_jan_apr_v1_somalia_local/report/som_metrics_long.csv,value,ordinal_mae,five_class.ordinal_mae,False,49,49,0
compact_somalia_2026_extension,results/experiments/compact_climate_weather_oracle_eval_2026_jan_apr_v1_somalia_local/report/som_metrics_long.csv,value,phase3plus_accuracy,binary.accuracy,False,49,49,0
compact_somalia_2026_extension,results/experiments/compact_climate_weather_oracle_eval_2026_jan_apr_v1_somalia_local/report/som_metrics_long.csv,value,precision_phase3plus,binary.precision,False,49,49,0
compact_somalia_2026_extension,results/experiments/compact_climate_weather_oracle_eval_2026_jan_apr_v1_somalia_local/report/som_metrics_long.csv,value,r2_phase3plus,share_phase3plus_r2,False,49,49,0
compact_somalia_2026_extension,results/experiments/compact_climate_weather_oracle_eval_2026_jan_apr_v1_somalia_local/report/som_metrics_long.csv,value,sensitivity_phase3plus,binary.recall,False,49,49,0
compact_somalia_2026_extension,results/experiments/compact_climate_weather_oracle_eval_2026_jan_apr_v1_somalia_local/report/som_metrics_long.csv,n_rows,exact_phase_accuracy,n_rows,False,49,49,0
compact_somalia_2026_extension,results/experiments/compact_climate_weather_oracle_eval_2026_jan_apr_v1_somalia_local/report/som_metrics_long.csv,n_rows,f2_phase3plus,n_rows,False,49,49,0
compact_somalia_2026_extension,results/experiments/compact_climate_weather_oracle_eval_2026_jan_apr_v1_somalia_local/report/som_metrics_long.csv,n_rows,mae_phase3plus,n_rows,False,49,49,0
compact_somalia_2026_extension,results/experiments/compact_climate_weather_oracle_eval_2026_jan_apr_v1_somalia_local/report/som_metrics_long.csv,n_rows,ordinal_mae,n_rows,False,49,49,0
compact_somalia_2026_extension,results/experiments/compact_climate_weather_oracle_eval_2026_jan_apr_v1_somalia_local/report/som_metrics_long.csv,n_rows,phase3plus_accuracy,n_rows,False,49,49,0
compact_somalia_2026_extension,results/experiments/compact_climate_weather_oracle_eval_2026_jan_apr_v1_somalia_local/report/som_metrics_long.csv,n_rows,precision_phase3plus,n_rows,False,49,49,0
compact_somalia_2026_extension,results/experiments/compact_climate_weather_oracle_eval_2026_jan_apr_v1_somalia_local/report/som_metrics_long.csv,n_rows,r2_phase3plus,n_rows,False,49,49,0
compact_somalia_2026_extension,results/experiments/compact_climate_weather_oracle_eval_2026_jan_apr_v1_somalia_local/report/som_metrics_long.csv,n_rows,sensitivity_phase3plus,n_rows,False,49,49,0
compact_somalia_2026_extension,results/experiments/compact_climate_weather_oracle_eval_2026_jan_apr_v1_somalia_local/report/som_metrics_long.csv,n_areas,exact_phase_accuracy,n_areas,False,49,49,0
compact_somalia_2026_extension,results/experiments/compact_climate_weather_oracle_eval_2026_jan_apr_v1_somalia_local/report/som_metrics_long.csv,n_areas,f2_phase3plus,n_areas,False,49,49,0
compact_somalia_2026_extension,results/experiments/compact_climate_weather_oracle_eval_2026_jan_apr_v1_somalia_local/report/som_metrics_long.csv,n_areas,mae_phase3plus,n_areas,False,49,49,0
compact_somalia_2026_extension,results/experiments/compact_climate_weather_oracle_eval_2026_jan_apr_v1_somalia_local/report/som_metrics_long.csv,n_areas,ordinal_mae,n_areas,False,49,49,0
compact_somalia_2026_extension,results/experiments/compact_climate_weather_oracle_eval_2026_jan_apr_v1_somalia_local/report/som_metrics_long.csv,n_areas,phase3plus_accuracy,n_areas,False,49,49,0
compact_somalia_2026_extension,results/experiments/compact_climate_weather_oracle_eval_2026_jan_apr_v1_somalia_local/report/som_metrics_long.csv,n_areas,precision_phase3plus,n_areas,False,49,49,0
compact_somalia_2026_extension,results/experiments/compact_climate_weather_oracle_eval_2026_jan_apr_v1_somalia_local/report/som_metrics_long.csv,n_areas,r2_phase3plus,n_areas,False,49,49,0
compact_somalia_2026_extension,results/experiments/compact_climate_weather_oracle_eval_2026_jan_apr_v1_somalia_local/report/som_metrics_long.csv,n_areas,sensitivity_phase3plus,n_areas,False,49,49,0
compact_somalia_2026_extension,results/experiments/compact_climate_weather_oracle_eval_2026_jan_apr_v1_somalia_local/report/som_metrics_long.csv,observed_3plus,exact_phase_accuracy,binary.count.observed_positive,False,49,49,0
compact_somalia_2026_extension,results/experiments/compact_climate_weather_oracle_eval_2026_jan_apr_v1_somalia_local/report/som_metrics_long.csv,observed_3plus,f2_phase3plus,binary.count.observed_positive,False,49,49,0
compact_somalia_2026_extension,results/experiments/compact_climate_weather_oracle_eval_2026_jan_apr_v1_somalia_local/report/som_metrics_long.csv,observed_3plus,mae_phase3plus,binary.count.observed_positive,False,49,49,0
compact_somalia_2026_extension,results/experiments/compact_climate_weather_oracle_eval_2026_jan_apr_v1_somalia_local/report/som_metrics_long.csv,observed_3plus,ordinal_mae,binary.count.observed_positive,False,49,49,0
compact_somalia_2026_extension,results/experiments/compact_climate_weather_oracle_eval_2026_jan_apr_v1_somalia_local/report/som_metrics_long.csv,observed_3plus,phase3plus_accuracy,binary.count.observed_positive,False,49,49,0
compact_somalia_2026_extension,results/experiments/compact_climate_weather_oracle_eval_2026_jan_apr_v1_somalia_local/report/som_metrics_long.csv,observed_3plus,precision_phase3plus,binary.count.observed_positive,False,49,49,0
compact_somalia_2026_extension,results/experiments/compact_climate_weather_oracle_eval_2026_jan_apr_v1_somalia_local/report/som_metrics_long.csv,observed_3plus,r2_phase3plus,binary.count.observed_positive,False,49,49,0
compact_somalia_2026_extension,results/experiments/compact_climate_weather_oracle_eval_2026_jan_apr_v1_somalia_local/report/som_metrics_long.csv,observed_3plus,sensitivity_phase3plus,binary.count.observed_positive,False,49,49,0
compact_somalia_2026_extension,results/experiments/compact_climate_weather_oracle_eval_2026_jan_apr_v1_somalia_local/report/som_metrics_long.csv,observed_1_2,exact_phase_accuracy,binary.count.observed_negative,False,49,49,0
compact_somalia_2026_extension,results/experiments/compact_climate_weather_oracle_eval_2026_jan_apr_v1_somalia_local/report/som_metrics_long.csv,observed_1_2,f2_phase3plus,binary.count.observed_negative,False,49,49,0
compact_somalia_2026_extension,results/experiments/compact_climate_weather_oracle_eval_2026_jan_apr_v1_somalia_local/report/som_metrics_long.csv,observed_1_2,mae_phase3plus,binary.count.observed_negative,False,49,49,0
compact_somalia_2026_extension,results/experiments/compact_climate_weather_oracle_eval_2026_jan_apr_v1_somalia_local/report/som_metrics_long.csv,observed_1_2,ordinal_mae,binary.count.observed_negative,False,49,49,0
compact_somalia_2026_extension,results/experiments/compact_climate_weather_oracle_eval_2026_jan_apr_v1_somalia_local/report/som_metrics_long.csv,observed_1_2,phase3plus_accuracy,binary.count.observed_negative,False,49,49,0
compact_somalia_2026_extension,results/experiments/compact_climate_weather_oracle_eval_2026_jan_apr_v1_somalia_local/report/som_metrics_long.csv,observed_1_2,precision_phase3plus,binary.count.observed_negative,False,49,49,0
compact_somalia_2026_extension,results/experiments/compact_climate_weather_oracle_eval_2026_jan_apr_v1_somalia_local/report/som_metrics_long.csv,observed_1_2,r2_phase3plus,binary.count.observed_negative,False,49,49,0
compact_somalia_2026_extension,results/experiments/compact_climate_weather_oracle_eval_2026_jan_apr_v1_somalia_local/report/som_metrics_long.csv,observed_1_2,sensitivity_phase3plus,binary.count.observed_negative,False,49,49,0
compact_somalia_2026_extension,results/experiments/compact_climate_weather_oracle_eval_2026_jan_apr_v1_somalia_local/report/som_metrics_long.csv,predicted_3plus,exact_phase_accuracy,binary.count.predicted_positive,False,49,49,0
compact_somalia_2026_extension,results/experiments/compact_climate_weather_oracle_eval_2026_jan_apr_v1_somalia_local/report/som_metrics_long.csv,predicted_3plus,f2_phase3plus,binary.count.predicted_positive,False,49,49,0
compact_somalia_2026_extension,results/experiments/compact_climate_weather_oracle_eval_2026_jan_apr_v1_somalia_local/report/som_metrics_long.csv,predicted_3plus,mae_phase3plus,binary.count.predicted_positive,False,49,49,0
compact_somalia_2026_extension,results/experiments/compact_climate_weather_oracle_eval_2026_jan_apr_v1_somalia_local/report/som_metrics_long.csv,predicted_3plus,ordinal_mae,binary.count.predicted_positive,False,49,49,0
compact_somalia_2026_extension,results/experiments/compact_climate_weather_oracle_eval_2026_jan_apr_v1_somalia_local/report/som_metrics_long.csv,predicted_3plus,phase3plus_accuracy,binary.count.predicted_positive,False,49,49,0
compact_somalia_2026_extension,results/experiments/compact_climate_weather_oracle_eval_2026_jan_apr_v1_somalia_local/report/som_metrics_long.csv,predicted_3plus,precision_phase3plus,binary.count.predicted_positive,False,49,49,0
compact_somalia_2026_extension,results/experiments/compact_climate_weather_oracle_eval_2026_jan_apr_v1_somalia_local/report/som_metrics_long.csv,predicted_3plus,r2_phase3plus,binary.count.predicted_positive,False,49,49,0
compact_somalia_2026_extension,results/experiments/compact_climate_weather_oracle_eval_2026_jan_apr_v1_somalia_local/report/som_metrics_long.csv,predicted_3plus,sensitivity_phase3plus,binary.count.predicted_positive,False,49,49,0
compact_somalia_2026_extension,results/experiments/compact_climate_weather_oracle_eval_2026_jan_apr_v1_somalia_local/report/som_metrics_long.csv,true_positive_3plus,exact_phase_accuracy,binary.count.tp,False,49,49,0
compact_somalia_2026_extension,results/experiments/compact_climate_weather_oracle_eval_2026_jan_apr_v1_somalia_local/report/som_metrics_long.csv,true_positive_3plus,f2_phase3plus,binary.count.tp,False,49,49,0
compact_somalia_2026_extension,results/experiments/compact_climate_weather_oracle_eval_2026_jan_apr_v1_somalia_local/report/som_metrics_long.csv,true_positive_3plus,mae_phase3plus,binary.count.tp,False,49,49,0
compact_somalia_2026_extension,results/experiments/compact_climate_weather_oracle_eval_2026_jan_apr_v1_somalia_local/report/som_metrics_long.csv,true_positive_3plus,ordinal_mae,binary.count.tp,False,49,49,0
compact_somalia_2026_extension,results/experiments/compact_climate_weather_oracle_eval_2026_jan_apr_v1_somalia_local/report/som_metrics_long.csv,true_positive_3plus,phase3plus_accuracy,binary.count.tp,False,49,49,0
compact_somalia_2026_extension,results/experiments/compact_climate_weather_oracle_eval_2026_jan_apr_v1_somalia_local/report/som_metrics_long.csv,true_positive_3plus,precision_phase3plus,binary.count.tp,False,49,49,0
compact_somalia_2026_extension,results/experiments/compact_climate_weather_oracle_eval_2026_jan_apr_v1_somalia_local/report/som_metrics_long.csv,true_positive_3plus,r2_phase3plus,binary.count.tp,False,49,49,0
compact_somalia_2026_extension,results/experiments/compact_climate_weather_oracle_eval_2026_jan_apr_v1_somalia_local/report/som_metrics_long.csv,true_positive_3plus,sensitivity_phase3plus,binary.count.tp,False,49,49,0
compact_somalia_2026_extension,results/experiments/compact_climate_weather_oracle_eval_2026_jan_apr_v1_somalia_local/report/som_metrics_long.csv,distinct_phase3_worse,exact_phase_accuracy,share_phase3plus_n_distinct_truth,False,49,49,0
compact_somalia_2026_extension,results/experiments/compact_climate_weather_oracle_eval_2026_jan_apr_v1_somalia_local/report/som_metrics_long.csv,distinct_phase3_worse,f2_phase3plus,share_phase3plus_n_distinct_truth,False,49,49,0
compact_somalia_2026_extension,results/experiments/compact_climate_weather_oracle_eval_2026_jan_apr_v1_somalia_local/report/som_metrics_long.csv,distinct_phase3_worse,mae_phase3plus,share_phase3plus_n_distinct_truth,False,49,49,0
compact_somalia_2026_extension,results/experiments/compact_climate_weather_oracle_eval_2026_jan_apr_v1_somalia_local/report/som_metrics_long.csv,distinct_phase3_worse,ordinal_mae,share_phase3plus_n_distinct_truth,False,49,49,0
compact_somalia_2026_extension,results/experiments/compact_climate_weather_oracle_eval_2026_jan_apr_v1_somalia_local/report/som_metrics_long.csv,distinct_phase3_worse,phase3plus_accuracy,share_phase3plus_n_distinct_truth,False,49,49,0
compact_somalia_2026_extension,results/experiments/compact_climate_weather_oracle_eval_2026_jan_apr_v1_somalia_local/report/som_metrics_long.csv,distinct_phase3_worse,precision_phase3plus,share_phase3plus_n_distinct_truth,False,49,49,0
compact_somalia_2026_extension,results/experiments/compact_climate_weather_oracle_eval_2026_jan_apr_v1_somalia_local/report/som_metrics_long.csv,distinct_phase3_worse,r2_phase3plus,share_phase3plus_n_distinct_truth,False,49,49,0
compact_somalia_2026_extension,results/experiments/compact_climate_weather_oracle_eval_2026_jan_apr_v1_somalia_local/report/som_metrics_long.csv,distinct_phase3_worse,sensitivity_phase3plus,share_phase3plus_n_distinct_truth,False,49,49,0
compact_somalia_2026_extension,results/experiments/compact_climate_weather_oracle_eval_2026_jan_apr_v1_somalia_local/report/som_oracle_minus_baseline_deltas.csv,oracle_value,exact_phase_accuracy,SKIP:duplicate of arm metric (cross-checked equal),False,28,28,0
compact_somalia_2026_extension,results/experiments/compact_climate_weather_oracle_eval_2026_jan_apr_v1_somalia_local/report/som_oracle_minus_baseline_deltas.csv,oracle_value,f2_phase3plus,SKIP:duplicate of arm metric (cross-checked equal),False,28,27,1
compact_somalia_2026_extension,results/experiments/compact_climate_weather_oracle_eval_2026_jan_apr_v1_somalia_local/report/som_oracle_minus_baseline_deltas.csv,oracle_value,mae_phase3plus,SKIP:duplicate of arm metric (cross-checked equal),False,28,28,0
compact_somalia_2026_extension,results/experiments/compact_climate_weather_oracle_eval_2026_jan_apr_v1_somalia_local/report/som_oracle_minus_baseline_deltas.csv,oracle_value,ordinal_mae,SKIP:duplicate of arm metric (cross-checked equal),False,28,28,0
compact_somalia_2026_extension,results/experiments/compact_climate_weather_oracle_eval_2026_jan_apr_v1_somalia_local/report/som_oracle_minus_baseline_deltas.csv,oracle_value,phase3plus_accuracy,SKIP:duplicate of arm metric (cross-checked equal),False,28,28,0
compact_somalia_2026_extension,results/experiments/compact_climate_weather_oracle_eval_2026_jan_apr_v1_somalia_local/report/som_oracle_minus_baseline_deltas.csv,oracle_value,precision_phase3plus,SKIP:duplicate of arm metric (cross-checked equal),False,28,28,0
compact_somalia_2026_extension,results/experiments/compact_climate_weather_oracle_eval_2026_jan_apr_v1_somalia_local/report/som_oracle_minus_baseline_deltas.csv,oracle_value,r2_phase3plus,SKIP:duplicate of arm metric (cross-checked equal),False,28,28,0
compact_somalia_2026_extension,results/experiments/compact_climate_weather_oracle_eval_2026_jan_apr_v1_somalia_local/report/som_oracle_minus_baseline_deltas.csv,oracle_value,sensitivity_phase3plus,SKIP:duplicate of arm metric (cross-checked equal),False,28,28,0
compact_somalia_2026_extension,results/experiments/compact_climate_weather_oracle_eval_2026_jan_apr_v1_somalia_local/report/som_oracle_minus_baseline_deltas.csv,baseline_value,exact_phase_accuracy,SKIP:duplicate of arm metric (cross-checked equal),False,28,28,0
compact_somalia_2026_extension,results/experiments/compact_climate_weather_oracle_eval_2026_jan_apr_v1_somalia_local/report/som_oracle_minus_baseline_deltas.csv,baseline_value,f2_phase3plus,SKIP:duplicate of arm metric (cross-checked equal),False,28,28,0
compact_somalia_2026_extension,results/experiments/compact_climate_weather_oracle_eval_2026_jan_apr_v1_somalia_local/report/som_oracle_minus_baseline_deltas.csv,baseline_value,mae_phase3plus,SKIP:duplicate of arm metric (cross-checked equal),False,28,28,0
compact_somalia_2026_extension,results/experiments/compact_climate_weather_oracle_eval_2026_jan_apr_v1_somalia_local/report/som_oracle_minus_baseline_deltas.csv,baseline_value,ordinal_mae,SKIP:duplicate of arm metric (cross-checked equal),False,28,28,0
compact_somalia_2026_extension,results/experiments/compact_climate_weather_oracle_eval_2026_jan_apr_v1_somalia_local/report/som_oracle_minus_baseline_deltas.csv,baseline_value,phase3plus_accuracy,SKIP:duplicate of arm metric (cross-checked equal),False,28,28,0
compact_somalia_2026_extension,results/experiments/compact_climate_weather_oracle_eval_2026_jan_apr_v1_somalia_local/report/som_oracle_minus_baseline_deltas.csv,baseline_value,precision_phase3plus,SKIP:duplicate of arm metric (cross-checked equal),False,28,28,0
compact_somalia_2026_extension,results/experiments/compact_climate_weather_oracle_eval_2026_jan_apr_v1_somalia_local/report/som_oracle_minus_baseline_deltas.csv,baseline_value,r2_phase3plus,SKIP:duplicate of arm metric (cross-checked equal),False,28,28,0
compact_somalia_2026_extension,results/experiments/compact_climate_weather_oracle_eval_2026_jan_apr_v1_somalia_local/report/som_oracle_minus_baseline_deltas.csv,baseline_value,sensitivity_phase3plus,SKIP:duplicate of arm metric (cross-checked equal),False,28,28,0
compact_somalia_2026_extension,results/experiments/compact_climate_weather_oracle_eval_2026_jan_apr_v1_somalia_local/report/som_oracle_minus_baseline_deltas.csv,delta,exact_phase_accuracy,delta.five_class.accuracy,False,28,28,0
compact_somalia_2026_extension,results/experiments/compact_climate_weather_oracle_eval_2026_jan_apr_v1_somalia_local/report/som_oracle_minus_baseline_deltas.csv,delta,f2_phase3plus,delta.binary.f2,False,28,27,1
compact_somalia_2026_extension,results/experiments/compact_climate_weather_oracle_eval_2026_jan_apr_v1_somalia_local/report/som_oracle_minus_baseline_deltas.csv,delta,mae_phase3plus,delta.share_phase3plus_mae,False,28,28,0
compact_somalia_2026_extension,results/experiments/compact_climate_weather_oracle_eval_2026_jan_apr_v1_somalia_local/report/som_oracle_minus_baseline_deltas.csv,delta,ordinal_mae,delta.five_class.ordinal_mae,False,28,28,0
compact_somalia_2026_extension,results/experiments/compact_climate_weather_oracle_eval_2026_jan_apr_v1_somalia_local/report/som_oracle_minus_baseline_deltas.csv,delta,phase3plus_accuracy,delta.binary.accuracy,False,28,28,0
compact_somalia_2026_extension,results/experiments/compact_climate_weather_oracle_eval_2026_jan_apr_v1_somalia_local/report/som_oracle_minus_baseline_deltas.csv,delta,precision_phase3plus,delta.binary.precision,False,28,28,0
compact_somalia_2026_extension,results/experiments/compact_climate_weather_oracle_eval_2026_jan_apr_v1_somalia_local/report/som_oracle_minus_baseline_deltas.csv,delta,r2_phase3plus,delta.share_phase3plus_r2,False,28,28,0
compact_somalia_2026_extension,results/experiments/compact_climate_weather_oracle_eval_2026_jan_apr_v1_somalia_local/report/som_oracle_minus_baseline_deltas.csv,delta,sensitivity_phase3plus,delta.binary.recall,False,28,28,0
compact_somalia_2026_extension,results/experiments/compact_climate_weather_oracle_eval_2026_jan_apr_v1_somalia_local/report/som_oracle_minus_baseline_deltas.csv,n_rows,exact_phase_accuracy,n_rows,False,28,28,0
compact_somalia_2026_extension,results/experiments/compact_climate_weather_oracle_eval_2026_jan_apr_v1_somalia_local/report/som_oracle_minus_baseline_deltas.csv,n_rows,f2_phase3plus,n_rows,False,28,28,0
compact_somalia_2026_extension,results/experiments/compact_climate_weather_oracle_eval_2026_jan_apr_v1_somalia_local/report/som_oracle_minus_baseline_deltas.csv,n_rows,mae_phase3plus,n_rows,False,28,28,0
compact_somalia_2026_extension,results/experiments/compact_climate_weather_oracle_eval_2026_jan_apr_v1_somalia_local/report/som_oracle_minus_baseline_deltas.csv,n_rows,ordinal_mae,n_rows,False,28,28,0
compact_somalia_2026_extension,results/experiments/compact_climate_weather_oracle_eval_2026_jan_apr_v1_somalia_local/report/som_oracle_minus_baseline_deltas.csv,n_rows,phase3plus_accuracy,n_rows,False,28,28,0
compact_somalia_2026_extension,results/experiments/compact_climate_weather_oracle_eval_2026_jan_apr_v1_somalia_local/report/som_oracle_minus_baseline_deltas.csv,n_rows,precision_phase3plus,n_rows,False,28,28,0
compact_somalia_2026_extension,results/experiments/compact_climate_weather_oracle_eval_2026_jan_apr_v1_somalia_local/report/som_oracle_minus_baseline_deltas.csv,n_rows,r2_phase3plus,n_rows,False,28,28,0
compact_somalia_2026_extension,results/experiments/compact_climate_weather_oracle_eval_2026_jan_apr_v1_somalia_local/report/som_oracle_minus_baseline_deltas.csv,n_rows,sensitivity_phase3plus,n_rows,False,28,28,0
compact_somalia_2026_extension,results/experiments/compact_climate_weather_oracle_eval_2026_jan_apr_v1_somalia_local/report/som_oracle_minus_baseline_deltas.csv,n_areas,exact_phase_accuracy,n_areas,False,28,28,0
compact_somalia_2026_extension,results/experiments/compact_climate_weather_oracle_eval_2026_jan_apr_v1_somalia_local/report/som_oracle_minus_baseline_deltas.csv,n_areas,f2_phase3plus,n_areas,False,28,28,0
compact_somalia_2026_extension,results/experiments/compact_climate_weather_oracle_eval_2026_jan_apr_v1_somalia_local/report/som_oracle_minus_baseline_deltas.csv,n_areas,mae_phase3plus,n_areas,False,28,28,0
compact_somalia_2026_extension,results/experiments/compact_climate_weather_oracle_eval_2026_jan_apr_v1_somalia_local/report/som_oracle_minus_baseline_deltas.csv,n_areas,ordinal_mae,n_areas,False,28,28,0
compact_somalia_2026_extension,results/experiments/compact_climate_weather_oracle_eval_2026_jan_apr_v1_somalia_local/report/som_oracle_minus_baseline_deltas.csv,n_areas,phase3plus_accuracy,n_areas,False,28,28,0
compact_somalia_2026_extension,results/experiments/compact_climate_weather_oracle_eval_2026_jan_apr_v1_somalia_local/report/som_oracle_minus_baseline_deltas.csv,n_areas,precision_phase3plus,n_areas,False,28,28,0
compact_somalia_2026_extension,results/experiments/compact_climate_weather_oracle_eval_2026_jan_apr_v1_somalia_local/report/som_oracle_minus_baseline_deltas.csv,n_areas,r2_phase3plus,n_areas,False,28,28,0
compact_somalia_2026_extension,results/experiments/compact_climate_weather_oracle_eval_2026_jan_apr_v1_somalia_local/report/som_oracle_minus_baseline_deltas.csv,n_areas,sensitivity_phase3plus,n_areas,False,28,28,0
compact_somalia_2026_extension,results/experiments/compact_climate_weather_oracle_eval_2026_jan_apr_v1_somalia_local/report/som_oracle_minus_baseline_deltas.csv,observed_3plus,exact_phase_accuracy,binary.count.observed_positive,False,28,28,0
compact_somalia_2026_extension,results/experiments/compact_climate_weather_oracle_eval_2026_jan_apr_v1_somalia_local/report/som_oracle_minus_baseline_deltas.csv,observed_3plus,f2_phase3plus,binary.count.observed_positive,False,28,28,0
compact_somalia_2026_extension,results/experiments/compact_climate_weather_oracle_eval_2026_jan_apr_v1_somalia_local/report/som_oracle_minus_baseline_deltas.csv,observed_3plus,mae_phase3plus,binary.count.observed_positive,False,28,28,0
compact_somalia_2026_extension,results/experiments/compact_climate_weather_oracle_eval_2026_jan_apr_v1_somalia_local/report/som_oracle_minus_baseline_deltas.csv,observed_3plus,ordinal_mae,binary.count.observed_positive,False,28,28,0
compact_somalia_2026_extension,results/experiments/compact_climate_weather_oracle_eval_2026_jan_apr_v1_somalia_local/report/som_oracle_minus_baseline_deltas.csv,observed_3plus,phase3plus_accuracy,binary.count.observed_positive,False,28,28,0
compact_somalia_2026_extension,results/experiments/compact_climate_weather_oracle_eval_2026_jan_apr_v1_somalia_local/report/som_oracle_minus_baseline_deltas.csv,observed_3plus,precision_phase3plus,binary.count.observed_positive,False,28,28,0
compact_somalia_2026_extension,results/experiments/compact_climate_weather_oracle_eval_2026_jan_apr_v1_somalia_local/report/som_oracle_minus_baseline_deltas.csv,observed_3plus,r2_phase3plus,binary.count.observed_positive,False,28,28,0
compact_somalia_2026_extension,results/experiments/compact_climate_weather_oracle_eval_2026_jan_apr_v1_somalia_local/report/som_oracle_minus_baseline_deltas.csv,observed_3plus,sensitivity_phase3plus,binary.count.observed_positive,False,28,28,0
compact_somalia_2026_extension,results/experiments/compact_climate_weather_oracle_eval_2026_jan_apr_v1_somalia_local/report/som_oracle_minus_baseline_deltas.csv,oracle_predicted_3plus,exact_phase_accuracy,SKIP:in arm row,False,28,28,0
compact_somalia_2026_extension,results/experiments/compact_climate_weather_oracle_eval_2026_jan_apr_v1_somalia_local/report/som_oracle_minus_baseline_deltas.csv,oracle_predicted_3plus,f2_phase3plus,SKIP:in arm row,False,28,28,0
compact_somalia_2026_extension,results/experiments/compact_climate_weather_oracle_eval_2026_jan_apr_v1_somalia_local/report/som_oracle_minus_baseline_deltas.csv,oracle_predicted_3plus,mae_phase3plus,SKIP:in arm row,False,28,28,0
compact_somalia_2026_extension,results/experiments/compact_climate_weather_oracle_eval_2026_jan_apr_v1_somalia_local/report/som_oracle_minus_baseline_deltas.csv,oracle_predicted_3plus,ordinal_mae,SKIP:in arm row,False,28,28,0
compact_somalia_2026_extension,results/experiments/compact_climate_weather_oracle_eval_2026_jan_apr_v1_somalia_local/report/som_oracle_minus_baseline_deltas.csv,oracle_predicted_3plus,phase3plus_accuracy,SKIP:in arm row,False,28,28,0
compact_somalia_2026_extension,results/experiments/compact_climate_weather_oracle_eval_2026_jan_apr_v1_somalia_local/report/som_oracle_minus_baseline_deltas.csv,oracle_predicted_3plus,precision_phase3plus,SKIP:in arm row,False,28,28,0
compact_somalia_2026_extension,results/experiments/compact_climate_weather_oracle_eval_2026_jan_apr_v1_somalia_local/report/som_oracle_minus_baseline_deltas.csv,oracle_predicted_3plus,r2_phase3plus,SKIP:in arm row,False,28,28,0
compact_somalia_2026_extension,results/experiments/compact_climate_weather_oracle_eval_2026_jan_apr_v1_somalia_local/report/som_oracle_minus_baseline_deltas.csv,oracle_predicted_3plus,sensitivity_phase3plus,SKIP:in arm row,False,28,28,0
compact_somalia_2026_extension,results/experiments/compact_climate_weather_oracle_eval_2026_jan_apr_v1_somalia_local/report/som_oracle_minus_baseline_deltas.csv,baseline_predicted_3plus,exact_phase_accuracy,SKIP:in arm row,False,28,28,0
compact_somalia_2026_extension,results/experiments/compact_climate_weather_oracle_eval_2026_jan_apr_v1_somalia_local/report/som_oracle_minus_baseline_deltas.csv,baseline_predicted_3plus,f2_phase3plus,SKIP:in arm row,False,28,28,0
compact_somalia_2026_extension,results/experiments/compact_climate_weather_oracle_eval_2026_jan_apr_v1_somalia_local/report/som_oracle_minus_baseline_deltas.csv,baseline_predicted_3plus,mae_phase3plus,SKIP:in arm row,False,28,28,0
compact_somalia_2026_extension,results/experiments/compact_climate_weather_oracle_eval_2026_jan_apr_v1_somalia_local/report/som_oracle_minus_baseline_deltas.csv,baseline_predicted_3plus,ordinal_mae,SKIP:in arm row,False,28,28,0
compact_somalia_2026_extension,results/experiments/compact_climate_weather_oracle_eval_2026_jan_apr_v1_somalia_local/report/som_oracle_minus_baseline_deltas.csv,baseline_predicted_3plus,phase3plus_accuracy,SKIP:in arm row,False,28,28,0
compact_somalia_2026_extension,results/experiments/compact_climate_weather_oracle_eval_2026_jan_apr_v1_somalia_local/report/som_oracle_minus_baseline_deltas.csv,baseline_predicted_3plus,precision_phase3plus,SKIP:in arm row,False,28,28,0
compact_somalia_2026_extension,results/experiments/compact_climate_weather_oracle_eval_2026_jan_apr_v1_somalia_local/report/som_oracle_minus_baseline_deltas.csv,baseline_predicted_3plus,r2_phase3plus,SKIP:in arm row,False,28,28,0
compact_somalia_2026_extension,results/experiments/compact_climate_weather_oracle_eval_2026_jan_apr_v1_somalia_local/report/som_oracle_minus_baseline_deltas.csv,baseline_predicted_3plus,sensitivity_phase3plus,SKIP:in arm row,False,28,28,0
compact_global_launch,results/launch/nowcasting_2026_04_compact_cds_v1/population/global_population_summary.csv,population_raw,,prediction_summary.population_raw,False,6,6,0
compact_global_launch,results/launch/nowcasting_2026_04_compact_cds_v1/population/global_population_summary.csv,population_effective,,prediction_summary.population_effective,False,6,6,0
compact_global_launch,results/launch/nowcasting_2026_04_compact_cds_v1/population/global_population_summary.csv,count_raw_phase1,,prediction_summary.count_raw_phase1,False,6,6,0
compact_global_launch,results/launch/nowcasting_2026_04_compact_cds_v1/population/global_population_summary.csv,count_raw_phase2,,prediction_summary.count_raw_phase2,False,6,6,0
compact_global_launch,results/launch/nowcasting_2026_04_compact_cds_v1/population/global_population_summary.csv,count_raw_phase3,,prediction_summary.count_raw_phase3,False,6,6,0
compact_global_launch,results/launch/nowcasting_2026_04_compact_cds_v1/population/global_population_summary.csv,count_raw_phase4,,prediction_summary.count_raw_phase4,False,6,6,0
compact_global_launch,results/launch/nowcasting_2026_04_compact_cds_v1/population/global_population_summary.csv,count_raw_phase5,,prediction_summary.count_raw_phase5,False,6,6,0
compact_global_launch,results/launch/nowcasting_2026_04_compact_cds_v1/population/global_population_summary.csv,count_raw_p3plus,,prediction_summary.count_raw_p3plus,False,6,6,0
compact_global_launch,results/launch/nowcasting_2026_04_compact_cds_v1/population/global_population_summary.csv,count_raw_p4plus,,prediction_summary.count_raw_p4plus,False,6,6,0
compact_global_launch,results/launch/nowcasting_2026_04_compact_cds_v1/population/global_population_summary.csv,count_effective_phase1,,prediction_summary.count_effective_phase1,False,6,6,0
compact_global_launch,results/launch/nowcasting_2026_04_compact_cds_v1/population/global_population_summary.csv,count_effective_phase2,,prediction_summary.count_effective_phase2,False,6,6,0
compact_global_launch,results/launch/nowcasting_2026_04_compact_cds_v1/population/global_population_summary.csv,count_effective_phase3,,prediction_summary.count_effective_phase3,False,6,6,0
compact_global_launch,results/launch/nowcasting_2026_04_compact_cds_v1/population/global_population_summary.csv,count_effective_phase4,,prediction_summary.count_effective_phase4,False,6,6,0
compact_global_launch,results/launch/nowcasting_2026_04_compact_cds_v1/population/global_population_summary.csv,count_effective_phase5,,prediction_summary.count_effective_phase5,False,6,6,0
compact_global_launch,results/launch/nowcasting_2026_04_compact_cds_v1/population/global_population_summary.csv,count_effective_p3plus,,prediction_summary.count_effective_p3plus,False,6,6,0
compact_global_launch,results/launch/nowcasting_2026_04_compact_cds_v1/population/global_population_summary.csv,count_effective_p4plus,,prediction_summary.count_effective_p4plus,False,6,6,0
compact_global_launch,results/launch/nowcasting_2026_04_compact_cds_v1/population/global_population_summary.csv,n_areas,,n_areas,False,6,6,0
compact_global_launch,results/launch/nowcasting_2026_04_compact_cds_v1/population/global_population_summary.csv,n_zero_population_areas,,prediction_summary.n_zero_population_areas,False,6,6,0
compact_global_launch,results/launch/nowcasting_2026_04_compact_cds_v1/population/global_population_summary.csv,n_capped_areas,,prediction_summary.n_capped_areas,False,6,6,0
compact_global_launch,results/launch/nowcasting_2026_04_compact_cds_v1/population/global_population_summary.csv,share_raw_phase1,,prediction_summary.share_raw_phase1,False,6,6,0
compact_global_launch,results/launch/nowcasting_2026_04_compact_cds_v1/population/global_population_summary.csv,share_raw_phase2,,prediction_summary.share_raw_phase2,False,6,6,0
compact_global_launch,results/launch/nowcasting_2026_04_compact_cds_v1/population/global_population_summary.csv,share_raw_phase3,,prediction_summary.share_raw_phase3,False,6,6,0
compact_global_launch,results/launch/nowcasting_2026_04_compact_cds_v1/population/global_population_summary.csv,share_raw_phase4,,prediction_summary.share_raw_phase4,False,6,6,0
compact_global_launch,results/launch/nowcasting_2026_04_compact_cds_v1/population/global_population_summary.csv,share_raw_phase5,,prediction_summary.share_raw_phase5,False,6,6,0
compact_global_launch,results/launch/nowcasting_2026_04_compact_cds_v1/population/global_population_summary.csv,share_raw_p3plus,,prediction_summary.share_raw_p3plus,False,6,6,0
compact_global_launch,results/launch/nowcasting_2026_04_compact_cds_v1/population/global_population_summary.csv,share_raw_p4plus,,prediction_summary.share_raw_p4plus,False,6,6,0
compact_global_launch,results/launch/nowcasting_2026_04_compact_cds_v1/population/global_population_summary.csv,share_effective_phase1,,prediction_summary.share_effective_phase1,False,6,6,0
compact_global_launch,results/launch/nowcasting_2026_04_compact_cds_v1/population/global_population_summary.csv,share_effective_phase2,,prediction_summary.share_effective_phase2,False,6,6,0
compact_global_launch,results/launch/nowcasting_2026_04_compact_cds_v1/population/global_population_summary.csv,share_effective_phase3,,prediction_summary.share_effective_phase3,False,6,6,0
compact_global_launch,results/launch/nowcasting_2026_04_compact_cds_v1/population/global_population_summary.csv,share_effective_phase4,,prediction_summary.share_effective_phase4,False,6,6,0
compact_global_launch,results/launch/nowcasting_2026_04_compact_cds_v1/population/global_population_summary.csv,share_effective_phase5,,prediction_summary.share_effective_phase5,False,6,6,0
compact_global_launch,results/launch/nowcasting_2026_04_compact_cds_v1/population/global_population_summary.csv,share_effective_p3plus,,prediction_summary.share_effective_p3plus,False,6,6,0
compact_global_launch,results/launch/nowcasting_2026_04_compact_cds_v1/population/global_population_summary.csv,share_effective_p4plus,,prediction_summary.share_effective_p4plus,False,6,6,0
compact_global_launch,results/launch/nowcasting_2026_04_compact_cds_v1/population/global_population_paired_differences.csv,population_raw,,prediction_summary.population_raw,False,3,3,0
compact_global_launch,results/launch/nowcasting_2026_04_compact_cds_v1/population/global_population_paired_differences.csv,population_effective,,prediction_summary.population_effective,False,3,3,0
compact_global_launch,results/launch/nowcasting_2026_04_compact_cds_v1/population/global_population_paired_differences.csv,delta_count_raw_phase1,,prediction_summary.paired_difference.count_raw_phase1,False,3,3,0
compact_global_launch,results/launch/nowcasting_2026_04_compact_cds_v1/population/global_population_paired_differences.csv,delta_count_raw_phase2,,prediction_summary.paired_difference.count_raw_phase2,False,3,3,0
compact_global_launch,results/launch/nowcasting_2026_04_compact_cds_v1/population/global_population_paired_differences.csv,delta_count_raw_phase3,,prediction_summary.paired_difference.count_raw_phase3,False,3,3,0
compact_global_launch,results/launch/nowcasting_2026_04_compact_cds_v1/population/global_population_paired_differences.csv,delta_count_raw_phase4,,prediction_summary.paired_difference.count_raw_phase4,False,3,3,0
compact_global_launch,results/launch/nowcasting_2026_04_compact_cds_v1/population/global_population_paired_differences.csv,delta_count_raw_phase5,,prediction_summary.paired_difference.count_raw_phase5,False,3,3,0
compact_global_launch,results/launch/nowcasting_2026_04_compact_cds_v1/population/global_population_paired_differences.csv,delta_count_raw_p3plus,,prediction_summary.paired_difference.count_raw_p3plus,False,3,3,0
compact_global_launch,results/launch/nowcasting_2026_04_compact_cds_v1/population/global_population_paired_differences.csv,delta_count_raw_p4plus,,prediction_summary.paired_difference.count_raw_p4plus,False,3,3,0
compact_global_launch,results/launch/nowcasting_2026_04_compact_cds_v1/population/global_population_paired_differences.csv,delta_count_effective_phase1,,prediction_summary.paired_difference.count_effective_phase1,False,3,3,0
compact_global_launch,results/launch/nowcasting_2026_04_compact_cds_v1/population/global_population_paired_differences.csv,delta_count_effective_phase2,,prediction_summary.paired_difference.count_effective_phase2,False,3,3,0
compact_global_launch,results/launch/nowcasting_2026_04_compact_cds_v1/population/global_population_paired_differences.csv,delta_count_effective_phase3,,prediction_summary.paired_difference.count_effective_phase3,False,3,3,0
compact_global_launch,results/launch/nowcasting_2026_04_compact_cds_v1/population/global_population_paired_differences.csv,delta_count_effective_phase4,,prediction_summary.paired_difference.count_effective_phase4,False,3,3,0
compact_global_launch,results/launch/nowcasting_2026_04_compact_cds_v1/population/global_population_paired_differences.csv,delta_count_effective_phase5,,prediction_summary.paired_difference.count_effective_phase5,False,3,3,0
compact_global_launch,results/launch/nowcasting_2026_04_compact_cds_v1/population/global_population_paired_differences.csv,delta_count_effective_p3plus,,prediction_summary.paired_difference.count_effective_p3plus,False,3,3,0
compact_global_launch,results/launch/nowcasting_2026_04_compact_cds_v1/population/global_population_paired_differences.csv,delta_count_effective_p4plus,,prediction_summary.paired_difference.count_effective_p4plus,False,3,3,0
compact_global_launch,results/launch/nowcasting_2026_04_compact_cds_v1/population/global_population_paired_differences.csv,delta_share_raw_phase1,,prediction_summary.paired_difference.share_raw_phase1,False,3,3,0
compact_global_launch,results/launch/nowcasting_2026_04_compact_cds_v1/population/global_population_paired_differences.csv,delta_share_raw_phase2,,prediction_summary.paired_difference.share_raw_phase2,False,3,3,0
compact_global_launch,results/launch/nowcasting_2026_04_compact_cds_v1/population/global_population_paired_differences.csv,delta_share_raw_phase3,,prediction_summary.paired_difference.share_raw_phase3,False,3,3,0
compact_global_launch,results/launch/nowcasting_2026_04_compact_cds_v1/population/global_population_paired_differences.csv,delta_share_raw_phase4,,prediction_summary.paired_difference.share_raw_phase4,False,3,3,0
compact_global_launch,results/launch/nowcasting_2026_04_compact_cds_v1/population/global_population_paired_differences.csv,delta_share_raw_phase5,,prediction_summary.paired_difference.share_raw_phase5,False,3,3,0
compact_global_launch,results/launch/nowcasting_2026_04_compact_cds_v1/population/global_population_paired_differences.csv,delta_share_raw_p3plus,,prediction_summary.paired_difference.share_raw_p3plus,False,3,3,0
compact_global_launch,results/launch/nowcasting_2026_04_compact_cds_v1/population/global_population_paired_differences.csv,delta_share_raw_p4plus,,prediction_summary.paired_difference.share_raw_p4plus,False,3,3,0
compact_global_launch,results/launch/nowcasting_2026_04_compact_cds_v1/population/global_population_paired_differences.csv,delta_share_effective_phase1,,prediction_summary.paired_difference.share_effective_phase1,False,3,3,0
compact_global_launch,results/launch/nowcasting_2026_04_compact_cds_v1/population/global_population_paired_differences.csv,delta_share_effective_phase2,,prediction_summary.paired_difference.share_effective_phase2,False,3,3,0
compact_global_launch,results/launch/nowcasting_2026_04_compact_cds_v1/population/global_population_paired_differences.csv,delta_share_effective_phase3,,prediction_summary.paired_difference.share_effective_phase3,False,3,3,0
compact_global_launch,results/launch/nowcasting_2026_04_compact_cds_v1/population/global_population_paired_differences.csv,delta_share_effective_phase4,,prediction_summary.paired_difference.share_effective_phase4,False,3,3,0
compact_global_launch,results/launch/nowcasting_2026_04_compact_cds_v1/population/global_population_paired_differences.csv,delta_share_effective_phase5,,prediction_summary.paired_difference.share_effective_phase5,False,3,3,0
compact_global_launch,results/launch/nowcasting_2026_04_compact_cds_v1/population/global_population_paired_differences.csv,delta_share_effective_p3plus,,prediction_summary.paired_difference.share_effective_p3plus,False,3,3,0
compact_global_launch,results/launch/nowcasting_2026_04_compact_cds_v1/population/global_population_paired_differences.csv,delta_share_effective_p4plus,,prediction_summary.paired_difference.share_effective_p4plus,False,3,3,0
compact_global_launch,results/launch/nowcasting_2026_04_compact_cds_v1/population/regional_population_summary.csv,population_raw,,prediction_summary.population_raw,False,54,54,0
compact_global_launch,results/launch/nowcasting_2026_04_compact_cds_v1/population/regional_population_summary.csv,population_effective,,prediction_summary.population_effective,False,54,54,0
compact_global_launch,results/launch/nowcasting_2026_04_compact_cds_v1/population/regional_population_summary.csv,count_raw_phase1,,prediction_summary.count_raw_phase1,False,54,54,0
compact_global_launch,results/launch/nowcasting_2026_04_compact_cds_v1/population/regional_population_summary.csv,count_raw_phase2,,prediction_summary.count_raw_phase2,False,54,54,0
compact_global_launch,results/launch/nowcasting_2026_04_compact_cds_v1/population/regional_population_summary.csv,count_raw_phase3,,prediction_summary.count_raw_phase3,False,54,54,0
compact_global_launch,results/launch/nowcasting_2026_04_compact_cds_v1/population/regional_population_summary.csv,count_raw_phase4,,prediction_summary.count_raw_phase4,False,54,54,0
compact_global_launch,results/launch/nowcasting_2026_04_compact_cds_v1/population/regional_population_summary.csv,count_raw_phase5,,prediction_summary.count_raw_phase5,False,54,54,0
compact_global_launch,results/launch/nowcasting_2026_04_compact_cds_v1/population/regional_population_summary.csv,count_raw_p3plus,,prediction_summary.count_raw_p3plus,False,54,54,0
compact_global_launch,results/launch/nowcasting_2026_04_compact_cds_v1/population/regional_population_summary.csv,count_raw_p4plus,,prediction_summary.count_raw_p4plus,False,54,54,0
compact_global_launch,results/launch/nowcasting_2026_04_compact_cds_v1/population/regional_population_summary.csv,count_effective_phase1,,prediction_summary.count_effective_phase1,False,54,54,0
compact_global_launch,results/launch/nowcasting_2026_04_compact_cds_v1/population/regional_population_summary.csv,count_effective_phase2,,prediction_summary.count_effective_phase2,False,54,54,0
compact_global_launch,results/launch/nowcasting_2026_04_compact_cds_v1/population/regional_population_summary.csv,count_effective_phase3,,prediction_summary.count_effective_phase3,False,54,54,0
compact_global_launch,results/launch/nowcasting_2026_04_compact_cds_v1/population/regional_population_summary.csv,count_effective_phase4,,prediction_summary.count_effective_phase4,False,54,54,0
compact_global_launch,results/launch/nowcasting_2026_04_compact_cds_v1/population/regional_population_summary.csv,count_effective_phase5,,prediction_summary.count_effective_phase5,False,54,54,0
compact_global_launch,results/launch/nowcasting_2026_04_compact_cds_v1/population/regional_population_summary.csv,count_effective_p3plus,,prediction_summary.count_effective_p3plus,False,54,54,0
compact_global_launch,results/launch/nowcasting_2026_04_compact_cds_v1/population/regional_population_summary.csv,count_effective_p4plus,,prediction_summary.count_effective_p4plus,False,54,54,0
compact_global_launch,results/launch/nowcasting_2026_04_compact_cds_v1/population/regional_population_summary.csv,n_areas,,n_areas,False,54,54,0
compact_global_launch,results/launch/nowcasting_2026_04_compact_cds_v1/population/regional_population_summary.csv,n_zero_population_areas,,prediction_summary.n_zero_population_areas,False,54,54,0
compact_global_launch,results/launch/nowcasting_2026_04_compact_cds_v1/population/regional_population_summary.csv,n_capped_areas,,prediction_summary.n_capped_areas,False,54,54,0
compact_global_launch,results/launch/nowcasting_2026_04_compact_cds_v1/population/regional_population_summary.csv,share_raw_phase1,,prediction_summary.share_raw_phase1,False,54,54,0
compact_global_launch,results/launch/nowcasting_2026_04_compact_cds_v1/population/regional_population_summary.csv,share_raw_phase2,,prediction_summary.share_raw_phase2,False,54,54,0
compact_global_launch,results/launch/nowcasting_2026_04_compact_cds_v1/population/regional_population_summary.csv,share_raw_phase3,,prediction_summary.share_raw_phase3,False,54,54,0
compact_global_launch,results/launch/nowcasting_2026_04_compact_cds_v1/population/regional_population_summary.csv,share_raw_phase4,,prediction_summary.share_raw_phase4,False,54,54,0
compact_global_launch,results/launch/nowcasting_2026_04_compact_cds_v1/population/regional_population_summary.csv,share_raw_phase5,,prediction_summary.share_raw_phase5,False,54,54,0
compact_global_launch,results/launch/nowcasting_2026_04_compact_cds_v1/population/regional_population_summary.csv,share_raw_p3plus,,prediction_summary.share_raw_p3plus,False,54,54,0
compact_global_launch,results/launch/nowcasting_2026_04_compact_cds_v1/population/regional_population_summary.csv,share_raw_p4plus,,prediction_summary.share_raw_p4plus,False,54,54,0
compact_global_launch,results/launch/nowcasting_2026_04_compact_cds_v1/population/regional_population_summary.csv,share_effective_phase1,,prediction_summary.share_effective_phase1,False,54,54,0
compact_global_launch,results/launch/nowcasting_2026_04_compact_cds_v1/population/regional_population_summary.csv,share_effective_phase2,,prediction_summary.share_effective_phase2,False,54,54,0
compact_global_launch,results/launch/nowcasting_2026_04_compact_cds_v1/population/regional_population_summary.csv,share_effective_phase3,,prediction_summary.share_effective_phase3,False,54,54,0
compact_global_launch,results/launch/nowcasting_2026_04_compact_cds_v1/population/regional_population_summary.csv,share_effective_phase4,,prediction_summary.share_effective_phase4,False,54,54,0
compact_global_launch,results/launch/nowcasting_2026_04_compact_cds_v1/population/regional_population_summary.csv,share_effective_phase5,,prediction_summary.share_effective_phase5,False,54,54,0
compact_global_launch,results/launch/nowcasting_2026_04_compact_cds_v1/population/regional_population_summary.csv,share_effective_p3plus,,prediction_summary.share_effective_p3plus,False,54,54,0
compact_global_launch,results/launch/nowcasting_2026_04_compact_cds_v1/population/regional_population_summary.csv,share_effective_p4plus,,prediction_summary.share_effective_p4plus,False,54,54,0
compact_global_launch,results/launch/nowcasting_2026_04_compact_cds_v1/population/region_population_paired_differences.csv,population_raw,,prediction_summary.population_raw,False,27,27,0
compact_global_launch,results/launch/nowcasting_2026_04_compact_cds_v1/population/region_population_paired_differences.csv,population_effective,,prediction_summary.population_effective,False,27,27,0
compact_global_launch,results/launch/nowcasting_2026_04_compact_cds_v1/population/region_population_paired_differences.csv,delta_count_raw_phase1,,prediction_summary.paired_difference.count_raw_phase1,False,27,27,0
compact_global_launch,results/launch/nowcasting_2026_04_compact_cds_v1/population/region_population_paired_differences.csv,delta_count_raw_phase2,,prediction_summary.paired_difference.count_raw_phase2,False,27,27,0
compact_global_launch,results/launch/nowcasting_2026_04_compact_cds_v1/population/region_population_paired_differences.csv,delta_count_raw_phase3,,prediction_summary.paired_difference.count_raw_phase3,False,27,27,0
compact_global_launch,results/launch/nowcasting_2026_04_compact_cds_v1/population/region_population_paired_differences.csv,delta_count_raw_phase4,,prediction_summary.paired_difference.count_raw_phase4,False,27,27,0
compact_global_launch,results/launch/nowcasting_2026_04_compact_cds_v1/population/region_population_paired_differences.csv,delta_count_raw_phase5,,prediction_summary.paired_difference.count_raw_phase5,False,27,27,0
compact_global_launch,results/launch/nowcasting_2026_04_compact_cds_v1/population/region_population_paired_differences.csv,delta_count_raw_p3plus,,prediction_summary.paired_difference.count_raw_p3plus,False,27,27,0
compact_global_launch,results/launch/nowcasting_2026_04_compact_cds_v1/population/region_population_paired_differences.csv,delta_count_raw_p4plus,,prediction_summary.paired_difference.count_raw_p4plus,False,27,27,0
compact_global_launch,results/launch/nowcasting_2026_04_compact_cds_v1/population/region_population_paired_differences.csv,delta_count_effective_phase1,,prediction_summary.paired_difference.count_effective_phase1,False,27,27,0
compact_global_launch,results/launch/nowcasting_2026_04_compact_cds_v1/population/region_population_paired_differences.csv,delta_count_effective_phase2,,prediction_summary.paired_difference.count_effective_phase2,False,27,27,0
compact_global_launch,results/launch/nowcasting_2026_04_compact_cds_v1/population/region_population_paired_differences.csv,delta_count_effective_phase3,,prediction_summary.paired_difference.count_effective_phase3,False,27,27,0
compact_global_launch,results/launch/nowcasting_2026_04_compact_cds_v1/population/region_population_paired_differences.csv,delta_count_effective_phase4,,prediction_summary.paired_difference.count_effective_phase4,False,27,27,0
compact_global_launch,results/launch/nowcasting_2026_04_compact_cds_v1/population/region_population_paired_differences.csv,delta_count_effective_phase5,,prediction_summary.paired_difference.count_effective_phase5,False,27,27,0
compact_global_launch,results/launch/nowcasting_2026_04_compact_cds_v1/population/region_population_paired_differences.csv,delta_count_effective_p3plus,,prediction_summary.paired_difference.count_effective_p3plus,False,27,27,0
compact_global_launch,results/launch/nowcasting_2026_04_compact_cds_v1/population/region_population_paired_differences.csv,delta_count_effective_p4plus,,prediction_summary.paired_difference.count_effective_p4plus,False,27,27,0
compact_global_launch,results/launch/nowcasting_2026_04_compact_cds_v1/population/region_population_paired_differences.csv,delta_share_raw_phase1,,prediction_summary.paired_difference.share_raw_phase1,False,27,27,0
compact_global_launch,results/launch/nowcasting_2026_04_compact_cds_v1/population/region_population_paired_differences.csv,delta_share_raw_phase2,,prediction_summary.paired_difference.share_raw_phase2,False,27,27,0
compact_global_launch,results/launch/nowcasting_2026_04_compact_cds_v1/population/region_population_paired_differences.csv,delta_share_raw_phase3,,prediction_summary.paired_difference.share_raw_phase3,False,27,27,0
compact_global_launch,results/launch/nowcasting_2026_04_compact_cds_v1/population/region_population_paired_differences.csv,delta_share_raw_phase4,,prediction_summary.paired_difference.share_raw_phase4,False,27,27,0
compact_global_launch,results/launch/nowcasting_2026_04_compact_cds_v1/population/region_population_paired_differences.csv,delta_share_raw_phase5,,prediction_summary.paired_difference.share_raw_phase5,False,27,27,0
compact_global_launch,results/launch/nowcasting_2026_04_compact_cds_v1/population/region_population_paired_differences.csv,delta_share_raw_p3plus,,prediction_summary.paired_difference.share_raw_p3plus,False,27,27,0
compact_global_launch,results/launch/nowcasting_2026_04_compact_cds_v1/population/region_population_paired_differences.csv,delta_share_raw_p4plus,,prediction_summary.paired_difference.share_raw_p4plus,False,27,27,0
compact_global_launch,results/launch/nowcasting_2026_04_compact_cds_v1/population/region_population_paired_differences.csv,delta_share_effective_phase1,,prediction_summary.paired_difference.share_effective_phase1,False,27,27,0
compact_global_launch,results/launch/nowcasting_2026_04_compact_cds_v1/population/region_population_paired_differences.csv,delta_share_effective_phase2,,prediction_summary.paired_difference.share_effective_phase2,False,27,27,0
compact_global_launch,results/launch/nowcasting_2026_04_compact_cds_v1/population/region_population_paired_differences.csv,delta_share_effective_phase3,,prediction_summary.paired_difference.share_effective_phase3,False,27,27,0
compact_global_launch,results/launch/nowcasting_2026_04_compact_cds_v1/population/region_population_paired_differences.csv,delta_share_effective_phase4,,prediction_summary.paired_difference.share_effective_phase4,False,27,27,0
compact_global_launch,results/launch/nowcasting_2026_04_compact_cds_v1/population/region_population_paired_differences.csv,delta_share_effective_phase5,,prediction_summary.paired_difference.share_effective_phase5,False,27,27,0
compact_global_launch,results/launch/nowcasting_2026_04_compact_cds_v1/population/region_population_paired_differences.csv,delta_share_effective_p3plus,,prediction_summary.paired_difference.share_effective_p3plus,False,27,27,0
compact_global_launch,results/launch/nowcasting_2026_04_compact_cds_v1/population/region_population_paired_differences.csv,delta_share_effective_p4plus,,prediction_summary.paired_difference.share_effective_p4plus,False,27,27,0
compact_global_launch,results/launch/nowcasting_2026_04_compact_cds_v1/population/country_population_summary.csv,population_raw,,prediction_summary.population_raw,False,318,318,0
compact_global_launch,results/launch/nowcasting_2026_04_compact_cds_v1/population/country_population_summary.csv,population_effective,,prediction_summary.population_effective,False,318,318,0
compact_global_launch,results/launch/nowcasting_2026_04_compact_cds_v1/population/country_population_summary.csv,count_raw_phase1,,prediction_summary.count_raw_phase1,False,318,318,0
compact_global_launch,results/launch/nowcasting_2026_04_compact_cds_v1/population/country_population_summary.csv,count_raw_phase2,,prediction_summary.count_raw_phase2,False,318,318,0
compact_global_launch,results/launch/nowcasting_2026_04_compact_cds_v1/population/country_population_summary.csv,count_raw_phase3,,prediction_summary.count_raw_phase3,False,318,318,0
compact_global_launch,results/launch/nowcasting_2026_04_compact_cds_v1/population/country_population_summary.csv,count_raw_phase4,,prediction_summary.count_raw_phase4,False,318,318,0
compact_global_launch,results/launch/nowcasting_2026_04_compact_cds_v1/population/country_population_summary.csv,count_raw_phase5,,prediction_summary.count_raw_phase5,False,318,318,0
compact_global_launch,results/launch/nowcasting_2026_04_compact_cds_v1/population/country_population_summary.csv,count_raw_p3plus,,prediction_summary.count_raw_p3plus,False,318,318,0
compact_global_launch,results/launch/nowcasting_2026_04_compact_cds_v1/population/country_population_summary.csv,count_raw_p4plus,,prediction_summary.count_raw_p4plus,False,318,318,0
compact_global_launch,results/launch/nowcasting_2026_04_compact_cds_v1/population/country_population_summary.csv,count_effective_phase1,,prediction_summary.count_effective_phase1,False,318,318,0
compact_global_launch,results/launch/nowcasting_2026_04_compact_cds_v1/population/country_population_summary.csv,count_effective_phase2,,prediction_summary.count_effective_phase2,False,318,318,0
compact_global_launch,results/launch/nowcasting_2026_04_compact_cds_v1/population/country_population_summary.csv,count_effective_phase3,,prediction_summary.count_effective_phase3,False,318,318,0
compact_global_launch,results/launch/nowcasting_2026_04_compact_cds_v1/population/country_population_summary.csv,count_effective_phase4,,prediction_summary.count_effective_phase4,False,318,318,0
compact_global_launch,results/launch/nowcasting_2026_04_compact_cds_v1/population/country_population_summary.csv,count_effective_phase5,,prediction_summary.count_effective_phase5,False,318,318,0
compact_global_launch,results/launch/nowcasting_2026_04_compact_cds_v1/population/country_population_summary.csv,count_effective_p3plus,,prediction_summary.count_effective_p3plus,False,318,318,0
compact_global_launch,results/launch/nowcasting_2026_04_compact_cds_v1/population/country_population_summary.csv,count_effective_p4plus,,prediction_summary.count_effective_p4plus,False,318,318,0
compact_global_launch,results/launch/nowcasting_2026_04_compact_cds_v1/population/country_population_summary.csv,n_areas,,n_areas,False,318,318,0
compact_global_launch,results/launch/nowcasting_2026_04_compact_cds_v1/population/country_population_summary.csv,n_zero_population_areas,,prediction_summary.n_zero_population_areas,False,318,318,0
compact_global_launch,results/launch/nowcasting_2026_04_compact_cds_v1/population/country_population_summary.csv,n_capped_areas,,prediction_summary.n_capped_areas,False,318,318,0
compact_global_launch,results/launch/nowcasting_2026_04_compact_cds_v1/population/country_population_summary.csv,share_raw_phase1,,prediction_summary.share_raw_phase1,False,318,318,0
compact_global_launch,results/launch/nowcasting_2026_04_compact_cds_v1/population/country_population_summary.csv,share_raw_phase2,,prediction_summary.share_raw_phase2,False,318,318,0
compact_global_launch,results/launch/nowcasting_2026_04_compact_cds_v1/population/country_population_summary.csv,share_raw_phase3,,prediction_summary.share_raw_phase3,False,318,318,0
compact_global_launch,results/launch/nowcasting_2026_04_compact_cds_v1/population/country_population_summary.csv,share_raw_phase4,,prediction_summary.share_raw_phase4,False,318,318,0
compact_global_launch,results/launch/nowcasting_2026_04_compact_cds_v1/population/country_population_summary.csv,share_raw_phase5,,prediction_summary.share_raw_phase5,False,318,318,0
compact_global_launch,results/launch/nowcasting_2026_04_compact_cds_v1/population/country_population_summary.csv,share_raw_p3plus,,prediction_summary.share_raw_p3plus,False,318,318,0
compact_global_launch,results/launch/nowcasting_2026_04_compact_cds_v1/population/country_population_summary.csv,share_raw_p4plus,,prediction_summary.share_raw_p4plus,False,318,318,0
compact_global_launch,results/launch/nowcasting_2026_04_compact_cds_v1/population/country_population_summary.csv,share_effective_phase1,,prediction_summary.share_effective_phase1,False,318,318,0
compact_global_launch,results/launch/nowcasting_2026_04_compact_cds_v1/population/country_population_summary.csv,share_effective_phase2,,prediction_summary.share_effective_phase2,False,318,318,0
compact_global_launch,results/launch/nowcasting_2026_04_compact_cds_v1/population/country_population_summary.csv,share_effective_phase3,,prediction_summary.share_effective_phase3,False,318,318,0
compact_global_launch,results/launch/nowcasting_2026_04_compact_cds_v1/population/country_population_summary.csv,share_effective_phase4,,prediction_summary.share_effective_phase4,False,318,318,0
compact_global_launch,results/launch/nowcasting_2026_04_compact_cds_v1/population/country_population_summary.csv,share_effective_phase5,,prediction_summary.share_effective_phase5,False,318,318,0
compact_global_launch,results/launch/nowcasting_2026_04_compact_cds_v1/population/country_population_summary.csv,share_effective_p3plus,,prediction_summary.share_effective_p3plus,False,318,318,0
compact_global_launch,results/launch/nowcasting_2026_04_compact_cds_v1/population/country_population_summary.csv,share_effective_p4plus,,prediction_summary.share_effective_p4plus,False,318,318,0
compact_global_launch,results/launch/nowcasting_2026_04_compact_cds_v1/population/country_population_paired_differences.csv,population_raw,,prediction_summary.population_raw,False,159,159,0
compact_global_launch,results/launch/nowcasting_2026_04_compact_cds_v1/population/country_population_paired_differences.csv,population_effective,,prediction_summary.population_effective,False,159,159,0
compact_global_launch,results/launch/nowcasting_2026_04_compact_cds_v1/population/country_population_paired_differences.csv,delta_count_raw_phase1,,prediction_summary.paired_difference.count_raw_phase1,False,159,159,0
compact_global_launch,results/launch/nowcasting_2026_04_compact_cds_v1/population/country_population_paired_differences.csv,delta_count_raw_phase2,,prediction_summary.paired_difference.count_raw_phase2,False,159,159,0
compact_global_launch,results/launch/nowcasting_2026_04_compact_cds_v1/population/country_population_paired_differences.csv,delta_count_raw_phase3,,prediction_summary.paired_difference.count_raw_phase3,False,159,159,0
compact_global_launch,results/launch/nowcasting_2026_04_compact_cds_v1/population/country_population_paired_differences.csv,delta_count_raw_phase4,,prediction_summary.paired_difference.count_raw_phase4,False,159,159,0
compact_global_launch,results/launch/nowcasting_2026_04_compact_cds_v1/population/country_population_paired_differences.csv,delta_count_raw_phase5,,prediction_summary.paired_difference.count_raw_phase5,False,159,159,0
compact_global_launch,results/launch/nowcasting_2026_04_compact_cds_v1/population/country_population_paired_differences.csv,delta_count_raw_p3plus,,prediction_summary.paired_difference.count_raw_p3plus,False,159,159,0
compact_global_launch,results/launch/nowcasting_2026_04_compact_cds_v1/population/country_population_paired_differences.csv,delta_count_raw_p4plus,,prediction_summary.paired_difference.count_raw_p4plus,False,159,159,0
compact_global_launch,results/launch/nowcasting_2026_04_compact_cds_v1/population/country_population_paired_differences.csv,delta_count_effective_phase1,,prediction_summary.paired_difference.count_effective_phase1,False,159,159,0
compact_global_launch,results/launch/nowcasting_2026_04_compact_cds_v1/population/country_population_paired_differences.csv,delta_count_effective_phase2,,prediction_summary.paired_difference.count_effective_phase2,False,159,159,0
compact_global_launch,results/launch/nowcasting_2026_04_compact_cds_v1/population/country_population_paired_differences.csv,delta_count_effective_phase3,,prediction_summary.paired_difference.count_effective_phase3,False,159,159,0
compact_global_launch,results/launch/nowcasting_2026_04_compact_cds_v1/population/country_population_paired_differences.csv,delta_count_effective_phase4,,prediction_summary.paired_difference.count_effective_phase4,False,159,159,0
compact_global_launch,results/launch/nowcasting_2026_04_compact_cds_v1/population/country_population_paired_differences.csv,delta_count_effective_phase5,,prediction_summary.paired_difference.count_effective_phase5,False,159,159,0
compact_global_launch,results/launch/nowcasting_2026_04_compact_cds_v1/population/country_population_paired_differences.csv,delta_count_effective_p3plus,,prediction_summary.paired_difference.count_effective_p3plus,False,159,159,0
compact_global_launch,results/launch/nowcasting_2026_04_compact_cds_v1/population/country_population_paired_differences.csv,delta_count_effective_p4plus,,prediction_summary.paired_difference.count_effective_p4plus,False,159,159,0
compact_global_launch,results/launch/nowcasting_2026_04_compact_cds_v1/population/country_population_paired_differences.csv,delta_share_raw_phase1,,prediction_summary.paired_difference.share_raw_phase1,False,159,159,0
compact_global_launch,results/launch/nowcasting_2026_04_compact_cds_v1/population/country_population_paired_differences.csv,delta_share_raw_phase2,,prediction_summary.paired_difference.share_raw_phase2,False,159,159,0
compact_global_launch,results/launch/nowcasting_2026_04_compact_cds_v1/population/country_population_paired_differences.csv,delta_share_raw_phase3,,prediction_summary.paired_difference.share_raw_phase3,False,159,159,0
compact_global_launch,results/launch/nowcasting_2026_04_compact_cds_v1/population/country_population_paired_differences.csv,delta_share_raw_phase4,,prediction_summary.paired_difference.share_raw_phase4,False,159,159,0
compact_global_launch,results/launch/nowcasting_2026_04_compact_cds_v1/population/country_population_paired_differences.csv,delta_share_raw_phase5,,prediction_summary.paired_difference.share_raw_phase5,False,159,159,0
compact_global_launch,results/launch/nowcasting_2026_04_compact_cds_v1/population/country_population_paired_differences.csv,delta_share_raw_p3plus,,prediction_summary.paired_difference.share_raw_p3plus,False,159,159,0
compact_global_launch,results/launch/nowcasting_2026_04_compact_cds_v1/population/country_population_paired_differences.csv,delta_share_raw_p4plus,,prediction_summary.paired_difference.share_raw_p4plus,False,159,159,0
compact_global_launch,results/launch/nowcasting_2026_04_compact_cds_v1/population/country_population_paired_differences.csv,delta_share_effective_phase1,,prediction_summary.paired_difference.share_effective_phase1,False,159,159,0
compact_global_launch,results/launch/nowcasting_2026_04_compact_cds_v1/population/country_population_paired_differences.csv,delta_share_effective_phase2,,prediction_summary.paired_difference.share_effective_phase2,False,159,159,0
compact_global_launch,results/launch/nowcasting_2026_04_compact_cds_v1/population/country_population_paired_differences.csv,delta_share_effective_phase3,,prediction_summary.paired_difference.share_effective_phase3,False,159,159,0
compact_global_launch,results/launch/nowcasting_2026_04_compact_cds_v1/population/country_population_paired_differences.csv,delta_share_effective_phase4,,prediction_summary.paired_difference.share_effective_phase4,False,159,159,0
compact_global_launch,results/launch/nowcasting_2026_04_compact_cds_v1/population/country_population_paired_differences.csv,delta_share_effective_phase5,,prediction_summary.paired_difference.share_effective_phase5,False,159,159,0
compact_global_launch,results/launch/nowcasting_2026_04_compact_cds_v1/population/country_population_paired_differences.csv,delta_share_effective_p3plus,,prediction_summary.paired_difference.share_effective_p3plus,False,159,159,0
compact_global_launch,results/launch/nowcasting_2026_04_compact_cds_v1/population/country_population_paired_differences.csv,delta_share_effective_p4plus,,prediction_summary.paired_difference.share_effective_p4plus,False,159,159,0
compact_somalia_launch,results/launch/nowcasting_2026_04_compact_cds_v1_somalia_local/population/som_population_summary.csv,population_raw,,prediction_summary.population_raw,False,6,6,0
compact_somalia_launch,results/launch/nowcasting_2026_04_compact_cds_v1_somalia_local/population/som_population_summary.csv,population_effective,,prediction_summary.population_effective,False,6,6,0
compact_somalia_launch,results/launch/nowcasting_2026_04_compact_cds_v1_somalia_local/population/som_population_summary.csv,count_raw_phase1,,prediction_summary.count_raw_phase1,False,6,6,0
compact_somalia_launch,results/launch/nowcasting_2026_04_compact_cds_v1_somalia_local/population/som_population_summary.csv,count_raw_phase2,,prediction_summary.count_raw_phase2,False,6,6,0
compact_somalia_launch,results/launch/nowcasting_2026_04_compact_cds_v1_somalia_local/population/som_population_summary.csv,count_raw_phase3,,prediction_summary.count_raw_phase3,False,6,6,0
compact_somalia_launch,results/launch/nowcasting_2026_04_compact_cds_v1_somalia_local/population/som_population_summary.csv,count_raw_phase4,,prediction_summary.count_raw_phase4,False,6,6,0
compact_somalia_launch,results/launch/nowcasting_2026_04_compact_cds_v1_somalia_local/population/som_population_summary.csv,count_raw_phase5,,prediction_summary.count_raw_phase5,False,6,6,0
compact_somalia_launch,results/launch/nowcasting_2026_04_compact_cds_v1_somalia_local/population/som_population_summary.csv,count_raw_p3plus,,prediction_summary.count_raw_p3plus,False,6,6,0
compact_somalia_launch,results/launch/nowcasting_2026_04_compact_cds_v1_somalia_local/population/som_population_summary.csv,count_raw_p4plus,,prediction_summary.count_raw_p4plus,False,6,6,0
compact_somalia_launch,results/launch/nowcasting_2026_04_compact_cds_v1_somalia_local/population/som_population_summary.csv,count_effective_phase1,,prediction_summary.count_effective_phase1,False,6,6,0
compact_somalia_launch,results/launch/nowcasting_2026_04_compact_cds_v1_somalia_local/population/som_population_summary.csv,count_effective_phase2,,prediction_summary.count_effective_phase2,False,6,6,0
compact_somalia_launch,results/launch/nowcasting_2026_04_compact_cds_v1_somalia_local/population/som_population_summary.csv,count_effective_phase3,,prediction_summary.count_effective_phase3,False,6,6,0
compact_somalia_launch,results/launch/nowcasting_2026_04_compact_cds_v1_somalia_local/population/som_population_summary.csv,count_effective_phase4,,prediction_summary.count_effective_phase4,False,6,6,0
compact_somalia_launch,results/launch/nowcasting_2026_04_compact_cds_v1_somalia_local/population/som_population_summary.csv,count_effective_phase5,,prediction_summary.count_effective_phase5,False,6,6,0
compact_somalia_launch,results/launch/nowcasting_2026_04_compact_cds_v1_somalia_local/population/som_population_summary.csv,count_effective_p3plus,,prediction_summary.count_effective_p3plus,False,6,6,0
compact_somalia_launch,results/launch/nowcasting_2026_04_compact_cds_v1_somalia_local/population/som_population_summary.csv,count_effective_p4plus,,prediction_summary.count_effective_p4plus,False,6,6,0
compact_somalia_launch,results/launch/nowcasting_2026_04_compact_cds_v1_somalia_local/population/som_population_summary.csv,n_areas,,n_areas,False,6,6,0
compact_somalia_launch,results/launch/nowcasting_2026_04_compact_cds_v1_somalia_local/population/som_population_summary.csv,n_zero_population_areas,,prediction_summary.n_zero_population_areas,False,6,6,0
compact_somalia_launch,results/launch/nowcasting_2026_04_compact_cds_v1_somalia_local/population/som_population_summary.csv,n_capped_areas,,prediction_summary.n_capped_areas,False,6,6,0
compact_somalia_launch,results/launch/nowcasting_2026_04_compact_cds_v1_somalia_local/population/som_population_summary.csv,share_raw_phase1,,prediction_summary.share_raw_phase1,False,6,6,0
compact_somalia_launch,results/launch/nowcasting_2026_04_compact_cds_v1_somalia_local/population/som_population_summary.csv,share_raw_phase2,,prediction_summary.share_raw_phase2,False,6,6,0
compact_somalia_launch,results/launch/nowcasting_2026_04_compact_cds_v1_somalia_local/population/som_population_summary.csv,share_raw_phase3,,prediction_summary.share_raw_phase3,False,6,6,0
compact_somalia_launch,results/launch/nowcasting_2026_04_compact_cds_v1_somalia_local/population/som_population_summary.csv,share_raw_phase4,,prediction_summary.share_raw_phase4,False,6,6,0
compact_somalia_launch,results/launch/nowcasting_2026_04_compact_cds_v1_somalia_local/population/som_population_summary.csv,share_raw_phase5,,prediction_summary.share_raw_phase5,False,6,6,0
compact_somalia_launch,results/launch/nowcasting_2026_04_compact_cds_v1_somalia_local/population/som_population_summary.csv,share_raw_p3plus,,prediction_summary.share_raw_p3plus,False,6,6,0
compact_somalia_launch,results/launch/nowcasting_2026_04_compact_cds_v1_somalia_local/population/som_population_summary.csv,share_raw_p4plus,,prediction_summary.share_raw_p4plus,False,6,6,0
compact_somalia_launch,results/launch/nowcasting_2026_04_compact_cds_v1_somalia_local/population/som_population_summary.csv,share_effective_phase1,,prediction_summary.share_effective_phase1,False,6,6,0
compact_somalia_launch,results/launch/nowcasting_2026_04_compact_cds_v1_somalia_local/population/som_population_summary.csv,share_effective_phase2,,prediction_summary.share_effective_phase2,False,6,6,0
compact_somalia_launch,results/launch/nowcasting_2026_04_compact_cds_v1_somalia_local/population/som_population_summary.csv,share_effective_phase3,,prediction_summary.share_effective_phase3,False,6,6,0
compact_somalia_launch,results/launch/nowcasting_2026_04_compact_cds_v1_somalia_local/population/som_population_summary.csv,share_effective_phase4,,prediction_summary.share_effective_phase4,False,6,6,0
compact_somalia_launch,results/launch/nowcasting_2026_04_compact_cds_v1_somalia_local/population/som_population_summary.csv,share_effective_phase5,,prediction_summary.share_effective_phase5,False,6,6,0
compact_somalia_launch,results/launch/nowcasting_2026_04_compact_cds_v1_somalia_local/population/som_population_summary.csv,share_effective_p3plus,,prediction_summary.share_effective_p3plus,False,6,6,0
compact_somalia_launch,results/launch/nowcasting_2026_04_compact_cds_v1_somalia_local/population/som_population_summary.csv,share_effective_p4plus,,prediction_summary.share_effective_p4plus,False,6,6,0
compact_somalia_launch,results/launch/nowcasting_2026_04_compact_cds_v1_somalia_local/population/som_population_paired_differences.csv,population_raw,,prediction_summary.population_raw,False,3,3,0
compact_somalia_launch,results/launch/nowcasting_2026_04_compact_cds_v1_somalia_local/population/som_population_paired_differences.csv,population_effective,,prediction_summary.population_effective,False,3,3,0
compact_somalia_launch,results/launch/nowcasting_2026_04_compact_cds_v1_somalia_local/population/som_population_paired_differences.csv,delta_count_raw_phase1,,prediction_summary.paired_difference.count_raw_phase1,False,3,3,0
compact_somalia_launch,results/launch/nowcasting_2026_04_compact_cds_v1_somalia_local/population/som_population_paired_differences.csv,delta_count_raw_phase2,,prediction_summary.paired_difference.count_raw_phase2,False,3,3,0
compact_somalia_launch,results/launch/nowcasting_2026_04_compact_cds_v1_somalia_local/population/som_population_paired_differences.csv,delta_count_raw_phase3,,prediction_summary.paired_difference.count_raw_phase3,False,3,3,0
compact_somalia_launch,results/launch/nowcasting_2026_04_compact_cds_v1_somalia_local/population/som_population_paired_differences.csv,delta_count_raw_phase4,,prediction_summary.paired_difference.count_raw_phase4,False,3,3,0
compact_somalia_launch,results/launch/nowcasting_2026_04_compact_cds_v1_somalia_local/population/som_population_paired_differences.csv,delta_count_raw_phase5,,prediction_summary.paired_difference.count_raw_phase5,False,3,3,0
compact_somalia_launch,results/launch/nowcasting_2026_04_compact_cds_v1_somalia_local/population/som_population_paired_differences.csv,delta_count_raw_p3plus,,prediction_summary.paired_difference.count_raw_p3plus,False,3,3,0
compact_somalia_launch,results/launch/nowcasting_2026_04_compact_cds_v1_somalia_local/population/som_population_paired_differences.csv,delta_count_raw_p4plus,,prediction_summary.paired_difference.count_raw_p4plus,False,3,3,0
compact_somalia_launch,results/launch/nowcasting_2026_04_compact_cds_v1_somalia_local/population/som_population_paired_differences.csv,delta_count_effective_phase1,,prediction_summary.paired_difference.count_effective_phase1,False,3,3,0
compact_somalia_launch,results/launch/nowcasting_2026_04_compact_cds_v1_somalia_local/population/som_population_paired_differences.csv,delta_count_effective_phase2,,prediction_summary.paired_difference.count_effective_phase2,False,3,3,0
compact_somalia_launch,results/launch/nowcasting_2026_04_compact_cds_v1_somalia_local/population/som_population_paired_differences.csv,delta_count_effective_phase3,,prediction_summary.paired_difference.count_effective_phase3,False,3,3,0
compact_somalia_launch,results/launch/nowcasting_2026_04_compact_cds_v1_somalia_local/population/som_population_paired_differences.csv,delta_count_effective_phase4,,prediction_summary.paired_difference.count_effective_phase4,False,3,3,0
compact_somalia_launch,results/launch/nowcasting_2026_04_compact_cds_v1_somalia_local/population/som_population_paired_differences.csv,delta_count_effective_phase5,,prediction_summary.paired_difference.count_effective_phase5,False,3,3,0
compact_somalia_launch,results/launch/nowcasting_2026_04_compact_cds_v1_somalia_local/population/som_population_paired_differences.csv,delta_count_effective_p3plus,,prediction_summary.paired_difference.count_effective_p3plus,False,3,3,0
compact_somalia_launch,results/launch/nowcasting_2026_04_compact_cds_v1_somalia_local/population/som_population_paired_differences.csv,delta_count_effective_p4plus,,prediction_summary.paired_difference.count_effective_p4plus,False,3,3,0
compact_somalia_launch,results/launch/nowcasting_2026_04_compact_cds_v1_somalia_local/population/som_population_paired_differences.csv,delta_share_raw_phase1,,prediction_summary.paired_difference.share_raw_phase1,False,3,3,0
compact_somalia_launch,results/launch/nowcasting_2026_04_compact_cds_v1_somalia_local/population/som_population_paired_differences.csv,delta_share_raw_phase2,,prediction_summary.paired_difference.share_raw_phase2,False,3,3,0
compact_somalia_launch,results/launch/nowcasting_2026_04_compact_cds_v1_somalia_local/population/som_population_paired_differences.csv,delta_share_raw_phase3,,prediction_summary.paired_difference.share_raw_phase3,False,3,3,0
compact_somalia_launch,results/launch/nowcasting_2026_04_compact_cds_v1_somalia_local/population/som_population_paired_differences.csv,delta_share_raw_phase4,,prediction_summary.paired_difference.share_raw_phase4,False,3,3,0
compact_somalia_launch,results/launch/nowcasting_2026_04_compact_cds_v1_somalia_local/population/som_population_paired_differences.csv,delta_share_raw_phase5,,prediction_summary.paired_difference.share_raw_phase5,False,3,3,0
compact_somalia_launch,results/launch/nowcasting_2026_04_compact_cds_v1_somalia_local/population/som_population_paired_differences.csv,delta_share_raw_p3plus,,prediction_summary.paired_difference.share_raw_p3plus,False,3,3,0
compact_somalia_launch,results/launch/nowcasting_2026_04_compact_cds_v1_somalia_local/population/som_population_paired_differences.csv,delta_share_raw_p4plus,,prediction_summary.paired_difference.share_raw_p4plus,False,3,3,0
compact_somalia_launch,results/launch/nowcasting_2026_04_compact_cds_v1_somalia_local/population/som_population_paired_differences.csv,delta_share_effective_phase1,,prediction_summary.paired_difference.share_effective_phase1,False,3,3,0
compact_somalia_launch,results/launch/nowcasting_2026_04_compact_cds_v1_somalia_local/population/som_population_paired_differences.csv,delta_share_effective_phase2,,prediction_summary.paired_difference.share_effective_phase2,False,3,3,0
compact_somalia_launch,results/launch/nowcasting_2026_04_compact_cds_v1_somalia_local/population/som_population_paired_differences.csv,delta_share_effective_phase3,,prediction_summary.paired_difference.share_effective_phase3,False,3,3,0
compact_somalia_launch,results/launch/nowcasting_2026_04_compact_cds_v1_somalia_local/population/som_population_paired_differences.csv,delta_share_effective_phase4,,prediction_summary.paired_difference.share_effective_phase4,False,3,3,0
compact_somalia_launch,results/launch/nowcasting_2026_04_compact_cds_v1_somalia_local/population/som_population_paired_differences.csv,delta_share_effective_phase5,,prediction_summary.paired_difference.share_effective_phase5,False,3,3,0
compact_somalia_launch,results/launch/nowcasting_2026_04_compact_cds_v1_somalia_local/population/som_population_paired_differences.csv,delta_share_effective_p3plus,,prediction_summary.paired_difference.share_effective_p3plus,False,3,3,0
compact_somalia_launch,results/launch/nowcasting_2026_04_compact_cds_v1_somalia_local/population/som_population_paired_differences.csv,delta_share_effective_p4plus,,prediction_summary.paired_difference.share_effective_p4plus,False,3,3,0
