scope,test_year,n_samples,accuracy,precision_phase3plus,sensitivity_phase3plus,r2_phase3plus,f2_phase3plus
somalia,2022,1129,0.415411869,0.7390625,0.565113501,-0.606086726,0.593029087
somalia,2023,1217,0.520131471,0.622625216,0.97039031,0.014198627,0.872881356
somalia,2024,711,0.414908579,0.469899666,0.886435331,-0.01307466,0.752947481
somalia,2025,1876,0.514392324,0.555940023,0.957298908,-0.023422672,0.836515099
