scope,test_year,n_samples,accuracy,accuracy_status,accuracy_reason,precision_phase3plus,precision_status,precision_reason,sensitivity_phase3plus,sensitivity_status,sensitivity_reason,r2_phase3plus,r2_status,r2_reason,f2_phase3plus,f2_status,f2_reason,precision_phase4plus,precision_phase4plus_status,precision_phase4plus_reason,sensitivity_phase4plus,sensitivity_phase4plus_status,sensitivity_phase4plus_reason,r2_phase4plus,r2_phase4plus_status,r2_phase4plus_reason
overall,2022,5599,0.5406322557599571,ok,,0.7047387606318347,ok,,0.8650260999254288,ok,,0.3435172259470312,ok,,0.8273894436519258,ok,,0.4186046511627907,ok,,0.03557312252964427,ok,,0.22973600489973878,ok,
overall,2023,6064,0.5753627968337731,ok,,0.6921661409043113,ok,,0.9481454807346056,ok,,0.5079802958548812,ok,,0.8828460300429185,ok,,0.23036649214659685,ok,,0.15714285714285714,ok,,0.3417919656782731,ok,
overall,2024,5127,0.6188804369026721,ok,,0.6604133545310016,ok,,0.8929492691315564,ok,,0.3847427896769679,ok,,0.8342035504859828,ok,,0.2903225806451613,ok,,0.1782178217821782,ok,,0.23838220167235358,ok,
overall,2025,11415,0.4523872098116513,ok,,0.5290385123821274,ok,,0.9998334443704198,ok,,0.2328074503596147,ok,,0.8487684868365241,ok,,0.4418604651162791,ok,,0.10894495412844037,ok,,0.07263226666702083,ok,
