position,predictor,group,description,unit,source,time_relative_to_origin,formula,missing_semantics,input_type,compact_baseline_0m,compact_baseline_0m_expanded_count,compact_baseline_6m,compact_baseline_6m_expanded_count,compact_baseline_12m,compact_baseline_12m_expanded_count,compact_cds_weather_6m,compact_cds_weather_6m_expanded_count,compact_cds_weather_12m,compact_cds_weather_12m_expanded_count,expected_model_columns,expected_model_positions,horizons_months,family,source_variable,base_source_definition,definition_evidence,limitations,contract_status,training_source,inference_source,training_formula,inference_formula,training_missing_semantics,inference_missing_semantics,training_reference_period,inference_reference_period,training_spatial_definition,inference_spatial_definition
1,AEZ_32000,Static geography,Indicator for agro-ecological zone code 32000,0/1,Training: Analysis/1.Source Data/assembled_IPCCH/model_ready/origin_safe_climate_idp_v1/origin_safe_climate_idp_v1_hH.csv (H=run horizon); parent source ledgers retained; Inference: Analysis/1.Source Data/assembled_IPCCH/features/forecasting_subset_IPCCH_2026_target_corrected_deep_features.csv; April2026 static columns only,Fixed retrospective context; historical vintage not certified,Preserved AEZ_32000 value from the inherited scope input.,"Saved missingness is retained. NA is retained and handled natively by XGBoost; no external scaling, imputation or feature selection.",numeric (one-hot indicator),true,1,true,1,true,1,true,1,true,1,"[""AEZ_32000""]","{""compact_baseline/0m"":1,""compact_baseline/6m"":1,""compact_baseline/12m"":1,""compact_cds_weather/6m"":1,""compact_cds_weather/12m"":1}","[0, 6, 12]",background,,Not applicable; formula above defines this feature.,"src/ipcch/retained_feature_recipes.py:33,208-209; .trellis/tasks/archive/2026-10/10-08-compact-climate-weather-oracle/design.md: Background and exact fitted order; .trellis/tasks/10-08-compact-cds-launch/design.md","Source observation month is an availability proxy; historical release vintage is not certified. This is an expected input, not a fitted result. Existing background/history/IDP definition and its NA mask are preserved. Static context is retrospective; historical snapshot availability is unverified.",expected_not_fitted,Analysis/1.Source Data/assembled_IPCCH/model_ready/origin_safe_climate_idp_v1/origin_safe_climate_idp_v1_hH.csv (H=run horizon); parent source ledgers retained,Analysis/1.Source Data/assembled_IPCCH/features/forecasting_subset_IPCCH_2026_target_corrected_deep_features.csv; April2026 static columns only,Preserved AEZ_32000 value from the inherited scope input.,Exact AEZ_32000 value from the complete April2026 snapshot; no dynamic/deep columns selected.,"Saved missingness is retained. NA is retained and handled natively by XGBoost; no external scaling, imputation or feature selection.",Preserve snapshot NA (including popdensity); retain every launch area.,Inherited source/recipe definition; see base_source_definition,Inherited source/recipe definition; see base_source_definition,Inherited compact source; upstream aggregation not independently certified,Same retained compact source/recipe; upstream aggregation not independently certified
2,AEZ_34000,Static geography,Indicator for agro-ecological zone code 34000,0/1,Training: Analysis/1.Source Data/assembled_IPCCH/model_ready/origin_safe_climate_idp_v1/origin_safe_climate_idp_v1_hH.csv (H=run horizon); parent source ledgers retained; Inference: Analysis/1.Source Data/assembled_IPCCH/features/forecasting_subset_IPCCH_2026_target_corrected_deep_features.csv; April2026 static columns only,Fixed retrospective context; historical vintage not certified,Preserved AEZ_34000 value from the inherited scope input.,"Saved missingness is retained. NA is retained and handled natively by XGBoost; no external scaling, imputation or feature selection.",numeric (one-hot indicator),true,1,true,1,true,1,true,1,true,1,"[""AEZ_34000""]","{""compact_baseline/0m"":2,""compact_baseline/6m"":2,""compact_baseline/12m"":2,""compact_cds_weather/6m"":2,""compact_cds_weather/12m"":2}","[0, 6, 12]",background,,Not applicable; formula above defines this feature.,"src/ipcch/retained_feature_recipes.py:33,208-209; .trellis/tasks/archive/2026-10/10-08-compact-climate-weather-oracle/design.md: Background and exact fitted order; .trellis/tasks/10-08-compact-cds-launch/design.md","Source observation month is an availability proxy; historical release vintage is not certified. This is an expected input, not a fitted result. Existing background/history/IDP definition and its NA mask are preserved. Static context is retrospective; historical snapshot availability is unverified.",expected_not_fitted,Analysis/1.Source Data/assembled_IPCCH/model_ready/origin_safe_climate_idp_v1/origin_safe_climate_idp_v1_hH.csv (H=run horizon); parent source ledgers retained,Analysis/1.Source Data/assembled_IPCCH/features/forecasting_subset_IPCCH_2026_target_corrected_deep_features.csv; April2026 static columns only,Preserved AEZ_34000 value from the inherited scope input.,Exact AEZ_34000 value from the complete April2026 snapshot; no dynamic/deep columns selected.,"Saved missingness is retained. NA is retained and handled natively by XGBoost; no external scaling, imputation or feature selection.",Preserve snapshot NA (including popdensity); retain every launch area.,Inherited source/recipe definition; see base_source_definition,Inherited source/recipe definition; see base_source_definition,Inherited compact source; upstream aggregation not independently certified,Same retained compact source/recipe; upstream aggregation not independently certified
3,AEZ_36000,Static geography,Indicator for agro-ecological zone code 36000,0/1,Training: Analysis/1.Source Data/assembled_IPCCH/model_ready/origin_safe_climate_idp_v1/origin_safe_climate_idp_v1_hH.csv (H=run horizon); parent source ledgers retained; Inference: Analysis/1.Source Data/assembled_IPCCH/features/forecasting_subset_IPCCH_2026_target_corrected_deep_features.csv; April2026 static columns only,Fixed retrospective context; historical vintage not certified,Preserved AEZ_36000 value from the inherited scope input.,"Saved missingness is retained. NA is retained and handled natively by XGBoost; no external scaling, imputation or feature selection.",numeric (one-hot indicator),true,1,true,1,true,1,true,1,true,1,"[""AEZ_36000""]","{""compact_baseline/0m"":3,""compact_baseline/6m"":3,""compact_baseline/12m"":3,""compact_cds_weather/6m"":3,""compact_cds_weather/12m"":3}","[0, 6, 12]",background,,Not applicable; formula above defines this feature.,"src/ipcch/retained_feature_recipes.py:33,208-209; .trellis/tasks/archive/2026-10/10-08-compact-climate-weather-oracle/design.md: Background and exact fitted order; .trellis/tasks/10-08-compact-cds-launch/design.md","Source observation month is an availability proxy; historical release vintage is not certified. This is an expected input, not a fitted result. Existing background/history/IDP definition and its NA mask are preserved. Static context is retrospective; historical snapshot availability is unverified.",expected_not_fitted,Analysis/1.Source Data/assembled_IPCCH/model_ready/origin_safe_climate_idp_v1/origin_safe_climate_idp_v1_hH.csv (H=run horizon); parent source ledgers retained,Analysis/1.Source Data/assembled_IPCCH/features/forecasting_subset_IPCCH_2026_target_corrected_deep_features.csv; April2026 static columns only,Preserved AEZ_36000 value from the inherited scope input.,Exact AEZ_36000 value from the complete April2026 snapshot; no dynamic/deep columns selected.,"Saved missingness is retained. NA is retained and handled natively by XGBoost; no external scaling, imputation or feature selection.",Preserve snapshot NA (including popdensity); retain every launch area.,Inherited source/recipe definition; see base_source_definition,Inherited source/recipe definition; see base_source_definition,Inherited compact source; upstream aggregation not independently certified,Same retained compact source/recipe; upstream aggregation not independently certified
4,AEZ_38000,Static geography,Indicator for agro-ecological zone code 38000,0/1,Training: Analysis/1.Source Data/assembled_IPCCH/model_ready/origin_safe_climate_idp_v1/origin_safe_climate_idp_v1_hH.csv (H=run horizon); parent source ledgers retained; Inference: Analysis/1.Source Data/assembled_IPCCH/features/forecasting_subset_IPCCH_2026_target_corrected_deep_features.csv; April2026 static columns only,Fixed retrospective context; historical vintage not certified,Preserved AEZ_38000 value from the inherited scope input.,"Saved missingness is retained. NA is retained and handled natively by XGBoost; no external scaling, imputation or feature selection.",numeric (one-hot indicator),true,1,true,1,true,1,true,1,true,1,"[""AEZ_38000""]","{""compact_baseline/0m"":4,""compact_baseline/6m"":4,""compact_baseline/12m"":4,""compact_cds_weather/6m"":4,""compact_cds_weather/12m"":4}","[0, 6, 12]",background,,Not applicable; formula above defines this feature.,"src/ipcch/retained_feature_recipes.py:33,208-209; .trellis/tasks/archive/2026-10/10-08-compact-climate-weather-oracle/design.md: Background and exact fitted order; .trellis/tasks/10-08-compact-cds-launch/design.md","Source observation month is an availability proxy; historical release vintage is not certified. This is an expected input, not a fitted result. Existing background/history/IDP definition and its NA mask are preserved. Static context is retrospective; historical snapshot availability is unverified.",expected_not_fitted,Analysis/1.Source Data/assembled_IPCCH/model_ready/origin_safe_climate_idp_v1/origin_safe_climate_idp_v1_hH.csv (H=run horizon); parent source ledgers retained,Analysis/1.Source Data/assembled_IPCCH/features/forecasting_subset_IPCCH_2026_target_corrected_deep_features.csv; April2026 static columns only,Preserved AEZ_38000 value from the inherited scope input.,Exact AEZ_38000 value from the complete April2026 snapshot; no dynamic/deep columns selected.,"Saved missingness is retained. NA is retained and handled natively by XGBoost; no external scaling, imputation or feature selection.",Preserve snapshot NA (including popdensity); retain every launch area.,Inherited source/recipe definition; see base_source_definition,Inherited source/recipe definition; see base_source_definition,Inherited compact source; upstream aggregation not independently certified,Same retained compact source/recipe; upstream aggregation not independently certified
5,AEZ_42000,Static geography,Indicator for agro-ecological zone code 42000,0/1,Training: Analysis/1.Source Data/assembled_IPCCH/model_ready/origin_safe_climate_idp_v1/origin_safe_climate_idp_v1_hH.csv (H=run horizon); parent source ledgers retained; Inference: Analysis/1.Source Data/assembled_IPCCH/features/forecasting_subset_IPCCH_2026_target_corrected_deep_features.csv; April2026 static columns only,Fixed retrospective context; historical vintage not certified,Preserved AEZ_42000 value from the inherited scope input.,"Saved missingness is retained. NA is retained and handled natively by XGBoost; no external scaling, imputation or feature selection.",numeric (one-hot indicator),true,1,true,1,true,1,true,1,true,1,"[""AEZ_42000""]","{""compact_baseline/0m"":5,""compact_baseline/6m"":5,""compact_baseline/12m"":5,""compact_cds_weather/6m"":5,""compact_cds_weather/12m"":5}","[0, 6, 12]",background,,Not applicable; formula above defines this feature.,"src/ipcch/retained_feature_recipes.py:33,208-209; .trellis/tasks/archive/2026-10/10-08-compact-climate-weather-oracle/design.md: Background and exact fitted order; .trellis/tasks/10-08-compact-cds-launch/design.md","Source observation month is an availability proxy; historical release vintage is not certified. This is an expected input, not a fitted result. Existing background/history/IDP definition and its NA mask are preserved. Static context is retrospective; historical snapshot availability is unverified.",expected_not_fitted,Analysis/1.Source Data/assembled_IPCCH/model_ready/origin_safe_climate_idp_v1/origin_safe_climate_idp_v1_hH.csv (H=run horizon); parent source ledgers retained,Analysis/1.Source Data/assembled_IPCCH/features/forecasting_subset_IPCCH_2026_target_corrected_deep_features.csv; April2026 static columns only,Preserved AEZ_42000 value from the inherited scope input.,Exact AEZ_42000 value from the complete April2026 snapshot; no dynamic/deep columns selected.,"Saved missingness is retained. NA is retained and handled natively by XGBoost; no external scaling, imputation or feature selection.",Preserve snapshot NA (including popdensity); retain every launch area.,Inherited source/recipe definition; see base_source_definition,Inherited source/recipe definition; see base_source_definition,Inherited compact source; upstream aggregation not independently certified,Same retained compact source/recipe; upstream aggregation not independently certified
6,AEZ_7000,Static geography,Indicator for agro-ecological zone code 7000,0/1,Training: Analysis/1.Source Data/assembled_IPCCH/model_ready/origin_safe_climate_idp_v1/origin_safe_climate_idp_v1_hH.csv (H=run horizon); parent source ledgers retained; Inference: Analysis/1.Source Data/assembled_IPCCH/features/forecasting_subset_IPCCH_2026_target_corrected_deep_features.csv; April2026 static columns only,Fixed retrospective context; historical vintage not certified,Preserved AEZ_7000 value from the inherited scope input.,"Saved missingness is retained. NA is retained and handled natively by XGBoost; no external scaling, imputation or feature selection.",numeric (one-hot indicator),true,1,true,1,true,1,true,1,true,1,"[""AEZ_7000""]","{""compact_baseline/0m"":6,""compact_baseline/6m"":6,""compact_baseline/12m"":6,""compact_cds_weather/6m"":6,""compact_cds_weather/12m"":6}","[0, 6, 12]",background,,Not applicable; formula above defines this feature.,"src/ipcch/retained_feature_recipes.py:33,208-209; .trellis/tasks/archive/2026-10/10-08-compact-climate-weather-oracle/design.md: Background and exact fitted order; .trellis/tasks/10-08-compact-cds-launch/design.md","Source observation month is an availability proxy; historical release vintage is not certified. This is an expected input, not a fitted result. Existing background/history/IDP definition and its NA mask are preserved. Static context is retrospective; historical snapshot availability is unverified.",expected_not_fitted,Analysis/1.Source Data/assembled_IPCCH/model_ready/origin_safe_climate_idp_v1/origin_safe_climate_idp_v1_hH.csv (H=run horizon); parent source ledgers retained,Analysis/1.Source Data/assembled_IPCCH/features/forecasting_subset_IPCCH_2026_target_corrected_deep_features.csv; April2026 static columns only,Preserved AEZ_7000 value from the inherited scope input.,Exact AEZ_7000 value from the complete April2026 snapshot; no dynamic/deep columns selected.,"Saved missingness is retained. NA is retained and handled natively by XGBoost; no external scaling, imputation or feature selection.",Preserve snapshot NA (including popdensity); retain every launch area.,Inherited source/recipe definition; see base_source_definition,Inherited source/recipe definition; see base_source_definition,Inherited compact source; upstream aggregation not independently certified,Same retained compact source/recipe; upstream aggregation not independently certified
7,crop,Static geography,Inherited crop-context covariate,Native source units; physical scale not verified in this run,Training: Analysis/1.Source Data/assembled_IPCCH/model_ready/origin_safe_climate_idp_v1/origin_safe_climate_idp_v1_hH.csv (H=run horizon); parent source ledgers retained; Inference: Analysis/1.Source Data/assembled_IPCCH/features/forecasting_subset_IPCCH_2026_target_corrected_deep_features.csv; April2026 static columns only,Fixed retrospective context; historical vintage not certified,Preserved crop value from the inherited scope input.,"Saved missingness is retained. NA is retained and handled natively by XGBoost; no external scaling, imputation or feature selection.",numeric,true,1,true,1,true,1,true,1,true,1,"[""crop""]","{""compact_baseline/0m"":7,""compact_baseline/6m"":7,""compact_baseline/12m"":7,""compact_cds_weather/6m"":7,""compact_cds_weather/12m"":7}","[0, 6, 12]",background,,Not applicable; formula above defines this feature.,"src/ipcch/retained_feature_recipes.py:33,208-209; .trellis/tasks/archive/2026-10/10-08-compact-climate-weather-oracle/design.md: Background and exact fitted order; .trellis/tasks/10-08-compact-cds-launch/design.md","Source observation month is an availability proxy; historical release vintage is not certified. This is an expected input, not a fitted result. Existing background/history/IDP definition and its NA mask are preserved. Static context is retrospective; historical snapshot availability is unverified.",expected_not_fitted,Analysis/1.Source Data/assembled_IPCCH/model_ready/origin_safe_climate_idp_v1/origin_safe_climate_idp_v1_hH.csv (H=run horizon); parent source ledgers retained,Analysis/1.Source Data/assembled_IPCCH/features/forecasting_subset_IPCCH_2026_target_corrected_deep_features.csv; April2026 static columns only,Preserved crop value from the inherited scope input.,Exact crop value from the complete April2026 snapshot; no dynamic/deep columns selected.,"Saved missingness is retained. NA is retained and handled natively by XGBoost; no external scaling, imputation or feature selection.",Preserve snapshot NA (including popdensity); retain every launch area.,Inherited source/recipe definition; see base_source_definition,Inherited source/recipe definition; see base_source_definition,Inherited compact source; upstream aggregation not independently certified,Same retained compact source/recipe; upstream aggregation not independently certified
8,elevation,Static geography,Inherited elevation covariate,Native source units; physical scale not verified in this run,Training: Analysis/1.Source Data/assembled_IPCCH/model_ready/origin_safe_climate_idp_v1/origin_safe_climate_idp_v1_hH.csv (H=run horizon); parent source ledgers retained; Inference: Analysis/1.Source Data/assembled_IPCCH/features/forecasting_subset_IPCCH_2026_target_corrected_deep_features.csv; April2026 static columns only,Fixed retrospective context; historical vintage not certified,Preserved elevation value from the inherited scope input.,"Saved missingness is retained. NA is retained and handled natively by XGBoost; no external scaling, imputation or feature selection.",numeric,true,1,true,1,true,1,true,1,true,1,"[""elevation""]","{""compact_baseline/0m"":8,""compact_baseline/6m"":8,""compact_baseline/12m"":8,""compact_cds_weather/6m"":8,""compact_cds_weather/12m"":8}","[0, 6, 12]",background,,Not applicable; formula above defines this feature.,"src/ipcch/retained_feature_recipes.py:33,208-209; .trellis/tasks/archive/2026-10/10-08-compact-climate-weather-oracle/design.md: Background and exact fitted order; .trellis/tasks/10-08-compact-cds-launch/design.md","Source observation month is an availability proxy; historical release vintage is not certified. This is an expected input, not a fitted result. Existing background/history/IDP definition and its NA mask are preserved. Static context is retrospective; historical snapshot availability is unverified.",expected_not_fitted,Analysis/1.Source Data/assembled_IPCCH/model_ready/origin_safe_climate_idp_v1/origin_safe_climate_idp_v1_hH.csv (H=run horizon); parent source ledgers retained,Analysis/1.Source Data/assembled_IPCCH/features/forecasting_subset_IPCCH_2026_target_corrected_deep_features.csv; April2026 static columns only,Preserved elevation value from the inherited scope input.,Exact elevation value from the complete April2026 snapshot; no dynamic/deep columns selected.,"Saved missingness is retained. NA is retained and handled natively by XGBoost; no external scaling, imputation or feature selection.",Preserve snapshot NA (including popdensity); retain every launch area.,Inherited source/recipe definition; see base_source_definition,Inherited source/recipe definition; see base_source_definition,Inherited compact source; upstream aggregation not independently certified,Same retained compact source/recipe; upstream aggregation not independently certified
9,market_access,Static geography,Inherited market-access covariate,Native source units; physical scale not verified in this run,Training: Analysis/1.Source Data/assembled_IPCCH/model_ready/origin_safe_climate_idp_v1/origin_safe_climate_idp_v1_hH.csv (H=run horizon); parent source ledgers retained; Inference: Analysis/1.Source Data/assembled_IPCCH/features/forecasting_subset_IPCCH_2026_target_corrected_deep_features.csv; April2026 static columns only,Fixed retrospective context; historical vintage not certified,Preserved market_access value from the inherited scope input.,"Saved missingness is retained. NA is retained and handled natively by XGBoost; no external scaling, imputation or feature selection.",numeric,true,1,true,1,true,1,true,1,true,1,"[""market_access""]","{""compact_baseline/0m"":9,""compact_baseline/6m"":9,""compact_baseline/12m"":9,""compact_cds_weather/6m"":9,""compact_cds_weather/12m"":9}","[0, 6, 12]",background,,Not applicable; formula above defines this feature.,"src/ipcch/retained_feature_recipes.py:33,208-209; .trellis/tasks/archive/2026-10/10-08-compact-climate-weather-oracle/design.md: Background and exact fitted order; .trellis/tasks/10-08-compact-cds-launch/design.md","Source observation month is an availability proxy; historical release vintage is not certified. This is an expected input, not a fitted result. Existing background/history/IDP definition and its NA mask are preserved. Static context is retrospective; historical snapshot availability is unverified.",expected_not_fitted,Analysis/1.Source Data/assembled_IPCCH/model_ready/origin_safe_climate_idp_v1/origin_safe_climate_idp_v1_hH.csv (H=run horizon); parent source ledgers retained,Analysis/1.Source Data/assembled_IPCCH/features/forecasting_subset_IPCCH_2026_target_corrected_deep_features.csv; April2026 static columns only,Preserved market_access value from the inherited scope input.,Exact market_access value from the complete April2026 snapshot; no dynamic/deep columns selected.,"Saved missingness is retained. NA is retained and handled natively by XGBoost; no external scaling, imputation or feature selection.",Preserve snapshot NA (including popdensity); retain every launch area.,Inherited source/recipe definition; see base_source_definition,Inherited source/recipe definition; see base_source_definition,Inherited compact source; upstream aggregation not independently certified,Same retained compact source/recipe; upstream aggregation not independently certified
10,popdensity,Static geography,Inherited population-density covariate,Native source units; physical scale not verified in this run,Training: Analysis/1.Source Data/assembled_IPCCH/model_ready/origin_safe_climate_idp_v1/origin_safe_climate_idp_v1_hH.csv (H=run horizon); parent source ledgers retained; Inference: Analysis/1.Source Data/assembled_IPCCH/features/forecasting_subset_IPCCH_2026_target_corrected_deep_features.csv; April2026 static columns only,Fixed retrospective context; historical vintage not certified,Preserved popdensity value from the inherited scope input.,"Saved missingness is retained. NA is retained and handled natively by XGBoost; no external scaling, imputation or feature selection.",numeric,true,1,true,1,true,1,true,1,true,1,"[""popdensity""]","{""compact_baseline/0m"":10,""compact_baseline/6m"":10,""compact_baseline/12m"":10,""compact_cds_weather/6m"":10,""compact_cds_weather/12m"":10}","[0, 6, 12]",background,,Not applicable; formula above defines this feature.,"src/ipcch/retained_feature_recipes.py:33,208-209; .trellis/tasks/archive/2026-10/10-08-compact-climate-weather-oracle/design.md: Background and exact fitted order; .trellis/tasks/10-08-compact-cds-launch/design.md","Source observation month is an availability proxy; historical release vintage is not certified. This is an expected input, not a fitted result. Existing background/history/IDP definition and its NA mask are preserved. Static context is retrospective; historical snapshot availability is unverified.",expected_not_fitted,Analysis/1.Source Data/assembled_IPCCH/model_ready/origin_safe_climate_idp_v1/origin_safe_climate_idp_v1_hH.csv (H=run horizon); parent source ledgers retained,Analysis/1.Source Data/assembled_IPCCH/features/forecasting_subset_IPCCH_2026_target_corrected_deep_features.csv; April2026 static columns only,Preserved popdensity value from the inherited scope input.,Exact popdensity value from the complete April2026 snapshot; no dynamic/deep columns selected.,"Saved missingness is retained. NA is retained and handled natively by XGBoost; no external scaling, imputation or feature selection.",Preserve snapshot NA (including popdensity); retain every launch area.,Inherited source/recipe definition; see base_source_definition,Inherited source/recipe definition; see base_source_definition,Inherited compact source; upstream aggregation not independently certified,Same retained compact source/recipe; upstream aggregation not independently certified
11,range,Static geography,Inherited range covariate; source meaning not independently verified.,Native source units; physical scale not verified in this run,Training: Analysis/1.Source Data/assembled_IPCCH/model_ready/origin_safe_climate_idp_v1/origin_safe_climate_idp_v1_hH.csv (H=run horizon); parent source ledgers retained; Inference: Analysis/1.Source Data/assembled_IPCCH/features/forecasting_subset_IPCCH_2026_target_corrected_deep_features.csv; April2026 static columns only,Fixed retrospective context; historical vintage not certified,Preserved range value from the inherited scope input.,"Saved missingness is retained. NA is retained and handled natively by XGBoost; no external scaling, imputation or feature selection.",numeric,true,1,true,1,true,1,true,1,true,1,"[""range""]","{""compact_baseline/0m"":11,""compact_baseline/6m"":11,""compact_baseline/12m"":11,""compact_cds_weather/6m"":11,""compact_cds_weather/12m"":11}","[0, 6, 12]",background,,Not applicable; formula above defines this feature.,"src/ipcch/retained_feature_recipes.py:33,208-209; .trellis/tasks/archive/2026-10/10-08-compact-climate-weather-oracle/design.md: Background and exact fitted order; .trellis/tasks/10-08-compact-cds-launch/design.md","Source observation month is an availability proxy; historical release vintage is not certified. This is an expected input, not a fitted result. Existing background/history/IDP definition and its NA mask are preserved. Static context is retrospective; historical snapshot availability is unverified.",expected_not_fitted,Analysis/1.Source Data/assembled_IPCCH/model_ready/origin_safe_climate_idp_v1/origin_safe_climate_idp_v1_hH.csv (H=run horizon); parent source ledgers retained,Analysis/1.Source Data/assembled_IPCCH/features/forecasting_subset_IPCCH_2026_target_corrected_deep_features.csv; April2026 static columns only,Preserved range value from the inherited scope input.,Exact range value from the complete April2026 snapshot; no dynamic/deep columns selected.,"Saved missingness is retained. NA is retained and handled natively by XGBoost; no external scaling, imputation or feature selection.",Preserve snapshot NA (including popdensity); retain every launch area.,Inherited source/recipe definition; see base_source_definition,Inherited source/recipe definition; see base_source_definition,Inherited compact source; upstream aggregation not independently certified,Same retained compact source/recipe; upstream aggregation not independently certified
12,ruggedness,Static geography,Inherited terrain ruggedness covariate,Native source units; physical scale not verified in this run,Training: Analysis/1.Source Data/assembled_IPCCH/model_ready/origin_safe_climate_idp_v1/origin_safe_climate_idp_v1_hH.csv (H=run horizon); parent source ledgers retained; Inference: Analysis/1.Source Data/assembled_IPCCH/features/forecasting_subset_IPCCH_2026_target_corrected_deep_features.csv; April2026 static columns only,Fixed retrospective context; historical vintage not certified,Preserved ruggedness value from the inherited scope input.,"Saved missingness is retained. NA is retained and handled natively by XGBoost; no external scaling, imputation or feature selection.",numeric,true,1,true,1,true,1,true,1,true,1,"[""ruggedness""]","{""compact_baseline/0m"":12,""compact_baseline/6m"":12,""compact_baseline/12m"":12,""compact_cds_weather/6m"":12,""compact_cds_weather/12m"":12}","[0, 6, 12]",background,,Not applicable; formula above defines this feature.,"src/ipcch/retained_feature_recipes.py:33,208-209; .trellis/tasks/archive/2026-10/10-08-compact-climate-weather-oracle/design.md: Background and exact fitted order; .trellis/tasks/10-08-compact-cds-launch/design.md","Source observation month is an availability proxy; historical release vintage is not certified. This is an expected input, not a fitted result. Existing background/history/IDP definition and its NA mask are preserved. Static context is retrospective; historical snapshot availability is unverified.",expected_not_fitted,Analysis/1.Source Data/assembled_IPCCH/model_ready/origin_safe_climate_idp_v1/origin_safe_climate_idp_v1_hH.csv (H=run horizon); parent source ledgers retained,Analysis/1.Source Data/assembled_IPCCH/features/forecasting_subset_IPCCH_2026_target_corrected_deep_features.csv; April2026 static columns only,Preserved ruggedness value from the inherited scope input.,Exact ruggedness value from the complete April2026 snapshot; no dynamic/deep columns selected.,"Saved missingness is retained. NA is retained and handled natively by XGBoost; no external scaling, imputation or feature selection.",Preserve snapshot NA (including popdensity); retain every launch area.,Inherited source/recipe definition; see base_source_definition,Inherited source/recipe definition; see base_source_definition,Inherited compact source; upstream aggregation not independently certified,Same retained compact source/recipe; upstream aggregation not independently certified
13,slope,Static geography,Inherited terrain slope covariate,Native source units; physical scale not verified in this run,Training: Analysis/1.Source Data/assembled_IPCCH/model_ready/origin_safe_climate_idp_v1/origin_safe_climate_idp_v1_hH.csv (H=run horizon); parent source ledgers retained; Inference: Analysis/1.Source Data/assembled_IPCCH/features/forecasting_subset_IPCCH_2026_target_corrected_deep_features.csv; April2026 static columns only,Fixed retrospective context; historical vintage not certified,Preserved slope value from the inherited scope input.,"Saved missingness is retained. NA is retained and handled natively by XGBoost; no external scaling, imputation or feature selection.",numeric,true,1,true,1,true,1,true,1,true,1,"[""slope""]","{""compact_baseline/0m"":13,""compact_baseline/6m"":13,""compact_baseline/12m"":13,""compact_cds_weather/6m"":13,""compact_cds_weather/12m"":13}","[0, 6, 12]",background,,Not applicable; formula above defines this feature.,"src/ipcch/retained_feature_recipes.py:33,208-209; .trellis/tasks/archive/2026-10/10-08-compact-climate-weather-oracle/design.md: Background and exact fitted order; .trellis/tasks/10-08-compact-cds-launch/design.md","Source observation month is an availability proxy; historical release vintage is not certified. This is an expected input, not a fitted result. Existing background/history/IDP definition and its NA mask are preserved. Static context is retrospective; historical snapshot availability is unverified.",expected_not_fitted,Analysis/1.Source Data/assembled_IPCCH/model_ready/origin_safe_climate_idp_v1/origin_safe_climate_idp_v1_hH.csv (H=run horizon); parent source ledgers retained,Analysis/1.Source Data/assembled_IPCCH/features/forecasting_subset_IPCCH_2026_target_corrected_deep_features.csv; April2026 static columns only,Preserved slope value from the inherited scope input.,Exact slope value from the complete April2026 snapshot; no dynamic/deep columns selected.,"Saved missingness is retained. NA is retained and handled natively by XGBoost; no external scaling, imputation or feature selection.",Preserve snapshot NA (including popdensity); retain every launch area.,Inherited source/recipe definition; see base_source_definition,Inherited source/recipe definition; see base_source_definition,Inherited compact source; upstream aggregation not independently certified,Same retained compact source/recipe; upstream aggregation not independently certified
14,AEZ_10000,Static geography,Indicator for agro-ecological zone code 10000,0/1,Training: Analysis/1.Source Data/assembled_IPCCH/model_ready/origin_safe_climate_idp_v1/origin_safe_climate_idp_v1_hH.csv (H=run horizon); parent source ledgers retained; Inference: Analysis/1.Source Data/assembled_IPCCH/features/forecasting_subset_IPCCH_2026_target_corrected_deep_features.csv; April2026 static columns only,Fixed retrospective context; historical vintage not certified,Preserved AEZ_10000 value from the inherited scope input.,"Saved missingness is retained. NA is retained and handled natively by XGBoost; no external scaling, imputation or feature selection.",numeric (one-hot indicator),true,1,true,1,true,1,true,1,true,1,"[""AEZ_10000""]","{""compact_baseline/0m"":14,""compact_baseline/6m"":14,""compact_baseline/12m"":14,""compact_cds_weather/6m"":14,""compact_cds_weather/12m"":14}","[0, 6, 12]",background,,Not applicable; formula above defines this feature.,"src/ipcch/retained_feature_recipes.py:33,208-209; .trellis/tasks/archive/2026-10/10-08-compact-climate-weather-oracle/design.md: Background and exact fitted order; .trellis/tasks/10-08-compact-cds-launch/design.md","Source observation month is an availability proxy; historical release vintage is not certified. This is an expected input, not a fitted result. Existing background/history/IDP definition and its NA mask are preserved. Static context is retrospective; historical snapshot availability is unverified.",expected_not_fitted,Analysis/1.Source Data/assembled_IPCCH/model_ready/origin_safe_climate_idp_v1/origin_safe_climate_idp_v1_hH.csv (H=run horizon); parent source ledgers retained,Analysis/1.Source Data/assembled_IPCCH/features/forecasting_subset_IPCCH_2026_target_corrected_deep_features.csv; April2026 static columns only,Preserved AEZ_10000 value from the inherited scope input.,Exact AEZ_10000 value from the complete April2026 snapshot; no dynamic/deep columns selected.,"Saved missingness is retained. NA is retained and handled natively by XGBoost; no external scaling, imputation or feature selection.",Preserve snapshot NA (including popdensity); retain every launch area.,Inherited source/recipe definition; see base_source_definition,Inherited source/recipe definition; see base_source_definition,Inherited compact source; upstream aggregation not independently certified,Same retained compact source/recipe; upstream aggregation not independently certified
15,AEZ_12000,Static geography,Indicator for agro-ecological zone code 12000,0/1,Training: Analysis/1.Source Data/assembled_IPCCH/model_ready/origin_safe_climate_idp_v1/origin_safe_climate_idp_v1_hH.csv (H=run horizon); parent source ledgers retained; Inference: Analysis/1.Source Data/assembled_IPCCH/features/forecasting_subset_IPCCH_2026_target_corrected_deep_features.csv; April2026 static columns only,Fixed retrospective context; historical vintage not certified,Preserved AEZ_12000 value from the inherited scope input.,"Saved missingness is retained. NA is retained and handled natively by XGBoost; no external scaling, imputation or feature selection.",numeric (one-hot indicator),true,1,true,1,true,1,true,1,true,1,"[""AEZ_12000""]","{""compact_baseline/0m"":15,""compact_baseline/6m"":15,""compact_baseline/12m"":15,""compact_cds_weather/6m"":15,""compact_cds_weather/12m"":15}","[0, 6, 12]",background,,Not applicable; formula above defines this feature.,"src/ipcch/retained_feature_recipes.py:33,208-209; .trellis/tasks/archive/2026-10/10-08-compact-climate-weather-oracle/design.md: Background and exact fitted order; .trellis/tasks/10-08-compact-cds-launch/design.md","Source observation month is an availability proxy; historical release vintage is not certified. This is an expected input, not a fitted result. Existing background/history/IDP definition and its NA mask are preserved. Static context is retrospective; historical snapshot availability is unverified.",expected_not_fitted,Analysis/1.Source Data/assembled_IPCCH/model_ready/origin_safe_climate_idp_v1/origin_safe_climate_idp_v1_hH.csv (H=run horizon); parent source ledgers retained,Analysis/1.Source Data/assembled_IPCCH/features/forecasting_subset_IPCCH_2026_target_corrected_deep_features.csv; April2026 static columns only,Preserved AEZ_12000 value from the inherited scope input.,Exact AEZ_12000 value from the complete April2026 snapshot; no dynamic/deep columns selected.,"Saved missingness is retained. NA is retained and handled natively by XGBoost; no external scaling, imputation or feature selection.",Preserve snapshot NA (including popdensity); retain every launch area.,Inherited source/recipe definition; see base_source_definition,Inherited source/recipe definition; see base_source_definition,Inherited compact source; upstream aggregation not independently certified,Same retained compact source/recipe; upstream aggregation not independently certified
16,AEZ_17000,Static geography,Indicator for agro-ecological zone code 17000,0/1,Training: Analysis/1.Source Data/assembled_IPCCH/model_ready/origin_safe_climate_idp_v1/origin_safe_climate_idp_v1_hH.csv (H=run horizon); parent source ledgers retained; Inference: Analysis/1.Source Data/assembled_IPCCH/features/forecasting_subset_IPCCH_2026_target_corrected_deep_features.csv; April2026 static columns only,Fixed retrospective context; historical vintage not certified,Preserved AEZ_17000 value from the inherited scope input.,"Saved missingness is retained. NA is retained and handled natively by XGBoost; no external scaling, imputation or feature selection.",numeric (one-hot indicator),true,1,true,1,true,1,true,1,true,1,"[""AEZ_17000""]","{""compact_baseline/0m"":16,""compact_baseline/6m"":16,""compact_baseline/12m"":16,""compact_cds_weather/6m"":16,""compact_cds_weather/12m"":16}","[0, 6, 12]",background,,Not applicable; formula above defines this feature.,"src/ipcch/retained_feature_recipes.py:33,208-209; .trellis/tasks/archive/2026-10/10-08-compact-climate-weather-oracle/design.md: Background and exact fitted order; .trellis/tasks/10-08-compact-cds-launch/design.md","Source observation month is an availability proxy; historical release vintage is not certified. This is an expected input, not a fitted result. Existing background/history/IDP definition and its NA mask are preserved. Static context is retrospective; historical snapshot availability is unverified.",expected_not_fitted,Analysis/1.Source Data/assembled_IPCCH/model_ready/origin_safe_climate_idp_v1/origin_safe_climate_idp_v1_hH.csv (H=run horizon); parent source ledgers retained,Analysis/1.Source Data/assembled_IPCCH/features/forecasting_subset_IPCCH_2026_target_corrected_deep_features.csv; April2026 static columns only,Preserved AEZ_17000 value from the inherited scope input.,Exact AEZ_17000 value from the complete April2026 snapshot; no dynamic/deep columns selected.,"Saved missingness is retained. NA is retained and handled natively by XGBoost; no external scaling, imputation or feature selection.",Preserve snapshot NA (including popdensity); retain every launch area.,Inherited source/recipe definition; see base_source_definition,Inherited source/recipe definition; see base_source_definition,Inherited compact source; upstream aggregation not independently certified,Same retained compact source/recipe; upstream aggregation not independently certified
17,AEZ_19000,Static geography,Indicator for agro-ecological zone code 19000,0/1,Training: Analysis/1.Source Data/assembled_IPCCH/model_ready/origin_safe_climate_idp_v1/origin_safe_climate_idp_v1_hH.csv (H=run horizon); parent source ledgers retained; Inference: Analysis/1.Source Data/assembled_IPCCH/features/forecasting_subset_IPCCH_2026_target_corrected_deep_features.csv; April2026 static columns only,Fixed retrospective context; historical vintage not certified,Preserved AEZ_19000 value from the inherited scope input.,"Saved missingness is retained. NA is retained and handled natively by XGBoost; no external scaling, imputation or feature selection.",numeric (one-hot indicator),true,1,true,1,true,1,true,1,true,1,"[""AEZ_19000""]","{""compact_baseline/0m"":17,""compact_baseline/6m"":17,""compact_baseline/12m"":17,""compact_cds_weather/6m"":17,""compact_cds_weather/12m"":17}","[0, 6, 12]",background,,Not applicable; formula above defines this feature.,"src/ipcch/retained_feature_recipes.py:33,208-209; .trellis/tasks/archive/2026-10/10-08-compact-climate-weather-oracle/design.md: Background and exact fitted order; .trellis/tasks/10-08-compact-cds-launch/design.md","Source observation month is an availability proxy; historical release vintage is not certified. This is an expected input, not a fitted result. Existing background/history/IDP definition and its NA mask are preserved. Static context is retrospective; historical snapshot availability is unverified.",expected_not_fitted,Analysis/1.Source Data/assembled_IPCCH/model_ready/origin_safe_climate_idp_v1/origin_safe_climate_idp_v1_hH.csv (H=run horizon); parent source ledgers retained,Analysis/1.Source Data/assembled_IPCCH/features/forecasting_subset_IPCCH_2026_target_corrected_deep_features.csv; April2026 static columns only,Preserved AEZ_19000 value from the inherited scope input.,Exact AEZ_19000 value from the complete April2026 snapshot; no dynamic/deep columns selected.,"Saved missingness is retained. NA is retained and handled natively by XGBoost; no external scaling, imputation or feature selection.",Preserve snapshot NA (including popdensity); retain every launch area.,Inherited source/recipe definition; see base_source_definition,Inherited source/recipe definition; see base_source_definition,Inherited compact source; upstream aggregation not independently certified,Same retained compact source/recipe; upstream aggregation not independently certified
18,AEZ_20000,Static geography,Indicator for agro-ecological zone code 20000,0/1,Training: Analysis/1.Source Data/assembled_IPCCH/model_ready/origin_safe_climate_idp_v1/origin_safe_climate_idp_v1_hH.csv (H=run horizon); parent source ledgers retained; Inference: Analysis/1.Source Data/assembled_IPCCH/features/forecasting_subset_IPCCH_2026_target_corrected_deep_features.csv; April2026 static columns only,Fixed retrospective context; historical vintage not certified,Preserved AEZ_20000 value from the inherited scope input.,"Saved missingness is retained. NA is retained and handled natively by XGBoost; no external scaling, imputation or feature selection.",numeric (one-hot indicator),true,1,true,1,true,1,true,1,true,1,"[""AEZ_20000""]","{""compact_baseline/0m"":18,""compact_baseline/6m"":18,""compact_baseline/12m"":18,""compact_cds_weather/6m"":18,""compact_cds_weather/12m"":18}","[0, 6, 12]",background,,Not applicable; formula above defines this feature.,"src/ipcch/retained_feature_recipes.py:33,208-209; .trellis/tasks/archive/2026-10/10-08-compact-climate-weather-oracle/design.md: Background and exact fitted order; .trellis/tasks/10-08-compact-cds-launch/design.md","Source observation month is an availability proxy; historical release vintage is not certified. This is an expected input, not a fitted result. Existing background/history/IDP definition and its NA mask are preserved. Static context is retrospective; historical snapshot availability is unverified.",expected_not_fitted,Analysis/1.Source Data/assembled_IPCCH/model_ready/origin_safe_climate_idp_v1/origin_safe_climate_idp_v1_hH.csv (H=run horizon); parent source ledgers retained,Analysis/1.Source Data/assembled_IPCCH/features/forecasting_subset_IPCCH_2026_target_corrected_deep_features.csv; April2026 static columns only,Preserved AEZ_20000 value from the inherited scope input.,Exact AEZ_20000 value from the complete April2026 snapshot; no dynamic/deep columns selected.,"Saved missingness is retained. NA is retained and handled natively by XGBoost; no external scaling, imputation or feature selection.",Preserve snapshot NA (including popdensity); retain every launch area.,Inherited source/recipe definition; see base_source_definition,Inherited source/recipe definition; see base_source_definition,Inherited compact source; upstream aggregation not independently certified,Same retained compact source/recipe; upstream aggregation not independently certified
19,AEZ_25000,Static geography,Indicator for agro-ecological zone code 25000,0/1,Training: Analysis/1.Source Data/assembled_IPCCH/model_ready/origin_safe_climate_idp_v1/origin_safe_climate_idp_v1_hH.csv (H=run horizon); parent source ledgers retained; Inference: Analysis/1.Source Data/assembled_IPCCH/features/forecasting_subset_IPCCH_2026_target_corrected_deep_features.csv; April2026 static columns only,Fixed retrospective context; historical vintage not certified,Preserved AEZ_25000 value from the inherited scope input.,"Saved missingness is retained. NA is retained and handled natively by XGBoost; no external scaling, imputation or feature selection.",numeric (one-hot indicator),true,1,true,1,true,1,true,1,true,1,"[""AEZ_25000""]","{""compact_baseline/0m"":19,""compact_baseline/6m"":19,""compact_baseline/12m"":19,""compact_cds_weather/6m"":19,""compact_cds_weather/12m"":19}","[0, 6, 12]",background,,Not applicable; formula above defines this feature.,"src/ipcch/retained_feature_recipes.py:33,208-209; .trellis/tasks/archive/2026-10/10-08-compact-climate-weather-oracle/design.md: Background and exact fitted order; .trellis/tasks/10-08-compact-cds-launch/design.md","Source observation month is an availability proxy; historical release vintage is not certified. This is an expected input, not a fitted result. Existing background/history/IDP definition and its NA mask are preserved. Static context is retrospective; historical snapshot availability is unverified.",expected_not_fitted,Analysis/1.Source Data/assembled_IPCCH/model_ready/origin_safe_climate_idp_v1/origin_safe_climate_idp_v1_hH.csv (H=run horizon); parent source ledgers retained,Analysis/1.Source Data/assembled_IPCCH/features/forecasting_subset_IPCCH_2026_target_corrected_deep_features.csv; April2026 static columns only,Preserved AEZ_25000 value from the inherited scope input.,Exact AEZ_25000 value from the complete April2026 snapshot; no dynamic/deep columns selected.,"Saved missingness is retained. NA is retained and handled natively by XGBoost; no external scaling, imputation or feature selection.",Preserve snapshot NA (including popdensity); retain every launch area.,Inherited source/recipe definition; see base_source_definition,Inherited source/recipe definition; see base_source_definition,Inherited compact source; upstream aggregation not independently certified,Same retained compact source/recipe; upstream aggregation not independently certified
20,AEZ_28000,Static geography,Indicator for agro-ecological zone code 28000,0/1,Training: Analysis/1.Source Data/assembled_IPCCH/model_ready/origin_safe_climate_idp_v1/origin_safe_climate_idp_v1_hH.csv (H=run horizon); parent source ledgers retained; Inference: Analysis/1.Source Data/assembled_IPCCH/features/forecasting_subset_IPCCH_2026_target_corrected_deep_features.csv; April2026 static columns only,Fixed retrospective context; historical vintage not certified,Preserved AEZ_28000 value from the inherited scope input.,"Saved missingness is retained. NA is retained and handled natively by XGBoost; no external scaling, imputation or feature selection.",numeric (one-hot indicator),true,1,true,1,true,1,true,1,true,1,"[""AEZ_28000""]","{""compact_baseline/0m"":20,""compact_baseline/6m"":20,""compact_baseline/12m"":20,""compact_cds_weather/6m"":20,""compact_cds_weather/12m"":20}","[0, 6, 12]",background,,Not applicable; formula above defines this feature.,"src/ipcch/retained_feature_recipes.py:33,208-209; .trellis/tasks/archive/2026-10/10-08-compact-climate-weather-oracle/design.md: Background and exact fitted order; .trellis/tasks/10-08-compact-cds-launch/design.md","Source observation month is an availability proxy; historical release vintage is not certified. This is an expected input, not a fitted result. Existing background/history/IDP definition and its NA mask are preserved. Static context is retrospective; historical snapshot availability is unverified.",expected_not_fitted,Analysis/1.Source Data/assembled_IPCCH/model_ready/origin_safe_climate_idp_v1/origin_safe_climate_idp_v1_hH.csv (H=run horizon); parent source ledgers retained,Analysis/1.Source Data/assembled_IPCCH/features/forecasting_subset_IPCCH_2026_target_corrected_deep_features.csv; April2026 static columns only,Preserved AEZ_28000 value from the inherited scope input.,Exact AEZ_28000 value from the complete April2026 snapshot; no dynamic/deep columns selected.,"Saved missingness is retained. NA is retained and handled natively by XGBoost; no external scaling, imputation or feature selection.",Preserve snapshot NA (including popdensity); retain every launch area.,Inherited source/recipe definition; see base_source_definition,Inherited source/recipe definition; see base_source_definition,Inherited compact source; upstream aggregation not independently certified,Same retained compact source/recipe; upstream aggregation not independently certified
21,AEZ_30000,Static geography,Indicator for agro-ecological zone code 30000,0/1,Training: Analysis/1.Source Data/assembled_IPCCH/model_ready/origin_safe_climate_idp_v1/origin_safe_climate_idp_v1_hH.csv (H=run horizon); parent source ledgers retained; Inference: Analysis/1.Source Data/assembled_IPCCH/features/forecasting_subset_IPCCH_2026_target_corrected_deep_features.csv; April2026 static columns only,Fixed retrospective context; historical vintage not certified,Preserved AEZ_30000 value from the inherited scope input.,"Saved missingness is retained. NA is retained and handled natively by XGBoost; no external scaling, imputation or feature selection.",numeric (one-hot indicator),true,1,true,1,true,1,true,1,true,1,"[""AEZ_30000""]","{""compact_baseline/0m"":21,""compact_baseline/6m"":21,""compact_baseline/12m"":21,""compact_cds_weather/6m"":21,""compact_cds_weather/12m"":21}","[0, 6, 12]",background,,Not applicable; formula above defines this feature.,"src/ipcch/retained_feature_recipes.py:33,208-209; .trellis/tasks/archive/2026-10/10-08-compact-climate-weather-oracle/design.md: Background and exact fitted order; .trellis/tasks/10-08-compact-cds-launch/design.md","Source observation month is an availability proxy; historical release vintage is not certified. This is an expected input, not a fitted result. Existing background/history/IDP definition and its NA mask are preserved. Static context is retrospective; historical snapshot availability is unverified.",expected_not_fitted,Analysis/1.Source Data/assembled_IPCCH/model_ready/origin_safe_climate_idp_v1/origin_safe_climate_idp_v1_hH.csv (H=run horizon); parent source ledgers retained,Analysis/1.Source Data/assembled_IPCCH/features/forecasting_subset_IPCCH_2026_target_corrected_deep_features.csv; April2026 static columns only,Preserved AEZ_30000 value from the inherited scope input.,Exact AEZ_30000 value from the complete April2026 snapshot; no dynamic/deep columns selected.,"Saved missingness is retained. NA is retained and handled natively by XGBoost; no external scaling, imputation or feature selection.",Preserve snapshot NA (including popdensity); retain every launch area.,Inherited source/recipe definition; see base_source_definition,Inherited source/recipe definition; see base_source_definition,Inherited compact source; upstream aggregation not independently certified,Same retained compact source/recipe; upstream aggregation not independently certified
22,AEZ_31000,Static geography,Indicator for agro-ecological zone code 31000,0/1,Training: Analysis/1.Source Data/assembled_IPCCH/model_ready/origin_safe_climate_idp_v1/origin_safe_climate_idp_v1_hH.csv (H=run horizon); parent source ledgers retained; Inference: Analysis/1.Source Data/assembled_IPCCH/features/forecasting_subset_IPCCH_2026_target_corrected_deep_features.csv; April2026 static columns only,Fixed retrospective context; historical vintage not certified,Preserved AEZ_31000 value from the inherited scope input.,"Saved missingness is retained. NA is retained and handled natively by XGBoost; no external scaling, imputation or feature selection.",numeric (one-hot indicator),true,1,true,1,true,1,true,1,true,1,"[""AEZ_31000""]","{""compact_baseline/0m"":22,""compact_baseline/6m"":22,""compact_baseline/12m"":22,""compact_cds_weather/6m"":22,""compact_cds_weather/12m"":22}","[0, 6, 12]",background,,Not applicable; formula above defines this feature.,"src/ipcch/retained_feature_recipes.py:33,208-209; .trellis/tasks/archive/2026-10/10-08-compact-climate-weather-oracle/design.md: Background and exact fitted order; .trellis/tasks/10-08-compact-cds-launch/design.md","Source observation month is an availability proxy; historical release vintage is not certified. This is an expected input, not a fitted result. Existing background/history/IDP definition and its NA mask are preserved. Static context is retrospective; historical snapshot availability is unverified.",expected_not_fitted,Analysis/1.Source Data/assembled_IPCCH/model_ready/origin_safe_climate_idp_v1/origin_safe_climate_idp_v1_hH.csv (H=run horizon); parent source ledgers retained,Analysis/1.Source Data/assembled_IPCCH/features/forecasting_subset_IPCCH_2026_target_corrected_deep_features.csv; April2026 static columns only,Preserved AEZ_31000 value from the inherited scope input.,Exact AEZ_31000 value from the complete April2026 snapshot; no dynamic/deep columns selected.,"Saved missingness is retained. NA is retained and handled natively by XGBoost; no external scaling, imputation or feature selection.",Preserve snapshot NA (including popdensity); retain every launch area.,Inherited source/recipe definition; see base_source_definition,Inherited source/recipe definition; see base_source_definition,Inherited compact source; upstream aggregation not independently certified,Same retained compact source/recipe; upstream aggregation not independently certified
23,AEZ_33000,Static geography,Indicator for agro-ecological zone code 33000,0/1,Training: Analysis/1.Source Data/assembled_IPCCH/model_ready/origin_safe_climate_idp_v1/origin_safe_climate_idp_v1_hH.csv (H=run horizon); parent source ledgers retained; Inference: Analysis/1.Source Data/assembled_IPCCH/features/forecasting_subset_IPCCH_2026_target_corrected_deep_features.csv; April2026 static columns only,Fixed retrospective context; historical vintage not certified,Preserved AEZ_33000 value from the inherited scope input.,"Saved missingness is retained. NA is retained and handled natively by XGBoost; no external scaling, imputation or feature selection.",numeric (one-hot indicator),true,1,true,1,true,1,true,1,true,1,"[""AEZ_33000""]","{""compact_baseline/0m"":23,""compact_baseline/6m"":23,""compact_baseline/12m"":23,""compact_cds_weather/6m"":23,""compact_cds_weather/12m"":23}","[0, 6, 12]",background,,Not applicable; formula above defines this feature.,"src/ipcch/retained_feature_recipes.py:33,208-209; .trellis/tasks/archive/2026-10/10-08-compact-climate-weather-oracle/design.md: Background and exact fitted order; .trellis/tasks/10-08-compact-cds-launch/design.md","Source observation month is an availability proxy; historical release vintage is not certified. This is an expected input, not a fitted result. Existing background/history/IDP definition and its NA mask are preserved. Static context is retrospective; historical snapshot availability is unverified.",expected_not_fitted,Analysis/1.Source Data/assembled_IPCCH/model_ready/origin_safe_climate_idp_v1/origin_safe_climate_idp_v1_hH.csv (H=run horizon); parent source ledgers retained,Analysis/1.Source Data/assembled_IPCCH/features/forecasting_subset_IPCCH_2026_target_corrected_deep_features.csv; April2026 static columns only,Preserved AEZ_33000 value from the inherited scope input.,Exact AEZ_33000 value from the complete April2026 snapshot; no dynamic/deep columns selected.,"Saved missingness is retained. NA is retained and handled natively by XGBoost; no external scaling, imputation or feature selection.",Preserve snapshot NA (including popdensity); retain every launch area.,Inherited source/recipe definition; see base_source_definition,Inherited source/recipe definition; see base_source_definition,Inherited compact source; upstream aggregation not independently certified,Same retained compact source/recipe; upstream aggregation not independently certified
24,AEZ_35000,Static geography,Indicator for agro-ecological zone code 35000,0/1,Training: Analysis/1.Source Data/assembled_IPCCH/model_ready/origin_safe_climate_idp_v1/origin_safe_climate_idp_v1_hH.csv (H=run horizon); parent source ledgers retained; Inference: Analysis/1.Source Data/assembled_IPCCH/features/forecasting_subset_IPCCH_2026_target_corrected_deep_features.csv; April2026 static columns only,Fixed retrospective context; historical vintage not certified,Preserved AEZ_35000 value from the inherited scope input.,"Saved missingness is retained. NA is retained and handled natively by XGBoost; no external scaling, imputation or feature selection.",numeric (one-hot indicator),true,1,true,1,true,1,true,1,true,1,"[""AEZ_35000""]","{""compact_baseline/0m"":24,""compact_baseline/6m"":24,""compact_baseline/12m"":24,""compact_cds_weather/6m"":24,""compact_cds_weather/12m"":24}","[0, 6, 12]",background,,Not applicable; formula above defines this feature.,"src/ipcch/retained_feature_recipes.py:33,208-209; .trellis/tasks/archive/2026-10/10-08-compact-climate-weather-oracle/design.md: Background and exact fitted order; .trellis/tasks/10-08-compact-cds-launch/design.md","Source observation month is an availability proxy; historical release vintage is not certified. This is an expected input, not a fitted result. Existing background/history/IDP definition and its NA mask are preserved. Static context is retrospective; historical snapshot availability is unverified.",expected_not_fitted,Analysis/1.Source Data/assembled_IPCCH/model_ready/origin_safe_climate_idp_v1/origin_safe_climate_idp_v1_hH.csv (H=run horizon); parent source ledgers retained,Analysis/1.Source Data/assembled_IPCCH/features/forecasting_subset_IPCCH_2026_target_corrected_deep_features.csv; April2026 static columns only,Preserved AEZ_35000 value from the inherited scope input.,Exact AEZ_35000 value from the complete April2026 snapshot; no dynamic/deep columns selected.,"Saved missingness is retained. NA is retained and handled natively by XGBoost; no external scaling, imputation or feature selection.",Preserve snapshot NA (including popdensity); retain every launch area.,Inherited source/recipe definition; see base_source_definition,Inherited source/recipe definition; see base_source_definition,Inherited compact source; upstream aggregation not independently certified,Same retained compact source/recipe; upstream aggregation not independently certified
25,AEZ_4000,Static geography,Indicator for agro-ecological zone code 4000,0/1,Training: Analysis/1.Source Data/assembled_IPCCH/model_ready/origin_safe_climate_idp_v1/origin_safe_climate_idp_v1_hH.csv (H=run horizon); parent source ledgers retained; Inference: Analysis/1.Source Data/assembled_IPCCH/features/forecasting_subset_IPCCH_2026_target_corrected_deep_features.csv; April2026 static columns only,Fixed retrospective context; historical vintage not certified,Preserved AEZ_4000 value from the inherited scope input.,"Saved missingness is retained. NA is retained and handled natively by XGBoost; no external scaling, imputation or feature selection.",numeric (one-hot indicator),true,1,true,1,true,1,true,1,true,1,"[""AEZ_4000""]","{""compact_baseline/0m"":25,""compact_baseline/6m"":25,""compact_baseline/12m"":25,""compact_cds_weather/6m"":25,""compact_cds_weather/12m"":25}","[0, 6, 12]",background,,Not applicable; formula above defines this feature.,"src/ipcch/retained_feature_recipes.py:33,208-209; .trellis/tasks/archive/2026-10/10-08-compact-climate-weather-oracle/design.md: Background and exact fitted order; .trellis/tasks/10-08-compact-cds-launch/design.md","Source observation month is an availability proxy; historical release vintage is not certified. This is an expected input, not a fitted result. Existing background/history/IDP definition and its NA mask are preserved. Static context is retrospective; historical snapshot availability is unverified.",expected_not_fitted,Analysis/1.Source Data/assembled_IPCCH/model_ready/origin_safe_climate_idp_v1/origin_safe_climate_idp_v1_hH.csv (H=run horizon); parent source ledgers retained,Analysis/1.Source Data/assembled_IPCCH/features/forecasting_subset_IPCCH_2026_target_corrected_deep_features.csv; April2026 static columns only,Preserved AEZ_4000 value from the inherited scope input.,Exact AEZ_4000 value from the complete April2026 snapshot; no dynamic/deep columns selected.,"Saved missingness is retained. NA is retained and handled natively by XGBoost; no external scaling, imputation or feature selection.",Preserve snapshot NA (including popdensity); retain every launch area.,Inherited source/recipe definition; see base_source_definition,Inherited source/recipe definition; see base_source_definition,Inherited compact source; upstream aggregation not independently certified,Same retained compact source/recipe; upstream aggregation not independently certified
26,AEZ_40000,Static geography,Indicator for agro-ecological zone code 40000,0/1,Training: Analysis/1.Source Data/assembled_IPCCH/model_ready/origin_safe_climate_idp_v1/origin_safe_climate_idp_v1_hH.csv (H=run horizon); parent source ledgers retained; Inference: Analysis/1.Source Data/assembled_IPCCH/features/forecasting_subset_IPCCH_2026_target_corrected_deep_features.csv; April2026 static columns only,Fixed retrospective context; historical vintage not certified,Preserved AEZ_40000 value from the inherited scope input.,"Saved missingness is retained. NA is retained and handled natively by XGBoost; no external scaling, imputation or feature selection.",numeric (one-hot indicator),true,1,true,1,true,1,true,1,true,1,"[""AEZ_40000""]","{""compact_baseline/0m"":26,""compact_baseline/6m"":26,""compact_baseline/12m"":26,""compact_cds_weather/6m"":26,""compact_cds_weather/12m"":26}","[0, 6, 12]",background,,Not applicable; formula above defines this feature.,"src/ipcch/retained_feature_recipes.py:33,208-209; .trellis/tasks/archive/2026-10/10-08-compact-climate-weather-oracle/design.md: Background and exact fitted order; .trellis/tasks/10-08-compact-cds-launch/design.md","Source observation month is an availability proxy; historical release vintage is not certified. This is an expected input, not a fitted result. Existing background/history/IDP definition and its NA mask are preserved. Static context is retrospective; historical snapshot availability is unverified.",expected_not_fitted,Analysis/1.Source Data/assembled_IPCCH/model_ready/origin_safe_climate_idp_v1/origin_safe_climate_idp_v1_hH.csv (H=run horizon); parent source ledgers retained,Analysis/1.Source Data/assembled_IPCCH/features/forecasting_subset_IPCCH_2026_target_corrected_deep_features.csv; April2026 static columns only,Preserved AEZ_40000 value from the inherited scope input.,Exact AEZ_40000 value from the complete April2026 snapshot; no dynamic/deep columns selected.,"Saved missingness is retained. NA is retained and handled natively by XGBoost; no external scaling, imputation or feature selection.",Preserve snapshot NA (including popdensity); retain every launch area.,Inherited source/recipe definition; see base_source_definition,Inherited source/recipe definition; see base_source_definition,Inherited compact source; upstream aggregation not independently certified,Same retained compact source/recipe; upstream aggregation not independently certified
27,AEZ_43000,Static geography,Indicator for agro-ecological zone code 43000,0/1,Training: Analysis/1.Source Data/assembled_IPCCH/model_ready/origin_safe_climate_idp_v1/origin_safe_climate_idp_v1_hH.csv (H=run horizon); parent source ledgers retained; Inference: Analysis/1.Source Data/assembled_IPCCH/features/forecasting_subset_IPCCH_2026_target_corrected_deep_features.csv; April2026 static columns only,Fixed retrospective context; historical vintage not certified,Preserved AEZ_43000 value from the inherited scope input.,"Saved missingness is retained. NA is retained and handled natively by XGBoost; no external scaling, imputation or feature selection.",numeric (one-hot indicator),true,1,true,1,true,1,true,1,true,1,"[""AEZ_43000""]","{""compact_baseline/0m"":27,""compact_baseline/6m"":27,""compact_baseline/12m"":27,""compact_cds_weather/6m"":27,""compact_cds_weather/12m"":27}","[0, 6, 12]",background,,Not applicable; formula above defines this feature.,"src/ipcch/retained_feature_recipes.py:33,208-209; .trellis/tasks/archive/2026-10/10-08-compact-climate-weather-oracle/design.md: Background and exact fitted order; .trellis/tasks/10-08-compact-cds-launch/design.md","Source observation month is an availability proxy; historical release vintage is not certified. This is an expected input, not a fitted result. Existing background/history/IDP definition and its NA mask are preserved. Static context is retrospective; historical snapshot availability is unverified.",expected_not_fitted,Analysis/1.Source Data/assembled_IPCCH/model_ready/origin_safe_climate_idp_v1/origin_safe_climate_idp_v1_hH.csv (H=run horizon); parent source ledgers retained,Analysis/1.Source Data/assembled_IPCCH/features/forecasting_subset_IPCCH_2026_target_corrected_deep_features.csv; April2026 static columns only,Preserved AEZ_43000 value from the inherited scope input.,Exact AEZ_43000 value from the complete April2026 snapshot; no dynamic/deep columns selected.,"Saved missingness is retained. NA is retained and handled natively by XGBoost; no external scaling, imputation or feature selection.",Preserve snapshot NA (including popdensity); retain every launch area.,Inherited source/recipe definition; see base_source_definition,Inherited source/recipe definition; see base_source_definition,Inherited compact source; upstream aggregation not independently certified,Same retained compact source/recipe; upstream aggregation not independently certified
28,AEZ_9000,Static geography,Indicator for agro-ecological zone code 9000,0/1,Training: Analysis/1.Source Data/assembled_IPCCH/model_ready/origin_safe_climate_idp_v1/origin_safe_climate_idp_v1_hH.csv (H=run horizon); parent source ledgers retained; Inference: Analysis/1.Source Data/assembled_IPCCH/features/forecasting_subset_IPCCH_2026_target_corrected_deep_features.csv; April2026 static columns only,Fixed retrospective context; historical vintage not certified,Preserved AEZ_9000 value from the inherited scope input.,"Saved missingness is retained. NA is retained and handled natively by XGBoost; no external scaling, imputation or feature selection.",numeric (one-hot indicator),true,1,true,1,true,1,true,1,true,1,"[""AEZ_9000""]","{""compact_baseline/0m"":28,""compact_baseline/6m"":28,""compact_baseline/12m"":28,""compact_cds_weather/6m"":28,""compact_cds_weather/12m"":28}","[0, 6, 12]",background,,Not applicable; formula above defines this feature.,"src/ipcch/retained_feature_recipes.py:33,208-209; .trellis/tasks/archive/2026-10/10-08-compact-climate-weather-oracle/design.md: Background and exact fitted order; .trellis/tasks/10-08-compact-cds-launch/design.md","Source observation month is an availability proxy; historical release vintage is not certified. This is an expected input, not a fitted result. Existing background/history/IDP definition and its NA mask are preserved. Static context is retrospective; historical snapshot availability is unverified.",expected_not_fitted,Analysis/1.Source Data/assembled_IPCCH/model_ready/origin_safe_climate_idp_v1/origin_safe_climate_idp_v1_hH.csv (H=run horizon); parent source ledgers retained,Analysis/1.Source Data/assembled_IPCCH/features/forecasting_subset_IPCCH_2026_target_corrected_deep_features.csv; April2026 static columns only,Preserved AEZ_9000 value from the inherited scope input.,Exact AEZ_9000 value from the complete April2026 snapshot; no dynamic/deep columns selected.,"Saved missingness is retained. NA is retained and handled natively by XGBoost; no external scaling, imputation or feature selection.",Preserve snapshot NA (including popdensity); retain every launch area.,Inherited source/recipe definition; see base_source_definition,Inherited source/recipe definition; see base_source_definition,Inherited compact source; upstream aggregation not independently certified,Same retained compact source/recipe; upstream aggregation not independently certified
29,coastline_dist,Static geography,Inherited distance-to-coast covariate,Native source units; physical scale not verified in this run,Training: Analysis/1.Source Data/assembled_IPCCH/model_ready/origin_safe_climate_idp_v1/origin_safe_climate_idp_v1_hH.csv (H=run horizon); parent source ledgers retained; Inference: Analysis/1.Source Data/assembled_IPCCH/features/forecasting_subset_IPCCH_2026_target_corrected_deep_features.csv; April2026 static columns only,Fixed retrospective context; historical vintage not certified,Preserved coastline_dist value from the inherited scope input.,"Saved missingness is retained. NA is retained and handled natively by XGBoost; no external scaling, imputation or feature selection.",numeric,true,1,true,1,true,1,true,1,true,1,"[""coastline_dist""]","{""compact_baseline/0m"":29,""compact_baseline/6m"":29,""compact_baseline/12m"":29,""compact_cds_weather/6m"":29,""compact_cds_weather/12m"":29}","[0, 6, 12]",background,,Not applicable; formula above defines this feature.,"src/ipcch/retained_feature_recipes.py:33,208-209; .trellis/tasks/archive/2026-10/10-08-compact-climate-weather-oracle/design.md: Background and exact fitted order; .trellis/tasks/10-08-compact-cds-launch/design.md","Source observation month is an availability proxy; historical release vintage is not certified. This is an expected input, not a fitted result. Existing background/history/IDP definition and its NA mask are preserved. Static context is retrospective; historical snapshot availability is unverified.",expected_not_fitted,Analysis/1.Source Data/assembled_IPCCH/model_ready/origin_safe_climate_idp_v1/origin_safe_climate_idp_v1_hH.csv (H=run horizon); parent source ledgers retained,Analysis/1.Source Data/assembled_IPCCH/features/forecasting_subset_IPCCH_2026_target_corrected_deep_features.csv; April2026 static columns only,Preserved coastline_dist value from the inherited scope input.,Exact coastline_dist value from the complete April2026 snapshot; no dynamic/deep columns selected.,"Saved missingness is retained. NA is retained and handled natively by XGBoost; no external scaling, imputation or feature selection.",Preserve snapshot NA (including popdensity); retain every launch area.,Inherited source/recipe definition; see base_source_definition,Inherited source/recipe definition; see base_source_definition,Inherited compact source; upstream aggregation not independently certified,Same retained compact source/recipe; upstream aggregation not independently certified
30,GPP_mean__value_at_origin,Vegetation productivity,Gross primary productivity source series; value ending at origin.,Native source units; physical scale not verified in this run,Training: Analysis/1.Source Data/assembled_IPCCH/interim/IPCCH_2026_target_corrected_nino34_wbfood.csv; Inference: Analysis/1.Source Data/assembled_IPCCH/interim/IPCCH_2026_target_corrected_nino34_wbfood.csv,O=T-H; O,x[O],Source-native NA; no carrier-row or saved-extra-NA mask; no interpolation or extra forward fill. XGBoost handles NA natively. Missing x[O] remains NA.,numeric,true,1,true,1,true,1,true,1,true,1,"[""GPP_mean__value_at_origin""]","{""compact_baseline/0m"":30,""compact_baseline/6m"":30,""compact_baseline/12m"":30,""compact_cds_weather/6m"":30,""compact_cds_weather/12m"":30}","[0, 6, 12]",ordinary,GPP_mean,Inherited GPP_mean column in the pinned interim source; numeric values as supplied.,".trellis/tasks/archive/2026-10/10-08-compact-climate-weather-oracle/design.md: Monthly recipes, names and time; src/ipcch/climate2015_features.py:104-251; src/ipcch/retained_feature_recipes.py:20-110,123-177; .trellis/tasks/10-08-compact-cds-launch/design.md","Source observation month is an availability proxy; historical release vintage is not certified. This is an expected input, not a fitted result. Existing supplied values and composite definitions are preserved; physical scale/product version is not independently certified.",expected_not_fitted,Analysis/1.Source Data/assembled_IPCCH/interim/IPCCH_2026_target_corrected_nino34_wbfood.csv,Analysis/1.Source Data/assembled_IPCCH/interim/IPCCH_2026_target_corrected_nino34_wbfood.csv,x[O],x[O] Use O=2026-04 and target T from the run index.,Source-native NA; no carrier-row or saved-extra-NA mask; no interpolation or extra forward fill. XGBoost handles NA natively. Missing x[O] remains NA.,Source-native NA; no carrier-row or saved-extra-NA mask; no interpolation or extra forward fill. XGBoost handles NA natively. Missing x[O] remains NA.,Inherited source/recipe definition; see base_source_definition,Inherited source/recipe definition; see base_source_definition,Inherited compact source; upstream aggregation not independently certified,Same retained compact source/recipe; upstream aggregation not independently certified
31,GPP_mean__ma3_at_origin,Vegetation productivity,Gross primary productivity source series; ma3 ending at origin.,Native source units; physical scale not verified in this run,Training: Analysis/1.Source Data/assembled_IPCCH/interim/IPCCH_2026_target_corrected_nino34_wbfood.csv; Inference: Analysis/1.Source Data/assembled_IPCCH/interim/IPCCH_2026_target_corrected_nino34_wbfood.csv,O=T-H; O-2 through O,mean_nonmissing(x[O-2:O]); require >= 2 valid months,Source-native NA; no carrier-row or saved-extra-NA mask; no interpolation or extra forward fill. XGBoost handles NA natively. NA below 2 valid observations within the fixed 3-calendar-month window; never extend the window to find values.,numeric,true,1,true,1,true,1,true,1,true,1,"[""GPP_mean__ma3_at_origin""]","{""compact_baseline/0m"":31,""compact_baseline/6m"":31,""compact_baseline/12m"":31,""compact_cds_weather/6m"":31,""compact_cds_weather/12m"":31}","[0, 6, 12]",ordinary,GPP_mean,Inherited GPP_mean column in the pinned interim source; numeric values as supplied.,".trellis/tasks/archive/2026-10/10-08-compact-climate-weather-oracle/design.md: Monthly recipes, names and time; src/ipcch/climate2015_features.py:104-251; src/ipcch/retained_feature_recipes.py:20-110,123-177; .trellis/tasks/10-08-compact-cds-launch/design.md","Source observation month is an availability proxy; historical release vintage is not certified. This is an expected input, not a fitted result. Existing supplied values and composite definitions are preserved; physical scale/product version is not independently certified.",expected_not_fitted,Analysis/1.Source Data/assembled_IPCCH/interim/IPCCH_2026_target_corrected_nino34_wbfood.csv,Analysis/1.Source Data/assembled_IPCCH/interim/IPCCH_2026_target_corrected_nino34_wbfood.csv,mean_nonmissing(x[O-2:O]); require >= 2 valid months,mean_nonmissing(x[O-2:O]); require >= 2 valid months Use O=2026-04 and target T from the run index.,Source-native NA; no carrier-row or saved-extra-NA mask; no interpolation or extra forward fill. XGBoost handles NA natively. NA below 2 valid observations within the fixed 3-calendar-month window; never extend the window to find values.,Source-native NA; no carrier-row or saved-extra-NA mask; no interpolation or extra forward fill. XGBoost handles NA natively. NA below 2 valid observations within the fixed 3-calendar-month window; never extend the window to find values.,Inherited source/recipe definition; see base_source_definition,Inherited source/recipe definition; see base_source_definition,Inherited compact source; upstream aggregation not independently certified,Same retained compact source/recipe; upstream aggregation not independently certified
32,GPP_mean__ma6_at_origin,Vegetation productivity,Gross primary productivity source series; ma6 ending at origin.,Native source units; physical scale not verified in this run,Training: Analysis/1.Source Data/assembled_IPCCH/interim/IPCCH_2026_target_corrected_nino34_wbfood.csv; Inference: Analysis/1.Source Data/assembled_IPCCH/interim/IPCCH_2026_target_corrected_nino34_wbfood.csv,O=T-H; O-5 through O,mean_nonmissing(x[O-5:O]); require >= 3 valid months,Source-native NA; no carrier-row or saved-extra-NA mask; no interpolation or extra forward fill. XGBoost handles NA natively. NA below 3 valid observations within the fixed 6-calendar-month window; never extend the window to find values.,numeric,true,1,true,1,true,1,true,1,true,1,"[""GPP_mean__ma6_at_origin""]","{""compact_baseline/0m"":32,""compact_baseline/6m"":32,""compact_baseline/12m"":32,""compact_cds_weather/6m"":32,""compact_cds_weather/12m"":32}","[0, 6, 12]",ordinary,GPP_mean,Inherited GPP_mean column in the pinned interim source; numeric values as supplied.,".trellis/tasks/archive/2026-10/10-08-compact-climate-weather-oracle/design.md: Monthly recipes, names and time; src/ipcch/climate2015_features.py:104-251; src/ipcch/retained_feature_recipes.py:20-110,123-177; .trellis/tasks/10-08-compact-cds-launch/design.md","Source observation month is an availability proxy; historical release vintage is not certified. This is an expected input, not a fitted result. Existing supplied values and composite definitions are preserved; physical scale/product version is not independently certified.",expected_not_fitted,Analysis/1.Source Data/assembled_IPCCH/interim/IPCCH_2026_target_corrected_nino34_wbfood.csv,Analysis/1.Source Data/assembled_IPCCH/interim/IPCCH_2026_target_corrected_nino34_wbfood.csv,mean_nonmissing(x[O-5:O]); require >= 3 valid months,mean_nonmissing(x[O-5:O]); require >= 3 valid months Use O=2026-04 and target T from the run index.,Source-native NA; no carrier-row or saved-extra-NA mask; no interpolation or extra forward fill. XGBoost handles NA natively. NA below 3 valid observations within the fixed 6-calendar-month window; never extend the window to find values.,Source-native NA; no carrier-row or saved-extra-NA mask; no interpolation or extra forward fill. XGBoost handles NA natively. NA below 3 valid observations within the fixed 6-calendar-month window; never extend the window to find values.,Inherited source/recipe definition; see base_source_definition,Inherited source/recipe definition; see base_source_definition,Inherited compact source; upstream aggregation not independently certified,Same retained compact source/recipe; upstream aggregation not independently certified
33,GPP_mean__ma12_at_origin,Vegetation productivity,Gross primary productivity source series; ma12 ending at origin.,Native source units; physical scale not verified in this run,Training: Analysis/1.Source Data/assembled_IPCCH/interim/IPCCH_2026_target_corrected_nino34_wbfood.csv; Inference: Analysis/1.Source Data/assembled_IPCCH/interim/IPCCH_2026_target_corrected_nino34_wbfood.csv,O=T-H; O-11 through O,mean_nonmissing(x[O-11:O]); require >= 6 valid months,Source-native NA; no carrier-row or saved-extra-NA mask; no interpolation or extra forward fill. XGBoost handles NA natively. NA below 6 valid observations within the fixed 12-calendar-month window; never extend the window to find values.,numeric,true,1,true,1,true,1,true,1,true,1,"[""GPP_mean__ma12_at_origin""]","{""compact_baseline/0m"":33,""compact_baseline/6m"":33,""compact_baseline/12m"":33,""compact_cds_weather/6m"":33,""compact_cds_weather/12m"":33}","[0, 6, 12]",ordinary,GPP_mean,Inherited GPP_mean column in the pinned interim source; numeric values as supplied.,".trellis/tasks/archive/2026-10/10-08-compact-climate-weather-oracle/design.md: Monthly recipes, names and time; src/ipcch/climate2015_features.py:104-251; src/ipcch/retained_feature_recipes.py:20-110,123-177; .trellis/tasks/10-08-compact-cds-launch/design.md","Source observation month is an availability proxy; historical release vintage is not certified. This is an expected input, not a fitted result. Existing supplied values and composite definitions are preserved; physical scale/product version is not independently certified.",expected_not_fitted,Analysis/1.Source Data/assembled_IPCCH/interim/IPCCH_2026_target_corrected_nino34_wbfood.csv,Analysis/1.Source Data/assembled_IPCCH/interim/IPCCH_2026_target_corrected_nino34_wbfood.csv,mean_nonmissing(x[O-11:O]); require >= 6 valid months,mean_nonmissing(x[O-11:O]); require >= 6 valid months Use O=2026-04 and target T from the run index.,Source-native NA; no carrier-row or saved-extra-NA mask; no interpolation or extra forward fill. XGBoost handles NA natively. NA below 6 valid observations within the fixed 12-calendar-month window; never extend the window to find values.,Source-native NA; no carrier-row or saved-extra-NA mask; no interpolation or extra forward fill. XGBoost handles NA natively. NA below 6 valid observations within the fixed 12-calendar-month window; never extend the window to find values.,Inherited source/recipe definition; see base_source_definition,Inherited source/recipe definition; see base_source_definition,Inherited compact source; upstream aggregation not independently certified,Same retained compact source/recipe; upstream aggregation not independently certified
34,GPP_mean__sd12_at_origin,Vegetation productivity,Gross primary productivity source series; sd12 ending at origin.,Native source units; physical scale not verified in this run,Training: Analysis/1.Source Data/assembled_IPCCH/interim/IPCCH_2026_target_corrected_nino34_wbfood.csv; Inference: Analysis/1.Source Data/assembled_IPCCH/interim/IPCCH_2026_target_corrected_nino34_wbfood.csv,O=T-H; O-11 through O,"sample_sd(x[O-11:O], ddof=1); require >= 6 valid months",Source-native NA; no carrier-row or saved-extra-NA mask; no interpolation or extra forward fill. XGBoost handles NA natively. NA below 6 valid observations within the fixed 12-calendar-month window; never extend the window to find values.,numeric,true,1,true,1,true,1,true,1,true,1,"[""GPP_mean__sd12_at_origin""]","{""compact_baseline/0m"":34,""compact_baseline/6m"":34,""compact_baseline/12m"":34,""compact_cds_weather/6m"":34,""compact_cds_weather/12m"":34}","[0, 6, 12]",ordinary,GPP_mean,Inherited GPP_mean column in the pinned interim source; numeric values as supplied.,".trellis/tasks/archive/2026-10/10-08-compact-climate-weather-oracle/design.md: Monthly recipes, names and time; src/ipcch/climate2015_features.py:104-251; src/ipcch/retained_feature_recipes.py:20-110,123-177; .trellis/tasks/10-08-compact-cds-launch/design.md","Source observation month is an availability proxy; historical release vintage is not certified. This is an expected input, not a fitted result. Existing supplied values and composite definitions are preserved; physical scale/product version is not independently certified.",expected_not_fitted,Analysis/1.Source Data/assembled_IPCCH/interim/IPCCH_2026_target_corrected_nino34_wbfood.csv,Analysis/1.Source Data/assembled_IPCCH/interim/IPCCH_2026_target_corrected_nino34_wbfood.csv,"sample_sd(x[O-11:O], ddof=1); require >= 6 valid months","sample_sd(x[O-11:O], ddof=1); require >= 6 valid months Use O=2026-04 and target T from the run index.",Source-native NA; no carrier-row or saved-extra-NA mask; no interpolation or extra forward fill. XGBoost handles NA natively. NA below 6 valid observations within the fixed 12-calendar-month window; never extend the window to find values.,Source-native NA; no carrier-row or saved-extra-NA mask; no interpolation or extra forward fill. XGBoost handles NA natively. NA below 6 valid observations within the fixed 12-calendar-month window; never extend the window to find values.,Inherited source/recipe definition; see base_source_definition,Inherited source/recipe definition; see base_source_definition,Inherited compact source; upstream aggregation not independently certified,Same retained compact source/recipe; upstream aggregation not independently certified
35,nightlight_mean__value_at_origin,Economic activity,Nighttime light source series; value ending at origin.,Native source units; physical scale not verified in this run,Training: Analysis/1.Source Data/assembled_IPCCH/interim/IPCCH_2026_target_corrected_nino34_wbfood.csv; Inference: Analysis/1.Source Data/assembled_IPCCH/interim/IPCCH_2026_target_corrected_nino34_wbfood.csv,O=T-H; O,x[O],Source-native NA; no carrier-row or saved-extra-NA mask; no interpolation or extra forward fill. XGBoost handles NA natively. Missing x[O] remains NA.,numeric,true,1,true,1,true,1,true,1,true,1,"[""nightlight_mean__value_at_origin""]","{""compact_baseline/0m"":35,""compact_baseline/6m"":35,""compact_baseline/12m"":35,""compact_cds_weather/6m"":35,""compact_cds_weather/12m"":35}","[0, 6, 12]",ordinary,nightlight_mean,Inherited nightlight_mean column in the pinned interim source; numeric values as supplied.,".trellis/tasks/archive/2026-10/10-08-compact-climate-weather-oracle/design.md: Monthly recipes, names and time; src/ipcch/climate2015_features.py:104-251; src/ipcch/retained_feature_recipes.py:20-110,123-177; .trellis/tasks/10-08-compact-cds-launch/design.md","Source observation month is an availability proxy; historical release vintage is not certified. This is an expected input, not a fitted result. Existing supplied values and composite definitions are preserved; physical scale/product version is not independently certified.",expected_not_fitted,Analysis/1.Source Data/assembled_IPCCH/interim/IPCCH_2026_target_corrected_nino34_wbfood.csv,Analysis/1.Source Data/assembled_IPCCH/interim/IPCCH_2026_target_corrected_nino34_wbfood.csv,x[O],x[O] Use O=2026-04 and target T from the run index.,Source-native NA; no carrier-row or saved-extra-NA mask; no interpolation or extra forward fill. XGBoost handles NA natively. Missing x[O] remains NA.,Source-native NA; no carrier-row or saved-extra-NA mask; no interpolation or extra forward fill. XGBoost handles NA natively. Missing x[O] remains NA.,Inherited source/recipe definition; see base_source_definition,Inherited source/recipe definition; see base_source_definition,Inherited compact source; upstream aggregation not independently certified,Same retained compact source/recipe; upstream aggregation not independently certified
36,nightlight_mean__ma3_at_origin,Economic activity,Nighttime light source series; ma3 ending at origin.,Native source units; physical scale not verified in this run,Training: Analysis/1.Source Data/assembled_IPCCH/interim/IPCCH_2026_target_corrected_nino34_wbfood.csv; Inference: Analysis/1.Source Data/assembled_IPCCH/interim/IPCCH_2026_target_corrected_nino34_wbfood.csv,O=T-H; O-2 through O,mean_nonmissing(x[O-2:O]); require >= 2 valid months,Source-native NA; no carrier-row or saved-extra-NA mask; no interpolation or extra forward fill. XGBoost handles NA natively. NA below 2 valid observations within the fixed 3-calendar-month window; never extend the window to find values.,numeric,true,1,true,1,true,1,true,1,true,1,"[""nightlight_mean__ma3_at_origin""]","{""compact_baseline/0m"":36,""compact_baseline/6m"":36,""compact_baseline/12m"":36,""compact_cds_weather/6m"":36,""compact_cds_weather/12m"":36}","[0, 6, 12]",ordinary,nightlight_mean,Inherited nightlight_mean column in the pinned interim source; numeric values as supplied.,".trellis/tasks/archive/2026-10/10-08-compact-climate-weather-oracle/design.md: Monthly recipes, names and time; src/ipcch/climate2015_features.py:104-251; src/ipcch/retained_feature_recipes.py:20-110,123-177; .trellis/tasks/10-08-compact-cds-launch/design.md","Source observation month is an availability proxy; historical release vintage is not certified. This is an expected input, not a fitted result. Existing supplied values and composite definitions are preserved; physical scale/product version is not independently certified.",expected_not_fitted,Analysis/1.Source Data/assembled_IPCCH/interim/IPCCH_2026_target_corrected_nino34_wbfood.csv,Analysis/1.Source Data/assembled_IPCCH/interim/IPCCH_2026_target_corrected_nino34_wbfood.csv,mean_nonmissing(x[O-2:O]); require >= 2 valid months,mean_nonmissing(x[O-2:O]); require >= 2 valid months Use O=2026-04 and target T from the run index.,Source-native NA; no carrier-row or saved-extra-NA mask; no interpolation or extra forward fill. XGBoost handles NA natively. NA below 2 valid observations within the fixed 3-calendar-month window; never extend the window to find values.,Source-native NA; no carrier-row or saved-extra-NA mask; no interpolation or extra forward fill. XGBoost handles NA natively. NA below 2 valid observations within the fixed 3-calendar-month window; never extend the window to find values.,Inherited source/recipe definition; see base_source_definition,Inherited source/recipe definition; see base_source_definition,Inherited compact source; upstream aggregation not independently certified,Same retained compact source/recipe; upstream aggregation not independently certified
37,nightlight_mean__ma6_at_origin,Economic activity,Nighttime light source series; ma6 ending at origin.,Native source units; physical scale not verified in this run,Training: Analysis/1.Source Data/assembled_IPCCH/interim/IPCCH_2026_target_corrected_nino34_wbfood.csv; Inference: Analysis/1.Source Data/assembled_IPCCH/interim/IPCCH_2026_target_corrected_nino34_wbfood.csv,O=T-H; O-5 through O,mean_nonmissing(x[O-5:O]); require >= 3 valid months,Source-native NA; no carrier-row or saved-extra-NA mask; no interpolation or extra forward fill. XGBoost handles NA natively. NA below 3 valid observations within the fixed 6-calendar-month window; never extend the window to find values.,numeric,true,1,true,1,true,1,true,1,true,1,"[""nightlight_mean__ma6_at_origin""]","{""compact_baseline/0m"":37,""compact_baseline/6m"":37,""compact_baseline/12m"":37,""compact_cds_weather/6m"":37,""compact_cds_weather/12m"":37}","[0, 6, 12]",ordinary,nightlight_mean,Inherited nightlight_mean column in the pinned interim source; numeric values as supplied.,".trellis/tasks/archive/2026-10/10-08-compact-climate-weather-oracle/design.md: Monthly recipes, names and time; src/ipcch/climate2015_features.py:104-251; src/ipcch/retained_feature_recipes.py:20-110,123-177; .trellis/tasks/10-08-compact-cds-launch/design.md","Source observation month is an availability proxy; historical release vintage is not certified. This is an expected input, not a fitted result. Existing supplied values and composite definitions are preserved; physical scale/product version is not independently certified.",expected_not_fitted,Analysis/1.Source Data/assembled_IPCCH/interim/IPCCH_2026_target_corrected_nino34_wbfood.csv,Analysis/1.Source Data/assembled_IPCCH/interim/IPCCH_2026_target_corrected_nino34_wbfood.csv,mean_nonmissing(x[O-5:O]); require >= 3 valid months,mean_nonmissing(x[O-5:O]); require >= 3 valid months Use O=2026-04 and target T from the run index.,Source-native NA; no carrier-row or saved-extra-NA mask; no interpolation or extra forward fill. XGBoost handles NA natively. NA below 3 valid observations within the fixed 6-calendar-month window; never extend the window to find values.,Source-native NA; no carrier-row or saved-extra-NA mask; no interpolation or extra forward fill. XGBoost handles NA natively. NA below 3 valid observations within the fixed 6-calendar-month window; never extend the window to find values.,Inherited source/recipe definition; see base_source_definition,Inherited source/recipe definition; see base_source_definition,Inherited compact source; upstream aggregation not independently certified,Same retained compact source/recipe; upstream aggregation not independently certified
38,nightlight_mean__ma12_at_origin,Economic activity,Nighttime light source series; ma12 ending at origin.,Native source units; physical scale not verified in this run,Training: Analysis/1.Source Data/assembled_IPCCH/interim/IPCCH_2026_target_corrected_nino34_wbfood.csv; Inference: Analysis/1.Source Data/assembled_IPCCH/interim/IPCCH_2026_target_corrected_nino34_wbfood.csv,O=T-H; O-11 through O,mean_nonmissing(x[O-11:O]); require >= 6 valid months,Source-native NA; no carrier-row or saved-extra-NA mask; no interpolation or extra forward fill. XGBoost handles NA natively. NA below 6 valid observations within the fixed 12-calendar-month window; never extend the window to find values.,numeric,true,1,true,1,true,1,true,1,true,1,"[""nightlight_mean__ma12_at_origin""]","{""compact_baseline/0m"":38,""compact_baseline/6m"":38,""compact_baseline/12m"":38,""compact_cds_weather/6m"":38,""compact_cds_weather/12m"":38}","[0, 6, 12]",ordinary,nightlight_mean,Inherited nightlight_mean column in the pinned interim source; numeric values as supplied.,".trellis/tasks/archive/2026-10/10-08-compact-climate-weather-oracle/design.md: Monthly recipes, names and time; src/ipcch/climate2015_features.py:104-251; src/ipcch/retained_feature_recipes.py:20-110,123-177; .trellis/tasks/10-08-compact-cds-launch/design.md","Source observation month is an availability proxy; historical release vintage is not certified. This is an expected input, not a fitted result. Existing supplied values and composite definitions are preserved; physical scale/product version is not independently certified.",expected_not_fitted,Analysis/1.Source Data/assembled_IPCCH/interim/IPCCH_2026_target_corrected_nino34_wbfood.csv,Analysis/1.Source Data/assembled_IPCCH/interim/IPCCH_2026_target_corrected_nino34_wbfood.csv,mean_nonmissing(x[O-11:O]); require >= 6 valid months,mean_nonmissing(x[O-11:O]); require >= 6 valid months Use O=2026-04 and target T from the run index.,Source-native NA; no carrier-row or saved-extra-NA mask; no interpolation or extra forward fill. XGBoost handles NA natively. NA below 6 valid observations within the fixed 12-calendar-month window; never extend the window to find values.,Source-native NA; no carrier-row or saved-extra-NA mask; no interpolation or extra forward fill. XGBoost handles NA natively. NA below 6 valid observations within the fixed 12-calendar-month window; never extend the window to find values.,Inherited source/recipe definition; see base_source_definition,Inherited source/recipe definition; see base_source_definition,Inherited compact source; upstream aggregation not independently certified,Same retained compact source/recipe; upstream aggregation not independently certified
39,nightlight_mean__sd12_at_origin,Economic activity,Nighttime light source series; sd12 ending at origin.,Native source units; physical scale not verified in this run,Training: Analysis/1.Source Data/assembled_IPCCH/interim/IPCCH_2026_target_corrected_nino34_wbfood.csv; Inference: Analysis/1.Source Data/assembled_IPCCH/interim/IPCCH_2026_target_corrected_nino34_wbfood.csv,O=T-H; O-11 through O,"sample_sd(x[O-11:O], ddof=1); require >= 6 valid months",Source-native NA; no carrier-row or saved-extra-NA mask; no interpolation or extra forward fill. XGBoost handles NA natively. NA below 6 valid observations within the fixed 12-calendar-month window; never extend the window to find values.,numeric,true,1,true,1,true,1,true,1,true,1,"[""nightlight_mean__sd12_at_origin""]","{""compact_baseline/0m"":39,""compact_baseline/6m"":39,""compact_baseline/12m"":39,""compact_cds_weather/6m"":39,""compact_cds_weather/12m"":39}","[0, 6, 12]",ordinary,nightlight_mean,Inherited nightlight_mean column in the pinned interim source; numeric values as supplied.,".trellis/tasks/archive/2026-10/10-08-compact-climate-weather-oracle/design.md: Monthly recipes, names and time; src/ipcch/climate2015_features.py:104-251; src/ipcch/retained_feature_recipes.py:20-110,123-177; .trellis/tasks/10-08-compact-cds-launch/design.md","Source observation month is an availability proxy; historical release vintage is not certified. This is an expected input, not a fitted result. Existing supplied values and composite definitions are preserved; physical scale/product version is not independently certified.",expected_not_fitted,Analysis/1.Source Data/assembled_IPCCH/interim/IPCCH_2026_target_corrected_nino34_wbfood.csv,Analysis/1.Source Data/assembled_IPCCH/interim/IPCCH_2026_target_corrected_nino34_wbfood.csv,"sample_sd(x[O-11:O], ddof=1); require >= 6 valid months","sample_sd(x[O-11:O], ddof=1); require >= 6 valid months Use O=2026-04 and target T from the run index.",Source-native NA; no carrier-row or saved-extra-NA mask; no interpolation or extra forward fill. XGBoost handles NA natively. NA below 6 valid observations within the fixed 12-calendar-month window; never extend the window to find values.,Source-native NA; no carrier-row or saved-extra-NA mask; no interpolation or extra forward fill. XGBoost handles NA natively. NA below 6 valid observations within the fixed 12-calendar-month window; never extend the window to find values.,Inherited source/recipe definition; see base_source_definition,Inherited source/recipe definition; see base_source_definition,Inherited compact source; upstream aggregation not independently certified,Same retained compact source/recipe; upstream aggregation not independently certified
40,event_count_violence__value_at_origin,Conflict,Monthly violent-event count; value ending at origin.,events/month,Training: Analysis/1.Source Data/assembled_IPCCH/interim/IPCCH_2026_target_corrected_nino34_wbfood.csv; Inference: Analysis/1.Source Data/assembled_IPCCH/interim/IPCCH_2026_target_corrected_nino34_wbfood.csv,O=T-H; O,x[O],Source-native NA; no carrier-row or saved-extra-NA mask; no interpolation or extra forward fill. XGBoost handles NA natively. Missing x[O] remains NA.,numeric,true,1,true,1,true,1,true,1,true,1,"[""event_count_violence__value_at_origin""]","{""compact_baseline/0m"":40,""compact_baseline/6m"":40,""compact_baseline/12m"":40,""compact_cds_weather/6m"":40,""compact_cds_weather/12m"":40}","[0, 6, 12]",ordinary,event_count_violence,Inherited event_count_violence column in the pinned interim source; numeric values as supplied.,".trellis/tasks/archive/2026-10/10-08-compact-climate-weather-oracle/design.md: Monthly recipes, names and time; src/ipcch/climate2015_features.py:104-251; src/ipcch/retained_feature_recipes.py:20-110,123-177; .trellis/tasks/10-08-compact-cds-launch/design.md","Source observation month is an availability proxy; historical release vintage is not certified. This is an expected input, not a fitted result. Existing supplied values and composite definitions are preserved; physical scale/product version is not independently certified.",expected_not_fitted,Analysis/1.Source Data/assembled_IPCCH/interim/IPCCH_2026_target_corrected_nino34_wbfood.csv,Analysis/1.Source Data/assembled_IPCCH/interim/IPCCH_2026_target_corrected_nino34_wbfood.csv,x[O],x[O] Use O=2026-04 and target T from the run index.,Source-native NA; no carrier-row or saved-extra-NA mask; no interpolation or extra forward fill. XGBoost handles NA natively. Missing x[O] remains NA.,Source-native NA; no carrier-row or saved-extra-NA mask; no interpolation or extra forward fill. XGBoost handles NA natively. Missing x[O] remains NA.,Inherited source/recipe definition; see base_source_definition,Inherited source/recipe definition; see base_source_definition,Inherited compact source; upstream aggregation not independently certified,Same retained compact source/recipe; upstream aggregation not independently certified
41,event_count_violence__ma3_at_origin,Conflict,Monthly violent-event count; ma3 ending at origin.,events/month,Training: Analysis/1.Source Data/assembled_IPCCH/interim/IPCCH_2026_target_corrected_nino34_wbfood.csv; Inference: Analysis/1.Source Data/assembled_IPCCH/interim/IPCCH_2026_target_corrected_nino34_wbfood.csv,O=T-H; O-2 through O,mean_nonmissing(x[O-2:O]); require >= 2 valid months,Source-native NA; no carrier-row or saved-extra-NA mask; no interpolation or extra forward fill. XGBoost handles NA natively. NA below 2 valid observations within the fixed 3-calendar-month window; never extend the window to find values.,numeric,true,1,true,1,true,1,true,1,true,1,"[""event_count_violence__ma3_at_origin""]","{""compact_baseline/0m"":41,""compact_baseline/6m"":41,""compact_baseline/12m"":41,""compact_cds_weather/6m"":41,""compact_cds_weather/12m"":41}","[0, 6, 12]",ordinary,event_count_violence,Inherited event_count_violence column in the pinned interim source; numeric values as supplied.,".trellis/tasks/archive/2026-10/10-08-compact-climate-weather-oracle/design.md: Monthly recipes, names and time; src/ipcch/climate2015_features.py:104-251; src/ipcch/retained_feature_recipes.py:20-110,123-177; .trellis/tasks/10-08-compact-cds-launch/design.md","Source observation month is an availability proxy; historical release vintage is not certified. This is an expected input, not a fitted result. Existing supplied values and composite definitions are preserved; physical scale/product version is not independently certified.",expected_not_fitted,Analysis/1.Source Data/assembled_IPCCH/interim/IPCCH_2026_target_corrected_nino34_wbfood.csv,Analysis/1.Source Data/assembled_IPCCH/interim/IPCCH_2026_target_corrected_nino34_wbfood.csv,mean_nonmissing(x[O-2:O]); require >= 2 valid months,mean_nonmissing(x[O-2:O]); require >= 2 valid months Use O=2026-04 and target T from the run index.,Source-native NA; no carrier-row or saved-extra-NA mask; no interpolation or extra forward fill. XGBoost handles NA natively. NA below 2 valid observations within the fixed 3-calendar-month window; never extend the window to find values.,Source-native NA; no carrier-row or saved-extra-NA mask; no interpolation or extra forward fill. XGBoost handles NA natively. NA below 2 valid observations within the fixed 3-calendar-month window; never extend the window to find values.,Inherited source/recipe definition; see base_source_definition,Inherited source/recipe definition; see base_source_definition,Inherited compact source; upstream aggregation not independently certified,Same retained compact source/recipe; upstream aggregation not independently certified
42,event_count_violence__ma6_at_origin,Conflict,Monthly violent-event count; ma6 ending at origin.,events/month,Training: Analysis/1.Source Data/assembled_IPCCH/interim/IPCCH_2026_target_corrected_nino34_wbfood.csv; Inference: Analysis/1.Source Data/assembled_IPCCH/interim/IPCCH_2026_target_corrected_nino34_wbfood.csv,O=T-H; O-5 through O,mean_nonmissing(x[O-5:O]); require >= 3 valid months,Source-native NA; no carrier-row or saved-extra-NA mask; no interpolation or extra forward fill. XGBoost handles NA natively. NA below 3 valid observations within the fixed 6-calendar-month window; never extend the window to find values.,numeric,true,1,true,1,true,1,true,1,true,1,"[""event_count_violence__ma6_at_origin""]","{""compact_baseline/0m"":42,""compact_baseline/6m"":42,""compact_baseline/12m"":42,""compact_cds_weather/6m"":42,""compact_cds_weather/12m"":42}","[0, 6, 12]",ordinary,event_count_violence,Inherited event_count_violence column in the pinned interim source; numeric values as supplied.,".trellis/tasks/archive/2026-10/10-08-compact-climate-weather-oracle/design.md: Monthly recipes, names and time; src/ipcch/climate2015_features.py:104-251; src/ipcch/retained_feature_recipes.py:20-110,123-177; .trellis/tasks/10-08-compact-cds-launch/design.md","Source observation month is an availability proxy; historical release vintage is not certified. This is an expected input, not a fitted result. Existing supplied values and composite definitions are preserved; physical scale/product version is not independently certified.",expected_not_fitted,Analysis/1.Source Data/assembled_IPCCH/interim/IPCCH_2026_target_corrected_nino34_wbfood.csv,Analysis/1.Source Data/assembled_IPCCH/interim/IPCCH_2026_target_corrected_nino34_wbfood.csv,mean_nonmissing(x[O-5:O]); require >= 3 valid months,mean_nonmissing(x[O-5:O]); require >= 3 valid months Use O=2026-04 and target T from the run index.,Source-native NA; no carrier-row or saved-extra-NA mask; no interpolation or extra forward fill. XGBoost handles NA natively. NA below 3 valid observations within the fixed 6-calendar-month window; never extend the window to find values.,Source-native NA; no carrier-row or saved-extra-NA mask; no interpolation or extra forward fill. XGBoost handles NA natively. NA below 3 valid observations within the fixed 6-calendar-month window; never extend the window to find values.,Inherited source/recipe definition; see base_source_definition,Inherited source/recipe definition; see base_source_definition,Inherited compact source; upstream aggregation not independently certified,Same retained compact source/recipe; upstream aggregation not independently certified
43,event_count_violence__ma12_at_origin,Conflict,Monthly violent-event count; ma12 ending at origin.,events/month,Training: Analysis/1.Source Data/assembled_IPCCH/interim/IPCCH_2026_target_corrected_nino34_wbfood.csv; Inference: Analysis/1.Source Data/assembled_IPCCH/interim/IPCCH_2026_target_corrected_nino34_wbfood.csv,O=T-H; O-11 through O,mean_nonmissing(x[O-11:O]); require >= 6 valid months,Source-native NA; no carrier-row or saved-extra-NA mask; no interpolation or extra forward fill. XGBoost handles NA natively. NA below 6 valid observations within the fixed 12-calendar-month window; never extend the window to find values.,numeric,true,1,true,1,true,1,true,1,true,1,"[""event_count_violence__ma12_at_origin""]","{""compact_baseline/0m"":43,""compact_baseline/6m"":43,""compact_baseline/12m"":43,""compact_cds_weather/6m"":43,""compact_cds_weather/12m"":43}","[0, 6, 12]",ordinary,event_count_violence,Inherited event_count_violence column in the pinned interim source; numeric values as supplied.,".trellis/tasks/archive/2026-10/10-08-compact-climate-weather-oracle/design.md: Monthly recipes, names and time; src/ipcch/climate2015_features.py:104-251; src/ipcch/retained_feature_recipes.py:20-110,123-177; .trellis/tasks/10-08-compact-cds-launch/design.md","Source observation month is an availability proxy; historical release vintage is not certified. This is an expected input, not a fitted result. Existing supplied values and composite definitions are preserved; physical scale/product version is not independently certified.",expected_not_fitted,Analysis/1.Source Data/assembled_IPCCH/interim/IPCCH_2026_target_corrected_nino34_wbfood.csv,Analysis/1.Source Data/assembled_IPCCH/interim/IPCCH_2026_target_corrected_nino34_wbfood.csv,mean_nonmissing(x[O-11:O]); require >= 6 valid months,mean_nonmissing(x[O-11:O]); require >= 6 valid months Use O=2026-04 and target T from the run index.,Source-native NA; no carrier-row or saved-extra-NA mask; no interpolation or extra forward fill. XGBoost handles NA natively. NA below 6 valid observations within the fixed 12-calendar-month window; never extend the window to find values.,Source-native NA; no carrier-row or saved-extra-NA mask; no interpolation or extra forward fill. XGBoost handles NA natively. NA below 6 valid observations within the fixed 12-calendar-month window; never extend the window to find values.,Inherited source/recipe definition; see base_source_definition,Inherited source/recipe definition; see base_source_definition,Inherited compact source; upstream aggregation not independently certified,Same retained compact source/recipe; upstream aggregation not independently certified
44,event_count_violence__sd12_at_origin,Conflict,Monthly violent-event count; sd12 ending at origin.,events/month,Training: Analysis/1.Source Data/assembled_IPCCH/interim/IPCCH_2026_target_corrected_nino34_wbfood.csv; Inference: Analysis/1.Source Data/assembled_IPCCH/interim/IPCCH_2026_target_corrected_nino34_wbfood.csv,O=T-H; O-11 through O,"sample_sd(x[O-11:O], ddof=1); require >= 6 valid months",Source-native NA; no carrier-row or saved-extra-NA mask; no interpolation or extra forward fill. XGBoost handles NA natively. NA below 6 valid observations within the fixed 12-calendar-month window; never extend the window to find values.,numeric,true,1,true,1,true,1,true,1,true,1,"[""event_count_violence__sd12_at_origin""]","{""compact_baseline/0m"":44,""compact_baseline/6m"":44,""compact_baseline/12m"":44,""compact_cds_weather/6m"":44,""compact_cds_weather/12m"":44}","[0, 6, 12]",ordinary,event_count_violence,Inherited event_count_violence column in the pinned interim source; numeric values as supplied.,".trellis/tasks/archive/2026-10/10-08-compact-climate-weather-oracle/design.md: Monthly recipes, names and time; src/ipcch/climate2015_features.py:104-251; src/ipcch/retained_feature_recipes.py:20-110,123-177; .trellis/tasks/10-08-compact-cds-launch/design.md","Source observation month is an availability proxy; historical release vintage is not certified. This is an expected input, not a fitted result. Existing supplied values and composite definitions are preserved; physical scale/product version is not independently certified.",expected_not_fitted,Analysis/1.Source Data/assembled_IPCCH/interim/IPCCH_2026_target_corrected_nino34_wbfood.csv,Analysis/1.Source Data/assembled_IPCCH/interim/IPCCH_2026_target_corrected_nino34_wbfood.csv,"sample_sd(x[O-11:O], ddof=1); require >= 6 valid months","sample_sd(x[O-11:O], ddof=1); require >= 6 valid months Use O=2026-04 and target T from the run index.",Source-native NA; no carrier-row or saved-extra-NA mask; no interpolation or extra forward fill. XGBoost handles NA natively. NA below 6 valid observations within the fixed 12-calendar-month window; never extend the window to find values.,Source-native NA; no carrier-row or saved-extra-NA mask; no interpolation or extra forward fill. XGBoost handles NA natively. NA below 6 valid observations within the fixed 12-calendar-month window; never extend the window to find values.,Inherited source/recipe definition; see base_source_definition,Inherited source/recipe definition; see base_source_definition,Inherited compact source; upstream aggregation not independently certified,Same retained compact source/recipe; upstream aggregation not independently certified
45,sum_fatalities_violence__value_at_origin,Conflict,Monthly sum of fatalities in violent events; value ending at origin.,fatalities/month,Training: Analysis/1.Source Data/assembled_IPCCH/interim/IPCCH_2026_target_corrected_nino34_wbfood.csv; Inference: Analysis/1.Source Data/assembled_IPCCH/interim/IPCCH_2026_target_corrected_nino34_wbfood.csv,O=T-H; O,x[O],Source-native NA; no carrier-row or saved-extra-NA mask; no interpolation or extra forward fill. XGBoost handles NA natively. Missing x[O] remains NA.,numeric,true,1,true,1,true,1,true,1,true,1,"[""sum_fatalities_violence__value_at_origin""]","{""compact_baseline/0m"":45,""compact_baseline/6m"":45,""compact_baseline/12m"":45,""compact_cds_weather/6m"":45,""compact_cds_weather/12m"":45}","[0, 6, 12]",ordinary,sum_fatalities_violence,Inherited sum_fatalities_violence column in the pinned interim source; numeric values as supplied.,".trellis/tasks/archive/2026-10/10-08-compact-climate-weather-oracle/design.md: Monthly recipes, names and time; src/ipcch/climate2015_features.py:104-251; src/ipcch/retained_feature_recipes.py:20-110,123-177; .trellis/tasks/10-08-compact-cds-launch/design.md","Source observation month is an availability proxy; historical release vintage is not certified. This is an expected input, not a fitted result. Existing supplied values and composite definitions are preserved; physical scale/product version is not independently certified.",expected_not_fitted,Analysis/1.Source Data/assembled_IPCCH/interim/IPCCH_2026_target_corrected_nino34_wbfood.csv,Analysis/1.Source Data/assembled_IPCCH/interim/IPCCH_2026_target_corrected_nino34_wbfood.csv,x[O],x[O] Use O=2026-04 and target T from the run index.,Source-native NA; no carrier-row or saved-extra-NA mask; no interpolation or extra forward fill. XGBoost handles NA natively. Missing x[O] remains NA.,Source-native NA; no carrier-row or saved-extra-NA mask; no interpolation or extra forward fill. XGBoost handles NA natively. Missing x[O] remains NA.,Inherited source/recipe definition; see base_source_definition,Inherited source/recipe definition; see base_source_definition,Inherited compact source; upstream aggregation not independently certified,Same retained compact source/recipe; upstream aggregation not independently certified
46,sum_fatalities_violence__ma3_at_origin,Conflict,Monthly sum of fatalities in violent events; ma3 ending at origin.,fatalities/month,Training: Analysis/1.Source Data/assembled_IPCCH/interim/IPCCH_2026_target_corrected_nino34_wbfood.csv; Inference: Analysis/1.Source Data/assembled_IPCCH/interim/IPCCH_2026_target_corrected_nino34_wbfood.csv,O=T-H; O-2 through O,mean_nonmissing(x[O-2:O]); require >= 2 valid months,Source-native NA; no carrier-row or saved-extra-NA mask; no interpolation or extra forward fill. XGBoost handles NA natively. NA below 2 valid observations within the fixed 3-calendar-month window; never extend the window to find values.,numeric,true,1,true,1,true,1,true,1,true,1,"[""sum_fatalities_violence__ma3_at_origin""]","{""compact_baseline/0m"":46,""compact_baseline/6m"":46,""compact_baseline/12m"":46,""compact_cds_weather/6m"":46,""compact_cds_weather/12m"":46}","[0, 6, 12]",ordinary,sum_fatalities_violence,Inherited sum_fatalities_violence column in the pinned interim source; numeric values as supplied.,".trellis/tasks/archive/2026-10/10-08-compact-climate-weather-oracle/design.md: Monthly recipes, names and time; src/ipcch/climate2015_features.py:104-251; src/ipcch/retained_feature_recipes.py:20-110,123-177; .trellis/tasks/10-08-compact-cds-launch/design.md","Source observation month is an availability proxy; historical release vintage is not certified. This is an expected input, not a fitted result. Existing supplied values and composite definitions are preserved; physical scale/product version is not independently certified.",expected_not_fitted,Analysis/1.Source Data/assembled_IPCCH/interim/IPCCH_2026_target_corrected_nino34_wbfood.csv,Analysis/1.Source Data/assembled_IPCCH/interim/IPCCH_2026_target_corrected_nino34_wbfood.csv,mean_nonmissing(x[O-2:O]); require >= 2 valid months,mean_nonmissing(x[O-2:O]); require >= 2 valid months Use O=2026-04 and target T from the run index.,Source-native NA; no carrier-row or saved-extra-NA mask; no interpolation or extra forward fill. XGBoost handles NA natively. NA below 2 valid observations within the fixed 3-calendar-month window; never extend the window to find values.,Source-native NA; no carrier-row or saved-extra-NA mask; no interpolation or extra forward fill. XGBoost handles NA natively. NA below 2 valid observations within the fixed 3-calendar-month window; never extend the window to find values.,Inherited source/recipe definition; see base_source_definition,Inherited source/recipe definition; see base_source_definition,Inherited compact source; upstream aggregation not independently certified,Same retained compact source/recipe; upstream aggregation not independently certified
47,sum_fatalities_violence__ma6_at_origin,Conflict,Monthly sum of fatalities in violent events; ma6 ending at origin.,fatalities/month,Training: Analysis/1.Source Data/assembled_IPCCH/interim/IPCCH_2026_target_corrected_nino34_wbfood.csv; Inference: Analysis/1.Source Data/assembled_IPCCH/interim/IPCCH_2026_target_corrected_nino34_wbfood.csv,O=T-H; O-5 through O,mean_nonmissing(x[O-5:O]); require >= 3 valid months,Source-native NA; no carrier-row or saved-extra-NA mask; no interpolation or extra forward fill. XGBoost handles NA natively. NA below 3 valid observations within the fixed 6-calendar-month window; never extend the window to find values.,numeric,true,1,true,1,true,1,true,1,true,1,"[""sum_fatalities_violence__ma6_at_origin""]","{""compact_baseline/0m"":47,""compact_baseline/6m"":47,""compact_baseline/12m"":47,""compact_cds_weather/6m"":47,""compact_cds_weather/12m"":47}","[0, 6, 12]",ordinary,sum_fatalities_violence,Inherited sum_fatalities_violence column in the pinned interim source; numeric values as supplied.,".trellis/tasks/archive/2026-10/10-08-compact-climate-weather-oracle/design.md: Monthly recipes, names and time; src/ipcch/climate2015_features.py:104-251; src/ipcch/retained_feature_recipes.py:20-110,123-177; .trellis/tasks/10-08-compact-cds-launch/design.md","Source observation month is an availability proxy; historical release vintage is not certified. This is an expected input, not a fitted result. Existing supplied values and composite definitions are preserved; physical scale/product version is not independently certified.",expected_not_fitted,Analysis/1.Source Data/assembled_IPCCH/interim/IPCCH_2026_target_corrected_nino34_wbfood.csv,Analysis/1.Source Data/assembled_IPCCH/interim/IPCCH_2026_target_corrected_nino34_wbfood.csv,mean_nonmissing(x[O-5:O]); require >= 3 valid months,mean_nonmissing(x[O-5:O]); require >= 3 valid months Use O=2026-04 and target T from the run index.,Source-native NA; no carrier-row or saved-extra-NA mask; no interpolation or extra forward fill. XGBoost handles NA natively. NA below 3 valid observations within the fixed 6-calendar-month window; never extend the window to find values.,Source-native NA; no carrier-row or saved-extra-NA mask; no interpolation or extra forward fill. XGBoost handles NA natively. NA below 3 valid observations within the fixed 6-calendar-month window; never extend the window to find values.,Inherited source/recipe definition; see base_source_definition,Inherited source/recipe definition; see base_source_definition,Inherited compact source; upstream aggregation not independently certified,Same retained compact source/recipe; upstream aggregation not independently certified
48,sum_fatalities_violence__ma12_at_origin,Conflict,Monthly sum of fatalities in violent events; ma12 ending at origin.,fatalities/month,Training: Analysis/1.Source Data/assembled_IPCCH/interim/IPCCH_2026_target_corrected_nino34_wbfood.csv; Inference: Analysis/1.Source Data/assembled_IPCCH/interim/IPCCH_2026_target_corrected_nino34_wbfood.csv,O=T-H; O-11 through O,mean_nonmissing(x[O-11:O]); require >= 6 valid months,Source-native NA; no carrier-row or saved-extra-NA mask; no interpolation or extra forward fill. XGBoost handles NA natively. NA below 6 valid observations within the fixed 12-calendar-month window; never extend the window to find values.,numeric,true,1,true,1,true,1,true,1,true,1,"[""sum_fatalities_violence__ma12_at_origin""]","{""compact_baseline/0m"":48,""compact_baseline/6m"":48,""compact_baseline/12m"":48,""compact_cds_weather/6m"":48,""compact_cds_weather/12m"":48}","[0, 6, 12]",ordinary,sum_fatalities_violence,Inherited sum_fatalities_violence column in the pinned interim source; numeric values as supplied.,".trellis/tasks/archive/2026-10/10-08-compact-climate-weather-oracle/design.md: Monthly recipes, names and time; src/ipcch/climate2015_features.py:104-251; src/ipcch/retained_feature_recipes.py:20-110,123-177; .trellis/tasks/10-08-compact-cds-launch/design.md","Source observation month is an availability proxy; historical release vintage is not certified. This is an expected input, not a fitted result. Existing supplied values and composite definitions are preserved; physical scale/product version is not independently certified.",expected_not_fitted,Analysis/1.Source Data/assembled_IPCCH/interim/IPCCH_2026_target_corrected_nino34_wbfood.csv,Analysis/1.Source Data/assembled_IPCCH/interim/IPCCH_2026_target_corrected_nino34_wbfood.csv,mean_nonmissing(x[O-11:O]); require >= 6 valid months,mean_nonmissing(x[O-11:O]); require >= 6 valid months Use O=2026-04 and target T from the run index.,Source-native NA; no carrier-row or saved-extra-NA mask; no interpolation or extra forward fill. XGBoost handles NA natively. NA below 6 valid observations within the fixed 12-calendar-month window; never extend the window to find values.,Source-native NA; no carrier-row or saved-extra-NA mask; no interpolation or extra forward fill. XGBoost handles NA natively. NA below 6 valid observations within the fixed 12-calendar-month window; never extend the window to find values.,Inherited source/recipe definition; see base_source_definition,Inherited source/recipe definition; see base_source_definition,Inherited compact source; upstream aggregation not independently certified,Same retained compact source/recipe; upstream aggregation not independently certified
49,sum_fatalities_violence__sd12_at_origin,Conflict,Monthly sum of fatalities in violent events; sd12 ending at origin.,fatalities/month,Training: Analysis/1.Source Data/assembled_IPCCH/interim/IPCCH_2026_target_corrected_nino34_wbfood.csv; Inference: Analysis/1.Source Data/assembled_IPCCH/interim/IPCCH_2026_target_corrected_nino34_wbfood.csv,O=T-H; O-11 through O,"sample_sd(x[O-11:O], ddof=1); require >= 6 valid months",Source-native NA; no carrier-row or saved-extra-NA mask; no interpolation or extra forward fill. XGBoost handles NA natively. NA below 6 valid observations within the fixed 12-calendar-month window; never extend the window to find values.,numeric,true,1,true,1,true,1,true,1,true,1,"[""sum_fatalities_violence__sd12_at_origin""]","{""compact_baseline/0m"":49,""compact_baseline/6m"":49,""compact_baseline/12m"":49,""compact_cds_weather/6m"":49,""compact_cds_weather/12m"":49}","[0, 6, 12]",ordinary,sum_fatalities_violence,Inherited sum_fatalities_violence column in the pinned interim source; numeric values as supplied.,".trellis/tasks/archive/2026-10/10-08-compact-climate-weather-oracle/design.md: Monthly recipes, names and time; src/ipcch/climate2015_features.py:104-251; src/ipcch/retained_feature_recipes.py:20-110,123-177; .trellis/tasks/10-08-compact-cds-launch/design.md","Source observation month is an availability proxy; historical release vintage is not certified. This is an expected input, not a fitted result. Existing supplied values and composite definitions are preserved; physical scale/product version is not independently certified.",expected_not_fitted,Analysis/1.Source Data/assembled_IPCCH/interim/IPCCH_2026_target_corrected_nino34_wbfood.csv,Analysis/1.Source Data/assembled_IPCCH/interim/IPCCH_2026_target_corrected_nino34_wbfood.csv,"sample_sd(x[O-11:O], ddof=1); require >= 6 valid months","sample_sd(x[O-11:O], ddof=1); require >= 6 valid months Use O=2026-04 and target T from the run index.",Source-native NA; no carrier-row or saved-extra-NA mask; no interpolation or extra forward fill. XGBoost handles NA natively. NA below 6 valid observations within the fixed 12-calendar-month window; never extend the window to find values.,Source-native NA; no carrier-row or saved-extra-NA mask; no interpolation or extra forward fill. XGBoost handles NA natively. NA below 6 valid observations within the fixed 12-calendar-month window; never extend the window to find values.,Inherited source/recipe definition; see base_source_definition,Inherited source/recipe definition; see base_source_definition,Inherited compact source; upstream aggregation not independently certified,Same retained compact source/recipe; upstream aggregation not independently certified
50,WFP_Price__value_at_origin,Food prices,WFP food-price source series; value ending at origin.,Native source units; physical scale not verified in this run,Training: Analysis/1.Source Data/assembled_IPCCH/interim/IPCCH_2026_target_corrected_nino34_wbfood.csv; Inference: Analysis/1.Source Data/assembled_IPCCH/interim/IPCCH_2026_target_corrected_nino34_wbfood.csv,O=T-H; O,x[O],Source-native NA; no carrier-row or saved-extra-NA mask; no interpolation or extra forward fill. XGBoost handles NA natively. Missing x[O] remains NA.,numeric,true,1,true,1,true,1,true,1,true,1,"[""WFP_Price__value_at_origin""]","{""compact_baseline/0m"":50,""compact_baseline/6m"":50,""compact_baseline/12m"":50,""compact_cds_weather/6m"":50,""compact_cds_weather/12m"":50}","[0, 6, 12]",ordinary,WFP_Price,Inherited WFP_Price column in the pinned interim source; numeric values as supplied.,".trellis/tasks/archive/2026-10/10-08-compact-climate-weather-oracle/design.md: Monthly recipes, names and time; src/ipcch/climate2015_features.py:104-251; src/ipcch/retained_feature_recipes.py:20-110,123-177; .trellis/tasks/10-08-compact-cds-launch/design.md","Source observation month is an availability proxy; historical release vintage is not certified. This is an expected input, not a fitted result. Existing supplied values and composite definitions are preserved; physical scale/product version is not independently certified.",expected_not_fitted,Analysis/1.Source Data/assembled_IPCCH/interim/IPCCH_2026_target_corrected_nino34_wbfood.csv,Analysis/1.Source Data/assembled_IPCCH/interim/IPCCH_2026_target_corrected_nino34_wbfood.csv,x[O],x[O] Use O=2026-04 and target T from the run index.,Source-native NA; no carrier-row or saved-extra-NA mask; no interpolation or extra forward fill. XGBoost handles NA natively. Missing x[O] remains NA.,Source-native NA; no carrier-row or saved-extra-NA mask; no interpolation or extra forward fill. XGBoost handles NA natively. Missing x[O] remains NA.,Inherited source/recipe definition; see base_source_definition,Inherited source/recipe definition; see base_source_definition,Inherited compact source; upstream aggregation not independently certified,Same retained compact source/recipe; upstream aggregation not independently certified
51,WFP_Price__ma3_at_origin,Food prices,WFP food-price source series; ma3 ending at origin.,Native source units; physical scale not verified in this run,Training: Analysis/1.Source Data/assembled_IPCCH/interim/IPCCH_2026_target_corrected_nino34_wbfood.csv; Inference: Analysis/1.Source Data/assembled_IPCCH/interim/IPCCH_2026_target_corrected_nino34_wbfood.csv,O=T-H; O-2 through O,mean_nonmissing(x[O-2:O]); require >= 2 valid months,Source-native NA; no carrier-row or saved-extra-NA mask; no interpolation or extra forward fill. XGBoost handles NA natively. NA below 2 valid observations within the fixed 3-calendar-month window; never extend the window to find values.,numeric,true,1,true,1,true,1,true,1,true,1,"[""WFP_Price__ma3_at_origin""]","{""compact_baseline/0m"":51,""compact_baseline/6m"":51,""compact_baseline/12m"":51,""compact_cds_weather/6m"":51,""compact_cds_weather/12m"":51}","[0, 6, 12]",ordinary,WFP_Price,Inherited WFP_Price column in the pinned interim source; numeric values as supplied.,".trellis/tasks/archive/2026-10/10-08-compact-climate-weather-oracle/design.md: Monthly recipes, names and time; src/ipcch/climate2015_features.py:104-251; src/ipcch/retained_feature_recipes.py:20-110,123-177; .trellis/tasks/10-08-compact-cds-launch/design.md","Source observation month is an availability proxy; historical release vintage is not certified. This is an expected input, not a fitted result. Existing supplied values and composite definitions are preserved; physical scale/product version is not independently certified.",expected_not_fitted,Analysis/1.Source Data/assembled_IPCCH/interim/IPCCH_2026_target_corrected_nino34_wbfood.csv,Analysis/1.Source Data/assembled_IPCCH/interim/IPCCH_2026_target_corrected_nino34_wbfood.csv,mean_nonmissing(x[O-2:O]); require >= 2 valid months,mean_nonmissing(x[O-2:O]); require >= 2 valid months Use O=2026-04 and target T from the run index.,Source-native NA; no carrier-row or saved-extra-NA mask; no interpolation or extra forward fill. XGBoost handles NA natively. NA below 2 valid observations within the fixed 3-calendar-month window; never extend the window to find values.,Source-native NA; no carrier-row or saved-extra-NA mask; no interpolation or extra forward fill. XGBoost handles NA natively. NA below 2 valid observations within the fixed 3-calendar-month window; never extend the window to find values.,Inherited source/recipe definition; see base_source_definition,Inherited source/recipe definition; see base_source_definition,Inherited compact source; upstream aggregation not independently certified,Same retained compact source/recipe; upstream aggregation not independently certified
52,WFP_Price__ma6_at_origin,Food prices,WFP food-price source series; ma6 ending at origin.,Native source units; physical scale not verified in this run,Training: Analysis/1.Source Data/assembled_IPCCH/interim/IPCCH_2026_target_corrected_nino34_wbfood.csv; Inference: Analysis/1.Source Data/assembled_IPCCH/interim/IPCCH_2026_target_corrected_nino34_wbfood.csv,O=T-H; O-5 through O,mean_nonmissing(x[O-5:O]); require >= 3 valid months,Source-native NA; no carrier-row or saved-extra-NA mask; no interpolation or extra forward fill. XGBoost handles NA natively. NA below 3 valid observations within the fixed 6-calendar-month window; never extend the window to find values.,numeric,true,1,true,1,true,1,true,1,true,1,"[""WFP_Price__ma6_at_origin""]","{""compact_baseline/0m"":52,""compact_baseline/6m"":52,""compact_baseline/12m"":52,""compact_cds_weather/6m"":52,""compact_cds_weather/12m"":52}","[0, 6, 12]",ordinary,WFP_Price,Inherited WFP_Price column in the pinned interim source; numeric values as supplied.,".trellis/tasks/archive/2026-10/10-08-compact-climate-weather-oracle/design.md: Monthly recipes, names and time; src/ipcch/climate2015_features.py:104-251; src/ipcch/retained_feature_recipes.py:20-110,123-177; .trellis/tasks/10-08-compact-cds-launch/design.md","Source observation month is an availability proxy; historical release vintage is not certified. This is an expected input, not a fitted result. Existing supplied values and composite definitions are preserved; physical scale/product version is not independently certified.",expected_not_fitted,Analysis/1.Source Data/assembled_IPCCH/interim/IPCCH_2026_target_corrected_nino34_wbfood.csv,Analysis/1.Source Data/assembled_IPCCH/interim/IPCCH_2026_target_corrected_nino34_wbfood.csv,mean_nonmissing(x[O-5:O]); require >= 3 valid months,mean_nonmissing(x[O-5:O]); require >= 3 valid months Use O=2026-04 and target T from the run index.,Source-native NA; no carrier-row or saved-extra-NA mask; no interpolation or extra forward fill. XGBoost handles NA natively. NA below 3 valid observations within the fixed 6-calendar-month window; never extend the window to find values.,Source-native NA; no carrier-row or saved-extra-NA mask; no interpolation or extra forward fill. XGBoost handles NA natively. NA below 3 valid observations within the fixed 6-calendar-month window; never extend the window to find values.,Inherited source/recipe definition; see base_source_definition,Inherited source/recipe definition; see base_source_definition,Inherited compact source; upstream aggregation not independently certified,Same retained compact source/recipe; upstream aggregation not independently certified
53,WFP_Price__ma12_at_origin,Food prices,WFP food-price source series; ma12 ending at origin.,Native source units; physical scale not verified in this run,Training: Analysis/1.Source Data/assembled_IPCCH/interim/IPCCH_2026_target_corrected_nino34_wbfood.csv; Inference: Analysis/1.Source Data/assembled_IPCCH/interim/IPCCH_2026_target_corrected_nino34_wbfood.csv,O=T-H; O-11 through O,mean_nonmissing(x[O-11:O]); require >= 6 valid months,Source-native NA; no carrier-row or saved-extra-NA mask; no interpolation or extra forward fill. XGBoost handles NA natively. NA below 6 valid observations within the fixed 12-calendar-month window; never extend the window to find values.,numeric,true,1,true,1,true,1,true,1,true,1,"[""WFP_Price__ma12_at_origin""]","{""compact_baseline/0m"":53,""compact_baseline/6m"":53,""compact_baseline/12m"":53,""compact_cds_weather/6m"":53,""compact_cds_weather/12m"":53}","[0, 6, 12]",ordinary,WFP_Price,Inherited WFP_Price column in the pinned interim source; numeric values as supplied.,".trellis/tasks/archive/2026-10/10-08-compact-climate-weather-oracle/design.md: Monthly recipes, names and time; src/ipcch/climate2015_features.py:104-251; src/ipcch/retained_feature_recipes.py:20-110,123-177; .trellis/tasks/10-08-compact-cds-launch/design.md","Source observation month is an availability proxy; historical release vintage is not certified. This is an expected input, not a fitted result. Existing supplied values and composite definitions are preserved; physical scale/product version is not independently certified.",expected_not_fitted,Analysis/1.Source Data/assembled_IPCCH/interim/IPCCH_2026_target_corrected_nino34_wbfood.csv,Analysis/1.Source Data/assembled_IPCCH/interim/IPCCH_2026_target_corrected_nino34_wbfood.csv,mean_nonmissing(x[O-11:O]); require >= 6 valid months,mean_nonmissing(x[O-11:O]); require >= 6 valid months Use O=2026-04 and target T from the run index.,Source-native NA; no carrier-row or saved-extra-NA mask; no interpolation or extra forward fill. XGBoost handles NA natively. NA below 6 valid observations within the fixed 12-calendar-month window; never extend the window to find values.,Source-native NA; no carrier-row or saved-extra-NA mask; no interpolation or extra forward fill. XGBoost handles NA natively. NA below 6 valid observations within the fixed 12-calendar-month window; never extend the window to find values.,Inherited source/recipe definition; see base_source_definition,Inherited source/recipe definition; see base_source_definition,Inherited compact source; upstream aggregation not independently certified,Same retained compact source/recipe; upstream aggregation not independently certified
54,WFP_Price__sd12_at_origin,Food prices,WFP food-price source series; sd12 ending at origin.,Native source units; physical scale not verified in this run,Training: Analysis/1.Source Data/assembled_IPCCH/interim/IPCCH_2026_target_corrected_nino34_wbfood.csv; Inference: Analysis/1.Source Data/assembled_IPCCH/interim/IPCCH_2026_target_corrected_nino34_wbfood.csv,O=T-H; O-11 through O,"sample_sd(x[O-11:O], ddof=1); require >= 6 valid months",Source-native NA; no carrier-row or saved-extra-NA mask; no interpolation or extra forward fill. XGBoost handles NA natively. NA below 6 valid observations within the fixed 12-calendar-month window; never extend the window to find values.,numeric,true,1,true,1,true,1,true,1,true,1,"[""WFP_Price__sd12_at_origin""]","{""compact_baseline/0m"":54,""compact_baseline/6m"":54,""compact_baseline/12m"":54,""compact_cds_weather/6m"":54,""compact_cds_weather/12m"":54}","[0, 6, 12]",ordinary,WFP_Price,Inherited WFP_Price column in the pinned interim source; numeric values as supplied.,".trellis/tasks/archive/2026-10/10-08-compact-climate-weather-oracle/design.md: Monthly recipes, names and time; src/ipcch/climate2015_features.py:104-251; src/ipcch/retained_feature_recipes.py:20-110,123-177; .trellis/tasks/10-08-compact-cds-launch/design.md","Source observation month is an availability proxy; historical release vintage is not certified. This is an expected input, not a fitted result. Existing supplied values and composite definitions are preserved; physical scale/product version is not independently certified.",expected_not_fitted,Analysis/1.Source Data/assembled_IPCCH/interim/IPCCH_2026_target_corrected_nino34_wbfood.csv,Analysis/1.Source Data/assembled_IPCCH/interim/IPCCH_2026_target_corrected_nino34_wbfood.csv,"sample_sd(x[O-11:O], ddof=1); require >= 6 valid months","sample_sd(x[O-11:O], ddof=1); require >= 6 valid months Use O=2026-04 and target T from the run index.",Source-native NA; no carrier-row or saved-extra-NA mask; no interpolation or extra forward fill. XGBoost handles NA natively. NA below 6 valid observations within the fixed 12-calendar-month window; never extend the window to find values.,Source-native NA; no carrier-row or saved-extra-NA mask; no interpolation or extra forward fill. XGBoost handles NA natively. NA below 6 valid observations within the fixed 12-calendar-month window; never extend the window to find values.,Inherited source/recipe definition; see base_source_definition,Inherited source/recipe definition; see base_source_definition,Inherited compact source; upstream aggregation not independently certified,Same retained compact source/recipe; upstream aggregation not independently certified
55,food_price_index_WB__value_at_origin,Food prices,World Bank food-price index source series; value ending at origin.,Native source units; physical scale not verified in this run,Training: Analysis/1.Source Data/assembled_IPCCH/interim/IPCCH_2026_target_corrected_nino34_wbfood.csv; Inference: Analysis/1.Source Data/assembled_IPCCH/interim/IPCCH_2026_target_corrected_nino34_wbfood.csv,O=T-H; O,x[O],Source-native NA; no carrier-row or saved-extra-NA mask; no interpolation or extra forward fill. XGBoost handles NA natively. Missing x[O] remains NA.,numeric,true,1,true,1,true,1,true,1,true,1,"[""food_price_index_WB__value_at_origin""]","{""compact_baseline/0m"":55,""compact_baseline/6m"":55,""compact_baseline/12m"":55,""compact_cds_weather/6m"":55,""compact_cds_weather/12m"":55}","[0, 6, 12]",ordinary,food_price_index_WB,Inherited food_price_index_WB column in the pinned interim source; numeric values as supplied.,".trellis/tasks/archive/2026-10/10-08-compact-climate-weather-oracle/design.md: Monthly recipes, names and time; src/ipcch/climate2015_features.py:104-251; src/ipcch/retained_feature_recipes.py:20-110,123-177; .trellis/tasks/10-08-compact-cds-launch/design.md","Source observation month is an availability proxy; historical release vintage is not certified. This is an expected input, not a fitted result. Existing supplied values and composite definitions are preserved; physical scale/product version is not independently certified.",expected_not_fitted,Analysis/1.Source Data/assembled_IPCCH/interim/IPCCH_2026_target_corrected_nino34_wbfood.csv,Analysis/1.Source Data/assembled_IPCCH/interim/IPCCH_2026_target_corrected_nino34_wbfood.csv,x[O],x[O] Use O=2026-04 and target T from the run index.,Source-native NA; no carrier-row or saved-extra-NA mask; no interpolation or extra forward fill. XGBoost handles NA natively. Missing x[O] remains NA.,Source-native NA; no carrier-row or saved-extra-NA mask; no interpolation or extra forward fill. XGBoost handles NA natively. Missing x[O] remains NA.,Inherited source/recipe definition; see base_source_definition,Inherited source/recipe definition; see base_source_definition,Inherited compact source; upstream aggregation not independently certified,Same retained compact source/recipe; upstream aggregation not independently certified
56,food_price_index_WB__ma3_at_origin,Food prices,World Bank food-price index source series; ma3 ending at origin.,Native source units; physical scale not verified in this run,Training: Analysis/1.Source Data/assembled_IPCCH/interim/IPCCH_2026_target_corrected_nino34_wbfood.csv; Inference: Analysis/1.Source Data/assembled_IPCCH/interim/IPCCH_2026_target_corrected_nino34_wbfood.csv,O=T-H; O-2 through O,mean_nonmissing(x[O-2:O]); require >= 2 valid months,Source-native NA; no carrier-row or saved-extra-NA mask; no interpolation or extra forward fill. XGBoost handles NA natively. NA below 2 valid observations within the fixed 3-calendar-month window; never extend the window to find values.,numeric,true,1,true,1,true,1,true,1,true,1,"[""food_price_index_WB__ma3_at_origin""]","{""compact_baseline/0m"":56,""compact_baseline/6m"":56,""compact_baseline/12m"":56,""compact_cds_weather/6m"":56,""compact_cds_weather/12m"":56}","[0, 6, 12]",ordinary,food_price_index_WB,Inherited food_price_index_WB column in the pinned interim source; numeric values as supplied.,".trellis/tasks/archive/2026-10/10-08-compact-climate-weather-oracle/design.md: Monthly recipes, names and time; src/ipcch/climate2015_features.py:104-251; src/ipcch/retained_feature_recipes.py:20-110,123-177; .trellis/tasks/10-08-compact-cds-launch/design.md","Source observation month is an availability proxy; historical release vintage is not certified. This is an expected input, not a fitted result. Existing supplied values and composite definitions are preserved; physical scale/product version is not independently certified.",expected_not_fitted,Analysis/1.Source Data/assembled_IPCCH/interim/IPCCH_2026_target_corrected_nino34_wbfood.csv,Analysis/1.Source Data/assembled_IPCCH/interim/IPCCH_2026_target_corrected_nino34_wbfood.csv,mean_nonmissing(x[O-2:O]); require >= 2 valid months,mean_nonmissing(x[O-2:O]); require >= 2 valid months Use O=2026-04 and target T from the run index.,Source-native NA; no carrier-row or saved-extra-NA mask; no interpolation or extra forward fill. XGBoost handles NA natively. NA below 2 valid observations within the fixed 3-calendar-month window; never extend the window to find values.,Source-native NA; no carrier-row or saved-extra-NA mask; no interpolation or extra forward fill. XGBoost handles NA natively. NA below 2 valid observations within the fixed 3-calendar-month window; never extend the window to find values.,Inherited source/recipe definition; see base_source_definition,Inherited source/recipe definition; see base_source_definition,Inherited compact source; upstream aggregation not independently certified,Same retained compact source/recipe; upstream aggregation not independently certified
57,food_price_index_WB__ma6_at_origin,Food prices,World Bank food-price index source series; ma6 ending at origin.,Native source units; physical scale not verified in this run,Training: Analysis/1.Source Data/assembled_IPCCH/interim/IPCCH_2026_target_corrected_nino34_wbfood.csv; Inference: Analysis/1.Source Data/assembled_IPCCH/interim/IPCCH_2026_target_corrected_nino34_wbfood.csv,O=T-H; O-5 through O,mean_nonmissing(x[O-5:O]); require >= 3 valid months,Source-native NA; no carrier-row or saved-extra-NA mask; no interpolation or extra forward fill. XGBoost handles NA natively. NA below 3 valid observations within the fixed 6-calendar-month window; never extend the window to find values.,numeric,true,1,true,1,true,1,true,1,true,1,"[""food_price_index_WB__ma6_at_origin""]","{""compact_baseline/0m"":57,""compact_baseline/6m"":57,""compact_baseline/12m"":57,""compact_cds_weather/6m"":57,""compact_cds_weather/12m"":57}","[0, 6, 12]",ordinary,food_price_index_WB,Inherited food_price_index_WB column in the pinned interim source; numeric values as supplied.,".trellis/tasks/archive/2026-10/10-08-compact-climate-weather-oracle/design.md: Monthly recipes, names and time; src/ipcch/climate2015_features.py:104-251; src/ipcch/retained_feature_recipes.py:20-110,123-177; .trellis/tasks/10-08-compact-cds-launch/design.md","Source observation month is an availability proxy; historical release vintage is not certified. This is an expected input, not a fitted result. Existing supplied values and composite definitions are preserved; physical scale/product version is not independently certified.",expected_not_fitted,Analysis/1.Source Data/assembled_IPCCH/interim/IPCCH_2026_target_corrected_nino34_wbfood.csv,Analysis/1.Source Data/assembled_IPCCH/interim/IPCCH_2026_target_corrected_nino34_wbfood.csv,mean_nonmissing(x[O-5:O]); require >= 3 valid months,mean_nonmissing(x[O-5:O]); require >= 3 valid months Use O=2026-04 and target T from the run index.,Source-native NA; no carrier-row or saved-extra-NA mask; no interpolation or extra forward fill. XGBoost handles NA natively. NA below 3 valid observations within the fixed 6-calendar-month window; never extend the window to find values.,Source-native NA; no carrier-row or saved-extra-NA mask; no interpolation or extra forward fill. XGBoost handles NA natively. NA below 3 valid observations within the fixed 6-calendar-month window; never extend the window to find values.,Inherited source/recipe definition; see base_source_definition,Inherited source/recipe definition; see base_source_definition,Inherited compact source; upstream aggregation not independently certified,Same retained compact source/recipe; upstream aggregation not independently certified
58,food_price_index_WB__ma12_at_origin,Food prices,World Bank food-price index source series; ma12 ending at origin.,Native source units; physical scale not verified in this run,Training: Analysis/1.Source Data/assembled_IPCCH/interim/IPCCH_2026_target_corrected_nino34_wbfood.csv; Inference: Analysis/1.Source Data/assembled_IPCCH/interim/IPCCH_2026_target_corrected_nino34_wbfood.csv,O=T-H; O-11 through O,mean_nonmissing(x[O-11:O]); require >= 6 valid months,Source-native NA; no carrier-row or saved-extra-NA mask; no interpolation or extra forward fill. XGBoost handles NA natively. NA below 6 valid observations within the fixed 12-calendar-month window; never extend the window to find values.,numeric,true,1,true,1,true,1,true,1,true,1,"[""food_price_index_WB__ma12_at_origin""]","{""compact_baseline/0m"":58,""compact_baseline/6m"":58,""compact_baseline/12m"":58,""compact_cds_weather/6m"":58,""compact_cds_weather/12m"":58}","[0, 6, 12]",ordinary,food_price_index_WB,Inherited food_price_index_WB column in the pinned interim source; numeric values as supplied.,".trellis/tasks/archive/2026-10/10-08-compact-climate-weather-oracle/design.md: Monthly recipes, names and time; src/ipcch/climate2015_features.py:104-251; src/ipcch/retained_feature_recipes.py:20-110,123-177; .trellis/tasks/10-08-compact-cds-launch/design.md","Source observation month is an availability proxy; historical release vintage is not certified. This is an expected input, not a fitted result. Existing supplied values and composite definitions are preserved; physical scale/product version is not independently certified.",expected_not_fitted,Analysis/1.Source Data/assembled_IPCCH/interim/IPCCH_2026_target_corrected_nino34_wbfood.csv,Analysis/1.Source Data/assembled_IPCCH/interim/IPCCH_2026_target_corrected_nino34_wbfood.csv,mean_nonmissing(x[O-11:O]); require >= 6 valid months,mean_nonmissing(x[O-11:O]); require >= 6 valid months Use O=2026-04 and target T from the run index.,Source-native NA; no carrier-row or saved-extra-NA mask; no interpolation or extra forward fill. XGBoost handles NA natively. NA below 6 valid observations within the fixed 12-calendar-month window; never extend the window to find values.,Source-native NA; no carrier-row or saved-extra-NA mask; no interpolation or extra forward fill. XGBoost handles NA natively. NA below 6 valid observations within the fixed 12-calendar-month window; never extend the window to find values.,Inherited source/recipe definition; see base_source_definition,Inherited source/recipe definition; see base_source_definition,Inherited compact source; upstream aggregation not independently certified,Same retained compact source/recipe; upstream aggregation not independently certified
59,food_price_index_WB__sd12_at_origin,Food prices,World Bank food-price index source series; sd12 ending at origin.,Native source units; physical scale not verified in this run,Training: Analysis/1.Source Data/assembled_IPCCH/interim/IPCCH_2026_target_corrected_nino34_wbfood.csv; Inference: Analysis/1.Source Data/assembled_IPCCH/interim/IPCCH_2026_target_corrected_nino34_wbfood.csv,O=T-H; O-11 through O,"sample_sd(x[O-11:O], ddof=1); require >= 6 valid months",Source-native NA; no carrier-row or saved-extra-NA mask; no interpolation or extra forward fill. XGBoost handles NA natively. NA below 6 valid observations within the fixed 12-calendar-month window; never extend the window to find values.,numeric,true,1,true,1,true,1,true,1,true,1,"[""food_price_index_WB__sd12_at_origin""]","{""compact_baseline/0m"":59,""compact_baseline/6m"":59,""compact_baseline/12m"":59,""compact_cds_weather/6m"":59,""compact_cds_weather/12m"":59}","[0, 6, 12]",ordinary,food_price_index_WB,Inherited food_price_index_WB column in the pinned interim source; numeric values as supplied.,".trellis/tasks/archive/2026-10/10-08-compact-climate-weather-oracle/design.md: Monthly recipes, names and time; src/ipcch/climate2015_features.py:104-251; src/ipcch/retained_feature_recipes.py:20-110,123-177; .trellis/tasks/10-08-compact-cds-launch/design.md","Source observation month is an availability proxy; historical release vintage is not certified. This is an expected input, not a fitted result. Existing supplied values and composite definitions are preserved; physical scale/product version is not independently certified.",expected_not_fitted,Analysis/1.Source Data/assembled_IPCCH/interim/IPCCH_2026_target_corrected_nino34_wbfood.csv,Analysis/1.Source Data/assembled_IPCCH/interim/IPCCH_2026_target_corrected_nino34_wbfood.csv,"sample_sd(x[O-11:O], ddof=1); require >= 6 valid months","sample_sd(x[O-11:O], ddof=1); require >= 6 valid months Use O=2026-04 and target T from the run index.",Source-native NA; no carrier-row or saved-extra-NA mask; no interpolation or extra forward fill. XGBoost handles NA natively. NA below 6 valid observations within the fixed 12-calendar-month window; never extend the window to find values.,Source-native NA; no carrier-row or saved-extra-NA mask; no interpolation or extra forward fill. XGBoost handles NA natively. NA below 6 valid observations within the fixed 12-calendar-month window; never extend the window to find values.,Inherited source/recipe definition; see base_source_definition,Inherited source/recipe definition; see base_source_definition,Inherited compact source; upstream aggregation not independently certified,Same retained compact source/recipe; upstream aggregation not independently certified
60,nino34_anom__value_at_origin,ENSO,Nino 3.4 anomaly source series; value ending at origin.,Native source units; physical scale not verified in this run,Training: Analysis/1.Source Data/assembled_IPCCH/interim/IPCCH_2026_target_corrected_nino34_wbfood.csv; Inference: Analysis/1.Source Data/assembled_IPCCH/interim/IPCCH_2026_target_corrected_nino34_wbfood.csv,O=T-H; O,x[O],Source-native NA; no carrier-row or saved-extra-NA mask; no interpolation or extra forward fill. XGBoost handles NA natively. Missing x[O] remains NA.,numeric,true,1,true,1,true,1,true,1,true,1,"[""nino34_anom__value_at_origin""]","{""compact_baseline/0m"":60,""compact_baseline/6m"":60,""compact_baseline/12m"":60,""compact_cds_weather/6m"":60,""compact_cds_weather/12m"":60}","[0, 6, 12]",ordinary,nino34_anom,Inherited nino34_anom column in the pinned interim source; numeric values as supplied.,".trellis/tasks/archive/2026-10/10-08-compact-climate-weather-oracle/design.md: Monthly recipes, names and time; src/ipcch/climate2015_features.py:104-251; src/ipcch/retained_feature_recipes.py:20-110,123-177; .trellis/tasks/10-08-compact-cds-launch/design.md","Source observation month is an availability proxy; historical release vintage is not certified. This is an expected input, not a fitted result. Existing supplied values and composite definitions are preserved; physical scale/product version is not independently certified.",expected_not_fitted,Analysis/1.Source Data/assembled_IPCCH/interim/IPCCH_2026_target_corrected_nino34_wbfood.csv,Analysis/1.Source Data/assembled_IPCCH/interim/IPCCH_2026_target_corrected_nino34_wbfood.csv,x[O],x[O] Use O=2026-04 and target T from the run index.,Source-native NA; no carrier-row or saved-extra-NA mask; no interpolation or extra forward fill. XGBoost handles NA natively. Missing x[O] remains NA.,Source-native NA; no carrier-row or saved-extra-NA mask; no interpolation or extra forward fill. XGBoost handles NA natively. Missing x[O] remains NA.,Inherited source/recipe definition; see base_source_definition,Inherited source/recipe definition; see base_source_definition,Inherited compact source; upstream aggregation not independently certified,Same retained compact source/recipe; upstream aggregation not independently certified
61,nino34_anom__ma3_at_origin,ENSO,Nino 3.4 anomaly source series; ma3 ending at origin.,Native source units; physical scale not verified in this run,Training: Analysis/1.Source Data/assembled_IPCCH/interim/IPCCH_2026_target_corrected_nino34_wbfood.csv; Inference: Analysis/1.Source Data/assembled_IPCCH/interim/IPCCH_2026_target_corrected_nino34_wbfood.csv,O=T-H; O-2 through O,mean_nonmissing(x[O-2:O]); require >= 2 valid months,Source-native NA; no carrier-row or saved-extra-NA mask; no interpolation or extra forward fill. XGBoost handles NA natively. NA below 2 valid observations within the fixed 3-calendar-month window; never extend the window to find values.,numeric,true,1,true,1,true,1,true,1,true,1,"[""nino34_anom__ma3_at_origin""]","{""compact_baseline/0m"":61,""compact_baseline/6m"":61,""compact_baseline/12m"":61,""compact_cds_weather/6m"":61,""compact_cds_weather/12m"":61}","[0, 6, 12]",ordinary,nino34_anom,Inherited nino34_anom column in the pinned interim source; numeric values as supplied.,".trellis/tasks/archive/2026-10/10-08-compact-climate-weather-oracle/design.md: Monthly recipes, names and time; src/ipcch/climate2015_features.py:104-251; src/ipcch/retained_feature_recipes.py:20-110,123-177; .trellis/tasks/10-08-compact-cds-launch/design.md","Source observation month is an availability proxy; historical release vintage is not certified. This is an expected input, not a fitted result. Existing supplied values and composite definitions are preserved; physical scale/product version is not independently certified.",expected_not_fitted,Analysis/1.Source Data/assembled_IPCCH/interim/IPCCH_2026_target_corrected_nino34_wbfood.csv,Analysis/1.Source Data/assembled_IPCCH/interim/IPCCH_2026_target_corrected_nino34_wbfood.csv,mean_nonmissing(x[O-2:O]); require >= 2 valid months,mean_nonmissing(x[O-2:O]); require >= 2 valid months Use O=2026-04 and target T from the run index.,Source-native NA; no carrier-row or saved-extra-NA mask; no interpolation or extra forward fill. XGBoost handles NA natively. NA below 2 valid observations within the fixed 3-calendar-month window; never extend the window to find values.,Source-native NA; no carrier-row or saved-extra-NA mask; no interpolation or extra forward fill. XGBoost handles NA natively. NA below 2 valid observations within the fixed 3-calendar-month window; never extend the window to find values.,Inherited source/recipe definition; see base_source_definition,Inherited source/recipe definition; see base_source_definition,Inherited compact source; upstream aggregation not independently certified,Same retained compact source/recipe; upstream aggregation not independently certified
62,nino34_anom__ma6_at_origin,ENSO,Nino 3.4 anomaly source series; ma6 ending at origin.,Native source units; physical scale not verified in this run,Training: Analysis/1.Source Data/assembled_IPCCH/interim/IPCCH_2026_target_corrected_nino34_wbfood.csv; Inference: Analysis/1.Source Data/assembled_IPCCH/interim/IPCCH_2026_target_corrected_nino34_wbfood.csv,O=T-H; O-5 through O,mean_nonmissing(x[O-5:O]); require >= 3 valid months,Source-native NA; no carrier-row or saved-extra-NA mask; no interpolation or extra forward fill. XGBoost handles NA natively. NA below 3 valid observations within the fixed 6-calendar-month window; never extend the window to find values.,numeric,true,1,true,1,true,1,true,1,true,1,"[""nino34_anom__ma6_at_origin""]","{""compact_baseline/0m"":62,""compact_baseline/6m"":62,""compact_baseline/12m"":62,""compact_cds_weather/6m"":62,""compact_cds_weather/12m"":62}","[0, 6, 12]",ordinary,nino34_anom,Inherited nino34_anom column in the pinned interim source; numeric values as supplied.,".trellis/tasks/archive/2026-10/10-08-compact-climate-weather-oracle/design.md: Monthly recipes, names and time; src/ipcch/climate2015_features.py:104-251; src/ipcch/retained_feature_recipes.py:20-110,123-177; .trellis/tasks/10-08-compact-cds-launch/design.md","Source observation month is an availability proxy; historical release vintage is not certified. This is an expected input, not a fitted result. Existing supplied values and composite definitions are preserved; physical scale/product version is not independently certified.",expected_not_fitted,Analysis/1.Source Data/assembled_IPCCH/interim/IPCCH_2026_target_corrected_nino34_wbfood.csv,Analysis/1.Source Data/assembled_IPCCH/interim/IPCCH_2026_target_corrected_nino34_wbfood.csv,mean_nonmissing(x[O-5:O]); require >= 3 valid months,mean_nonmissing(x[O-5:O]); require >= 3 valid months Use O=2026-04 and target T from the run index.,Source-native NA; no carrier-row or saved-extra-NA mask; no interpolation or extra forward fill. XGBoost handles NA natively. NA below 3 valid observations within the fixed 6-calendar-month window; never extend the window to find values.,Source-native NA; no carrier-row or saved-extra-NA mask; no interpolation or extra forward fill. XGBoost handles NA natively. NA below 3 valid observations within the fixed 6-calendar-month window; never extend the window to find values.,Inherited source/recipe definition; see base_source_definition,Inherited source/recipe definition; see base_source_definition,Inherited compact source; upstream aggregation not independently certified,Same retained compact source/recipe; upstream aggregation not independently certified
63,nino34_anom__ma12_at_origin,ENSO,Nino 3.4 anomaly source series; ma12 ending at origin.,Native source units; physical scale not verified in this run,Training: Analysis/1.Source Data/assembled_IPCCH/interim/IPCCH_2026_target_corrected_nino34_wbfood.csv; Inference: Analysis/1.Source Data/assembled_IPCCH/interim/IPCCH_2026_target_corrected_nino34_wbfood.csv,O=T-H; O-11 through O,mean_nonmissing(x[O-11:O]); require >= 6 valid months,Source-native NA; no carrier-row or saved-extra-NA mask; no interpolation or extra forward fill. XGBoost handles NA natively. NA below 6 valid observations within the fixed 12-calendar-month window; never extend the window to find values.,numeric,true,1,true,1,true,1,true,1,true,1,"[""nino34_anom__ma12_at_origin""]","{""compact_baseline/0m"":63,""compact_baseline/6m"":63,""compact_baseline/12m"":63,""compact_cds_weather/6m"":63,""compact_cds_weather/12m"":63}","[0, 6, 12]",ordinary,nino34_anom,Inherited nino34_anom column in the pinned interim source; numeric values as supplied.,".trellis/tasks/archive/2026-10/10-08-compact-climate-weather-oracle/design.md: Monthly recipes, names and time; src/ipcch/climate2015_features.py:104-251; src/ipcch/retained_feature_recipes.py:20-110,123-177; .trellis/tasks/10-08-compact-cds-launch/design.md","Source observation month is an availability proxy; historical release vintage is not certified. This is an expected input, not a fitted result. Existing supplied values and composite definitions are preserved; physical scale/product version is not independently certified.",expected_not_fitted,Analysis/1.Source Data/assembled_IPCCH/interim/IPCCH_2026_target_corrected_nino34_wbfood.csv,Analysis/1.Source Data/assembled_IPCCH/interim/IPCCH_2026_target_corrected_nino34_wbfood.csv,mean_nonmissing(x[O-11:O]); require >= 6 valid months,mean_nonmissing(x[O-11:O]); require >= 6 valid months Use O=2026-04 and target T from the run index.,Source-native NA; no carrier-row or saved-extra-NA mask; no interpolation or extra forward fill. XGBoost handles NA natively. NA below 6 valid observations within the fixed 12-calendar-month window; never extend the window to find values.,Source-native NA; no carrier-row or saved-extra-NA mask; no interpolation or extra forward fill. XGBoost handles NA natively. NA below 6 valid observations within the fixed 12-calendar-month window; never extend the window to find values.,Inherited source/recipe definition; see base_source_definition,Inherited source/recipe definition; see base_source_definition,Inherited compact source; upstream aggregation not independently certified,Same retained compact source/recipe; upstream aggregation not independently certified
64,nino34_anom__sd12_at_origin,ENSO,Nino 3.4 anomaly source series; sd12 ending at origin.,Native source units; physical scale not verified in this run,Training: Analysis/1.Source Data/assembled_IPCCH/interim/IPCCH_2026_target_corrected_nino34_wbfood.csv; Inference: Analysis/1.Source Data/assembled_IPCCH/interim/IPCCH_2026_target_corrected_nino34_wbfood.csv,O=T-H; O-11 through O,"sample_sd(x[O-11:O], ddof=1); require >= 6 valid months",Source-native NA; no carrier-row or saved-extra-NA mask; no interpolation or extra forward fill. XGBoost handles NA natively. NA below 6 valid observations within the fixed 12-calendar-month window; never extend the window to find values.,numeric,true,1,true,1,true,1,true,1,true,1,"[""nino34_anom__sd12_at_origin""]","{""compact_baseline/0m"":64,""compact_baseline/6m"":64,""compact_baseline/12m"":64,""compact_cds_weather/6m"":64,""compact_cds_weather/12m"":64}","[0, 6, 12]",ordinary,nino34_anom,Inherited nino34_anom column in the pinned interim source; numeric values as supplied.,".trellis/tasks/archive/2026-10/10-08-compact-climate-weather-oracle/design.md: Monthly recipes, names and time; src/ipcch/climate2015_features.py:104-251; src/ipcch/retained_feature_recipes.py:20-110,123-177; .trellis/tasks/10-08-compact-cds-launch/design.md","Source observation month is an availability proxy; historical release vintage is not certified. This is an expected input, not a fitted result. Existing supplied values and composite definitions are preserved; physical scale/product version is not independently certified.",expected_not_fitted,Analysis/1.Source Data/assembled_IPCCH/interim/IPCCH_2026_target_corrected_nino34_wbfood.csv,Analysis/1.Source Data/assembled_IPCCH/interim/IPCCH_2026_target_corrected_nino34_wbfood.csv,"sample_sd(x[O-11:O], ddof=1); require >= 6 valid months","sample_sd(x[O-11:O], ddof=1); require >= 6 valid months Use O=2026-04 and target T from the run index.",Source-native NA; no carrier-row or saved-extra-NA mask; no interpolation or extra forward fill. XGBoost handles NA natively. NA below 6 valid observations within the fixed 12-calendar-month window; never extend the window to find values.,Source-native NA; no carrier-row or saved-extra-NA mask; no interpolation or extra forward fill. XGBoost handles NA natively. NA below 6 valid observations within the fixed 12-calendar-month window; never extend the window to find values.,Inherited source/recipe definition; see base_source_definition,Inherited source/recipe definition; see base_source_definition,Inherited compact source; upstream aggregation not independently certified,Same retained compact source/recipe; upstream aggregation not independently certified
65,bbg_staple_food__composite_mean__value_at_origin,Commodity markets,staple food Bloomberg composite; value ending at origin.,Native member-price units as stored; mixed quote scales are not harmonized by this recipe,Training: Analysis/1.Source Data/assembled_IPCCH/interim/IPCCH_2026_target_corrected_nino34_wbfood.csv; Inference: Analysis/1.Source Data/assembled_IPCCH/interim/IPCCH_2026_target_corrected_nino34_wbfood.csv,O=T-H; O,x[O],Source-native NA; no carrier-row or saved-extra-NA mask; no interpolation or extra forward fill. XGBoost handles NA natively. Missing x[O] remains NA.,numeric,true,1,true,1,true,1,true,1,true,1,"[""bbg_staple_food__composite_mean__value_at_origin""]","{""compact_baseline/0m"":65,""compact_baseline/6m"":65,""compact_baseline/12m"":65,""compact_cds_weather/6m"":65,""compact_cds_weather/12m"":65}","[0, 6, 12]",ordinary,bbg_staple_food__composite_mean,"Arithmetic mean of available numeric values across [""bbg_staple_food_corn_x1_price"",""bbg_staple_food_hard_wheat_x1_price"",""bbg_staple_food_rough_rice_x1_price"",""bbg_staple_food_soft_wheat_x1_price"",""bbg_staple_food_soybeans_x1_price""]; no rescaling at this step; NA if all members are missing.",".trellis/tasks/archive/2026-10/10-08-compact-climate-weather-oracle/design.md: Monthly recipes, names and time; src/ipcch/climate2015_features.py:104-251; src/ipcch/retained_feature_recipes.py:20-110,123-177; .trellis/tasks/10-08-compact-cds-launch/design.md","Source observation month is an availability proxy; historical release vintage is not certified. This is an expected input, not a fitted result. Existing supplied values and composite definitions are preserved; physical scale/product version is not independently certified. Bloomberg member quote scales are not harmonized.",expected_not_fitted,Analysis/1.Source Data/assembled_IPCCH/interim/IPCCH_2026_target_corrected_nino34_wbfood.csv,Analysis/1.Source Data/assembled_IPCCH/interim/IPCCH_2026_target_corrected_nino34_wbfood.csv,x[O],x[O] Use O=2026-04 and target T from the run index.,Source-native NA; no carrier-row or saved-extra-NA mask; no interpolation or extra forward fill. XGBoost handles NA natively. Missing x[O] remains NA.,Source-native NA; no carrier-row or saved-extra-NA mask; no interpolation or extra forward fill. XGBoost handles NA natively. Missing x[O] remains NA.,Inherited source/recipe definition; see base_source_definition,Inherited source/recipe definition; see base_source_definition,Inherited compact source; upstream aggregation not independently certified,Same retained compact source/recipe; upstream aggregation not independently certified
66,bbg_staple_food__composite_mean__ma3_at_origin,Commodity markets,staple food Bloomberg composite; ma3 ending at origin.,Native member-price units as stored; mixed quote scales are not harmonized by this recipe,Training: Analysis/1.Source Data/assembled_IPCCH/interim/IPCCH_2026_target_corrected_nino34_wbfood.csv; Inference: Analysis/1.Source Data/assembled_IPCCH/interim/IPCCH_2026_target_corrected_nino34_wbfood.csv,O=T-H; O-2 through O,mean_nonmissing(x[O-2:O]); require >= 2 valid months,Source-native NA; no carrier-row or saved-extra-NA mask; no interpolation or extra forward fill. XGBoost handles NA natively. NA below 2 valid observations within the fixed 3-calendar-month window; never extend the window to find values.,numeric,true,1,true,1,true,1,true,1,true,1,"[""bbg_staple_food__composite_mean__ma3_at_origin""]","{""compact_baseline/0m"":66,""compact_baseline/6m"":66,""compact_baseline/12m"":66,""compact_cds_weather/6m"":66,""compact_cds_weather/12m"":66}","[0, 6, 12]",ordinary,bbg_staple_food__composite_mean,"Arithmetic mean of available numeric values across [""bbg_staple_food_corn_x1_price"",""bbg_staple_food_hard_wheat_x1_price"",""bbg_staple_food_rough_rice_x1_price"",""bbg_staple_food_soft_wheat_x1_price"",""bbg_staple_food_soybeans_x1_price""]; no rescaling at this step; NA if all members are missing.",".trellis/tasks/archive/2026-10/10-08-compact-climate-weather-oracle/design.md: Monthly recipes, names and time; src/ipcch/climate2015_features.py:104-251; src/ipcch/retained_feature_recipes.py:20-110,123-177; .trellis/tasks/10-08-compact-cds-launch/design.md","Source observation month is an availability proxy; historical release vintage is not certified. This is an expected input, not a fitted result. Existing supplied values and composite definitions are preserved; physical scale/product version is not independently certified. Bloomberg member quote scales are not harmonized.",expected_not_fitted,Analysis/1.Source Data/assembled_IPCCH/interim/IPCCH_2026_target_corrected_nino34_wbfood.csv,Analysis/1.Source Data/assembled_IPCCH/interim/IPCCH_2026_target_corrected_nino34_wbfood.csv,mean_nonmissing(x[O-2:O]); require >= 2 valid months,mean_nonmissing(x[O-2:O]); require >= 2 valid months Use O=2026-04 and target T from the run index.,Source-native NA; no carrier-row or saved-extra-NA mask; no interpolation or extra forward fill. XGBoost handles NA natively. NA below 2 valid observations within the fixed 3-calendar-month window; never extend the window to find values.,Source-native NA; no carrier-row or saved-extra-NA mask; no interpolation or extra forward fill. XGBoost handles NA natively. NA below 2 valid observations within the fixed 3-calendar-month window; never extend the window to find values.,Inherited source/recipe definition; see base_source_definition,Inherited source/recipe definition; see base_source_definition,Inherited compact source; upstream aggregation not independently certified,Same retained compact source/recipe; upstream aggregation not independently certified
67,bbg_staple_food__composite_mean__ma6_at_origin,Commodity markets,staple food Bloomberg composite; ma6 ending at origin.,Native member-price units as stored; mixed quote scales are not harmonized by this recipe,Training: Analysis/1.Source Data/assembled_IPCCH/interim/IPCCH_2026_target_corrected_nino34_wbfood.csv; Inference: Analysis/1.Source Data/assembled_IPCCH/interim/IPCCH_2026_target_corrected_nino34_wbfood.csv,O=T-H; O-5 through O,mean_nonmissing(x[O-5:O]); require >= 3 valid months,Source-native NA; no carrier-row or saved-extra-NA mask; no interpolation or extra forward fill. XGBoost handles NA natively. NA below 3 valid observations within the fixed 6-calendar-month window; never extend the window to find values.,numeric,true,1,true,1,true,1,true,1,true,1,"[""bbg_staple_food__composite_mean__ma6_at_origin""]","{""compact_baseline/0m"":67,""compact_baseline/6m"":67,""compact_baseline/12m"":67,""compact_cds_weather/6m"":67,""compact_cds_weather/12m"":67}","[0, 6, 12]",ordinary,bbg_staple_food__composite_mean,"Arithmetic mean of available numeric values across [""bbg_staple_food_corn_x1_price"",""bbg_staple_food_hard_wheat_x1_price"",""bbg_staple_food_rough_rice_x1_price"",""bbg_staple_food_soft_wheat_x1_price"",""bbg_staple_food_soybeans_x1_price""]; no rescaling at this step; NA if all members are missing.",".trellis/tasks/archive/2026-10/10-08-compact-climate-weather-oracle/design.md: Monthly recipes, names and time; src/ipcch/climate2015_features.py:104-251; src/ipcch/retained_feature_recipes.py:20-110,123-177; .trellis/tasks/10-08-compact-cds-launch/design.md","Source observation month is an availability proxy; historical release vintage is not certified. This is an expected input, not a fitted result. Existing supplied values and composite definitions are preserved; physical scale/product version is not independently certified. Bloomberg member quote scales are not harmonized.",expected_not_fitted,Analysis/1.Source Data/assembled_IPCCH/interim/IPCCH_2026_target_corrected_nino34_wbfood.csv,Analysis/1.Source Data/assembled_IPCCH/interim/IPCCH_2026_target_corrected_nino34_wbfood.csv,mean_nonmissing(x[O-5:O]); require >= 3 valid months,mean_nonmissing(x[O-5:O]); require >= 3 valid months Use O=2026-04 and target T from the run index.,Source-native NA; no carrier-row or saved-extra-NA mask; no interpolation or extra forward fill. XGBoost handles NA natively. NA below 3 valid observations within the fixed 6-calendar-month window; never extend the window to find values.,Source-native NA; no carrier-row or saved-extra-NA mask; no interpolation or extra forward fill. XGBoost handles NA natively. NA below 3 valid observations within the fixed 6-calendar-month window; never extend the window to find values.,Inherited source/recipe definition; see base_source_definition,Inherited source/recipe definition; see base_source_definition,Inherited compact source; upstream aggregation not independently certified,Same retained compact source/recipe; upstream aggregation not independently certified
68,bbg_staple_food__composite_mean__ma12_at_origin,Commodity markets,staple food Bloomberg composite; ma12 ending at origin.,Native member-price units as stored; mixed quote scales are not harmonized by this recipe,Training: Analysis/1.Source Data/assembled_IPCCH/interim/IPCCH_2026_target_corrected_nino34_wbfood.csv; Inference: Analysis/1.Source Data/assembled_IPCCH/interim/IPCCH_2026_target_corrected_nino34_wbfood.csv,O=T-H; O-11 through O,mean_nonmissing(x[O-11:O]); require >= 6 valid months,Source-native NA; no carrier-row or saved-extra-NA mask; no interpolation or extra forward fill. XGBoost handles NA natively. NA below 6 valid observations within the fixed 12-calendar-month window; never extend the window to find values.,numeric,true,1,true,1,true,1,true,1,true,1,"[""bbg_staple_food__composite_mean__ma12_at_origin""]","{""compact_baseline/0m"":68,""compact_baseline/6m"":68,""compact_baseline/12m"":68,""compact_cds_weather/6m"":68,""compact_cds_weather/12m"":68}","[0, 6, 12]",ordinary,bbg_staple_food__composite_mean,"Arithmetic mean of available numeric values across [""bbg_staple_food_corn_x1_price"",""bbg_staple_food_hard_wheat_x1_price"",""bbg_staple_food_rough_rice_x1_price"",""bbg_staple_food_soft_wheat_x1_price"",""bbg_staple_food_soybeans_x1_price""]; no rescaling at this step; NA if all members are missing.",".trellis/tasks/archive/2026-10/10-08-compact-climate-weather-oracle/design.md: Monthly recipes, names and time; src/ipcch/climate2015_features.py:104-251; src/ipcch/retained_feature_recipes.py:20-110,123-177; .trellis/tasks/10-08-compact-cds-launch/design.md","Source observation month is an availability proxy; historical release vintage is not certified. This is an expected input, not a fitted result. Existing supplied values and composite definitions are preserved; physical scale/product version is not independently certified. Bloomberg member quote scales are not harmonized.",expected_not_fitted,Analysis/1.Source Data/assembled_IPCCH/interim/IPCCH_2026_target_corrected_nino34_wbfood.csv,Analysis/1.Source Data/assembled_IPCCH/interim/IPCCH_2026_target_corrected_nino34_wbfood.csv,mean_nonmissing(x[O-11:O]); require >= 6 valid months,mean_nonmissing(x[O-11:O]); require >= 6 valid months Use O=2026-04 and target T from the run index.,Source-native NA; no carrier-row or saved-extra-NA mask; no interpolation or extra forward fill. XGBoost handles NA natively. NA below 6 valid observations within the fixed 12-calendar-month window; never extend the window to find values.,Source-native NA; no carrier-row or saved-extra-NA mask; no interpolation or extra forward fill. XGBoost handles NA natively. NA below 6 valid observations within the fixed 12-calendar-month window; never extend the window to find values.,Inherited source/recipe definition; see base_source_definition,Inherited source/recipe definition; see base_source_definition,Inherited compact source; upstream aggregation not independently certified,Same retained compact source/recipe; upstream aggregation not independently certified
69,bbg_staple_food__composite_mean__sd12_at_origin,Commodity markets,staple food Bloomberg composite; sd12 ending at origin.,Native member-price units as stored; mixed quote scales are not harmonized by this recipe,Training: Analysis/1.Source Data/assembled_IPCCH/interim/IPCCH_2026_target_corrected_nino34_wbfood.csv; Inference: Analysis/1.Source Data/assembled_IPCCH/interim/IPCCH_2026_target_corrected_nino34_wbfood.csv,O=T-H; O-11 through O,"sample_sd(x[O-11:O], ddof=1); require >= 6 valid months",Source-native NA; no carrier-row or saved-extra-NA mask; no interpolation or extra forward fill. XGBoost handles NA natively. NA below 6 valid observations within the fixed 12-calendar-month window; never extend the window to find values.,numeric,true,1,true,1,true,1,true,1,true,1,"[""bbg_staple_food__composite_mean__sd12_at_origin""]","{""compact_baseline/0m"":69,""compact_baseline/6m"":69,""compact_baseline/12m"":69,""compact_cds_weather/6m"":69,""compact_cds_weather/12m"":69}","[0, 6, 12]",ordinary,bbg_staple_food__composite_mean,"Arithmetic mean of available numeric values across [""bbg_staple_food_corn_x1_price"",""bbg_staple_food_hard_wheat_x1_price"",""bbg_staple_food_rough_rice_x1_price"",""bbg_staple_food_soft_wheat_x1_price"",""bbg_staple_food_soybeans_x1_price""]; no rescaling at this step; NA if all members are missing.",".trellis/tasks/archive/2026-10/10-08-compact-climate-weather-oracle/design.md: Monthly recipes, names and time; src/ipcch/climate2015_features.py:104-251; src/ipcch/retained_feature_recipes.py:20-110,123-177; .trellis/tasks/10-08-compact-cds-launch/design.md","Source observation month is an availability proxy; historical release vintage is not certified. This is an expected input, not a fitted result. Existing supplied values and composite definitions are preserved; physical scale/product version is not independently certified. Bloomberg member quote scales are not harmonized.",expected_not_fitted,Analysis/1.Source Data/assembled_IPCCH/interim/IPCCH_2026_target_corrected_nino34_wbfood.csv,Analysis/1.Source Data/assembled_IPCCH/interim/IPCCH_2026_target_corrected_nino34_wbfood.csv,"sample_sd(x[O-11:O], ddof=1); require >= 6 valid months","sample_sd(x[O-11:O], ddof=1); require >= 6 valid months Use O=2026-04 and target T from the run index.",Source-native NA; no carrier-row or saved-extra-NA mask; no interpolation or extra forward fill. XGBoost handles NA natively. NA below 6 valid observations within the fixed 12-calendar-month window; never extend the window to find values.,Source-native NA; no carrier-row or saved-extra-NA mask; no interpolation or extra forward fill. XGBoost handles NA natively. NA below 6 valid observations within the fixed 12-calendar-month window; never extend the window to find values.,Inherited source/recipe definition; see base_source_definition,Inherited source/recipe definition; see base_source_definition,Inherited compact source; upstream aggregation not independently certified,Same retained compact source/recipe; upstream aggregation not independently certified
70,bbg_oilgas__composite_mean__value_at_origin,Commodity markets,oilgas Bloomberg composite; value ending at origin.,Native member-price units as stored; mixed quote scales are not harmonized by this recipe,Training: Analysis/1.Source Data/assembled_IPCCH/interim/IPCCH_2026_target_corrected_nino34_wbfood.csv; Inference: Analysis/1.Source Data/assembled_IPCCH/interim/IPCCH_2026_target_corrected_nino34_wbfood.csv,O=T-H; O,x[O],Source-native NA; no carrier-row or saved-extra-NA mask; no interpolation or extra forward fill. XGBoost handles NA natively. Missing x[O] remains NA.,numeric,true,1,true,1,true,1,true,1,true,1,"[""bbg_oilgas__composite_mean__value_at_origin""]","{""compact_baseline/0m"":70,""compact_baseline/6m"":70,""compact_baseline/12m"":70,""compact_cds_weather/6m"":70,""compact_cds_weather/12m"":70}","[0, 6, 12]",ordinary,bbg_oilgas__composite_mean,"Arithmetic mean of available numeric values across [""bbg_NGUSHHUB"",""bbg_oilgas_CL1_COMB_Comdty_price"",""bbg_oilgas_NG1_Comdty_price""]; no rescaling at this step; NA if all members are missing.",".trellis/tasks/archive/2026-10/10-08-compact-climate-weather-oracle/design.md: Monthly recipes, names and time; src/ipcch/climate2015_features.py:104-251; src/ipcch/retained_feature_recipes.py:20-110,123-177; .trellis/tasks/10-08-compact-cds-launch/design.md","Source observation month is an availability proxy; historical release vintage is not certified. This is an expected input, not a fitted result. Existing supplied values and composite definitions are preserved; physical scale/product version is not independently certified. Bloomberg member quote scales are not harmonized.",expected_not_fitted,Analysis/1.Source Data/assembled_IPCCH/interim/IPCCH_2026_target_corrected_nino34_wbfood.csv,Analysis/1.Source Data/assembled_IPCCH/interim/IPCCH_2026_target_corrected_nino34_wbfood.csv,x[O],x[O] Use O=2026-04 and target T from the run index.,Source-native NA; no carrier-row or saved-extra-NA mask; no interpolation or extra forward fill. XGBoost handles NA natively. Missing x[O] remains NA.,Source-native NA; no carrier-row or saved-extra-NA mask; no interpolation or extra forward fill. XGBoost handles NA natively. Missing x[O] remains NA.,Inherited source/recipe definition; see base_source_definition,Inherited source/recipe definition; see base_source_definition,Inherited compact source; upstream aggregation not independently certified,Same retained compact source/recipe; upstream aggregation not independently certified
71,bbg_oilgas__composite_mean__ma3_at_origin,Commodity markets,oilgas Bloomberg composite; ma3 ending at origin.,Native member-price units as stored; mixed quote scales are not harmonized by this recipe,Training: Analysis/1.Source Data/assembled_IPCCH/interim/IPCCH_2026_target_corrected_nino34_wbfood.csv; Inference: Analysis/1.Source Data/assembled_IPCCH/interim/IPCCH_2026_target_corrected_nino34_wbfood.csv,O=T-H; O-2 through O,mean_nonmissing(x[O-2:O]); require >= 2 valid months,Source-native NA; no carrier-row or saved-extra-NA mask; no interpolation or extra forward fill. XGBoost handles NA natively. NA below 2 valid observations within the fixed 3-calendar-month window; never extend the window to find values.,numeric,true,1,true,1,true,1,true,1,true,1,"[""bbg_oilgas__composite_mean__ma3_at_origin""]","{""compact_baseline/0m"":71,""compact_baseline/6m"":71,""compact_baseline/12m"":71,""compact_cds_weather/6m"":71,""compact_cds_weather/12m"":71}","[0, 6, 12]",ordinary,bbg_oilgas__composite_mean,"Arithmetic mean of available numeric values across [""bbg_NGUSHHUB"",""bbg_oilgas_CL1_COMB_Comdty_price"",""bbg_oilgas_NG1_Comdty_price""]; no rescaling at this step; NA if all members are missing.",".trellis/tasks/archive/2026-10/10-08-compact-climate-weather-oracle/design.md: Monthly recipes, names and time; src/ipcch/climate2015_features.py:104-251; src/ipcch/retained_feature_recipes.py:20-110,123-177; .trellis/tasks/10-08-compact-cds-launch/design.md","Source observation month is an availability proxy; historical release vintage is not certified. This is an expected input, not a fitted result. Existing supplied values and composite definitions are preserved; physical scale/product version is not independently certified. Bloomberg member quote scales are not harmonized.",expected_not_fitted,Analysis/1.Source Data/assembled_IPCCH/interim/IPCCH_2026_target_corrected_nino34_wbfood.csv,Analysis/1.Source Data/assembled_IPCCH/interim/IPCCH_2026_target_corrected_nino34_wbfood.csv,mean_nonmissing(x[O-2:O]); require >= 2 valid months,mean_nonmissing(x[O-2:O]); require >= 2 valid months Use O=2026-04 and target T from the run index.,Source-native NA; no carrier-row or saved-extra-NA mask; no interpolation or extra forward fill. XGBoost handles NA natively. NA below 2 valid observations within the fixed 3-calendar-month window; never extend the window to find values.,Source-native NA; no carrier-row or saved-extra-NA mask; no interpolation or extra forward fill. XGBoost handles NA natively. NA below 2 valid observations within the fixed 3-calendar-month window; never extend the window to find values.,Inherited source/recipe definition; see base_source_definition,Inherited source/recipe definition; see base_source_definition,Inherited compact source; upstream aggregation not independently certified,Same retained compact source/recipe; upstream aggregation not independently certified
72,bbg_oilgas__composite_mean__ma6_at_origin,Commodity markets,oilgas Bloomberg composite; ma6 ending at origin.,Native member-price units as stored; mixed quote scales are not harmonized by this recipe,Training: Analysis/1.Source Data/assembled_IPCCH/interim/IPCCH_2026_target_corrected_nino34_wbfood.csv; Inference: Analysis/1.Source Data/assembled_IPCCH/interim/IPCCH_2026_target_corrected_nino34_wbfood.csv,O=T-H; O-5 through O,mean_nonmissing(x[O-5:O]); require >= 3 valid months,Source-native NA; no carrier-row or saved-extra-NA mask; no interpolation or extra forward fill. XGBoost handles NA natively. NA below 3 valid observations within the fixed 6-calendar-month window; never extend the window to find values.,numeric,true,1,true,1,true,1,true,1,true,1,"[""bbg_oilgas__composite_mean__ma6_at_origin""]","{""compact_baseline/0m"":72,""compact_baseline/6m"":72,""compact_baseline/12m"":72,""compact_cds_weather/6m"":72,""compact_cds_weather/12m"":72}","[0, 6, 12]",ordinary,bbg_oilgas__composite_mean,"Arithmetic mean of available numeric values across [""bbg_NGUSHHUB"",""bbg_oilgas_CL1_COMB_Comdty_price"",""bbg_oilgas_NG1_Comdty_price""]; no rescaling at this step; NA if all members are missing.",".trellis/tasks/archive/2026-10/10-08-compact-climate-weather-oracle/design.md: Monthly recipes, names and time; src/ipcch/climate2015_features.py:104-251; src/ipcch/retained_feature_recipes.py:20-110,123-177; .trellis/tasks/10-08-compact-cds-launch/design.md","Source observation month is an availability proxy; historical release vintage is not certified. This is an expected input, not a fitted result. Existing supplied values and composite definitions are preserved; physical scale/product version is not independently certified. Bloomberg member quote scales are not harmonized.",expected_not_fitted,Analysis/1.Source Data/assembled_IPCCH/interim/IPCCH_2026_target_corrected_nino34_wbfood.csv,Analysis/1.Source Data/assembled_IPCCH/interim/IPCCH_2026_target_corrected_nino34_wbfood.csv,mean_nonmissing(x[O-5:O]); require >= 3 valid months,mean_nonmissing(x[O-5:O]); require >= 3 valid months Use O=2026-04 and target T from the run index.,Source-native NA; no carrier-row or saved-extra-NA mask; no interpolation or extra forward fill. XGBoost handles NA natively. NA below 3 valid observations within the fixed 6-calendar-month window; never extend the window to find values.,Source-native NA; no carrier-row or saved-extra-NA mask; no interpolation or extra forward fill. XGBoost handles NA natively. NA below 3 valid observations within the fixed 6-calendar-month window; never extend the window to find values.,Inherited source/recipe definition; see base_source_definition,Inherited source/recipe definition; see base_source_definition,Inherited compact source; upstream aggregation not independently certified,Same retained compact source/recipe; upstream aggregation not independently certified
73,bbg_oilgas__composite_mean__ma12_at_origin,Commodity markets,oilgas Bloomberg composite; ma12 ending at origin.,Native member-price units as stored; mixed quote scales are not harmonized by this recipe,Training: Analysis/1.Source Data/assembled_IPCCH/interim/IPCCH_2026_target_corrected_nino34_wbfood.csv; Inference: Analysis/1.Source Data/assembled_IPCCH/interim/IPCCH_2026_target_corrected_nino34_wbfood.csv,O=T-H; O-11 through O,mean_nonmissing(x[O-11:O]); require >= 6 valid months,Source-native NA; no carrier-row or saved-extra-NA mask; no interpolation or extra forward fill. XGBoost handles NA natively. NA below 6 valid observations within the fixed 12-calendar-month window; never extend the window to find values.,numeric,true,1,true,1,true,1,true,1,true,1,"[""bbg_oilgas__composite_mean__ma12_at_origin""]","{""compact_baseline/0m"":73,""compact_baseline/6m"":73,""compact_baseline/12m"":73,""compact_cds_weather/6m"":73,""compact_cds_weather/12m"":73}","[0, 6, 12]",ordinary,bbg_oilgas__composite_mean,"Arithmetic mean of available numeric values across [""bbg_NGUSHHUB"",""bbg_oilgas_CL1_COMB_Comdty_price"",""bbg_oilgas_NG1_Comdty_price""]; no rescaling at this step; NA if all members are missing.",".trellis/tasks/archive/2026-10/10-08-compact-climate-weather-oracle/design.md: Monthly recipes, names and time; src/ipcch/climate2015_features.py:104-251; src/ipcch/retained_feature_recipes.py:20-110,123-177; .trellis/tasks/10-08-compact-cds-launch/design.md","Source observation month is an availability proxy; historical release vintage is not certified. This is an expected input, not a fitted result. Existing supplied values and composite definitions are preserved; physical scale/product version is not independently certified. Bloomberg member quote scales are not harmonized.",expected_not_fitted,Analysis/1.Source Data/assembled_IPCCH/interim/IPCCH_2026_target_corrected_nino34_wbfood.csv,Analysis/1.Source Data/assembled_IPCCH/interim/IPCCH_2026_target_corrected_nino34_wbfood.csv,mean_nonmissing(x[O-11:O]); require >= 6 valid months,mean_nonmissing(x[O-11:O]); require >= 6 valid months Use O=2026-04 and target T from the run index.,Source-native NA; no carrier-row or saved-extra-NA mask; no interpolation or extra forward fill. XGBoost handles NA natively. NA below 6 valid observations within the fixed 12-calendar-month window; never extend the window to find values.,Source-native NA; no carrier-row or saved-extra-NA mask; no interpolation or extra forward fill. XGBoost handles NA natively. NA below 6 valid observations within the fixed 12-calendar-month window; never extend the window to find values.,Inherited source/recipe definition; see base_source_definition,Inherited source/recipe definition; see base_source_definition,Inherited compact source; upstream aggregation not independently certified,Same retained compact source/recipe; upstream aggregation not independently certified
74,bbg_oilgas__composite_mean__sd12_at_origin,Commodity markets,oilgas Bloomberg composite; sd12 ending at origin.,Native member-price units as stored; mixed quote scales are not harmonized by this recipe,Training: Analysis/1.Source Data/assembled_IPCCH/interim/IPCCH_2026_target_corrected_nino34_wbfood.csv; Inference: Analysis/1.Source Data/assembled_IPCCH/interim/IPCCH_2026_target_corrected_nino34_wbfood.csv,O=T-H; O-11 through O,"sample_sd(x[O-11:O], ddof=1); require >= 6 valid months",Source-native NA; no carrier-row or saved-extra-NA mask; no interpolation or extra forward fill. XGBoost handles NA natively. NA below 6 valid observations within the fixed 12-calendar-month window; never extend the window to find values.,numeric,true,1,true,1,true,1,true,1,true,1,"[""bbg_oilgas__composite_mean__sd12_at_origin""]","{""compact_baseline/0m"":74,""compact_baseline/6m"":74,""compact_baseline/12m"":74,""compact_cds_weather/6m"":74,""compact_cds_weather/12m"":74}","[0, 6, 12]",ordinary,bbg_oilgas__composite_mean,"Arithmetic mean of available numeric values across [""bbg_NGUSHHUB"",""bbg_oilgas_CL1_COMB_Comdty_price"",""bbg_oilgas_NG1_Comdty_price""]; no rescaling at this step; NA if all members are missing.",".trellis/tasks/archive/2026-10/10-08-compact-climate-weather-oracle/design.md: Monthly recipes, names and time; src/ipcch/climate2015_features.py:104-251; src/ipcch/retained_feature_recipes.py:20-110,123-177; .trellis/tasks/10-08-compact-cds-launch/design.md","Source observation month is an availability proxy; historical release vintage is not certified. This is an expected input, not a fitted result. Existing supplied values and composite definitions are preserved; physical scale/product version is not independently certified. Bloomberg member quote scales are not harmonized.",expected_not_fitted,Analysis/1.Source Data/assembled_IPCCH/interim/IPCCH_2026_target_corrected_nino34_wbfood.csv,Analysis/1.Source Data/assembled_IPCCH/interim/IPCCH_2026_target_corrected_nino34_wbfood.csv,"sample_sd(x[O-11:O], ddof=1); require >= 6 valid months","sample_sd(x[O-11:O], ddof=1); require >= 6 valid months Use O=2026-04 and target T from the run index.",Source-native NA; no carrier-row or saved-extra-NA mask; no interpolation or extra forward fill. XGBoost handles NA natively. NA below 6 valid observations within the fixed 12-calendar-month window; never extend the window to find values.,Source-native NA; no carrier-row or saved-extra-NA mask; no interpolation or extra forward fill. XGBoost handles NA natively. NA below 6 valid observations within the fixed 12-calendar-month window; never extend the window to find values.,Inherited source/recipe definition; see base_source_definition,Inherited source/recipe definition; see base_source_definition,Inherited compact source; upstream aggregation not independently certified,Same retained compact source/recipe; upstream aggregation not independently certified
75,bbg_soybean_oil__composite_mean__value_at_origin,Commodity markets,soybean oil Bloomberg composite; value ending at origin.,Native member-price units as stored; mixed quote scales are not harmonized by this recipe,Training: Analysis/1.Source Data/assembled_IPCCH/interim/IPCCH_2026_target_corrected_nino34_wbfood.csv; Inference: Analysis/1.Source Data/assembled_IPCCH/interim/IPCCH_2026_target_corrected_nino34_wbfood.csv,O=T-H; O,x[O],Source-native NA; no carrier-row or saved-extra-NA mask; no interpolation or extra forward fill. XGBoost handles NA natively. Missing x[O] remains NA.,numeric,true,1,true,1,true,1,true,1,true,1,"[""bbg_soybean_oil__composite_mean__value_at_origin""]","{""compact_baseline/0m"":75,""compact_baseline/6m"":75,""compact_baseline/12m"":75,""compact_cds_weather/6m"":75,""compact_cds_weather/12m"":75}","[0, 6, 12]",ordinary,bbg_soybean_oil__composite_mean,"Arithmetic mean of available numeric values across [""bbg_soybean_oil_futures_last_price"",""bbg_soybean_oil_futures_bid""]; no rescaling at this step; NA if all members are missing.",".trellis/tasks/archive/2026-10/10-08-compact-climate-weather-oracle/design.md: Monthly recipes, names and time; src/ipcch/climate2015_features.py:104-251; src/ipcch/retained_feature_recipes.py:20-110,123-177; .trellis/tasks/10-08-compact-cds-launch/design.md","Source observation month is an availability proxy; historical release vintage is not certified. This is an expected input, not a fitted result. Existing supplied values and composite definitions are preserved; physical scale/product version is not independently certified. Bloomberg member quote scales are not harmonized.",expected_not_fitted,Analysis/1.Source Data/assembled_IPCCH/interim/IPCCH_2026_target_corrected_nino34_wbfood.csv,Analysis/1.Source Data/assembled_IPCCH/interim/IPCCH_2026_target_corrected_nino34_wbfood.csv,x[O],x[O] Use O=2026-04 and target T from the run index.,Source-native NA; no carrier-row or saved-extra-NA mask; no interpolation or extra forward fill. XGBoost handles NA natively. Missing x[O] remains NA.,Source-native NA; no carrier-row or saved-extra-NA mask; no interpolation or extra forward fill. XGBoost handles NA natively. Missing x[O] remains NA.,Inherited source/recipe definition; see base_source_definition,Inherited source/recipe definition; see base_source_definition,Inherited compact source; upstream aggregation not independently certified,Same retained compact source/recipe; upstream aggregation not independently certified
76,bbg_soybean_oil__composite_mean__ma3_at_origin,Commodity markets,soybean oil Bloomberg composite; ma3 ending at origin.,Native member-price units as stored; mixed quote scales are not harmonized by this recipe,Training: Analysis/1.Source Data/assembled_IPCCH/interim/IPCCH_2026_target_corrected_nino34_wbfood.csv; Inference: Analysis/1.Source Data/assembled_IPCCH/interim/IPCCH_2026_target_corrected_nino34_wbfood.csv,O=T-H; O-2 through O,mean_nonmissing(x[O-2:O]); require >= 2 valid months,Source-native NA; no carrier-row or saved-extra-NA mask; no interpolation or extra forward fill. XGBoost handles NA natively. NA below 2 valid observations within the fixed 3-calendar-month window; never extend the window to find values.,numeric,true,1,true,1,true,1,true,1,true,1,"[""bbg_soybean_oil__composite_mean__ma3_at_origin""]","{""compact_baseline/0m"":76,""compact_baseline/6m"":76,""compact_baseline/12m"":76,""compact_cds_weather/6m"":76,""compact_cds_weather/12m"":76}","[0, 6, 12]",ordinary,bbg_soybean_oil__composite_mean,"Arithmetic mean of available numeric values across [""bbg_soybean_oil_futures_last_price"",""bbg_soybean_oil_futures_bid""]; no rescaling at this step; NA if all members are missing.",".trellis/tasks/archive/2026-10/10-08-compact-climate-weather-oracle/design.md: Monthly recipes, names and time; src/ipcch/climate2015_features.py:104-251; src/ipcch/retained_feature_recipes.py:20-110,123-177; .trellis/tasks/10-08-compact-cds-launch/design.md","Source observation month is an availability proxy; historical release vintage is not certified. This is an expected input, not a fitted result. Existing supplied values and composite definitions are preserved; physical scale/product version is not independently certified. Bloomberg member quote scales are not harmonized.",expected_not_fitted,Analysis/1.Source Data/assembled_IPCCH/interim/IPCCH_2026_target_corrected_nino34_wbfood.csv,Analysis/1.Source Data/assembled_IPCCH/interim/IPCCH_2026_target_corrected_nino34_wbfood.csv,mean_nonmissing(x[O-2:O]); require >= 2 valid months,mean_nonmissing(x[O-2:O]); require >= 2 valid months Use O=2026-04 and target T from the run index.,Source-native NA; no carrier-row or saved-extra-NA mask; no interpolation or extra forward fill. XGBoost handles NA natively. NA below 2 valid observations within the fixed 3-calendar-month window; never extend the window to find values.,Source-native NA; no carrier-row or saved-extra-NA mask; no interpolation or extra forward fill. XGBoost handles NA natively. NA below 2 valid observations within the fixed 3-calendar-month window; never extend the window to find values.,Inherited source/recipe definition; see base_source_definition,Inherited source/recipe definition; see base_source_definition,Inherited compact source; upstream aggregation not independently certified,Same retained compact source/recipe; upstream aggregation not independently certified
77,bbg_soybean_oil__composite_mean__ma6_at_origin,Commodity markets,soybean oil Bloomberg composite; ma6 ending at origin.,Native member-price units as stored; mixed quote scales are not harmonized by this recipe,Training: Analysis/1.Source Data/assembled_IPCCH/interim/IPCCH_2026_target_corrected_nino34_wbfood.csv; Inference: Analysis/1.Source Data/assembled_IPCCH/interim/IPCCH_2026_target_corrected_nino34_wbfood.csv,O=T-H; O-5 through O,mean_nonmissing(x[O-5:O]); require >= 3 valid months,Source-native NA; no carrier-row or saved-extra-NA mask; no interpolation or extra forward fill. XGBoost handles NA natively. NA below 3 valid observations within the fixed 6-calendar-month window; never extend the window to find values.,numeric,true,1,true,1,true,1,true,1,true,1,"[""bbg_soybean_oil__composite_mean__ma6_at_origin""]","{""compact_baseline/0m"":77,""compact_baseline/6m"":77,""compact_baseline/12m"":77,""compact_cds_weather/6m"":77,""compact_cds_weather/12m"":77}","[0, 6, 12]",ordinary,bbg_soybean_oil__composite_mean,"Arithmetic mean of available numeric values across [""bbg_soybean_oil_futures_last_price"",""bbg_soybean_oil_futures_bid""]; no rescaling at this step; NA if all members are missing.",".trellis/tasks/archive/2026-10/10-08-compact-climate-weather-oracle/design.md: Monthly recipes, names and time; src/ipcch/climate2015_features.py:104-251; src/ipcch/retained_feature_recipes.py:20-110,123-177; .trellis/tasks/10-08-compact-cds-launch/design.md","Source observation month is an availability proxy; historical release vintage is not certified. This is an expected input, not a fitted result. Existing supplied values and composite definitions are preserved; physical scale/product version is not independently certified. Bloomberg member quote scales are not harmonized.",expected_not_fitted,Analysis/1.Source Data/assembled_IPCCH/interim/IPCCH_2026_target_corrected_nino34_wbfood.csv,Analysis/1.Source Data/assembled_IPCCH/interim/IPCCH_2026_target_corrected_nino34_wbfood.csv,mean_nonmissing(x[O-5:O]); require >= 3 valid months,mean_nonmissing(x[O-5:O]); require >= 3 valid months Use O=2026-04 and target T from the run index.,Source-native NA; no carrier-row or saved-extra-NA mask; no interpolation or extra forward fill. XGBoost handles NA natively. NA below 3 valid observations within the fixed 6-calendar-month window; never extend the window to find values.,Source-native NA; no carrier-row or saved-extra-NA mask; no interpolation or extra forward fill. XGBoost handles NA natively. NA below 3 valid observations within the fixed 6-calendar-month window; never extend the window to find values.,Inherited source/recipe definition; see base_source_definition,Inherited source/recipe definition; see base_source_definition,Inherited compact source; upstream aggregation not independently certified,Same retained compact source/recipe; upstream aggregation not independently certified
78,bbg_soybean_oil__composite_mean__ma12_at_origin,Commodity markets,soybean oil Bloomberg composite; ma12 ending at origin.,Native member-price units as stored; mixed quote scales are not harmonized by this recipe,Training: Analysis/1.Source Data/assembled_IPCCH/interim/IPCCH_2026_target_corrected_nino34_wbfood.csv; Inference: Analysis/1.Source Data/assembled_IPCCH/interim/IPCCH_2026_target_corrected_nino34_wbfood.csv,O=T-H; O-11 through O,mean_nonmissing(x[O-11:O]); require >= 6 valid months,Source-native NA; no carrier-row or saved-extra-NA mask; no interpolation or extra forward fill. XGBoost handles NA natively. NA below 6 valid observations within the fixed 12-calendar-month window; never extend the window to find values.,numeric,true,1,true,1,true,1,true,1,true,1,"[""bbg_soybean_oil__composite_mean__ma12_at_origin""]","{""compact_baseline/0m"":78,""compact_baseline/6m"":78,""compact_baseline/12m"":78,""compact_cds_weather/6m"":78,""compact_cds_weather/12m"":78}","[0, 6, 12]",ordinary,bbg_soybean_oil__composite_mean,"Arithmetic mean of available numeric values across [""bbg_soybean_oil_futures_last_price"",""bbg_soybean_oil_futures_bid""]; no rescaling at this step; NA if all members are missing.",".trellis/tasks/archive/2026-10/10-08-compact-climate-weather-oracle/design.md: Monthly recipes, names and time; src/ipcch/climate2015_features.py:104-251; src/ipcch/retained_feature_recipes.py:20-110,123-177; .trellis/tasks/10-08-compact-cds-launch/design.md","Source observation month is an availability proxy; historical release vintage is not certified. This is an expected input, not a fitted result. Existing supplied values and composite definitions are preserved; physical scale/product version is not independently certified. Bloomberg member quote scales are not harmonized.",expected_not_fitted,Analysis/1.Source Data/assembled_IPCCH/interim/IPCCH_2026_target_corrected_nino34_wbfood.csv,Analysis/1.Source Data/assembled_IPCCH/interim/IPCCH_2026_target_corrected_nino34_wbfood.csv,mean_nonmissing(x[O-11:O]); require >= 6 valid months,mean_nonmissing(x[O-11:O]); require >= 6 valid months Use O=2026-04 and target T from the run index.,Source-native NA; no carrier-row or saved-extra-NA mask; no interpolation or extra forward fill. XGBoost handles NA natively. NA below 6 valid observations within the fixed 12-calendar-month window; never extend the window to find values.,Source-native NA; no carrier-row or saved-extra-NA mask; no interpolation or extra forward fill. XGBoost handles NA natively. NA below 6 valid observations within the fixed 12-calendar-month window; never extend the window to find values.,Inherited source/recipe definition; see base_source_definition,Inherited source/recipe definition; see base_source_definition,Inherited compact source; upstream aggregation not independently certified,Same retained compact source/recipe; upstream aggregation not independently certified
79,bbg_soybean_oil__composite_mean__sd12_at_origin,Commodity markets,soybean oil Bloomberg composite; sd12 ending at origin.,Native member-price units as stored; mixed quote scales are not harmonized by this recipe,Training: Analysis/1.Source Data/assembled_IPCCH/interim/IPCCH_2026_target_corrected_nino34_wbfood.csv; Inference: Analysis/1.Source Data/assembled_IPCCH/interim/IPCCH_2026_target_corrected_nino34_wbfood.csv,O=T-H; O-11 through O,"sample_sd(x[O-11:O], ddof=1); require >= 6 valid months",Source-native NA; no carrier-row or saved-extra-NA mask; no interpolation or extra forward fill. XGBoost handles NA natively. NA below 6 valid observations within the fixed 12-calendar-month window; never extend the window to find values.,numeric,true,1,true,1,true,1,true,1,true,1,"[""bbg_soybean_oil__composite_mean__sd12_at_origin""]","{""compact_baseline/0m"":79,""compact_baseline/6m"":79,""compact_baseline/12m"":79,""compact_cds_weather/6m"":79,""compact_cds_weather/12m"":79}","[0, 6, 12]",ordinary,bbg_soybean_oil__composite_mean,"Arithmetic mean of available numeric values across [""bbg_soybean_oil_futures_last_price"",""bbg_soybean_oil_futures_bid""]; no rescaling at this step; NA if all members are missing.",".trellis/tasks/archive/2026-10/10-08-compact-climate-weather-oracle/design.md: Monthly recipes, names and time; src/ipcch/climate2015_features.py:104-251; src/ipcch/retained_feature_recipes.py:20-110,123-177; .trellis/tasks/10-08-compact-cds-launch/design.md","Source observation month is an availability proxy; historical release vintage is not certified. This is an expected input, not a fitted result. Existing supplied values and composite definitions are preserved; physical scale/product version is not independently certified. Bloomberg member quote scales are not harmonized.",expected_not_fitted,Analysis/1.Source Data/assembled_IPCCH/interim/IPCCH_2026_target_corrected_nino34_wbfood.csv,Analysis/1.Source Data/assembled_IPCCH/interim/IPCCH_2026_target_corrected_nino34_wbfood.csv,"sample_sd(x[O-11:O], ddof=1); require >= 6 valid months","sample_sd(x[O-11:O], ddof=1); require >= 6 valid months Use O=2026-04 and target T from the run index.",Source-native NA; no carrier-row or saved-extra-NA mask; no interpolation or extra forward fill. XGBoost handles NA natively. NA below 6 valid observations within the fixed 12-calendar-month window; never extend the window to find values.,Source-native NA; no carrier-row or saved-extra-NA mask; no interpolation or extra forward fill. XGBoost handles NA natively. NA below 6 valid observations within the fixed 12-calendar-month window; never extend the window to find values.,Inherited source/recipe definition; see base_source_definition,Inherited source/recipe definition; see base_source_definition,Inherited compact source; upstream aggregation not independently certified,Same retained compact source/recipe; upstream aggregation not independently certified
80,bbg_global_food__composite_mean__value_at_origin,Commodity markets,global food Bloomberg composite; value ending at origin.,Native member-price units as stored; mixed quote scales are not harmonized by this recipe,Training: Analysis/1.Source Data/assembled_IPCCH/interim/IPCCH_2026_target_corrected_nino34_wbfood.csv; Inference: Analysis/1.Source Data/assembled_IPCCH/interim/IPCCH_2026_target_corrected_nino34_wbfood.csv,O=T-H; O,x[O],Source-native NA; no carrier-row or saved-extra-NA mask; no interpolation or extra forward fill. XGBoost handles NA natively. Missing x[O] remains NA.,numeric,true,1,true,1,true,1,true,1,true,1,"[""bbg_global_food__composite_mean__value_at_origin""]","{""compact_baseline/0m"":80,""compact_baseline/6m"":80,""compact_baseline/12m"":80,""compact_cds_weather/6m"":80,""compact_cds_weather/12m"":80}","[0, 6, 12]",ordinary,bbg_global_food__composite_mean,"Arithmetic mean of available numeric values across [""bbg_GCFPURGB"",""bbg_GCFPDANO"",""bbg_GCFPPOBA"",""bbg_GCFPURBS"",""bbg_GCFPAMME"",""bbg_GCFPAMBS"",""bbg_GCFPURMG"",""bbg_GCFPDAIN"",""bbg_TZTX2_Comdty""]; no rescaling at this step; NA if all members are missing.",".trellis/tasks/archive/2026-10/10-08-compact-climate-weather-oracle/design.md: Monthly recipes, names and time; src/ipcch/climate2015_features.py:104-251; src/ipcch/retained_feature_recipes.py:20-110,123-177; .trellis/tasks/10-08-compact-cds-launch/design.md","Source observation month is an availability proxy; historical release vintage is not certified. This is an expected input, not a fitted result. Existing supplied values and composite definitions are preserved; physical scale/product version is not independently certified. Bloomberg member quote scales are not harmonized.",expected_not_fitted,Analysis/1.Source Data/assembled_IPCCH/interim/IPCCH_2026_target_corrected_nino34_wbfood.csv,Analysis/1.Source Data/assembled_IPCCH/interim/IPCCH_2026_target_corrected_nino34_wbfood.csv,x[O],x[O] Use O=2026-04 and target T from the run index.,Source-native NA; no carrier-row or saved-extra-NA mask; no interpolation or extra forward fill. XGBoost handles NA natively. Missing x[O] remains NA.,Source-native NA; no carrier-row or saved-extra-NA mask; no interpolation or extra forward fill. XGBoost handles NA natively. Missing x[O] remains NA.,Inherited source/recipe definition; see base_source_definition,Inherited source/recipe definition; see base_source_definition,Inherited compact source; upstream aggregation not independently certified,Same retained compact source/recipe; upstream aggregation not independently certified
81,bbg_global_food__composite_mean__ma3_at_origin,Commodity markets,global food Bloomberg composite; ma3 ending at origin.,Native member-price units as stored; mixed quote scales are not harmonized by this recipe,Training: Analysis/1.Source Data/assembled_IPCCH/interim/IPCCH_2026_target_corrected_nino34_wbfood.csv; Inference: Analysis/1.Source Data/assembled_IPCCH/interim/IPCCH_2026_target_corrected_nino34_wbfood.csv,O=T-H; O-2 through O,mean_nonmissing(x[O-2:O]); require >= 2 valid months,Source-native NA; no carrier-row or saved-extra-NA mask; no interpolation or extra forward fill. XGBoost handles NA natively. NA below 2 valid observations within the fixed 3-calendar-month window; never extend the window to find values.,numeric,true,1,true,1,true,1,true,1,true,1,"[""bbg_global_food__composite_mean__ma3_at_origin""]","{""compact_baseline/0m"":81,""compact_baseline/6m"":81,""compact_baseline/12m"":81,""compact_cds_weather/6m"":81,""compact_cds_weather/12m"":81}","[0, 6, 12]",ordinary,bbg_global_food__composite_mean,"Arithmetic mean of available numeric values across [""bbg_GCFPURGB"",""bbg_GCFPDANO"",""bbg_GCFPPOBA"",""bbg_GCFPURBS"",""bbg_GCFPAMME"",""bbg_GCFPAMBS"",""bbg_GCFPURMG"",""bbg_GCFPDAIN"",""bbg_TZTX2_Comdty""]; no rescaling at this step; NA if all members are missing.",".trellis/tasks/archive/2026-10/10-08-compact-climate-weather-oracle/design.md: Monthly recipes, names and time; src/ipcch/climate2015_features.py:104-251; src/ipcch/retained_feature_recipes.py:20-110,123-177; .trellis/tasks/10-08-compact-cds-launch/design.md","Source observation month is an availability proxy; historical release vintage is not certified. This is an expected input, not a fitted result. Existing supplied values and composite definitions are preserved; physical scale/product version is not independently certified. Bloomberg member quote scales are not harmonized.",expected_not_fitted,Analysis/1.Source Data/assembled_IPCCH/interim/IPCCH_2026_target_corrected_nino34_wbfood.csv,Analysis/1.Source Data/assembled_IPCCH/interim/IPCCH_2026_target_corrected_nino34_wbfood.csv,mean_nonmissing(x[O-2:O]); require >= 2 valid months,mean_nonmissing(x[O-2:O]); require >= 2 valid months Use O=2026-04 and target T from the run index.,Source-native NA; no carrier-row or saved-extra-NA mask; no interpolation or extra forward fill. XGBoost handles NA natively. NA below 2 valid observations within the fixed 3-calendar-month window; never extend the window to find values.,Source-native NA; no carrier-row or saved-extra-NA mask; no interpolation or extra forward fill. XGBoost handles NA natively. NA below 2 valid observations within the fixed 3-calendar-month window; never extend the window to find values.,Inherited source/recipe definition; see base_source_definition,Inherited source/recipe definition; see base_source_definition,Inherited compact source; upstream aggregation not independently certified,Same retained compact source/recipe; upstream aggregation not independently certified
82,bbg_global_food__composite_mean__ma6_at_origin,Commodity markets,global food Bloomberg composite; ma6 ending at origin.,Native member-price units as stored; mixed quote scales are not harmonized by this recipe,Training: Analysis/1.Source Data/assembled_IPCCH/interim/IPCCH_2026_target_corrected_nino34_wbfood.csv; Inference: Analysis/1.Source Data/assembled_IPCCH/interim/IPCCH_2026_target_corrected_nino34_wbfood.csv,O=T-H; O-5 through O,mean_nonmissing(x[O-5:O]); require >= 3 valid months,Source-native NA; no carrier-row or saved-extra-NA mask; no interpolation or extra forward fill. XGBoost handles NA natively. NA below 3 valid observations within the fixed 6-calendar-month window; never extend the window to find values.,numeric,true,1,true,1,true,1,true,1,true,1,"[""bbg_global_food__composite_mean__ma6_at_origin""]","{""compact_baseline/0m"":82,""compact_baseline/6m"":82,""compact_baseline/12m"":82,""compact_cds_weather/6m"":82,""compact_cds_weather/12m"":82}","[0, 6, 12]",ordinary,bbg_global_food__composite_mean,"Arithmetic mean of available numeric values across [""bbg_GCFPURGB"",""bbg_GCFPDANO"",""bbg_GCFPPOBA"",""bbg_GCFPURBS"",""bbg_GCFPAMME"",""bbg_GCFPAMBS"",""bbg_GCFPURMG"",""bbg_GCFPDAIN"",""bbg_TZTX2_Comdty""]; no rescaling at this step; NA if all members are missing.",".trellis/tasks/archive/2026-10/10-08-compact-climate-weather-oracle/design.md: Monthly recipes, names and time; src/ipcch/climate2015_features.py:104-251; src/ipcch/retained_feature_recipes.py:20-110,123-177; .trellis/tasks/10-08-compact-cds-launch/design.md","Source observation month is an availability proxy; historical release vintage is not certified. This is an expected input, not a fitted result. Existing supplied values and composite definitions are preserved; physical scale/product version is not independently certified. Bloomberg member quote scales are not harmonized.",expected_not_fitted,Analysis/1.Source Data/assembled_IPCCH/interim/IPCCH_2026_target_corrected_nino34_wbfood.csv,Analysis/1.Source Data/assembled_IPCCH/interim/IPCCH_2026_target_corrected_nino34_wbfood.csv,mean_nonmissing(x[O-5:O]); require >= 3 valid months,mean_nonmissing(x[O-5:O]); require >= 3 valid months Use O=2026-04 and target T from the run index.,Source-native NA; no carrier-row or saved-extra-NA mask; no interpolation or extra forward fill. XGBoost handles NA natively. NA below 3 valid observations within the fixed 6-calendar-month window; never extend the window to find values.,Source-native NA; no carrier-row or saved-extra-NA mask; no interpolation or extra forward fill. XGBoost handles NA natively. NA below 3 valid observations within the fixed 6-calendar-month window; never extend the window to find values.,Inherited source/recipe definition; see base_source_definition,Inherited source/recipe definition; see base_source_definition,Inherited compact source; upstream aggregation not independently certified,Same retained compact source/recipe; upstream aggregation not independently certified
83,bbg_global_food__composite_mean__ma12_at_origin,Commodity markets,global food Bloomberg composite; ma12 ending at origin.,Native member-price units as stored; mixed quote scales are not harmonized by this recipe,Training: Analysis/1.Source Data/assembled_IPCCH/interim/IPCCH_2026_target_corrected_nino34_wbfood.csv; Inference: Analysis/1.Source Data/assembled_IPCCH/interim/IPCCH_2026_target_corrected_nino34_wbfood.csv,O=T-H; O-11 through O,mean_nonmissing(x[O-11:O]); require >= 6 valid months,Source-native NA; no carrier-row or saved-extra-NA mask; no interpolation or extra forward fill. XGBoost handles NA natively. NA below 6 valid observations within the fixed 12-calendar-month window; never extend the window to find values.,numeric,true,1,true,1,true,1,true,1,true,1,"[""bbg_global_food__composite_mean__ma12_at_origin""]","{""compact_baseline/0m"":83,""compact_baseline/6m"":83,""compact_baseline/12m"":83,""compact_cds_weather/6m"":83,""compact_cds_weather/12m"":83}","[0, 6, 12]",ordinary,bbg_global_food__composite_mean,"Arithmetic mean of available numeric values across [""bbg_GCFPURGB"",""bbg_GCFPDANO"",""bbg_GCFPPOBA"",""bbg_GCFPURBS"",""bbg_GCFPAMME"",""bbg_GCFPAMBS"",""bbg_GCFPURMG"",""bbg_GCFPDAIN"",""bbg_TZTX2_Comdty""]; no rescaling at this step; NA if all members are missing.",".trellis/tasks/archive/2026-10/10-08-compact-climate-weather-oracle/design.md: Monthly recipes, names and time; src/ipcch/climate2015_features.py:104-251; src/ipcch/retained_feature_recipes.py:20-110,123-177; .trellis/tasks/10-08-compact-cds-launch/design.md","Source observation month is an availability proxy; historical release vintage is not certified. This is an expected input, not a fitted result. Existing supplied values and composite definitions are preserved; physical scale/product version is not independently certified. Bloomberg member quote scales are not harmonized.",expected_not_fitted,Analysis/1.Source Data/assembled_IPCCH/interim/IPCCH_2026_target_corrected_nino34_wbfood.csv,Analysis/1.Source Data/assembled_IPCCH/interim/IPCCH_2026_target_corrected_nino34_wbfood.csv,mean_nonmissing(x[O-11:O]); require >= 6 valid months,mean_nonmissing(x[O-11:O]); require >= 6 valid months Use O=2026-04 and target T from the run index.,Source-native NA; no carrier-row or saved-extra-NA mask; no interpolation or extra forward fill. XGBoost handles NA natively. NA below 6 valid observations within the fixed 12-calendar-month window; never extend the window to find values.,Source-native NA; no carrier-row or saved-extra-NA mask; no interpolation or extra forward fill. XGBoost handles NA natively. NA below 6 valid observations within the fixed 12-calendar-month window; never extend the window to find values.,Inherited source/recipe definition; see base_source_definition,Inherited source/recipe definition; see base_source_definition,Inherited compact source; upstream aggregation not independently certified,Same retained compact source/recipe; upstream aggregation not independently certified
84,bbg_global_food__composite_mean__sd12_at_origin,Commodity markets,global food Bloomberg composite; sd12 ending at origin.,Native member-price units as stored; mixed quote scales are not harmonized by this recipe,Training: Analysis/1.Source Data/assembled_IPCCH/interim/IPCCH_2026_target_corrected_nino34_wbfood.csv; Inference: Analysis/1.Source Data/assembled_IPCCH/interim/IPCCH_2026_target_corrected_nino34_wbfood.csv,O=T-H; O-11 through O,"sample_sd(x[O-11:O], ddof=1); require >= 6 valid months",Source-native NA; no carrier-row or saved-extra-NA mask; no interpolation or extra forward fill. XGBoost handles NA natively. NA below 6 valid observations within the fixed 12-calendar-month window; never extend the window to find values.,numeric,true,1,true,1,true,1,true,1,true,1,"[""bbg_global_food__composite_mean__sd12_at_origin""]","{""compact_baseline/0m"":84,""compact_baseline/6m"":84,""compact_baseline/12m"":84,""compact_cds_weather/6m"":84,""compact_cds_weather/12m"":84}","[0, 6, 12]",ordinary,bbg_global_food__composite_mean,"Arithmetic mean of available numeric values across [""bbg_GCFPURGB"",""bbg_GCFPDANO"",""bbg_GCFPPOBA"",""bbg_GCFPURBS"",""bbg_GCFPAMME"",""bbg_GCFPAMBS"",""bbg_GCFPURMG"",""bbg_GCFPDAIN"",""bbg_TZTX2_Comdty""]; no rescaling at this step; NA if all members are missing.",".trellis/tasks/archive/2026-10/10-08-compact-climate-weather-oracle/design.md: Monthly recipes, names and time; src/ipcch/climate2015_features.py:104-251; src/ipcch/retained_feature_recipes.py:20-110,123-177; .trellis/tasks/10-08-compact-cds-launch/design.md","Source observation month is an availability proxy; historical release vintage is not certified. This is an expected input, not a fitted result. Existing supplied values and composite definitions are preserved; physical scale/product version is not independently certified. Bloomberg member quote scales are not harmonized.",expected_not_fitted,Analysis/1.Source Data/assembled_IPCCH/interim/IPCCH_2026_target_corrected_nino34_wbfood.csv,Analysis/1.Source Data/assembled_IPCCH/interim/IPCCH_2026_target_corrected_nino34_wbfood.csv,"sample_sd(x[O-11:O], ddof=1); require >= 6 valid months","sample_sd(x[O-11:O], ddof=1); require >= 6 valid months Use O=2026-04 and target T from the run index.",Source-native NA; no carrier-row or saved-extra-NA mask; no interpolation or extra forward fill. XGBoost handles NA natively. NA below 6 valid observations within the fixed 12-calendar-month window; never extend the window to find values.,Source-native NA; no carrier-row or saved-extra-NA mask; no interpolation or extra forward fill. XGBoost handles NA natively. NA below 6 valid observations within the fixed 12-calendar-month window; never extend the window to find values.,Inherited source/recipe definition; see base_source_definition,Inherited source/recipe definition; see base_source_definition,Inherited compact source; upstream aggregation not independently certified,Same retained compact source/recipe; upstream aggregation not independently certified
85,prcp_anom_month_ensmean__value_at_origin,Monthly climate,precipitation anomaly (source-ensemble mean); value ending at origin.,mm/month,Training: IPCCH_shared_folder/climate_monthly_2015_2026_MODELING_READY.csv; Inference: IPCCH_shared_folder/climate_monthly_2015_2026_MODELING_READY.csv,O=T-H; O,x[O],Source-native NA; no carrier-row or saved-extra-NA mask; no interpolation or extra forward fill. XGBoost handles NA natively. Missing x[O] remains NA.,numeric,true,1,true,1,true,1,true,1,true,1,"[""prcp_anom_month_ensmean__value_at_origin""]","{""compact_baseline/0m"":85,""compact_baseline/6m"":85,""compact_baseline/12m"":85,""compact_cds_weather/6m"":85,""compact_cds_weather/12m"":85}","[0, 6, 12]",ordinary,prcp_anom_month_ensmean,"For each source: monthly precipitation total minus its 1991–2020 calendar-month climatology; crop-area-weight to polygon; equal-weight mean across available sources. Parameters/caveats: Use CHIRPS pentad/monthly totals, not daily disaggregation, when only totals are required. Store n_sources and ens_sd.",".trellis/tasks/archive/2026-10/10-08-compact-climate-weather-oracle/design.md: Monthly recipes, names and time; src/ipcch/climate2015_features.py:104-251; /mnt/c/Users/swl00/IFPRI Dropbox/Weilun Shi/IPCCH_shared_folder/climate_agriculture_varlist.xlsx#VARLIST!B5:I5; src/ipcch/climate2015_features.py:18-23; .trellis/tasks/10-08-compact-cds-launch/design.md","Source observation month is an availability proxy; historical release vintage is not certified. This is an expected input, not a fitted result. Source units/definitions follow supplier documentation; upstream climatology fitting samples and ETL have not been independently verified.",expected_not_fitted,IPCCH_shared_folder/climate_monthly_2015_2026_MODELING_READY.csv,IPCCH_shared_folder/climate_monthly_2015_2026_MODELING_READY.csv,x[O],x[O] Use O=2026-04 and target T from the run index.,Source-native NA; no carrier-row or saved-extra-NA mask; no interpolation or extra forward fill. XGBoost handles NA natively. Missing x[O] remains NA.,Source-native NA; no carrier-row or saved-extra-NA mask; no interpolation or extra forward fill. XGBoost handles NA natively. Missing x[O] remains NA.,Inherited source/recipe definition; see base_source_definition,Inherited source/recipe definition; see base_source_definition,Inherited compact source; upstream aggregation not independently certified,Same retained compact source/recipe; upstream aggregation not independently certified
86,prcp_anom_month_ensmean__ma3_at_origin,Monthly climate,precipitation anomaly (source-ensemble mean); ma3 ending at origin.,mm/month,Training: IPCCH_shared_folder/climate_monthly_2015_2026_MODELING_READY.csv; Inference: IPCCH_shared_folder/climate_monthly_2015_2026_MODELING_READY.csv,O=T-H; O-2 through O,mean_nonmissing(x[O-2:O]); require >= 2 valid months,Source-native NA; no carrier-row or saved-extra-NA mask; no interpolation or extra forward fill. XGBoost handles NA natively. NA below 2 valid observations within the fixed 3-calendar-month window; never extend the window to find values.,numeric,true,1,true,1,true,1,true,1,true,1,"[""prcp_anom_month_ensmean__ma3_at_origin""]","{""compact_baseline/0m"":86,""compact_baseline/6m"":86,""compact_baseline/12m"":86,""compact_cds_weather/6m"":86,""compact_cds_weather/12m"":86}","[0, 6, 12]",ordinary,prcp_anom_month_ensmean,"For each source: monthly precipitation total minus its 1991–2020 calendar-month climatology; crop-area-weight to polygon; equal-weight mean across available sources. Parameters/caveats: Use CHIRPS pentad/monthly totals, not daily disaggregation, when only totals are required. Store n_sources and ens_sd.",".trellis/tasks/archive/2026-10/10-08-compact-climate-weather-oracle/design.md: Monthly recipes, names and time; src/ipcch/climate2015_features.py:104-251; /mnt/c/Users/swl00/IFPRI Dropbox/Weilun Shi/IPCCH_shared_folder/climate_agriculture_varlist.xlsx#VARLIST!B5:I5; src/ipcch/climate2015_features.py:18-23; .trellis/tasks/10-08-compact-cds-launch/design.md","Source observation month is an availability proxy; historical release vintage is not certified. This is an expected input, not a fitted result. Source units/definitions follow supplier documentation; upstream climatology fitting samples and ETL have not been independently verified.",expected_not_fitted,IPCCH_shared_folder/climate_monthly_2015_2026_MODELING_READY.csv,IPCCH_shared_folder/climate_monthly_2015_2026_MODELING_READY.csv,mean_nonmissing(x[O-2:O]); require >= 2 valid months,mean_nonmissing(x[O-2:O]); require >= 2 valid months Use O=2026-04 and target T from the run index.,Source-native NA; no carrier-row or saved-extra-NA mask; no interpolation or extra forward fill. XGBoost handles NA natively. NA below 2 valid observations within the fixed 3-calendar-month window; never extend the window to find values.,Source-native NA; no carrier-row or saved-extra-NA mask; no interpolation or extra forward fill. XGBoost handles NA natively. NA below 2 valid observations within the fixed 3-calendar-month window; never extend the window to find values.,Inherited source/recipe definition; see base_source_definition,Inherited source/recipe definition; see base_source_definition,Inherited compact source; upstream aggregation not independently certified,Same retained compact source/recipe; upstream aggregation not independently certified
87,prcp_anom_month_ensmean__ma6_at_origin,Monthly climate,precipitation anomaly (source-ensemble mean); ma6 ending at origin.,mm/month,Training: IPCCH_shared_folder/climate_monthly_2015_2026_MODELING_READY.csv; Inference: IPCCH_shared_folder/climate_monthly_2015_2026_MODELING_READY.csv,O=T-H; O-5 through O,mean_nonmissing(x[O-5:O]); require >= 3 valid months,Source-native NA; no carrier-row or saved-extra-NA mask; no interpolation or extra forward fill. XGBoost handles NA natively. NA below 3 valid observations within the fixed 6-calendar-month window; never extend the window to find values.,numeric,true,1,true,1,true,1,true,1,true,1,"[""prcp_anom_month_ensmean__ma6_at_origin""]","{""compact_baseline/0m"":87,""compact_baseline/6m"":87,""compact_baseline/12m"":87,""compact_cds_weather/6m"":87,""compact_cds_weather/12m"":87}","[0, 6, 12]",ordinary,prcp_anom_month_ensmean,"For each source: monthly precipitation total minus its 1991–2020 calendar-month climatology; crop-area-weight to polygon; equal-weight mean across available sources. Parameters/caveats: Use CHIRPS pentad/monthly totals, not daily disaggregation, when only totals are required. Store n_sources and ens_sd.",".trellis/tasks/archive/2026-10/10-08-compact-climate-weather-oracle/design.md: Monthly recipes, names and time; src/ipcch/climate2015_features.py:104-251; /mnt/c/Users/swl00/IFPRI Dropbox/Weilun Shi/IPCCH_shared_folder/climate_agriculture_varlist.xlsx#VARLIST!B5:I5; src/ipcch/climate2015_features.py:18-23; .trellis/tasks/10-08-compact-cds-launch/design.md","Source observation month is an availability proxy; historical release vintage is not certified. This is an expected input, not a fitted result. Source units/definitions follow supplier documentation; upstream climatology fitting samples and ETL have not been independently verified.",expected_not_fitted,IPCCH_shared_folder/climate_monthly_2015_2026_MODELING_READY.csv,IPCCH_shared_folder/climate_monthly_2015_2026_MODELING_READY.csv,mean_nonmissing(x[O-5:O]); require >= 3 valid months,mean_nonmissing(x[O-5:O]); require >= 3 valid months Use O=2026-04 and target T from the run index.,Source-native NA; no carrier-row or saved-extra-NA mask; no interpolation or extra forward fill. XGBoost handles NA natively. NA below 3 valid observations within the fixed 6-calendar-month window; never extend the window to find values.,Source-native NA; no carrier-row or saved-extra-NA mask; no interpolation or extra forward fill. XGBoost handles NA natively. NA below 3 valid observations within the fixed 6-calendar-month window; never extend the window to find values.,Inherited source/recipe definition; see base_source_definition,Inherited source/recipe definition; see base_source_definition,Inherited compact source; upstream aggregation not independently certified,Same retained compact source/recipe; upstream aggregation not independently certified
88,prcp_anom_month_ensmean__ma12_at_origin,Monthly climate,precipitation anomaly (source-ensemble mean); ma12 ending at origin.,mm/month,Training: IPCCH_shared_folder/climate_monthly_2015_2026_MODELING_READY.csv; Inference: IPCCH_shared_folder/climate_monthly_2015_2026_MODELING_READY.csv,O=T-H; O-11 through O,mean_nonmissing(x[O-11:O]); require >= 6 valid months,Source-native NA; no carrier-row or saved-extra-NA mask; no interpolation or extra forward fill. XGBoost handles NA natively. NA below 6 valid observations within the fixed 12-calendar-month window; never extend the window to find values.,numeric,true,1,true,1,true,1,true,1,true,1,"[""prcp_anom_month_ensmean__ma12_at_origin""]","{""compact_baseline/0m"":88,""compact_baseline/6m"":88,""compact_baseline/12m"":88,""compact_cds_weather/6m"":88,""compact_cds_weather/12m"":88}","[0, 6, 12]",ordinary,prcp_anom_month_ensmean,"For each source: monthly precipitation total minus its 1991–2020 calendar-month climatology; crop-area-weight to polygon; equal-weight mean across available sources. Parameters/caveats: Use CHIRPS pentad/monthly totals, not daily disaggregation, when only totals are required. Store n_sources and ens_sd.",".trellis/tasks/archive/2026-10/10-08-compact-climate-weather-oracle/design.md: Monthly recipes, names and time; src/ipcch/climate2015_features.py:104-251; /mnt/c/Users/swl00/IFPRI Dropbox/Weilun Shi/IPCCH_shared_folder/climate_agriculture_varlist.xlsx#VARLIST!B5:I5; src/ipcch/climate2015_features.py:18-23; .trellis/tasks/10-08-compact-cds-launch/design.md","Source observation month is an availability proxy; historical release vintage is not certified. This is an expected input, not a fitted result. Source units/definitions follow supplier documentation; upstream climatology fitting samples and ETL have not been independently verified.",expected_not_fitted,IPCCH_shared_folder/climate_monthly_2015_2026_MODELING_READY.csv,IPCCH_shared_folder/climate_monthly_2015_2026_MODELING_READY.csv,mean_nonmissing(x[O-11:O]); require >= 6 valid months,mean_nonmissing(x[O-11:O]); require >= 6 valid months Use O=2026-04 and target T from the run index.,Source-native NA; no carrier-row or saved-extra-NA mask; no interpolation or extra forward fill. XGBoost handles NA natively. NA below 6 valid observations within the fixed 12-calendar-month window; never extend the window to find values.,Source-native NA; no carrier-row or saved-extra-NA mask; no interpolation or extra forward fill. XGBoost handles NA natively. NA below 6 valid observations within the fixed 12-calendar-month window; never extend the window to find values.,Inherited source/recipe definition; see base_source_definition,Inherited source/recipe definition; see base_source_definition,Inherited compact source; upstream aggregation not independently certified,Same retained compact source/recipe; upstream aggregation not independently certified
89,prcp_anom_month_ensmean__sd12_at_origin,Monthly climate,precipitation anomaly (source-ensemble mean); sd12 ending at origin.,mm/month,Training: IPCCH_shared_folder/climate_monthly_2015_2026_MODELING_READY.csv; Inference: IPCCH_shared_folder/climate_monthly_2015_2026_MODELING_READY.csv,O=T-H; O-11 through O,"sample_sd(x[O-11:O], ddof=1); require >= 6 valid months",Source-native NA; no carrier-row or saved-extra-NA mask; no interpolation or extra forward fill. XGBoost handles NA natively. NA below 6 valid observations within the fixed 12-calendar-month window; never extend the window to find values.,numeric,true,1,true,1,true,1,true,1,true,1,"[""prcp_anom_month_ensmean__sd12_at_origin""]","{""compact_baseline/0m"":89,""compact_baseline/6m"":89,""compact_baseline/12m"":89,""compact_cds_weather/6m"":89,""compact_cds_weather/12m"":89}","[0, 6, 12]",ordinary,prcp_anom_month_ensmean,"For each source: monthly precipitation total minus its 1991–2020 calendar-month climatology; crop-area-weight to polygon; equal-weight mean across available sources. Parameters/caveats: Use CHIRPS pentad/monthly totals, not daily disaggregation, when only totals are required. Store n_sources and ens_sd.",".trellis/tasks/archive/2026-10/10-08-compact-climate-weather-oracle/design.md: Monthly recipes, names and time; src/ipcch/climate2015_features.py:104-251; /mnt/c/Users/swl00/IFPRI Dropbox/Weilun Shi/IPCCH_shared_folder/climate_agriculture_varlist.xlsx#VARLIST!B5:I5; src/ipcch/climate2015_features.py:18-23; .trellis/tasks/10-08-compact-cds-launch/design.md","Source observation month is an availability proxy; historical release vintage is not certified. This is an expected input, not a fitted result. Source units/definitions follow supplier documentation; upstream climatology fitting samples and ETL have not been independently verified.",expected_not_fitted,IPCCH_shared_folder/climate_monthly_2015_2026_MODELING_READY.csv,IPCCH_shared_folder/climate_monthly_2015_2026_MODELING_READY.csv,"sample_sd(x[O-11:O], ddof=1); require >= 6 valid months","sample_sd(x[O-11:O], ddof=1); require >= 6 valid months Use O=2026-04 and target T from the run index.",Source-native NA; no carrier-row or saved-extra-NA mask; no interpolation or extra forward fill. XGBoost handles NA natively. NA below 6 valid observations within the fixed 12-calendar-month window; never extend the window to find values.,Source-native NA; no carrier-row or saved-extra-NA mask; no interpolation or extra forward fill. XGBoost handles NA natively. NA below 6 valid observations within the fixed 12-calendar-month window; never extend the window to find values.,Inherited source/recipe definition; see base_source_definition,Inherited source/recipe definition; see base_source_definition,Inherited compact source; upstream aggregation not independently certified,Same retained compact source/recipe; upstream aggregation not independently certified
90,prcp_z_month_ensmean__value_at_origin,Monthly climate,standardized precipitation anomaly (source-ensemble mean); value ending at origin.,z-score,Training: IPCCH_shared_folder/climate_monthly_2015_2026_MODELING_READY.csv; Inference: IPCCH_shared_folder/climate_monthly_2015_2026_MODELING_READY.csv,O=T-H; O,x[O],Source-native NA; no carrier-row or saved-extra-NA mask; no interpolation or extra forward fill. XGBoost handles NA natively. Missing x[O] remains NA.,numeric,true,1,true,1,true,1,true,1,true,1,"[""prcp_z_month_ensmean__value_at_origin""]","{""compact_baseline/0m"":90,""compact_baseline/6m"":90,""compact_baseline/12m"":90,""compact_cds_weather/6m"":90,""compact_cds_weather/12m"":90}","[0, 6, 12]",ordinary,prcp_z_month_ensmean,For each source and calendar month: z = (P_month − climatological mean) / climatological SD; polygon aggregate; equal-weight mean of source z-scores. Parameters/caveats: Use fixed 1991–2020 normals; require adequate non-missing baseline years. Do not z-score the already-averaged ensemble.,".trellis/tasks/archive/2026-10/10-08-compact-climate-weather-oracle/design.md: Monthly recipes, names and time; src/ipcch/climate2015_features.py:104-251; /mnt/c/Users/swl00/IFPRI Dropbox/Weilun Shi/IPCCH_shared_folder/climate_agriculture_varlist.xlsx#VARLIST!B6:I6; src/ipcch/climate2015_features.py:18-23; .trellis/tasks/10-08-compact-cds-launch/design.md","Source observation month is an availability proxy; historical release vintage is not certified. This is an expected input, not a fitted result. Source units/definitions follow supplier documentation; upstream climatology fitting samples and ETL have not been independently verified.",expected_not_fitted,IPCCH_shared_folder/climate_monthly_2015_2026_MODELING_READY.csv,IPCCH_shared_folder/climate_monthly_2015_2026_MODELING_READY.csv,x[O],x[O] Use O=2026-04 and target T from the run index.,Source-native NA; no carrier-row or saved-extra-NA mask; no interpolation or extra forward fill. XGBoost handles NA natively. Missing x[O] remains NA.,Source-native NA; no carrier-row or saved-extra-NA mask; no interpolation or extra forward fill. XGBoost handles NA natively. Missing x[O] remains NA.,Inherited source/recipe definition; see base_source_definition,Inherited source/recipe definition; see base_source_definition,Inherited compact source; upstream aggregation not independently certified,Same retained compact source/recipe; upstream aggregation not independently certified
91,prcp_z_month_ensmean__ma3_at_origin,Monthly climate,standardized precipitation anomaly (source-ensemble mean); ma3 ending at origin.,z-score,Training: IPCCH_shared_folder/climate_monthly_2015_2026_MODELING_READY.csv; Inference: IPCCH_shared_folder/climate_monthly_2015_2026_MODELING_READY.csv,O=T-H; O-2 through O,mean_nonmissing(x[O-2:O]); require >= 2 valid months,Source-native NA; no carrier-row or saved-extra-NA mask; no interpolation or extra forward fill. XGBoost handles NA natively. NA below 2 valid observations within the fixed 3-calendar-month window; never extend the window to find values.,numeric,true,1,true,1,true,1,true,1,true,1,"[""prcp_z_month_ensmean__ma3_at_origin""]","{""compact_baseline/0m"":91,""compact_baseline/6m"":91,""compact_baseline/12m"":91,""compact_cds_weather/6m"":91,""compact_cds_weather/12m"":91}","[0, 6, 12]",ordinary,prcp_z_month_ensmean,For each source and calendar month: z = (P_month − climatological mean) / climatological SD; polygon aggregate; equal-weight mean of source z-scores. Parameters/caveats: Use fixed 1991–2020 normals; require adequate non-missing baseline years. Do not z-score the already-averaged ensemble.,".trellis/tasks/archive/2026-10/10-08-compact-climate-weather-oracle/design.md: Monthly recipes, names and time; src/ipcch/climate2015_features.py:104-251; /mnt/c/Users/swl00/IFPRI Dropbox/Weilun Shi/IPCCH_shared_folder/climate_agriculture_varlist.xlsx#VARLIST!B6:I6; src/ipcch/climate2015_features.py:18-23; .trellis/tasks/10-08-compact-cds-launch/design.md","Source observation month is an availability proxy; historical release vintage is not certified. This is an expected input, not a fitted result. Source units/definitions follow supplier documentation; upstream climatology fitting samples and ETL have not been independently verified.",expected_not_fitted,IPCCH_shared_folder/climate_monthly_2015_2026_MODELING_READY.csv,IPCCH_shared_folder/climate_monthly_2015_2026_MODELING_READY.csv,mean_nonmissing(x[O-2:O]); require >= 2 valid months,mean_nonmissing(x[O-2:O]); require >= 2 valid months Use O=2026-04 and target T from the run index.,Source-native NA; no carrier-row or saved-extra-NA mask; no interpolation or extra forward fill. XGBoost handles NA natively. NA below 2 valid observations within the fixed 3-calendar-month window; never extend the window to find values.,Source-native NA; no carrier-row or saved-extra-NA mask; no interpolation or extra forward fill. XGBoost handles NA natively. NA below 2 valid observations within the fixed 3-calendar-month window; never extend the window to find values.,Inherited source/recipe definition; see base_source_definition,Inherited source/recipe definition; see base_source_definition,Inherited compact source; upstream aggregation not independently certified,Same retained compact source/recipe; upstream aggregation not independently certified
92,prcp_z_month_ensmean__ma6_at_origin,Monthly climate,standardized precipitation anomaly (source-ensemble mean); ma6 ending at origin.,z-score,Training: IPCCH_shared_folder/climate_monthly_2015_2026_MODELING_READY.csv; Inference: IPCCH_shared_folder/climate_monthly_2015_2026_MODELING_READY.csv,O=T-H; O-5 through O,mean_nonmissing(x[O-5:O]); require >= 3 valid months,Source-native NA; no carrier-row or saved-extra-NA mask; no interpolation or extra forward fill. XGBoost handles NA natively. NA below 3 valid observations within the fixed 6-calendar-month window; never extend the window to find values.,numeric,true,1,true,1,true,1,true,1,true,1,"[""prcp_z_month_ensmean__ma6_at_origin""]","{""compact_baseline/0m"":92,""compact_baseline/6m"":92,""compact_baseline/12m"":92,""compact_cds_weather/6m"":92,""compact_cds_weather/12m"":92}","[0, 6, 12]",ordinary,prcp_z_month_ensmean,For each source and calendar month: z = (P_month − climatological mean) / climatological SD; polygon aggregate; equal-weight mean of source z-scores. Parameters/caveats: Use fixed 1991–2020 normals; require adequate non-missing baseline years. Do not z-score the already-averaged ensemble.,".trellis/tasks/archive/2026-10/10-08-compact-climate-weather-oracle/design.md: Monthly recipes, names and time; src/ipcch/climate2015_features.py:104-251; /mnt/c/Users/swl00/IFPRI Dropbox/Weilun Shi/IPCCH_shared_folder/climate_agriculture_varlist.xlsx#VARLIST!B6:I6; src/ipcch/climate2015_features.py:18-23; .trellis/tasks/10-08-compact-cds-launch/design.md","Source observation month is an availability proxy; historical release vintage is not certified. This is an expected input, not a fitted result. Source units/definitions follow supplier documentation; upstream climatology fitting samples and ETL have not been independently verified.",expected_not_fitted,IPCCH_shared_folder/climate_monthly_2015_2026_MODELING_READY.csv,IPCCH_shared_folder/climate_monthly_2015_2026_MODELING_READY.csv,mean_nonmissing(x[O-5:O]); require >= 3 valid months,mean_nonmissing(x[O-5:O]); require >= 3 valid months Use O=2026-04 and target T from the run index.,Source-native NA; no carrier-row or saved-extra-NA mask; no interpolation or extra forward fill. XGBoost handles NA natively. NA below 3 valid observations within the fixed 6-calendar-month window; never extend the window to find values.,Source-native NA; no carrier-row or saved-extra-NA mask; no interpolation or extra forward fill. XGBoost handles NA natively. NA below 3 valid observations within the fixed 6-calendar-month window; never extend the window to find values.,Inherited source/recipe definition; see base_source_definition,Inherited source/recipe definition; see base_source_definition,Inherited compact source; upstream aggregation not independently certified,Same retained compact source/recipe; upstream aggregation not independently certified
93,prcp_z_month_ensmean__ma12_at_origin,Monthly climate,standardized precipitation anomaly (source-ensemble mean); ma12 ending at origin.,z-score,Training: IPCCH_shared_folder/climate_monthly_2015_2026_MODELING_READY.csv; Inference: IPCCH_shared_folder/climate_monthly_2015_2026_MODELING_READY.csv,O=T-H; O-11 through O,mean_nonmissing(x[O-11:O]); require >= 6 valid months,Source-native NA; no carrier-row or saved-extra-NA mask; no interpolation or extra forward fill. XGBoost handles NA natively. NA below 6 valid observations within the fixed 12-calendar-month window; never extend the window to find values.,numeric,true,1,true,1,true,1,true,1,true,1,"[""prcp_z_month_ensmean__ma12_at_origin""]","{""compact_baseline/0m"":93,""compact_baseline/6m"":93,""compact_baseline/12m"":93,""compact_cds_weather/6m"":93,""compact_cds_weather/12m"":93}","[0, 6, 12]",ordinary,prcp_z_month_ensmean,For each source and calendar month: z = (P_month − climatological mean) / climatological SD; polygon aggregate; equal-weight mean of source z-scores. Parameters/caveats: Use fixed 1991–2020 normals; require adequate non-missing baseline years. Do not z-score the already-averaged ensemble.,".trellis/tasks/archive/2026-10/10-08-compact-climate-weather-oracle/design.md: Monthly recipes, names and time; src/ipcch/climate2015_features.py:104-251; /mnt/c/Users/swl00/IFPRI Dropbox/Weilun Shi/IPCCH_shared_folder/climate_agriculture_varlist.xlsx#VARLIST!B6:I6; src/ipcch/climate2015_features.py:18-23; .trellis/tasks/10-08-compact-cds-launch/design.md","Source observation month is an availability proxy; historical release vintage is not certified. This is an expected input, not a fitted result. Source units/definitions follow supplier documentation; upstream climatology fitting samples and ETL have not been independently verified.",expected_not_fitted,IPCCH_shared_folder/climate_monthly_2015_2026_MODELING_READY.csv,IPCCH_shared_folder/climate_monthly_2015_2026_MODELING_READY.csv,mean_nonmissing(x[O-11:O]); require >= 6 valid months,mean_nonmissing(x[O-11:O]); require >= 6 valid months Use O=2026-04 and target T from the run index.,Source-native NA; no carrier-row or saved-extra-NA mask; no interpolation or extra forward fill. XGBoost handles NA natively. NA below 6 valid observations within the fixed 12-calendar-month window; never extend the window to find values.,Source-native NA; no carrier-row or saved-extra-NA mask; no interpolation or extra forward fill. XGBoost handles NA natively. NA below 6 valid observations within the fixed 12-calendar-month window; never extend the window to find values.,Inherited source/recipe definition; see base_source_definition,Inherited source/recipe definition; see base_source_definition,Inherited compact source; upstream aggregation not independently certified,Same retained compact source/recipe; upstream aggregation not independently certified
94,prcp_z_month_ensmean__sd12_at_origin,Monthly climate,standardized precipitation anomaly (source-ensemble mean); sd12 ending at origin.,z-score,Training: IPCCH_shared_folder/climate_monthly_2015_2026_MODELING_READY.csv; Inference: IPCCH_shared_folder/climate_monthly_2015_2026_MODELING_READY.csv,O=T-H; O-11 through O,"sample_sd(x[O-11:O], ddof=1); require >= 6 valid months",Source-native NA; no carrier-row or saved-extra-NA mask; no interpolation or extra forward fill. XGBoost handles NA natively. NA below 6 valid observations within the fixed 12-calendar-month window; never extend the window to find values.,numeric,true,1,true,1,true,1,true,1,true,1,"[""prcp_z_month_ensmean__sd12_at_origin""]","{""compact_baseline/0m"":94,""compact_baseline/6m"":94,""compact_baseline/12m"":94,""compact_cds_weather/6m"":94,""compact_cds_weather/12m"":94}","[0, 6, 12]",ordinary,prcp_z_month_ensmean,For each source and calendar month: z = (P_month − climatological mean) / climatological SD; polygon aggregate; equal-weight mean of source z-scores. Parameters/caveats: Use fixed 1991–2020 normals; require adequate non-missing baseline years. Do not z-score the already-averaged ensemble.,".trellis/tasks/archive/2026-10/10-08-compact-climate-weather-oracle/design.md: Monthly recipes, names and time; src/ipcch/climate2015_features.py:104-251; /mnt/c/Users/swl00/IFPRI Dropbox/Weilun Shi/IPCCH_shared_folder/climate_agriculture_varlist.xlsx#VARLIST!B6:I6; src/ipcch/climate2015_features.py:18-23; .trellis/tasks/10-08-compact-cds-launch/design.md","Source observation month is an availability proxy; historical release vintage is not certified. This is an expected input, not a fitted result. Source units/definitions follow supplier documentation; upstream climatology fitting samples and ETL have not been independently verified.",expected_not_fitted,IPCCH_shared_folder/climate_monthly_2015_2026_MODELING_READY.csv,IPCCH_shared_folder/climate_monthly_2015_2026_MODELING_READY.csv,"sample_sd(x[O-11:O], ddof=1); require >= 6 valid months","sample_sd(x[O-11:O], ddof=1); require >= 6 valid months Use O=2026-04 and target T from the run index.",Source-native NA; no carrier-row or saved-extra-NA mask; no interpolation or extra forward fill. XGBoost handles NA natively. NA below 6 valid observations within the fixed 12-calendar-month window; never extend the window to find values.,Source-native NA; no carrier-row or saved-extra-NA mask; no interpolation or extra forward fill. XGBoost handles NA natively. NA below 6 valid observations within the fixed 12-calendar-month window; never extend the window to find values.,Inherited source/recipe definition; see base_source_definition,Inherited source/recipe definition; see base_source_definition,Inherited compact source; upstream aggregation not independently certified,Same retained compact source/recipe; upstream aggregation not independently certified
95,rainy_days_month_ensmean__value_at_origin,Monthly climate,number of rainy days (source-ensemble mean); value ending at origin.,days,Training: IPCCH_shared_folder/climate_monthly_2015_2026_MODELING_READY.csv; Inference: IPCCH_shared_folder/climate_monthly_2015_2026_MODELING_READY.csv,O=T-H; O,x[O],Source-native NA; no carrier-row or saved-extra-NA mask; no interpolation or extra forward fill. XGBoost handles NA natively. Missing x[O] remains NA.,numeric,true,1,true,1,true,1,true,1,true,1,"[""rainy_days_month_ensmean__value_at_origin""]","{""compact_baseline/0m"":95,""compact_baseline/6m"":95,""compact_baseline/12m"":95,""compact_cds_weather/6m"":95,""compact_cds_weather/12m"":95}","[0, 6, 12]",ordinary,rainy_days_month_ensmean,Per source and pixel: count days with P ≥ 1 mm/day in month; crop-area-weight to polygon; equal-weight source counts. Parameters/caveats: Default rainy-day threshold = 1 mm/day. Fractional polygon/ensemble values are expected. CHIRPS DAILY_RNL inherits ERA5 daily sequencing.,".trellis/tasks/archive/2026-10/10-08-compact-climate-weather-oracle/design.md: Monthly recipes, names and time; src/ipcch/climate2015_features.py:104-251; /mnt/c/Users/swl00/IFPRI Dropbox/Weilun Shi/IPCCH_shared_folder/climate_agriculture_varlist.xlsx#VARLIST!B7:I7; src/ipcch/climate2015_features.py:18-23; .trellis/tasks/10-08-compact-cds-launch/design.md","Source observation month is an availability proxy; historical release vintage is not certified. This is an expected input, not a fitted result. Source units/definitions follow supplier documentation; upstream climatology fitting samples and ETL have not been independently verified.",expected_not_fitted,IPCCH_shared_folder/climate_monthly_2015_2026_MODELING_READY.csv,IPCCH_shared_folder/climate_monthly_2015_2026_MODELING_READY.csv,x[O],x[O] Use O=2026-04 and target T from the run index.,Source-native NA; no carrier-row or saved-extra-NA mask; no interpolation or extra forward fill. XGBoost handles NA natively. Missing x[O] remains NA.,Source-native NA; no carrier-row or saved-extra-NA mask; no interpolation or extra forward fill. XGBoost handles NA natively. Missing x[O] remains NA.,Inherited source/recipe definition; see base_source_definition,Inherited source/recipe definition; see base_source_definition,Inherited compact source; upstream aggregation not independently certified,Same retained compact source/recipe; upstream aggregation not independently certified
96,rainy_days_month_ensmean__ma3_at_origin,Monthly climate,number of rainy days (source-ensemble mean); ma3 ending at origin.,days,Training: IPCCH_shared_folder/climate_monthly_2015_2026_MODELING_READY.csv; Inference: IPCCH_shared_folder/climate_monthly_2015_2026_MODELING_READY.csv,O=T-H; O-2 through O,mean_nonmissing(x[O-2:O]); require >= 2 valid months,Source-native NA; no carrier-row or saved-extra-NA mask; no interpolation or extra forward fill. XGBoost handles NA natively. NA below 2 valid observations within the fixed 3-calendar-month window; never extend the window to find values.,numeric,true,1,true,1,true,1,true,1,true,1,"[""rainy_days_month_ensmean__ma3_at_origin""]","{""compact_baseline/0m"":96,""compact_baseline/6m"":96,""compact_baseline/12m"":96,""compact_cds_weather/6m"":96,""compact_cds_weather/12m"":96}","[0, 6, 12]",ordinary,rainy_days_month_ensmean,Per source and pixel: count days with P ≥ 1 mm/day in month; crop-area-weight to polygon; equal-weight source counts. Parameters/caveats: Default rainy-day threshold = 1 mm/day. Fractional polygon/ensemble values are expected. CHIRPS DAILY_RNL inherits ERA5 daily sequencing.,".trellis/tasks/archive/2026-10/10-08-compact-climate-weather-oracle/design.md: Monthly recipes, names and time; src/ipcch/climate2015_features.py:104-251; /mnt/c/Users/swl00/IFPRI Dropbox/Weilun Shi/IPCCH_shared_folder/climate_agriculture_varlist.xlsx#VARLIST!B7:I7; src/ipcch/climate2015_features.py:18-23; .trellis/tasks/10-08-compact-cds-launch/design.md","Source observation month is an availability proxy; historical release vintage is not certified. This is an expected input, not a fitted result. Source units/definitions follow supplier documentation; upstream climatology fitting samples and ETL have not been independently verified.",expected_not_fitted,IPCCH_shared_folder/climate_monthly_2015_2026_MODELING_READY.csv,IPCCH_shared_folder/climate_monthly_2015_2026_MODELING_READY.csv,mean_nonmissing(x[O-2:O]); require >= 2 valid months,mean_nonmissing(x[O-2:O]); require >= 2 valid months Use O=2026-04 and target T from the run index.,Source-native NA; no carrier-row or saved-extra-NA mask; no interpolation or extra forward fill. XGBoost handles NA natively. NA below 2 valid observations within the fixed 3-calendar-month window; never extend the window to find values.,Source-native NA; no carrier-row or saved-extra-NA mask; no interpolation or extra forward fill. XGBoost handles NA natively. NA below 2 valid observations within the fixed 3-calendar-month window; never extend the window to find values.,Inherited source/recipe definition; see base_source_definition,Inherited source/recipe definition; see base_source_definition,Inherited compact source; upstream aggregation not independently certified,Same retained compact source/recipe; upstream aggregation not independently certified
97,rainy_days_month_ensmean__ma6_at_origin,Monthly climate,number of rainy days (source-ensemble mean); ma6 ending at origin.,days,Training: IPCCH_shared_folder/climate_monthly_2015_2026_MODELING_READY.csv; Inference: IPCCH_shared_folder/climate_monthly_2015_2026_MODELING_READY.csv,O=T-H; O-5 through O,mean_nonmissing(x[O-5:O]); require >= 3 valid months,Source-native NA; no carrier-row or saved-extra-NA mask; no interpolation or extra forward fill. XGBoost handles NA natively. NA below 3 valid observations within the fixed 6-calendar-month window; never extend the window to find values.,numeric,true,1,true,1,true,1,true,1,true,1,"[""rainy_days_month_ensmean__ma6_at_origin""]","{""compact_baseline/0m"":97,""compact_baseline/6m"":97,""compact_baseline/12m"":97,""compact_cds_weather/6m"":97,""compact_cds_weather/12m"":97}","[0, 6, 12]",ordinary,rainy_days_month_ensmean,Per source and pixel: count days with P ≥ 1 mm/day in month; crop-area-weight to polygon; equal-weight source counts. Parameters/caveats: Default rainy-day threshold = 1 mm/day. Fractional polygon/ensemble values are expected. CHIRPS DAILY_RNL inherits ERA5 daily sequencing.,".trellis/tasks/archive/2026-10/10-08-compact-climate-weather-oracle/design.md: Monthly recipes, names and time; src/ipcch/climate2015_features.py:104-251; /mnt/c/Users/swl00/IFPRI Dropbox/Weilun Shi/IPCCH_shared_folder/climate_agriculture_varlist.xlsx#VARLIST!B7:I7; src/ipcch/climate2015_features.py:18-23; .trellis/tasks/10-08-compact-cds-launch/design.md","Source observation month is an availability proxy; historical release vintage is not certified. This is an expected input, not a fitted result. Source units/definitions follow supplier documentation; upstream climatology fitting samples and ETL have not been independently verified.",expected_not_fitted,IPCCH_shared_folder/climate_monthly_2015_2026_MODELING_READY.csv,IPCCH_shared_folder/climate_monthly_2015_2026_MODELING_READY.csv,mean_nonmissing(x[O-5:O]); require >= 3 valid months,mean_nonmissing(x[O-5:O]); require >= 3 valid months Use O=2026-04 and target T from the run index.,Source-native NA; no carrier-row or saved-extra-NA mask; no interpolation or extra forward fill. XGBoost handles NA natively. NA below 3 valid observations within the fixed 6-calendar-month window; never extend the window to find values.,Source-native NA; no carrier-row or saved-extra-NA mask; no interpolation or extra forward fill. XGBoost handles NA natively. NA below 3 valid observations within the fixed 6-calendar-month window; never extend the window to find values.,Inherited source/recipe definition; see base_source_definition,Inherited source/recipe definition; see base_source_definition,Inherited compact source; upstream aggregation not independently certified,Same retained compact source/recipe; upstream aggregation not independently certified
98,rainy_days_month_ensmean__ma12_at_origin,Monthly climate,number of rainy days (source-ensemble mean); ma12 ending at origin.,days,Training: IPCCH_shared_folder/climate_monthly_2015_2026_MODELING_READY.csv; Inference: IPCCH_shared_folder/climate_monthly_2015_2026_MODELING_READY.csv,O=T-H; O-11 through O,mean_nonmissing(x[O-11:O]); require >= 6 valid months,Source-native NA; no carrier-row or saved-extra-NA mask; no interpolation or extra forward fill. XGBoost handles NA natively. NA below 6 valid observations within the fixed 12-calendar-month window; never extend the window to find values.,numeric,true,1,true,1,true,1,true,1,true,1,"[""rainy_days_month_ensmean__ma12_at_origin""]","{""compact_baseline/0m"":98,""compact_baseline/6m"":98,""compact_baseline/12m"":98,""compact_cds_weather/6m"":98,""compact_cds_weather/12m"":98}","[0, 6, 12]",ordinary,rainy_days_month_ensmean,Per source and pixel: count days with P ≥ 1 mm/day in month; crop-area-weight to polygon; equal-weight source counts. Parameters/caveats: Default rainy-day threshold = 1 mm/day. Fractional polygon/ensemble values are expected. CHIRPS DAILY_RNL inherits ERA5 daily sequencing.,".trellis/tasks/archive/2026-10/10-08-compact-climate-weather-oracle/design.md: Monthly recipes, names and time; src/ipcch/climate2015_features.py:104-251; /mnt/c/Users/swl00/IFPRI Dropbox/Weilun Shi/IPCCH_shared_folder/climate_agriculture_varlist.xlsx#VARLIST!B7:I7; src/ipcch/climate2015_features.py:18-23; .trellis/tasks/10-08-compact-cds-launch/design.md","Source observation month is an availability proxy; historical release vintage is not certified. This is an expected input, not a fitted result. Source units/definitions follow supplier documentation; upstream climatology fitting samples and ETL have not been independently verified.",expected_not_fitted,IPCCH_shared_folder/climate_monthly_2015_2026_MODELING_READY.csv,IPCCH_shared_folder/climate_monthly_2015_2026_MODELING_READY.csv,mean_nonmissing(x[O-11:O]); require >= 6 valid months,mean_nonmissing(x[O-11:O]); require >= 6 valid months Use O=2026-04 and target T from the run index.,Source-native NA; no carrier-row or saved-extra-NA mask; no interpolation or extra forward fill. XGBoost handles NA natively. NA below 6 valid observations within the fixed 12-calendar-month window; never extend the window to find values.,Source-native NA; no carrier-row or saved-extra-NA mask; no interpolation or extra forward fill. XGBoost handles NA natively. NA below 6 valid observations within the fixed 12-calendar-month window; never extend the window to find values.,Inherited source/recipe definition; see base_source_definition,Inherited source/recipe definition; see base_source_definition,Inherited compact source; upstream aggregation not independently certified,Same retained compact source/recipe; upstream aggregation not independently certified
99,rainy_days_month_ensmean__sd12_at_origin,Monthly climate,number of rainy days (source-ensemble mean); sd12 ending at origin.,days,Training: IPCCH_shared_folder/climate_monthly_2015_2026_MODELING_READY.csv; Inference: IPCCH_shared_folder/climate_monthly_2015_2026_MODELING_READY.csv,O=T-H; O-11 through O,"sample_sd(x[O-11:O], ddof=1); require >= 6 valid months",Source-native NA; no carrier-row or saved-extra-NA mask; no interpolation or extra forward fill. XGBoost handles NA natively. NA below 6 valid observations within the fixed 12-calendar-month window; never extend the window to find values.,numeric,true,1,true,1,true,1,true,1,true,1,"[""rainy_days_month_ensmean__sd12_at_origin""]","{""compact_baseline/0m"":99,""compact_baseline/6m"":99,""compact_baseline/12m"":99,""compact_cds_weather/6m"":99,""compact_cds_weather/12m"":99}","[0, 6, 12]",ordinary,rainy_days_month_ensmean,Per source and pixel: count days with P ≥ 1 mm/day in month; crop-area-weight to polygon; equal-weight source counts. Parameters/caveats: Default rainy-day threshold = 1 mm/day. Fractional polygon/ensemble values are expected. CHIRPS DAILY_RNL inherits ERA5 daily sequencing.,".trellis/tasks/archive/2026-10/10-08-compact-climate-weather-oracle/design.md: Monthly recipes, names and time; src/ipcch/climate2015_features.py:104-251; /mnt/c/Users/swl00/IFPRI Dropbox/Weilun Shi/IPCCH_shared_folder/climate_agriculture_varlist.xlsx#VARLIST!B7:I7; src/ipcch/climate2015_features.py:18-23; .trellis/tasks/10-08-compact-cds-launch/design.md","Source observation month is an availability proxy; historical release vintage is not certified. This is an expected input, not a fitted result. Source units/definitions follow supplier documentation; upstream climatology fitting samples and ETL have not been independently verified.",expected_not_fitted,IPCCH_shared_folder/climate_monthly_2015_2026_MODELING_READY.csv,IPCCH_shared_folder/climate_monthly_2015_2026_MODELING_READY.csv,"sample_sd(x[O-11:O], ddof=1); require >= 6 valid months","sample_sd(x[O-11:O], ddof=1); require >= 6 valid months Use O=2026-04 and target T from the run index.",Source-native NA; no carrier-row or saved-extra-NA mask; no interpolation or extra forward fill. XGBoost handles NA natively. NA below 6 valid observations within the fixed 12-calendar-month window; never extend the window to find values.,Source-native NA; no carrier-row or saved-extra-NA mask; no interpolation or extra forward fill. XGBoost handles NA natively. NA below 6 valid observations within the fixed 12-calendar-month window; never extend the window to find values.,Inherited source/recipe definition; see base_source_definition,Inherited source/recipe definition; see base_source_definition,Inherited compact source; upstream aggregation not independently certified,Same retained compact source/recipe; upstream aggregation not independently certified
100,cdd_month_ensmean__value_at_origin,Monthly climate,longest consecutive dry days (source-ensemble mean); value ending at origin.,days,Training: IPCCH_shared_folder/climate_monthly_2015_2026_MODELING_READY.csv; Inference: IPCCH_shared_folder/climate_monthly_2015_2026_MODELING_READY.csv,O=T-H; O,x[O],Source-native NA; no carrier-row or saved-extra-NA mask; no interpolation or extra forward fill. XGBoost handles NA natively. Missing x[O] remains NA.,numeric,true,1,true,1,true,1,true,1,true,1,"[""cdd_month_ensmean__value_at_origin""]","{""compact_baseline/0m"":100,""compact_baseline/6m"":100,""compact_baseline/12m"":100,""compact_cds_weather/6m"":100,""compact_cds_weather/12m"":100}","[0, 6, 12]",ordinary,cdd_month_ensmean,Per source and pixel: maximum run of consecutive days with P < 1 mm/day within each month; crop-area-weight; source mean. Parameters/caveats: Do not use max(monthly CDD): it misses spells crossing months. Default dry-day threshold = 1 mm/day.,".trellis/tasks/archive/2026-10/10-08-compact-climate-weather-oracle/design.md: Monthly recipes, names and time; src/ipcch/climate2015_features.py:104-251; /mnt/c/Users/swl00/IFPRI Dropbox/Weilun Shi/IPCCH_shared_folder/climate_agriculture_varlist.xlsx#VARLIST!B8:I8; src/ipcch/climate2015_features.py:18-23; .trellis/tasks/10-08-compact-cds-launch/design.md","Source observation month is an availability proxy; historical release vintage is not certified. This is an expected input, not a fitted result. Source units/definitions follow supplier documentation; upstream climatology fitting samples and ETL have not been independently verified.",expected_not_fitted,IPCCH_shared_folder/climate_monthly_2015_2026_MODELING_READY.csv,IPCCH_shared_folder/climate_monthly_2015_2026_MODELING_READY.csv,x[O],x[O] Use O=2026-04 and target T from the run index.,Source-native NA; no carrier-row or saved-extra-NA mask; no interpolation or extra forward fill. XGBoost handles NA natively. Missing x[O] remains NA.,Source-native NA; no carrier-row or saved-extra-NA mask; no interpolation or extra forward fill. XGBoost handles NA natively. Missing x[O] remains NA.,Inherited source/recipe definition; see base_source_definition,Inherited source/recipe definition; see base_source_definition,Inherited compact source; upstream aggregation not independently certified,Same retained compact source/recipe; upstream aggregation not independently certified
101,cdd_month_ensmean__ma3_at_origin,Monthly climate,longest consecutive dry days (source-ensemble mean); ma3 ending at origin.,days,Training: IPCCH_shared_folder/climate_monthly_2015_2026_MODELING_READY.csv; Inference: IPCCH_shared_folder/climate_monthly_2015_2026_MODELING_READY.csv,O=T-H; O-2 through O,mean_nonmissing(x[O-2:O]); require >= 2 valid months,Source-native NA; no carrier-row or saved-extra-NA mask; no interpolation or extra forward fill. XGBoost handles NA natively. NA below 2 valid observations within the fixed 3-calendar-month window; never extend the window to find values.,numeric,true,1,true,1,true,1,true,1,true,1,"[""cdd_month_ensmean__ma3_at_origin""]","{""compact_baseline/0m"":101,""compact_baseline/6m"":101,""compact_baseline/12m"":101,""compact_cds_weather/6m"":101,""compact_cds_weather/12m"":101}","[0, 6, 12]",ordinary,cdd_month_ensmean,Per source and pixel: maximum run of consecutive days with P < 1 mm/day within each month; crop-area-weight; source mean. Parameters/caveats: Do not use max(monthly CDD): it misses spells crossing months. Default dry-day threshold = 1 mm/day.,".trellis/tasks/archive/2026-10/10-08-compact-climate-weather-oracle/design.md: Monthly recipes, names and time; src/ipcch/climate2015_features.py:104-251; /mnt/c/Users/swl00/IFPRI Dropbox/Weilun Shi/IPCCH_shared_folder/climate_agriculture_varlist.xlsx#VARLIST!B8:I8; src/ipcch/climate2015_features.py:18-23; .trellis/tasks/10-08-compact-cds-launch/design.md","Source observation month is an availability proxy; historical release vintage is not certified. This is an expected input, not a fitted result. Source units/definitions follow supplier documentation; upstream climatology fitting samples and ETL have not been independently verified.",expected_not_fitted,IPCCH_shared_folder/climate_monthly_2015_2026_MODELING_READY.csv,IPCCH_shared_folder/climate_monthly_2015_2026_MODELING_READY.csv,mean_nonmissing(x[O-2:O]); require >= 2 valid months,mean_nonmissing(x[O-2:O]); require >= 2 valid months Use O=2026-04 and target T from the run index.,Source-native NA; no carrier-row or saved-extra-NA mask; no interpolation or extra forward fill. XGBoost handles NA natively. NA below 2 valid observations within the fixed 3-calendar-month window; never extend the window to find values.,Source-native NA; no carrier-row or saved-extra-NA mask; no interpolation or extra forward fill. XGBoost handles NA natively. NA below 2 valid observations within the fixed 3-calendar-month window; never extend the window to find values.,Inherited source/recipe definition; see base_source_definition,Inherited source/recipe definition; see base_source_definition,Inherited compact source; upstream aggregation not independently certified,Same retained compact source/recipe; upstream aggregation not independently certified
102,cdd_month_ensmean__ma6_at_origin,Monthly climate,longest consecutive dry days (source-ensemble mean); ma6 ending at origin.,days,Training: IPCCH_shared_folder/climate_monthly_2015_2026_MODELING_READY.csv; Inference: IPCCH_shared_folder/climate_monthly_2015_2026_MODELING_READY.csv,O=T-H; O-5 through O,mean_nonmissing(x[O-5:O]); require >= 3 valid months,Source-native NA; no carrier-row or saved-extra-NA mask; no interpolation or extra forward fill. XGBoost handles NA natively. NA below 3 valid observations within the fixed 6-calendar-month window; never extend the window to find values.,numeric,true,1,true,1,true,1,true,1,true,1,"[""cdd_month_ensmean__ma6_at_origin""]","{""compact_baseline/0m"":102,""compact_baseline/6m"":102,""compact_baseline/12m"":102,""compact_cds_weather/6m"":102,""compact_cds_weather/12m"":102}","[0, 6, 12]",ordinary,cdd_month_ensmean,Per source and pixel: maximum run of consecutive days with P < 1 mm/day within each month; crop-area-weight; source mean. Parameters/caveats: Do not use max(monthly CDD): it misses spells crossing months. Default dry-day threshold = 1 mm/day.,".trellis/tasks/archive/2026-10/10-08-compact-climate-weather-oracle/design.md: Monthly recipes, names and time; src/ipcch/climate2015_features.py:104-251; /mnt/c/Users/swl00/IFPRI Dropbox/Weilun Shi/IPCCH_shared_folder/climate_agriculture_varlist.xlsx#VARLIST!B8:I8; src/ipcch/climate2015_features.py:18-23; .trellis/tasks/10-08-compact-cds-launch/design.md","Source observation month is an availability proxy; historical release vintage is not certified. This is an expected input, not a fitted result. Source units/definitions follow supplier documentation; upstream climatology fitting samples and ETL have not been independently verified.",expected_not_fitted,IPCCH_shared_folder/climate_monthly_2015_2026_MODELING_READY.csv,IPCCH_shared_folder/climate_monthly_2015_2026_MODELING_READY.csv,mean_nonmissing(x[O-5:O]); require >= 3 valid months,mean_nonmissing(x[O-5:O]); require >= 3 valid months Use O=2026-04 and target T from the run index.,Source-native NA; no carrier-row or saved-extra-NA mask; no interpolation or extra forward fill. XGBoost handles NA natively. NA below 3 valid observations within the fixed 6-calendar-month window; never extend the window to find values.,Source-native NA; no carrier-row or saved-extra-NA mask; no interpolation or extra forward fill. XGBoost handles NA natively. NA below 3 valid observations within the fixed 6-calendar-month window; never extend the window to find values.,Inherited source/recipe definition; see base_source_definition,Inherited source/recipe definition; see base_source_definition,Inherited compact source; upstream aggregation not independently certified,Same retained compact source/recipe; upstream aggregation not independently certified
103,cdd_month_ensmean__ma12_at_origin,Monthly climate,longest consecutive dry days (source-ensemble mean); ma12 ending at origin.,days,Training: IPCCH_shared_folder/climate_monthly_2015_2026_MODELING_READY.csv; Inference: IPCCH_shared_folder/climate_monthly_2015_2026_MODELING_READY.csv,O=T-H; O-11 through O,mean_nonmissing(x[O-11:O]); require >= 6 valid months,Source-native NA; no carrier-row or saved-extra-NA mask; no interpolation or extra forward fill. XGBoost handles NA natively. NA below 6 valid observations within the fixed 12-calendar-month window; never extend the window to find values.,numeric,true,1,true,1,true,1,true,1,true,1,"[""cdd_month_ensmean__ma12_at_origin""]","{""compact_baseline/0m"":103,""compact_baseline/6m"":103,""compact_baseline/12m"":103,""compact_cds_weather/6m"":103,""compact_cds_weather/12m"":103}","[0, 6, 12]",ordinary,cdd_month_ensmean,Per source and pixel: maximum run of consecutive days with P < 1 mm/day within each month; crop-area-weight; source mean. Parameters/caveats: Do not use max(monthly CDD): it misses spells crossing months. Default dry-day threshold = 1 mm/day.,".trellis/tasks/archive/2026-10/10-08-compact-climate-weather-oracle/design.md: Monthly recipes, names and time; src/ipcch/climate2015_features.py:104-251; /mnt/c/Users/swl00/IFPRI Dropbox/Weilun Shi/IPCCH_shared_folder/climate_agriculture_varlist.xlsx#VARLIST!B8:I8; src/ipcch/climate2015_features.py:18-23; .trellis/tasks/10-08-compact-cds-launch/design.md","Source observation month is an availability proxy; historical release vintage is not certified. This is an expected input, not a fitted result. Source units/definitions follow supplier documentation; upstream climatology fitting samples and ETL have not been independently verified.",expected_not_fitted,IPCCH_shared_folder/climate_monthly_2015_2026_MODELING_READY.csv,IPCCH_shared_folder/climate_monthly_2015_2026_MODELING_READY.csv,mean_nonmissing(x[O-11:O]); require >= 6 valid months,mean_nonmissing(x[O-11:O]); require >= 6 valid months Use O=2026-04 and target T from the run index.,Source-native NA; no carrier-row or saved-extra-NA mask; no interpolation or extra forward fill. XGBoost handles NA natively. NA below 6 valid observations within the fixed 12-calendar-month window; never extend the window to find values.,Source-native NA; no carrier-row or saved-extra-NA mask; no interpolation or extra forward fill. XGBoost handles NA natively. NA below 6 valid observations within the fixed 12-calendar-month window; never extend the window to find values.,Inherited source/recipe definition; see base_source_definition,Inherited source/recipe definition; see base_source_definition,Inherited compact source; upstream aggregation not independently certified,Same retained compact source/recipe; upstream aggregation not independently certified
104,cdd_month_ensmean__sd12_at_origin,Monthly climate,longest consecutive dry days (source-ensemble mean); sd12 ending at origin.,days,Training: IPCCH_shared_folder/climate_monthly_2015_2026_MODELING_READY.csv; Inference: IPCCH_shared_folder/climate_monthly_2015_2026_MODELING_READY.csv,O=T-H; O-11 through O,"sample_sd(x[O-11:O], ddof=1); require >= 6 valid months",Source-native NA; no carrier-row or saved-extra-NA mask; no interpolation or extra forward fill. XGBoost handles NA natively. NA below 6 valid observations within the fixed 12-calendar-month window; never extend the window to find values.,numeric,true,1,true,1,true,1,true,1,true,1,"[""cdd_month_ensmean__sd12_at_origin""]","{""compact_baseline/0m"":104,""compact_baseline/6m"":104,""compact_baseline/12m"":104,""compact_cds_weather/6m"":104,""compact_cds_weather/12m"":104}","[0, 6, 12]",ordinary,cdd_month_ensmean,Per source and pixel: maximum run of consecutive days with P < 1 mm/day within each month; crop-area-weight; source mean. Parameters/caveats: Do not use max(monthly CDD): it misses spells crossing months. Default dry-day threshold = 1 mm/day.,".trellis/tasks/archive/2026-10/10-08-compact-climate-weather-oracle/design.md: Monthly recipes, names and time; src/ipcch/climate2015_features.py:104-251; /mnt/c/Users/swl00/IFPRI Dropbox/Weilun Shi/IPCCH_shared_folder/climate_agriculture_varlist.xlsx#VARLIST!B8:I8; src/ipcch/climate2015_features.py:18-23; .trellis/tasks/10-08-compact-cds-launch/design.md","Source observation month is an availability proxy; historical release vintage is not certified. This is an expected input, not a fitted result. Source units/definitions follow supplier documentation; upstream climatology fitting samples and ETL have not been independently verified.",expected_not_fitted,IPCCH_shared_folder/climate_monthly_2015_2026_MODELING_READY.csv,IPCCH_shared_folder/climate_monthly_2015_2026_MODELING_READY.csv,"sample_sd(x[O-11:O], ddof=1); require >= 6 valid months","sample_sd(x[O-11:O], ddof=1); require >= 6 valid months Use O=2026-04 and target T from the run index.",Source-native NA; no carrier-row or saved-extra-NA mask; no interpolation or extra forward fill. XGBoost handles NA natively. NA below 6 valid observations within the fixed 12-calendar-month window; never extend the window to find values.,Source-native NA; no carrier-row or saved-extra-NA mask; no interpolation or extra forward fill. XGBoost handles NA natively. NA below 6 valid observations within the fixed 12-calendar-month window; never extend the window to find values.,Inherited source/recipe definition; see base_source_definition,Inherited source/recipe definition; see base_source_definition,Inherited compact source; upstream aggregation not independently certified,Same retained compact source/recipe; upstream aggregation not independently certified
105,tmean_anom_month_ensmean__value_at_origin,Monthly climate,mean temperature anomaly (source-ensemble mean); value ending at origin.,°C,Training: IPCCH_shared_folder/climate_monthly_2015_2026_MODELING_READY.csv; Inference: IPCCH_shared_folder/climate_monthly_2015_2026_MODELING_READY.csv,O=T-H; O,x[O],Source-native NA; no carrier-row or saved-extra-NA mask; no interpolation or extra forward fill. XGBoost handles NA natively. Missing x[O] remains NA.,numeric,true,1,true,1,true,1,true,1,true,1,"[""tmean_anom_month_ensmean__value_at_origin""]","{""compact_baseline/0m"":105,""compact_baseline/6m"":105,""compact_baseline/12m"":105,""compact_cds_weather/6m"":105,""compact_cds_weather/12m"":105}","[0, 6, 12]",ordinary,tmean_anom_month_ensmean,Per source: monthly mean daily Tmean minus 1991–2020 calendar-month climatology; crop-area polygon mean; source mean. Parameters/caveats: Tmean = (Tmax + Tmin)/2 when not directly supplied. CHIRTS-ERA5 and ERA5-Land are structurally dependent.,".trellis/tasks/archive/2026-10/10-08-compact-climate-weather-oracle/design.md: Monthly recipes, names and time; src/ipcch/climate2015_features.py:104-251; /mnt/c/Users/swl00/IFPRI Dropbox/Weilun Shi/IPCCH_shared_folder/climate_agriculture_varlist.xlsx#VARLIST!B9:I9; src/ipcch/climate2015_features.py:18-23; .trellis/tasks/10-08-compact-cds-launch/design.md","Source observation month is an availability proxy; historical release vintage is not certified. This is an expected input, not a fitted result. Source units/definitions follow supplier documentation; upstream climatology fitting samples and ETL have not been independently verified.",expected_not_fitted,IPCCH_shared_folder/climate_monthly_2015_2026_MODELING_READY.csv,IPCCH_shared_folder/climate_monthly_2015_2026_MODELING_READY.csv,x[O],x[O] Use O=2026-04 and target T from the run index.,Source-native NA; no carrier-row or saved-extra-NA mask; no interpolation or extra forward fill. XGBoost handles NA natively. Missing x[O] remains NA.,Source-native NA; no carrier-row or saved-extra-NA mask; no interpolation or extra forward fill. XGBoost handles NA natively. Missing x[O] remains NA.,Inherited source/recipe definition; see base_source_definition,Inherited source/recipe definition; see base_source_definition,Inherited compact source; upstream aggregation not independently certified,Same retained compact source/recipe; upstream aggregation not independently certified
106,tmean_anom_month_ensmean__ma3_at_origin,Monthly climate,mean temperature anomaly (source-ensemble mean); ma3 ending at origin.,°C,Training: IPCCH_shared_folder/climate_monthly_2015_2026_MODELING_READY.csv; Inference: IPCCH_shared_folder/climate_monthly_2015_2026_MODELING_READY.csv,O=T-H; O-2 through O,mean_nonmissing(x[O-2:O]); require >= 2 valid months,Source-native NA; no carrier-row or saved-extra-NA mask; no interpolation or extra forward fill. XGBoost handles NA natively. NA below 2 valid observations within the fixed 3-calendar-month window; never extend the window to find values.,numeric,true,1,true,1,true,1,true,1,true,1,"[""tmean_anom_month_ensmean__ma3_at_origin""]","{""compact_baseline/0m"":106,""compact_baseline/6m"":106,""compact_baseline/12m"":106,""compact_cds_weather/6m"":106,""compact_cds_weather/12m"":106}","[0, 6, 12]",ordinary,tmean_anom_month_ensmean,Per source: monthly mean daily Tmean minus 1991–2020 calendar-month climatology; crop-area polygon mean; source mean. Parameters/caveats: Tmean = (Tmax + Tmin)/2 when not directly supplied. CHIRTS-ERA5 and ERA5-Land are structurally dependent.,".trellis/tasks/archive/2026-10/10-08-compact-climate-weather-oracle/design.md: Monthly recipes, names and time; src/ipcch/climate2015_features.py:104-251; /mnt/c/Users/swl00/IFPRI Dropbox/Weilun Shi/IPCCH_shared_folder/climate_agriculture_varlist.xlsx#VARLIST!B9:I9; src/ipcch/climate2015_features.py:18-23; .trellis/tasks/10-08-compact-cds-launch/design.md","Source observation month is an availability proxy; historical release vintage is not certified. This is an expected input, not a fitted result. Source units/definitions follow supplier documentation; upstream climatology fitting samples and ETL have not been independently verified.",expected_not_fitted,IPCCH_shared_folder/climate_monthly_2015_2026_MODELING_READY.csv,IPCCH_shared_folder/climate_monthly_2015_2026_MODELING_READY.csv,mean_nonmissing(x[O-2:O]); require >= 2 valid months,mean_nonmissing(x[O-2:O]); require >= 2 valid months Use O=2026-04 and target T from the run index.,Source-native NA; no carrier-row or saved-extra-NA mask; no interpolation or extra forward fill. XGBoost handles NA natively. NA below 2 valid observations within the fixed 3-calendar-month window; never extend the window to find values.,Source-native NA; no carrier-row or saved-extra-NA mask; no interpolation or extra forward fill. XGBoost handles NA natively. NA below 2 valid observations within the fixed 3-calendar-month window; never extend the window to find values.,Inherited source/recipe definition; see base_source_definition,Inherited source/recipe definition; see base_source_definition,Inherited compact source; upstream aggregation not independently certified,Same retained compact source/recipe; upstream aggregation not independently certified
107,tmean_anom_month_ensmean__ma6_at_origin,Monthly climate,mean temperature anomaly (source-ensemble mean); ma6 ending at origin.,°C,Training: IPCCH_shared_folder/climate_monthly_2015_2026_MODELING_READY.csv; Inference: IPCCH_shared_folder/climate_monthly_2015_2026_MODELING_READY.csv,O=T-H; O-5 through O,mean_nonmissing(x[O-5:O]); require >= 3 valid months,Source-native NA; no carrier-row or saved-extra-NA mask; no interpolation or extra forward fill. XGBoost handles NA natively. NA below 3 valid observations within the fixed 6-calendar-month window; never extend the window to find values.,numeric,true,1,true,1,true,1,true,1,true,1,"[""tmean_anom_month_ensmean__ma6_at_origin""]","{""compact_baseline/0m"":107,""compact_baseline/6m"":107,""compact_baseline/12m"":107,""compact_cds_weather/6m"":107,""compact_cds_weather/12m"":107}","[0, 6, 12]",ordinary,tmean_anom_month_ensmean,Per source: monthly mean daily Tmean minus 1991–2020 calendar-month climatology; crop-area polygon mean; source mean. Parameters/caveats: Tmean = (Tmax + Tmin)/2 when not directly supplied. CHIRTS-ERA5 and ERA5-Land are structurally dependent.,".trellis/tasks/archive/2026-10/10-08-compact-climate-weather-oracle/design.md: Monthly recipes, names and time; src/ipcch/climate2015_features.py:104-251; /mnt/c/Users/swl00/IFPRI Dropbox/Weilun Shi/IPCCH_shared_folder/climate_agriculture_varlist.xlsx#VARLIST!B9:I9; src/ipcch/climate2015_features.py:18-23; .trellis/tasks/10-08-compact-cds-launch/design.md","Source observation month is an availability proxy; historical release vintage is not certified. This is an expected input, not a fitted result. Source units/definitions follow supplier documentation; upstream climatology fitting samples and ETL have not been independently verified.",expected_not_fitted,IPCCH_shared_folder/climate_monthly_2015_2026_MODELING_READY.csv,IPCCH_shared_folder/climate_monthly_2015_2026_MODELING_READY.csv,mean_nonmissing(x[O-5:O]); require >= 3 valid months,mean_nonmissing(x[O-5:O]); require >= 3 valid months Use O=2026-04 and target T from the run index.,Source-native NA; no carrier-row or saved-extra-NA mask; no interpolation or extra forward fill. XGBoost handles NA natively. NA below 3 valid observations within the fixed 6-calendar-month window; never extend the window to find values.,Source-native NA; no carrier-row or saved-extra-NA mask; no interpolation or extra forward fill. XGBoost handles NA natively. NA below 3 valid observations within the fixed 6-calendar-month window; never extend the window to find values.,Inherited source/recipe definition; see base_source_definition,Inherited source/recipe definition; see base_source_definition,Inherited compact source; upstream aggregation not independently certified,Same retained compact source/recipe; upstream aggregation not independently certified
108,tmean_anom_month_ensmean__ma12_at_origin,Monthly climate,mean temperature anomaly (source-ensemble mean); ma12 ending at origin.,°C,Training: IPCCH_shared_folder/climate_monthly_2015_2026_MODELING_READY.csv; Inference: IPCCH_shared_folder/climate_monthly_2015_2026_MODELING_READY.csv,O=T-H; O-11 through O,mean_nonmissing(x[O-11:O]); require >= 6 valid months,Source-native NA; no carrier-row or saved-extra-NA mask; no interpolation or extra forward fill. XGBoost handles NA natively. NA below 6 valid observations within the fixed 12-calendar-month window; never extend the window to find values.,numeric,true,1,true,1,true,1,true,1,true,1,"[""tmean_anom_month_ensmean__ma12_at_origin""]","{""compact_baseline/0m"":108,""compact_baseline/6m"":108,""compact_baseline/12m"":108,""compact_cds_weather/6m"":108,""compact_cds_weather/12m"":108}","[0, 6, 12]",ordinary,tmean_anom_month_ensmean,Per source: monthly mean daily Tmean minus 1991–2020 calendar-month climatology; crop-area polygon mean; source mean. Parameters/caveats: Tmean = (Tmax + Tmin)/2 when not directly supplied. CHIRTS-ERA5 and ERA5-Land are structurally dependent.,".trellis/tasks/archive/2026-10/10-08-compact-climate-weather-oracle/design.md: Monthly recipes, names and time; src/ipcch/climate2015_features.py:104-251; /mnt/c/Users/swl00/IFPRI Dropbox/Weilun Shi/IPCCH_shared_folder/climate_agriculture_varlist.xlsx#VARLIST!B9:I9; src/ipcch/climate2015_features.py:18-23; .trellis/tasks/10-08-compact-cds-launch/design.md","Source observation month is an availability proxy; historical release vintage is not certified. This is an expected input, not a fitted result. Source units/definitions follow supplier documentation; upstream climatology fitting samples and ETL have not been independently verified.",expected_not_fitted,IPCCH_shared_folder/climate_monthly_2015_2026_MODELING_READY.csv,IPCCH_shared_folder/climate_monthly_2015_2026_MODELING_READY.csv,mean_nonmissing(x[O-11:O]); require >= 6 valid months,mean_nonmissing(x[O-11:O]); require >= 6 valid months Use O=2026-04 and target T from the run index.,Source-native NA; no carrier-row or saved-extra-NA mask; no interpolation or extra forward fill. XGBoost handles NA natively. NA below 6 valid observations within the fixed 12-calendar-month window; never extend the window to find values.,Source-native NA; no carrier-row or saved-extra-NA mask; no interpolation or extra forward fill. XGBoost handles NA natively. NA below 6 valid observations within the fixed 12-calendar-month window; never extend the window to find values.,Inherited source/recipe definition; see base_source_definition,Inherited source/recipe definition; see base_source_definition,Inherited compact source; upstream aggregation not independently certified,Same retained compact source/recipe; upstream aggregation not independently certified
109,tmean_anom_month_ensmean__sd12_at_origin,Monthly climate,mean temperature anomaly (source-ensemble mean); sd12 ending at origin.,°C,Training: IPCCH_shared_folder/climate_monthly_2015_2026_MODELING_READY.csv; Inference: IPCCH_shared_folder/climate_monthly_2015_2026_MODELING_READY.csv,O=T-H; O-11 through O,"sample_sd(x[O-11:O], ddof=1); require >= 6 valid months",Source-native NA; no carrier-row or saved-extra-NA mask; no interpolation or extra forward fill. XGBoost handles NA natively. NA below 6 valid observations within the fixed 12-calendar-month window; never extend the window to find values.,numeric,true,1,true,1,true,1,true,1,true,1,"[""tmean_anom_month_ensmean__sd12_at_origin""]","{""compact_baseline/0m"":109,""compact_baseline/6m"":109,""compact_baseline/12m"":109,""compact_cds_weather/6m"":109,""compact_cds_weather/12m"":109}","[0, 6, 12]",ordinary,tmean_anom_month_ensmean,Per source: monthly mean daily Tmean minus 1991–2020 calendar-month climatology; crop-area polygon mean; source mean. Parameters/caveats: Tmean = (Tmax + Tmin)/2 when not directly supplied. CHIRTS-ERA5 and ERA5-Land are structurally dependent.,".trellis/tasks/archive/2026-10/10-08-compact-climate-weather-oracle/design.md: Monthly recipes, names and time; src/ipcch/climate2015_features.py:104-251; /mnt/c/Users/swl00/IFPRI Dropbox/Weilun Shi/IPCCH_shared_folder/climate_agriculture_varlist.xlsx#VARLIST!B9:I9; src/ipcch/climate2015_features.py:18-23; .trellis/tasks/10-08-compact-cds-launch/design.md","Source observation month is an availability proxy; historical release vintage is not certified. This is an expected input, not a fitted result. Source units/definitions follow supplier documentation; upstream climatology fitting samples and ETL have not been independently verified.",expected_not_fitted,IPCCH_shared_folder/climate_monthly_2015_2026_MODELING_READY.csv,IPCCH_shared_folder/climate_monthly_2015_2026_MODELING_READY.csv,"sample_sd(x[O-11:O], ddof=1); require >= 6 valid months","sample_sd(x[O-11:O], ddof=1); require >= 6 valid months Use O=2026-04 and target T from the run index.",Source-native NA; no carrier-row or saved-extra-NA mask; no interpolation or extra forward fill. XGBoost handles NA natively. NA below 6 valid observations within the fixed 12-calendar-month window; never extend the window to find values.,Source-native NA; no carrier-row or saved-extra-NA mask; no interpolation or extra forward fill. XGBoost handles NA natively. NA below 6 valid observations within the fixed 12-calendar-month window; never extend the window to find values.,Inherited source/recipe definition; see base_source_definition,Inherited source/recipe definition; see base_source_definition,Inherited compact source; upstream aggregation not independently certified,Same retained compact source/recipe; upstream aggregation not independently certified
110,tmax_anom_month_ensmean__value_at_origin,Monthly climate,maximum temperature anomaly (source-ensemble mean); value ending at origin.,°C,Training: IPCCH_shared_folder/climate_monthly_2015_2026_MODELING_READY.csv; Inference: IPCCH_shared_folder/climate_monthly_2015_2026_MODELING_READY.csv,O=T-H; O,x[O],Source-native NA; no carrier-row or saved-extra-NA mask; no interpolation or extra forward fill. XGBoost handles NA natively. Missing x[O] remains NA.,numeric,true,1,true,1,true,1,true,1,true,1,"[""tmax_anom_month_ensmean__value_at_origin""]","{""compact_baseline/0m"":110,""compact_baseline/6m"":110,""compact_baseline/12m"":110,""compact_cds_weather/6m"":110,""compact_cds_weather/12m"":110}","[0, 6, 12]",ordinary,tmax_anom_month_ensmean,"Per source: monthly mean daily Tmax minus 1991–2020 calendar-month climatology; crop-area polygon mean; source mean. Parameters/caveats: Use daily Tmax, not maximum hourly 2-m temperature without local-day conversion. Harmonize time zone/day boundary before daily aggregation.",".trellis/tasks/archive/2026-10/10-08-compact-climate-weather-oracle/design.md: Monthly recipes, names and time; src/ipcch/climate2015_features.py:104-251; /mnt/c/Users/swl00/IFPRI Dropbox/Weilun Shi/IPCCH_shared_folder/climate_agriculture_varlist.xlsx#VARLIST!B10:I10; src/ipcch/climate2015_features.py:18-23; .trellis/tasks/10-08-compact-cds-launch/design.md","Source observation month is an availability proxy; historical release vintage is not certified. This is an expected input, not a fitted result. Source units/definitions follow supplier documentation; upstream climatology fitting samples and ETL have not been independently verified.",expected_not_fitted,IPCCH_shared_folder/climate_monthly_2015_2026_MODELING_READY.csv,IPCCH_shared_folder/climate_monthly_2015_2026_MODELING_READY.csv,x[O],x[O] Use O=2026-04 and target T from the run index.,Source-native NA; no carrier-row or saved-extra-NA mask; no interpolation or extra forward fill. XGBoost handles NA natively. Missing x[O] remains NA.,Source-native NA; no carrier-row or saved-extra-NA mask; no interpolation or extra forward fill. XGBoost handles NA natively. Missing x[O] remains NA.,Inherited source/recipe definition; see base_source_definition,Inherited source/recipe definition; see base_source_definition,Inherited compact source; upstream aggregation not independently certified,Same retained compact source/recipe; upstream aggregation not independently certified
111,tmax_anom_month_ensmean__ma3_at_origin,Monthly climate,maximum temperature anomaly (source-ensemble mean); ma3 ending at origin.,°C,Training: IPCCH_shared_folder/climate_monthly_2015_2026_MODELING_READY.csv; Inference: IPCCH_shared_folder/climate_monthly_2015_2026_MODELING_READY.csv,O=T-H; O-2 through O,mean_nonmissing(x[O-2:O]); require >= 2 valid months,Source-native NA; no carrier-row or saved-extra-NA mask; no interpolation or extra forward fill. XGBoost handles NA natively. NA below 2 valid observations within the fixed 3-calendar-month window; never extend the window to find values.,numeric,true,1,true,1,true,1,true,1,true,1,"[""tmax_anom_month_ensmean__ma3_at_origin""]","{""compact_baseline/0m"":111,""compact_baseline/6m"":111,""compact_baseline/12m"":111,""compact_cds_weather/6m"":111,""compact_cds_weather/12m"":111}","[0, 6, 12]",ordinary,tmax_anom_month_ensmean,"Per source: monthly mean daily Tmax minus 1991–2020 calendar-month climatology; crop-area polygon mean; source mean. Parameters/caveats: Use daily Tmax, not maximum hourly 2-m temperature without local-day conversion. Harmonize time zone/day boundary before daily aggregation.",".trellis/tasks/archive/2026-10/10-08-compact-climate-weather-oracle/design.md: Monthly recipes, names and time; src/ipcch/climate2015_features.py:104-251; /mnt/c/Users/swl00/IFPRI Dropbox/Weilun Shi/IPCCH_shared_folder/climate_agriculture_varlist.xlsx#VARLIST!B10:I10; src/ipcch/climate2015_features.py:18-23; .trellis/tasks/10-08-compact-cds-launch/design.md","Source observation month is an availability proxy; historical release vintage is not certified. This is an expected input, not a fitted result. Source units/definitions follow supplier documentation; upstream climatology fitting samples and ETL have not been independently verified.",expected_not_fitted,IPCCH_shared_folder/climate_monthly_2015_2026_MODELING_READY.csv,IPCCH_shared_folder/climate_monthly_2015_2026_MODELING_READY.csv,mean_nonmissing(x[O-2:O]); require >= 2 valid months,mean_nonmissing(x[O-2:O]); require >= 2 valid months Use O=2026-04 and target T from the run index.,Source-native NA; no carrier-row or saved-extra-NA mask; no interpolation or extra forward fill. XGBoost handles NA natively. NA below 2 valid observations within the fixed 3-calendar-month window; never extend the window to find values.,Source-native NA; no carrier-row or saved-extra-NA mask; no interpolation or extra forward fill. XGBoost handles NA natively. NA below 2 valid observations within the fixed 3-calendar-month window; never extend the window to find values.,Inherited source/recipe definition; see base_source_definition,Inherited source/recipe definition; see base_source_definition,Inherited compact source; upstream aggregation not independently certified,Same retained compact source/recipe; upstream aggregation not independently certified
112,tmax_anom_month_ensmean__ma6_at_origin,Monthly climate,maximum temperature anomaly (source-ensemble mean); ma6 ending at origin.,°C,Training: IPCCH_shared_folder/climate_monthly_2015_2026_MODELING_READY.csv; Inference: IPCCH_shared_folder/climate_monthly_2015_2026_MODELING_READY.csv,O=T-H; O-5 through O,mean_nonmissing(x[O-5:O]); require >= 3 valid months,Source-native NA; no carrier-row or saved-extra-NA mask; no interpolation or extra forward fill. XGBoost handles NA natively. NA below 3 valid observations within the fixed 6-calendar-month window; never extend the window to find values.,numeric,true,1,true,1,true,1,true,1,true,1,"[""tmax_anom_month_ensmean__ma6_at_origin""]","{""compact_baseline/0m"":112,""compact_baseline/6m"":112,""compact_baseline/12m"":112,""compact_cds_weather/6m"":112,""compact_cds_weather/12m"":112}","[0, 6, 12]",ordinary,tmax_anom_month_ensmean,"Per source: monthly mean daily Tmax minus 1991–2020 calendar-month climatology; crop-area polygon mean; source mean. Parameters/caveats: Use daily Tmax, not maximum hourly 2-m temperature without local-day conversion. Harmonize time zone/day boundary before daily aggregation.",".trellis/tasks/archive/2026-10/10-08-compact-climate-weather-oracle/design.md: Monthly recipes, names and time; src/ipcch/climate2015_features.py:104-251; /mnt/c/Users/swl00/IFPRI Dropbox/Weilun Shi/IPCCH_shared_folder/climate_agriculture_varlist.xlsx#VARLIST!B10:I10; src/ipcch/climate2015_features.py:18-23; .trellis/tasks/10-08-compact-cds-launch/design.md","Source observation month is an availability proxy; historical release vintage is not certified. This is an expected input, not a fitted result. Source units/definitions follow supplier documentation; upstream climatology fitting samples and ETL have not been independently verified.",expected_not_fitted,IPCCH_shared_folder/climate_monthly_2015_2026_MODELING_READY.csv,IPCCH_shared_folder/climate_monthly_2015_2026_MODELING_READY.csv,mean_nonmissing(x[O-5:O]); require >= 3 valid months,mean_nonmissing(x[O-5:O]); require >= 3 valid months Use O=2026-04 and target T from the run index.,Source-native NA; no carrier-row or saved-extra-NA mask; no interpolation or extra forward fill. XGBoost handles NA natively. NA below 3 valid observations within the fixed 6-calendar-month window; never extend the window to find values.,Source-native NA; no carrier-row or saved-extra-NA mask; no interpolation or extra forward fill. XGBoost handles NA natively. NA below 3 valid observations within the fixed 6-calendar-month window; never extend the window to find values.,Inherited source/recipe definition; see base_source_definition,Inherited source/recipe definition; see base_source_definition,Inherited compact source; upstream aggregation not independently certified,Same retained compact source/recipe; upstream aggregation not independently certified
113,tmax_anom_month_ensmean__ma12_at_origin,Monthly climate,maximum temperature anomaly (source-ensemble mean); ma12 ending at origin.,°C,Training: IPCCH_shared_folder/climate_monthly_2015_2026_MODELING_READY.csv; Inference: IPCCH_shared_folder/climate_monthly_2015_2026_MODELING_READY.csv,O=T-H; O-11 through O,mean_nonmissing(x[O-11:O]); require >= 6 valid months,Source-native NA; no carrier-row or saved-extra-NA mask; no interpolation or extra forward fill. XGBoost handles NA natively. NA below 6 valid observations within the fixed 12-calendar-month window; never extend the window to find values.,numeric,true,1,true,1,true,1,true,1,true,1,"[""tmax_anom_month_ensmean__ma12_at_origin""]","{""compact_baseline/0m"":113,""compact_baseline/6m"":113,""compact_baseline/12m"":113,""compact_cds_weather/6m"":113,""compact_cds_weather/12m"":113}","[0, 6, 12]",ordinary,tmax_anom_month_ensmean,"Per source: monthly mean daily Tmax minus 1991–2020 calendar-month climatology; crop-area polygon mean; source mean. Parameters/caveats: Use daily Tmax, not maximum hourly 2-m temperature without local-day conversion. Harmonize time zone/day boundary before daily aggregation.",".trellis/tasks/archive/2026-10/10-08-compact-climate-weather-oracle/design.md: Monthly recipes, names and time; src/ipcch/climate2015_features.py:104-251; /mnt/c/Users/swl00/IFPRI Dropbox/Weilun Shi/IPCCH_shared_folder/climate_agriculture_varlist.xlsx#VARLIST!B10:I10; src/ipcch/climate2015_features.py:18-23; .trellis/tasks/10-08-compact-cds-launch/design.md","Source observation month is an availability proxy; historical release vintage is not certified. This is an expected input, not a fitted result. Source units/definitions follow supplier documentation; upstream climatology fitting samples and ETL have not been independently verified.",expected_not_fitted,IPCCH_shared_folder/climate_monthly_2015_2026_MODELING_READY.csv,IPCCH_shared_folder/climate_monthly_2015_2026_MODELING_READY.csv,mean_nonmissing(x[O-11:O]); require >= 6 valid months,mean_nonmissing(x[O-11:O]); require >= 6 valid months Use O=2026-04 and target T from the run index.,Source-native NA; no carrier-row or saved-extra-NA mask; no interpolation or extra forward fill. XGBoost handles NA natively. NA below 6 valid observations within the fixed 12-calendar-month window; never extend the window to find values.,Source-native NA; no carrier-row or saved-extra-NA mask; no interpolation or extra forward fill. XGBoost handles NA natively. NA below 6 valid observations within the fixed 12-calendar-month window; never extend the window to find values.,Inherited source/recipe definition; see base_source_definition,Inherited source/recipe definition; see base_source_definition,Inherited compact source; upstream aggregation not independently certified,Same retained compact source/recipe; upstream aggregation not independently certified
114,tmax_anom_month_ensmean__sd12_at_origin,Monthly climate,maximum temperature anomaly (source-ensemble mean); sd12 ending at origin.,°C,Training: IPCCH_shared_folder/climate_monthly_2015_2026_MODELING_READY.csv; Inference: IPCCH_shared_folder/climate_monthly_2015_2026_MODELING_READY.csv,O=T-H; O-11 through O,"sample_sd(x[O-11:O], ddof=1); require >= 6 valid months",Source-native NA; no carrier-row or saved-extra-NA mask; no interpolation or extra forward fill. XGBoost handles NA natively. NA below 6 valid observations within the fixed 12-calendar-month window; never extend the window to find values.,numeric,true,1,true,1,true,1,true,1,true,1,"[""tmax_anom_month_ensmean__sd12_at_origin""]","{""compact_baseline/0m"":114,""compact_baseline/6m"":114,""compact_baseline/12m"":114,""compact_cds_weather/6m"":114,""compact_cds_weather/12m"":114}","[0, 6, 12]",ordinary,tmax_anom_month_ensmean,"Per source: monthly mean daily Tmax minus 1991–2020 calendar-month climatology; crop-area polygon mean; source mean. Parameters/caveats: Use daily Tmax, not maximum hourly 2-m temperature without local-day conversion. Harmonize time zone/day boundary before daily aggregation.",".trellis/tasks/archive/2026-10/10-08-compact-climate-weather-oracle/design.md: Monthly recipes, names and time; src/ipcch/climate2015_features.py:104-251; /mnt/c/Users/swl00/IFPRI Dropbox/Weilun Shi/IPCCH_shared_folder/climate_agriculture_varlist.xlsx#VARLIST!B10:I10; src/ipcch/climate2015_features.py:18-23; .trellis/tasks/10-08-compact-cds-launch/design.md","Source observation month is an availability proxy; historical release vintage is not certified. This is an expected input, not a fitted result. Source units/definitions follow supplier documentation; upstream climatology fitting samples and ETL have not been independently verified.",expected_not_fitted,IPCCH_shared_folder/climate_monthly_2015_2026_MODELING_READY.csv,IPCCH_shared_folder/climate_monthly_2015_2026_MODELING_READY.csv,"sample_sd(x[O-11:O], ddof=1); require >= 6 valid months","sample_sd(x[O-11:O], ddof=1); require >= 6 valid months Use O=2026-04 and target T from the run index.",Source-native NA; no carrier-row or saved-extra-NA mask; no interpolation or extra forward fill. XGBoost handles NA natively. NA below 6 valid observations within the fixed 12-calendar-month window; never extend the window to find values.,Source-native NA; no carrier-row or saved-extra-NA mask; no interpolation or extra forward fill. XGBoost handles NA natively. NA below 6 valid observations within the fixed 12-calendar-month window; never extend the window to find values.,Inherited source/recipe definition; see base_source_definition,Inherited source/recipe definition; see base_source_definition,Inherited compact source; upstream aggregation not independently certified,Same retained compact source/recipe; upstream aggregation not independently certified
115,hot_days_p95_month_ensmean__value_at_origin,Monthly climate,days above location-specific threshold (source-ensemble mean); value ending at origin.,days,Training: IPCCH_shared_folder/climate_monthly_2015_2026_MODELING_READY.csv; Inference: IPCCH_shared_folder/climate_monthly_2015_2026_MODELING_READY.csv,O=T-H; O,x[O],Source-native NA; no carrier-row or saved-extra-NA mask; no interpolation or extra forward fill. XGBoost handles NA natively. Missing x[O] remains NA.,numeric,true,1,true,1,true,1,true,1,true,1,"[""hot_days_p95_month_ensmean__value_at_origin""]","{""compact_baseline/0m"":115,""compact_baseline/6m"":115,""compact_baseline/12m"":115,""compact_cds_weather/6m"":115,""compact_cds_weather/12m"":115}","[0, 6, 12]",ordinary,hot_days_p95_month_ensmean,"Per source/pixel: count days where Tmax exceeds its calendar-day 95th percentile from 1991–2020, estimated with a ±15-day day-of-year window; polygon and source mean. Parameters/caveats: Primary threshold p95; report p90 and absolute crop-specific thresholds as robustness. Thresholds are source-specific before ensemble averaging.",".trellis/tasks/archive/2026-10/10-08-compact-climate-weather-oracle/design.md: Monthly recipes, names and time; src/ipcch/climate2015_features.py:104-251; /mnt/c/Users/swl00/IFPRI Dropbox/Weilun Shi/IPCCH_shared_folder/climate_agriculture_varlist.xlsx#VARLIST!B11:I11; src/ipcch/climate2015_features.py:18-23; .trellis/tasks/10-08-compact-cds-launch/design.md","Source observation month is an availability proxy; historical release vintage is not certified. This is an expected input, not a fitted result. Source units/definitions follow supplier documentation; upstream climatology fitting samples and ETL have not been independently verified.",expected_not_fitted,IPCCH_shared_folder/climate_monthly_2015_2026_MODELING_READY.csv,IPCCH_shared_folder/climate_monthly_2015_2026_MODELING_READY.csv,x[O],x[O] Use O=2026-04 and target T from the run index.,Source-native NA; no carrier-row or saved-extra-NA mask; no interpolation or extra forward fill. XGBoost handles NA natively. Missing x[O] remains NA.,Source-native NA; no carrier-row or saved-extra-NA mask; no interpolation or extra forward fill. XGBoost handles NA natively. Missing x[O] remains NA.,Inherited source/recipe definition; see base_source_definition,Inherited source/recipe definition; see base_source_definition,Inherited compact source; upstream aggregation not independently certified,Same retained compact source/recipe; upstream aggregation not independently certified
116,hot_days_p95_month_ensmean__ma3_at_origin,Monthly climate,days above location-specific threshold (source-ensemble mean); ma3 ending at origin.,days,Training: IPCCH_shared_folder/climate_monthly_2015_2026_MODELING_READY.csv; Inference: IPCCH_shared_folder/climate_monthly_2015_2026_MODELING_READY.csv,O=T-H; O-2 through O,mean_nonmissing(x[O-2:O]); require >= 2 valid months,Source-native NA; no carrier-row or saved-extra-NA mask; no interpolation or extra forward fill. XGBoost handles NA natively. NA below 2 valid observations within the fixed 3-calendar-month window; never extend the window to find values.,numeric,true,1,true,1,true,1,true,1,true,1,"[""hot_days_p95_month_ensmean__ma3_at_origin""]","{""compact_baseline/0m"":116,""compact_baseline/6m"":116,""compact_baseline/12m"":116,""compact_cds_weather/6m"":116,""compact_cds_weather/12m"":116}","[0, 6, 12]",ordinary,hot_days_p95_month_ensmean,"Per source/pixel: count days where Tmax exceeds its calendar-day 95th percentile from 1991–2020, estimated with a ±15-day day-of-year window; polygon and source mean. Parameters/caveats: Primary threshold p95; report p90 and absolute crop-specific thresholds as robustness. Thresholds are source-specific before ensemble averaging.",".trellis/tasks/archive/2026-10/10-08-compact-climate-weather-oracle/design.md: Monthly recipes, names and time; src/ipcch/climate2015_features.py:104-251; /mnt/c/Users/swl00/IFPRI Dropbox/Weilun Shi/IPCCH_shared_folder/climate_agriculture_varlist.xlsx#VARLIST!B11:I11; src/ipcch/climate2015_features.py:18-23; .trellis/tasks/10-08-compact-cds-launch/design.md","Source observation month is an availability proxy; historical release vintage is not certified. This is an expected input, not a fitted result. Source units/definitions follow supplier documentation; upstream climatology fitting samples and ETL have not been independently verified.",expected_not_fitted,IPCCH_shared_folder/climate_monthly_2015_2026_MODELING_READY.csv,IPCCH_shared_folder/climate_monthly_2015_2026_MODELING_READY.csv,mean_nonmissing(x[O-2:O]); require >= 2 valid months,mean_nonmissing(x[O-2:O]); require >= 2 valid months Use O=2026-04 and target T from the run index.,Source-native NA; no carrier-row or saved-extra-NA mask; no interpolation or extra forward fill. XGBoost handles NA natively. NA below 2 valid observations within the fixed 3-calendar-month window; never extend the window to find values.,Source-native NA; no carrier-row or saved-extra-NA mask; no interpolation or extra forward fill. XGBoost handles NA natively. NA below 2 valid observations within the fixed 3-calendar-month window; never extend the window to find values.,Inherited source/recipe definition; see base_source_definition,Inherited source/recipe definition; see base_source_definition,Inherited compact source; upstream aggregation not independently certified,Same retained compact source/recipe; upstream aggregation not independently certified
117,hot_days_p95_month_ensmean__ma6_at_origin,Monthly climate,days above location-specific threshold (source-ensemble mean); ma6 ending at origin.,days,Training: IPCCH_shared_folder/climate_monthly_2015_2026_MODELING_READY.csv; Inference: IPCCH_shared_folder/climate_monthly_2015_2026_MODELING_READY.csv,O=T-H; O-5 through O,mean_nonmissing(x[O-5:O]); require >= 3 valid months,Source-native NA; no carrier-row or saved-extra-NA mask; no interpolation or extra forward fill. XGBoost handles NA natively. NA below 3 valid observations within the fixed 6-calendar-month window; never extend the window to find values.,numeric,true,1,true,1,true,1,true,1,true,1,"[""hot_days_p95_month_ensmean__ma6_at_origin""]","{""compact_baseline/0m"":117,""compact_baseline/6m"":117,""compact_baseline/12m"":117,""compact_cds_weather/6m"":117,""compact_cds_weather/12m"":117}","[0, 6, 12]",ordinary,hot_days_p95_month_ensmean,"Per source/pixel: count days where Tmax exceeds its calendar-day 95th percentile from 1991–2020, estimated with a ±15-day day-of-year window; polygon and source mean. Parameters/caveats: Primary threshold p95; report p90 and absolute crop-specific thresholds as robustness. Thresholds are source-specific before ensemble averaging.",".trellis/tasks/archive/2026-10/10-08-compact-climate-weather-oracle/design.md: Monthly recipes, names and time; src/ipcch/climate2015_features.py:104-251; /mnt/c/Users/swl00/IFPRI Dropbox/Weilun Shi/IPCCH_shared_folder/climate_agriculture_varlist.xlsx#VARLIST!B11:I11; src/ipcch/climate2015_features.py:18-23; .trellis/tasks/10-08-compact-cds-launch/design.md","Source observation month is an availability proxy; historical release vintage is not certified. This is an expected input, not a fitted result. Source units/definitions follow supplier documentation; upstream climatology fitting samples and ETL have not been independently verified.",expected_not_fitted,IPCCH_shared_folder/climate_monthly_2015_2026_MODELING_READY.csv,IPCCH_shared_folder/climate_monthly_2015_2026_MODELING_READY.csv,mean_nonmissing(x[O-5:O]); require >= 3 valid months,mean_nonmissing(x[O-5:O]); require >= 3 valid months Use O=2026-04 and target T from the run index.,Source-native NA; no carrier-row or saved-extra-NA mask; no interpolation or extra forward fill. XGBoost handles NA natively. NA below 3 valid observations within the fixed 6-calendar-month window; never extend the window to find values.,Source-native NA; no carrier-row or saved-extra-NA mask; no interpolation or extra forward fill. XGBoost handles NA natively. NA below 3 valid observations within the fixed 6-calendar-month window; never extend the window to find values.,Inherited source/recipe definition; see base_source_definition,Inherited source/recipe definition; see base_source_definition,Inherited compact source; upstream aggregation not independently certified,Same retained compact source/recipe; upstream aggregation not independently certified
118,hot_days_p95_month_ensmean__ma12_at_origin,Monthly climate,days above location-specific threshold (source-ensemble mean); ma12 ending at origin.,days,Training: IPCCH_shared_folder/climate_monthly_2015_2026_MODELING_READY.csv; Inference: IPCCH_shared_folder/climate_monthly_2015_2026_MODELING_READY.csv,O=T-H; O-11 through O,mean_nonmissing(x[O-11:O]); require >= 6 valid months,Source-native NA; no carrier-row or saved-extra-NA mask; no interpolation or extra forward fill. XGBoost handles NA natively. NA below 6 valid observations within the fixed 12-calendar-month window; never extend the window to find values.,numeric,true,1,true,1,true,1,true,1,true,1,"[""hot_days_p95_month_ensmean__ma12_at_origin""]","{""compact_baseline/0m"":118,""compact_baseline/6m"":118,""compact_baseline/12m"":118,""compact_cds_weather/6m"":118,""compact_cds_weather/12m"":118}","[0, 6, 12]",ordinary,hot_days_p95_month_ensmean,"Per source/pixel: count days where Tmax exceeds its calendar-day 95th percentile from 1991–2020, estimated with a ±15-day day-of-year window; polygon and source mean. Parameters/caveats: Primary threshold p95; report p90 and absolute crop-specific thresholds as robustness. Thresholds are source-specific before ensemble averaging.",".trellis/tasks/archive/2026-10/10-08-compact-climate-weather-oracle/design.md: Monthly recipes, names and time; src/ipcch/climate2015_features.py:104-251; /mnt/c/Users/swl00/IFPRI Dropbox/Weilun Shi/IPCCH_shared_folder/climate_agriculture_varlist.xlsx#VARLIST!B11:I11; src/ipcch/climate2015_features.py:18-23; .trellis/tasks/10-08-compact-cds-launch/design.md","Source observation month is an availability proxy; historical release vintage is not certified. This is an expected input, not a fitted result. Source units/definitions follow supplier documentation; upstream climatology fitting samples and ETL have not been independently verified.",expected_not_fitted,IPCCH_shared_folder/climate_monthly_2015_2026_MODELING_READY.csv,IPCCH_shared_folder/climate_monthly_2015_2026_MODELING_READY.csv,mean_nonmissing(x[O-11:O]); require >= 6 valid months,mean_nonmissing(x[O-11:O]); require >= 6 valid months Use O=2026-04 and target T from the run index.,Source-native NA; no carrier-row or saved-extra-NA mask; no interpolation or extra forward fill. XGBoost handles NA natively. NA below 6 valid observations within the fixed 12-calendar-month window; never extend the window to find values.,Source-native NA; no carrier-row or saved-extra-NA mask; no interpolation or extra forward fill. XGBoost handles NA natively. NA below 6 valid observations within the fixed 12-calendar-month window; never extend the window to find values.,Inherited source/recipe definition; see base_source_definition,Inherited source/recipe definition; see base_source_definition,Inherited compact source; upstream aggregation not independently certified,Same retained compact source/recipe; upstream aggregation not independently certified
119,hot_days_p95_month_ensmean__sd12_at_origin,Monthly climate,days above location-specific threshold (source-ensemble mean); sd12 ending at origin.,days,Training: IPCCH_shared_folder/climate_monthly_2015_2026_MODELING_READY.csv; Inference: IPCCH_shared_folder/climate_monthly_2015_2026_MODELING_READY.csv,O=T-H; O-11 through O,"sample_sd(x[O-11:O], ddof=1); require >= 6 valid months",Source-native NA; no carrier-row or saved-extra-NA mask; no interpolation or extra forward fill. XGBoost handles NA natively. NA below 6 valid observations within the fixed 12-calendar-month window; never extend the window to find values.,numeric,true,1,true,1,true,1,true,1,true,1,"[""hot_days_p95_month_ensmean__sd12_at_origin""]","{""compact_baseline/0m"":119,""compact_baseline/6m"":119,""compact_baseline/12m"":119,""compact_cds_weather/6m"":119,""compact_cds_weather/12m"":119}","[0, 6, 12]",ordinary,hot_days_p95_month_ensmean,"Per source/pixel: count days where Tmax exceeds its calendar-day 95th percentile from 1991–2020, estimated with a ±15-day day-of-year window; polygon and source mean. Parameters/caveats: Primary threshold p95; report p90 and absolute crop-specific thresholds as robustness. Thresholds are source-specific before ensemble averaging.",".trellis/tasks/archive/2026-10/10-08-compact-climate-weather-oracle/design.md: Monthly recipes, names and time; src/ipcch/climate2015_features.py:104-251; /mnt/c/Users/swl00/IFPRI Dropbox/Weilun Shi/IPCCH_shared_folder/climate_agriculture_varlist.xlsx#VARLIST!B11:I11; src/ipcch/climate2015_features.py:18-23; .trellis/tasks/10-08-compact-cds-launch/design.md","Source observation month is an availability proxy; historical release vintage is not certified. This is an expected input, not a fitted result. Source units/definitions follow supplier documentation; upstream climatology fitting samples and ETL have not been independently verified.",expected_not_fitted,IPCCH_shared_folder/climate_monthly_2015_2026_MODELING_READY.csv,IPCCH_shared_folder/climate_monthly_2015_2026_MODELING_READY.csv,"sample_sd(x[O-11:O], ddof=1); require >= 6 valid months","sample_sd(x[O-11:O], ddof=1); require >= 6 valid months Use O=2026-04 and target T from the run index.",Source-native NA; no carrier-row or saved-extra-NA mask; no interpolation or extra forward fill. XGBoost handles NA natively. NA below 6 valid observations within the fixed 12-calendar-month window; never extend the window to find values.,Source-native NA; no carrier-row or saved-extra-NA mask; no interpolation or extra forward fill. XGBoost handles NA natively. NA below 6 valid observations within the fixed 12-calendar-month window; never extend the window to find values.,Inherited source/recipe definition; see base_source_definition,Inherited source/recipe definition; see base_source_definition,Inherited compact source; upstream aggregation not independently certified,Same retained compact source/recipe; upstream aggregation not independently certified
120,gdd_month_ensmean__value_at_origin,Monthly climate,growing degree days (GDD) (source-ensemble mean); value ending at origin.,°C·day,Training: IPCCH_shared_folder/climate_monthly_2015_2026_MODELING_READY.csv; Inference: IPCCH_shared_folder/climate_monthly_2015_2026_MODELING_READY.csv,O=T-H; O,x[O],Source-native NA; no carrier-row or saved-extra-NA mask; no interpolation or extra forward fill. XGBoost handles NA natively. Missing x[O] remains NA.,numeric,true,1,true,1,true,1,true,1,true,1,"[""gdd_month_ensmean__value_at_origin""]","{""compact_baseline/0m"":120,""compact_baseline/6m"":120,""compact_baseline/12m"":120,""compact_cds_weather/6m"":120,""compact_cds_weather/12m"":120}","[0, 6, 12]",ordinary,gdd_month_ensmean,"Per source/pixel/day compute bounded GDD, sum in month, crop-area-weight, then source mean. Parameters/caveats: Crop-specific preferred. Generic fallback: Tbase=10°C, Tcap=30°C; GDD=max(([min(Tmax,Tcap)+max(Tmin,Tbase)]/2)−Tbase,0).",".trellis/tasks/archive/2026-10/10-08-compact-climate-weather-oracle/design.md: Monthly recipes, names and time; src/ipcch/climate2015_features.py:104-251; /mnt/c/Users/swl00/IFPRI Dropbox/Weilun Shi/IPCCH_shared_folder/climate_agriculture_varlist.xlsx#VARLIST!B12:I12; src/ipcch/climate2015_features.py:18-23; .trellis/tasks/10-08-compact-cds-launch/design.md","Source observation month is an availability proxy; historical release vintage is not certified. This is an expected input, not a fitted result. Source units/definitions follow supplier documentation; upstream climatology fitting samples and ETL have not been independently verified.",expected_not_fitted,IPCCH_shared_folder/climate_monthly_2015_2026_MODELING_READY.csv,IPCCH_shared_folder/climate_monthly_2015_2026_MODELING_READY.csv,x[O],x[O] Use O=2026-04 and target T from the run index.,Source-native NA; no carrier-row or saved-extra-NA mask; no interpolation or extra forward fill. XGBoost handles NA natively. Missing x[O] remains NA.,Source-native NA; no carrier-row or saved-extra-NA mask; no interpolation or extra forward fill. XGBoost handles NA natively. Missing x[O] remains NA.,Inherited source/recipe definition; see base_source_definition,Inherited source/recipe definition; see base_source_definition,Inherited compact source; upstream aggregation not independently certified,Same retained compact source/recipe; upstream aggregation not independently certified
121,gdd_month_ensmean__ma3_at_origin,Monthly climate,growing degree days (GDD) (source-ensemble mean); ma3 ending at origin.,°C·day,Training: IPCCH_shared_folder/climate_monthly_2015_2026_MODELING_READY.csv; Inference: IPCCH_shared_folder/climate_monthly_2015_2026_MODELING_READY.csv,O=T-H; O-2 through O,mean_nonmissing(x[O-2:O]); require >= 2 valid months,Source-native NA; no carrier-row or saved-extra-NA mask; no interpolation or extra forward fill. XGBoost handles NA natively. NA below 2 valid observations within the fixed 3-calendar-month window; never extend the window to find values.,numeric,true,1,true,1,true,1,true,1,true,1,"[""gdd_month_ensmean__ma3_at_origin""]","{""compact_baseline/0m"":121,""compact_baseline/6m"":121,""compact_baseline/12m"":121,""compact_cds_weather/6m"":121,""compact_cds_weather/12m"":121}","[0, 6, 12]",ordinary,gdd_month_ensmean,"Per source/pixel/day compute bounded GDD, sum in month, crop-area-weight, then source mean. Parameters/caveats: Crop-specific preferred. Generic fallback: Tbase=10°C, Tcap=30°C; GDD=max(([min(Tmax,Tcap)+max(Tmin,Tbase)]/2)−Tbase,0).",".trellis/tasks/archive/2026-10/10-08-compact-climate-weather-oracle/design.md: Monthly recipes, names and time; src/ipcch/climate2015_features.py:104-251; /mnt/c/Users/swl00/IFPRI Dropbox/Weilun Shi/IPCCH_shared_folder/climate_agriculture_varlist.xlsx#VARLIST!B12:I12; src/ipcch/climate2015_features.py:18-23; .trellis/tasks/10-08-compact-cds-launch/design.md","Source observation month is an availability proxy; historical release vintage is not certified. This is an expected input, not a fitted result. Source units/definitions follow supplier documentation; upstream climatology fitting samples and ETL have not been independently verified.",expected_not_fitted,IPCCH_shared_folder/climate_monthly_2015_2026_MODELING_READY.csv,IPCCH_shared_folder/climate_monthly_2015_2026_MODELING_READY.csv,mean_nonmissing(x[O-2:O]); require >= 2 valid months,mean_nonmissing(x[O-2:O]); require >= 2 valid months Use O=2026-04 and target T from the run index.,Source-native NA; no carrier-row or saved-extra-NA mask; no interpolation or extra forward fill. XGBoost handles NA natively. NA below 2 valid observations within the fixed 3-calendar-month window; never extend the window to find values.,Source-native NA; no carrier-row or saved-extra-NA mask; no interpolation or extra forward fill. XGBoost handles NA natively. NA below 2 valid observations within the fixed 3-calendar-month window; never extend the window to find values.,Inherited source/recipe definition; see base_source_definition,Inherited source/recipe definition; see base_source_definition,Inherited compact source; upstream aggregation not independently certified,Same retained compact source/recipe; upstream aggregation not independently certified
122,gdd_month_ensmean__ma6_at_origin,Monthly climate,growing degree days (GDD) (source-ensemble mean); ma6 ending at origin.,°C·day,Training: IPCCH_shared_folder/climate_monthly_2015_2026_MODELING_READY.csv; Inference: IPCCH_shared_folder/climate_monthly_2015_2026_MODELING_READY.csv,O=T-H; O-5 through O,mean_nonmissing(x[O-5:O]); require >= 3 valid months,Source-native NA; no carrier-row or saved-extra-NA mask; no interpolation or extra forward fill. XGBoost handles NA natively. NA below 3 valid observations within the fixed 6-calendar-month window; never extend the window to find values.,numeric,true,1,true,1,true,1,true,1,true,1,"[""gdd_month_ensmean__ma6_at_origin""]","{""compact_baseline/0m"":122,""compact_baseline/6m"":122,""compact_baseline/12m"":122,""compact_cds_weather/6m"":122,""compact_cds_weather/12m"":122}","[0, 6, 12]",ordinary,gdd_month_ensmean,"Per source/pixel/day compute bounded GDD, sum in month, crop-area-weight, then source mean. Parameters/caveats: Crop-specific preferred. Generic fallback: Tbase=10°C, Tcap=30°C; GDD=max(([min(Tmax,Tcap)+max(Tmin,Tbase)]/2)−Tbase,0).",".trellis/tasks/archive/2026-10/10-08-compact-climate-weather-oracle/design.md: Monthly recipes, names and time; src/ipcch/climate2015_features.py:104-251; /mnt/c/Users/swl00/IFPRI Dropbox/Weilun Shi/IPCCH_shared_folder/climate_agriculture_varlist.xlsx#VARLIST!B12:I12; src/ipcch/climate2015_features.py:18-23; .trellis/tasks/10-08-compact-cds-launch/design.md","Source observation month is an availability proxy; historical release vintage is not certified. This is an expected input, not a fitted result. Source units/definitions follow supplier documentation; upstream climatology fitting samples and ETL have not been independently verified.",expected_not_fitted,IPCCH_shared_folder/climate_monthly_2015_2026_MODELING_READY.csv,IPCCH_shared_folder/climate_monthly_2015_2026_MODELING_READY.csv,mean_nonmissing(x[O-5:O]); require >= 3 valid months,mean_nonmissing(x[O-5:O]); require >= 3 valid months Use O=2026-04 and target T from the run index.,Source-native NA; no carrier-row or saved-extra-NA mask; no interpolation or extra forward fill. XGBoost handles NA natively. NA below 3 valid observations within the fixed 6-calendar-month window; never extend the window to find values.,Source-native NA; no carrier-row or saved-extra-NA mask; no interpolation or extra forward fill. XGBoost handles NA natively. NA below 3 valid observations within the fixed 6-calendar-month window; never extend the window to find values.,Inherited source/recipe definition; see base_source_definition,Inherited source/recipe definition; see base_source_definition,Inherited compact source; upstream aggregation not independently certified,Same retained compact source/recipe; upstream aggregation not independently certified
123,gdd_month_ensmean__ma12_at_origin,Monthly climate,growing degree days (GDD) (source-ensemble mean); ma12 ending at origin.,°C·day,Training: IPCCH_shared_folder/climate_monthly_2015_2026_MODELING_READY.csv; Inference: IPCCH_shared_folder/climate_monthly_2015_2026_MODELING_READY.csv,O=T-H; O-11 through O,mean_nonmissing(x[O-11:O]); require >= 6 valid months,Source-native NA; no carrier-row or saved-extra-NA mask; no interpolation or extra forward fill. XGBoost handles NA natively. NA below 6 valid observations within the fixed 12-calendar-month window; never extend the window to find values.,numeric,true,1,true,1,true,1,true,1,true,1,"[""gdd_month_ensmean__ma12_at_origin""]","{""compact_baseline/0m"":123,""compact_baseline/6m"":123,""compact_baseline/12m"":123,""compact_cds_weather/6m"":123,""compact_cds_weather/12m"":123}","[0, 6, 12]",ordinary,gdd_month_ensmean,"Per source/pixel/day compute bounded GDD, sum in month, crop-area-weight, then source mean. Parameters/caveats: Crop-specific preferred. Generic fallback: Tbase=10°C, Tcap=30°C; GDD=max(([min(Tmax,Tcap)+max(Tmin,Tbase)]/2)−Tbase,0).",".trellis/tasks/archive/2026-10/10-08-compact-climate-weather-oracle/design.md: Monthly recipes, names and time; src/ipcch/climate2015_features.py:104-251; /mnt/c/Users/swl00/IFPRI Dropbox/Weilun Shi/IPCCH_shared_folder/climate_agriculture_varlist.xlsx#VARLIST!B12:I12; src/ipcch/climate2015_features.py:18-23; .trellis/tasks/10-08-compact-cds-launch/design.md","Source observation month is an availability proxy; historical release vintage is not certified. This is an expected input, not a fitted result. Source units/definitions follow supplier documentation; upstream climatology fitting samples and ETL have not been independently verified.",expected_not_fitted,IPCCH_shared_folder/climate_monthly_2015_2026_MODELING_READY.csv,IPCCH_shared_folder/climate_monthly_2015_2026_MODELING_READY.csv,mean_nonmissing(x[O-11:O]); require >= 6 valid months,mean_nonmissing(x[O-11:O]); require >= 6 valid months Use O=2026-04 and target T from the run index.,Source-native NA; no carrier-row or saved-extra-NA mask; no interpolation or extra forward fill. XGBoost handles NA natively. NA below 6 valid observations within the fixed 12-calendar-month window; never extend the window to find values.,Source-native NA; no carrier-row or saved-extra-NA mask; no interpolation or extra forward fill. XGBoost handles NA natively. NA below 6 valid observations within the fixed 12-calendar-month window; never extend the window to find values.,Inherited source/recipe definition; see base_source_definition,Inherited source/recipe definition; see base_source_definition,Inherited compact source; upstream aggregation not independently certified,Same retained compact source/recipe; upstream aggregation not independently certified
124,gdd_month_ensmean__sd12_at_origin,Monthly climate,growing degree days (GDD) (source-ensemble mean); sd12 ending at origin.,°C·day,Training: IPCCH_shared_folder/climate_monthly_2015_2026_MODELING_READY.csv; Inference: IPCCH_shared_folder/climate_monthly_2015_2026_MODELING_READY.csv,O=T-H; O-11 through O,"sample_sd(x[O-11:O], ddof=1); require >= 6 valid months",Source-native NA; no carrier-row or saved-extra-NA mask; no interpolation or extra forward fill. XGBoost handles NA natively. NA below 6 valid observations within the fixed 12-calendar-month window; never extend the window to find values.,numeric,true,1,true,1,true,1,true,1,true,1,"[""gdd_month_ensmean__sd12_at_origin""]","{""compact_baseline/0m"":124,""compact_baseline/6m"":124,""compact_baseline/12m"":124,""compact_cds_weather/6m"":124,""compact_cds_weather/12m"":124}","[0, 6, 12]",ordinary,gdd_month_ensmean,"Per source/pixel/day compute bounded GDD, sum in month, crop-area-weight, then source mean. Parameters/caveats: Crop-specific preferred. Generic fallback: Tbase=10°C, Tcap=30°C; GDD=max(([min(Tmax,Tcap)+max(Tmin,Tbase)]/2)−Tbase,0).",".trellis/tasks/archive/2026-10/10-08-compact-climate-weather-oracle/design.md: Monthly recipes, names and time; src/ipcch/climate2015_features.py:104-251; /mnt/c/Users/swl00/IFPRI Dropbox/Weilun Shi/IPCCH_shared_folder/climate_agriculture_varlist.xlsx#VARLIST!B12:I12; src/ipcch/climate2015_features.py:18-23; .trellis/tasks/10-08-compact-cds-launch/design.md","Source observation month is an availability proxy; historical release vintage is not certified. This is an expected input, not a fitted result. Source units/definitions follow supplier documentation; upstream climatology fitting samples and ETL have not been independently verified.",expected_not_fitted,IPCCH_shared_folder/climate_monthly_2015_2026_MODELING_READY.csv,IPCCH_shared_folder/climate_monthly_2015_2026_MODELING_READY.csv,"sample_sd(x[O-11:O], ddof=1); require >= 6 valid months","sample_sd(x[O-11:O], ddof=1); require >= 6 valid months Use O=2026-04 and target T from the run index.",Source-native NA; no carrier-row or saved-extra-NA mask; no interpolation or extra forward fill. XGBoost handles NA natively. NA below 6 valid observations within the fixed 12-calendar-month window; never extend the window to find values.,Source-native NA; no carrier-row or saved-extra-NA mask; no interpolation or extra forward fill. XGBoost handles NA natively. NA below 6 valid observations within the fixed 12-calendar-month window; never extend the window to find values.,Inherited source/recipe definition; see base_source_definition,Inherited source/recipe definition; see base_source_definition,Inherited compact source; upstream aggregation not independently certified,Same retained compact source/recipe; upstream aggregation not independently certified
125,edd_month_ensmean__value_at_origin,Monthly climate,extreme-degree days (EDD) (source-ensemble mean); value ending at origin.,°C·day,Training: IPCCH_shared_folder/climate_monthly_2015_2026_MODELING_READY.csv; Inference: IPCCH_shared_folder/climate_monthly_2015_2026_MODELING_READY.csv,O=T-H; O,x[O],Source-native NA; no carrier-row or saved-extra-NA mask; no interpolation or extra forward fill. XGBoost handles NA natively. Missing x[O] remains NA.,numeric,true,1,true,1,true,1,true,1,true,1,"[""edd_month_ensmean__value_at_origin""]","{""compact_baseline/0m"":125,""compact_baseline/6m"":125,""compact_baseline/12m"":125,""compact_cds_weather/6m"":125,""compact_cds_weather/12m"":125}","[0, 6, 12]",ordinary,edd_month_ensmean,"Per source/pixel/day: EDD=max(Tmax−Tcrit,0); sum in month; crop-area-weight; source mean. Parameters/caveats: Crop-specific Tcrit preferred; generic fallback 30°C. Calculate before spatial/ensemble averaging because the transform is nonlinear.",".trellis/tasks/archive/2026-10/10-08-compact-climate-weather-oracle/design.md: Monthly recipes, names and time; src/ipcch/climate2015_features.py:104-251; /mnt/c/Users/swl00/IFPRI Dropbox/Weilun Shi/IPCCH_shared_folder/climate_agriculture_varlist.xlsx#VARLIST!B13:I13; src/ipcch/climate2015_features.py:18-23; .trellis/tasks/10-08-compact-cds-launch/design.md","Source observation month is an availability proxy; historical release vintage is not certified. This is an expected input, not a fitted result. Source units/definitions follow supplier documentation; upstream climatology fitting samples and ETL have not been independently verified.",expected_not_fitted,IPCCH_shared_folder/climate_monthly_2015_2026_MODELING_READY.csv,IPCCH_shared_folder/climate_monthly_2015_2026_MODELING_READY.csv,x[O],x[O] Use O=2026-04 and target T from the run index.,Source-native NA; no carrier-row or saved-extra-NA mask; no interpolation or extra forward fill. XGBoost handles NA natively. Missing x[O] remains NA.,Source-native NA; no carrier-row or saved-extra-NA mask; no interpolation or extra forward fill. XGBoost handles NA natively. Missing x[O] remains NA.,Inherited source/recipe definition; see base_source_definition,Inherited source/recipe definition; see base_source_definition,Inherited compact source; upstream aggregation not independently certified,Same retained compact source/recipe; upstream aggregation not independently certified
126,edd_month_ensmean__ma3_at_origin,Monthly climate,extreme-degree days (EDD) (source-ensemble mean); ma3 ending at origin.,°C·day,Training: IPCCH_shared_folder/climate_monthly_2015_2026_MODELING_READY.csv; Inference: IPCCH_shared_folder/climate_monthly_2015_2026_MODELING_READY.csv,O=T-H; O-2 through O,mean_nonmissing(x[O-2:O]); require >= 2 valid months,Source-native NA; no carrier-row or saved-extra-NA mask; no interpolation or extra forward fill. XGBoost handles NA natively. NA below 2 valid observations within the fixed 3-calendar-month window; never extend the window to find values.,numeric,true,1,true,1,true,1,true,1,true,1,"[""edd_month_ensmean__ma3_at_origin""]","{""compact_baseline/0m"":126,""compact_baseline/6m"":126,""compact_baseline/12m"":126,""compact_cds_weather/6m"":126,""compact_cds_weather/12m"":126}","[0, 6, 12]",ordinary,edd_month_ensmean,"Per source/pixel/day: EDD=max(Tmax−Tcrit,0); sum in month; crop-area-weight; source mean. Parameters/caveats: Crop-specific Tcrit preferred; generic fallback 30°C. Calculate before spatial/ensemble averaging because the transform is nonlinear.",".trellis/tasks/archive/2026-10/10-08-compact-climate-weather-oracle/design.md: Monthly recipes, names and time; src/ipcch/climate2015_features.py:104-251; /mnt/c/Users/swl00/IFPRI Dropbox/Weilun Shi/IPCCH_shared_folder/climate_agriculture_varlist.xlsx#VARLIST!B13:I13; src/ipcch/climate2015_features.py:18-23; .trellis/tasks/10-08-compact-cds-launch/design.md","Source observation month is an availability proxy; historical release vintage is not certified. This is an expected input, not a fitted result. Source units/definitions follow supplier documentation; upstream climatology fitting samples and ETL have not been independently verified.",expected_not_fitted,IPCCH_shared_folder/climate_monthly_2015_2026_MODELING_READY.csv,IPCCH_shared_folder/climate_monthly_2015_2026_MODELING_READY.csv,mean_nonmissing(x[O-2:O]); require >= 2 valid months,mean_nonmissing(x[O-2:O]); require >= 2 valid months Use O=2026-04 and target T from the run index.,Source-native NA; no carrier-row or saved-extra-NA mask; no interpolation or extra forward fill. XGBoost handles NA natively. NA below 2 valid observations within the fixed 3-calendar-month window; never extend the window to find values.,Source-native NA; no carrier-row or saved-extra-NA mask; no interpolation or extra forward fill. XGBoost handles NA natively. NA below 2 valid observations within the fixed 3-calendar-month window; never extend the window to find values.,Inherited source/recipe definition; see base_source_definition,Inherited source/recipe definition; see base_source_definition,Inherited compact source; upstream aggregation not independently certified,Same retained compact source/recipe; upstream aggregation not independently certified
127,edd_month_ensmean__ma6_at_origin,Monthly climate,extreme-degree days (EDD) (source-ensemble mean); ma6 ending at origin.,°C·day,Training: IPCCH_shared_folder/climate_monthly_2015_2026_MODELING_READY.csv; Inference: IPCCH_shared_folder/climate_monthly_2015_2026_MODELING_READY.csv,O=T-H; O-5 through O,mean_nonmissing(x[O-5:O]); require >= 3 valid months,Source-native NA; no carrier-row or saved-extra-NA mask; no interpolation or extra forward fill. XGBoost handles NA natively. NA below 3 valid observations within the fixed 6-calendar-month window; never extend the window to find values.,numeric,true,1,true,1,true,1,true,1,true,1,"[""edd_month_ensmean__ma6_at_origin""]","{""compact_baseline/0m"":127,""compact_baseline/6m"":127,""compact_baseline/12m"":127,""compact_cds_weather/6m"":127,""compact_cds_weather/12m"":127}","[0, 6, 12]",ordinary,edd_month_ensmean,"Per source/pixel/day: EDD=max(Tmax−Tcrit,0); sum in month; crop-area-weight; source mean. Parameters/caveats: Crop-specific Tcrit preferred; generic fallback 30°C. Calculate before spatial/ensemble averaging because the transform is nonlinear.",".trellis/tasks/archive/2026-10/10-08-compact-climate-weather-oracle/design.md: Monthly recipes, names and time; src/ipcch/climate2015_features.py:104-251; /mnt/c/Users/swl00/IFPRI Dropbox/Weilun Shi/IPCCH_shared_folder/climate_agriculture_varlist.xlsx#VARLIST!B13:I13; src/ipcch/climate2015_features.py:18-23; .trellis/tasks/10-08-compact-cds-launch/design.md","Source observation month is an availability proxy; historical release vintage is not certified. This is an expected input, not a fitted result. Source units/definitions follow supplier documentation; upstream climatology fitting samples and ETL have not been independently verified.",expected_not_fitted,IPCCH_shared_folder/climate_monthly_2015_2026_MODELING_READY.csv,IPCCH_shared_folder/climate_monthly_2015_2026_MODELING_READY.csv,mean_nonmissing(x[O-5:O]); require >= 3 valid months,mean_nonmissing(x[O-5:O]); require >= 3 valid months Use O=2026-04 and target T from the run index.,Source-native NA; no carrier-row or saved-extra-NA mask; no interpolation or extra forward fill. XGBoost handles NA natively. NA below 3 valid observations within the fixed 6-calendar-month window; never extend the window to find values.,Source-native NA; no carrier-row or saved-extra-NA mask; no interpolation or extra forward fill. XGBoost handles NA natively. NA below 3 valid observations within the fixed 6-calendar-month window; never extend the window to find values.,Inherited source/recipe definition; see base_source_definition,Inherited source/recipe definition; see base_source_definition,Inherited compact source; upstream aggregation not independently certified,Same retained compact source/recipe; upstream aggregation not independently certified
128,edd_month_ensmean__ma12_at_origin,Monthly climate,extreme-degree days (EDD) (source-ensemble mean); ma12 ending at origin.,°C·day,Training: IPCCH_shared_folder/climate_monthly_2015_2026_MODELING_READY.csv; Inference: IPCCH_shared_folder/climate_monthly_2015_2026_MODELING_READY.csv,O=T-H; O-11 through O,mean_nonmissing(x[O-11:O]); require >= 6 valid months,Source-native NA; no carrier-row or saved-extra-NA mask; no interpolation or extra forward fill. XGBoost handles NA natively. NA below 6 valid observations within the fixed 12-calendar-month window; never extend the window to find values.,numeric,true,1,true,1,true,1,true,1,true,1,"[""edd_month_ensmean__ma12_at_origin""]","{""compact_baseline/0m"":128,""compact_baseline/6m"":128,""compact_baseline/12m"":128,""compact_cds_weather/6m"":128,""compact_cds_weather/12m"":128}","[0, 6, 12]",ordinary,edd_month_ensmean,"Per source/pixel/day: EDD=max(Tmax−Tcrit,0); sum in month; crop-area-weight; source mean. Parameters/caveats: Crop-specific Tcrit preferred; generic fallback 30°C. Calculate before spatial/ensemble averaging because the transform is nonlinear.",".trellis/tasks/archive/2026-10/10-08-compact-climate-weather-oracle/design.md: Monthly recipes, names and time; src/ipcch/climate2015_features.py:104-251; /mnt/c/Users/swl00/IFPRI Dropbox/Weilun Shi/IPCCH_shared_folder/climate_agriculture_varlist.xlsx#VARLIST!B13:I13; src/ipcch/climate2015_features.py:18-23; .trellis/tasks/10-08-compact-cds-launch/design.md","Source observation month is an availability proxy; historical release vintage is not certified. This is an expected input, not a fitted result. Source units/definitions follow supplier documentation; upstream climatology fitting samples and ETL have not been independently verified.",expected_not_fitted,IPCCH_shared_folder/climate_monthly_2015_2026_MODELING_READY.csv,IPCCH_shared_folder/climate_monthly_2015_2026_MODELING_READY.csv,mean_nonmissing(x[O-11:O]); require >= 6 valid months,mean_nonmissing(x[O-11:O]); require >= 6 valid months Use O=2026-04 and target T from the run index.,Source-native NA; no carrier-row or saved-extra-NA mask; no interpolation or extra forward fill. XGBoost handles NA natively. NA below 6 valid observations within the fixed 12-calendar-month window; never extend the window to find values.,Source-native NA; no carrier-row or saved-extra-NA mask; no interpolation or extra forward fill. XGBoost handles NA natively. NA below 6 valid observations within the fixed 12-calendar-month window; never extend the window to find values.,Inherited source/recipe definition; see base_source_definition,Inherited source/recipe definition; see base_source_definition,Inherited compact source; upstream aggregation not independently certified,Same retained compact source/recipe; upstream aggregation not independently certified
129,edd_month_ensmean__sd12_at_origin,Monthly climate,extreme-degree days (EDD) (source-ensemble mean); sd12 ending at origin.,°C·day,Training: IPCCH_shared_folder/climate_monthly_2015_2026_MODELING_READY.csv; Inference: IPCCH_shared_folder/climate_monthly_2015_2026_MODELING_READY.csv,O=T-H; O-11 through O,"sample_sd(x[O-11:O], ddof=1); require >= 6 valid months",Source-native NA; no carrier-row or saved-extra-NA mask; no interpolation or extra forward fill. XGBoost handles NA natively. NA below 6 valid observations within the fixed 12-calendar-month window; never extend the window to find values.,numeric,true,1,true,1,true,1,true,1,true,1,"[""edd_month_ensmean__sd12_at_origin""]","{""compact_baseline/0m"":129,""compact_baseline/6m"":129,""compact_baseline/12m"":129,""compact_cds_weather/6m"":129,""compact_cds_weather/12m"":129}","[0, 6, 12]",ordinary,edd_month_ensmean,"Per source/pixel/day: EDD=max(Tmax−Tcrit,0); sum in month; crop-area-weight; source mean. Parameters/caveats: Crop-specific Tcrit preferred; generic fallback 30°C. Calculate before spatial/ensemble averaging because the transform is nonlinear.",".trellis/tasks/archive/2026-10/10-08-compact-climate-weather-oracle/design.md: Monthly recipes, names and time; src/ipcch/climate2015_features.py:104-251; /mnt/c/Users/swl00/IFPRI Dropbox/Weilun Shi/IPCCH_shared_folder/climate_agriculture_varlist.xlsx#VARLIST!B13:I13; src/ipcch/climate2015_features.py:18-23; .trellis/tasks/10-08-compact-cds-launch/design.md","Source observation month is an availability proxy; historical release vintage is not certified. This is an expected input, not a fitted result. Source units/definitions follow supplier documentation; upstream climatology fitting samples and ETL have not been independently verified.",expected_not_fitted,IPCCH_shared_folder/climate_monthly_2015_2026_MODELING_READY.csv,IPCCH_shared_folder/climate_monthly_2015_2026_MODELING_READY.csv,"sample_sd(x[O-11:O], ddof=1); require >= 6 valid months","sample_sd(x[O-11:O], ddof=1); require >= 6 valid months Use O=2026-04 and target T from the run index.",Source-native NA; no carrier-row or saved-extra-NA mask; no interpolation or extra forward fill. XGBoost handles NA natively. NA below 6 valid observations within the fixed 12-calendar-month window; never extend the window to find values.,Source-native NA; no carrier-row or saved-extra-NA mask; no interpolation or extra forward fill. XGBoost handles NA natively. NA below 6 valid observations within the fixed 12-calendar-month window; never extend the window to find values.,Inherited source/recipe definition; see base_source_definition,Inherited source/recipe definition; see base_source_definition,Inherited compact source; upstream aggregation not independently certified,Same retained compact source/recipe; upstream aggregation not independently certified
130,sm_z_month_ensmean__value_at_origin,Monthly climate,soil-moisture anomaly (source-ensemble mean); value ending at origin.,z-score,Training: IPCCH_shared_folder/climate_monthly_2015_2026_MODELING_READY.csv; Inference: IPCCH_shared_folder/climate_monthly_2015_2026_MODELING_READY.csv,O=T-H; O,x[O],Source-native NA; no carrier-row or saved-extra-NA mask; no interpolation or extra forward fill. XGBoost handles NA natively. Missing x[O] remains NA.,numeric,true,1,true,1,true,1,true,1,true,1,"[""sm_z_month_ensmean__value_at_origin""]","{""compact_baseline/0m"":130,""compact_baseline/6m"":130,""compact_baseline/12m"":130,""compact_cds_weather/6m"":130,""compact_cds_weather/12m"":130}","[0, 6, 12]",ordinary,sm_z_month_ensmean,"Convert each product's surface-layer monthly mean to a source-specific calendar-month z-score using 2001–2020; crop-area polygon mean; source mean. Parameters/caveats: Standardize before ensemble because depths/scales differ. Screen frozen soil, snow, radio-frequency interference, and low-quality retrievals.",".trellis/tasks/archive/2026-10/10-08-compact-climate-weather-oracle/design.md: Monthly recipes, names and time; src/ipcch/climate2015_features.py:104-251; /mnt/c/Users/swl00/IFPRI Dropbox/Weilun Shi/IPCCH_shared_folder/climate_agriculture_varlist.xlsx#VARLIST!B16:I16; src/ipcch/climate2015_features.py:18-23; .trellis/tasks/10-08-compact-cds-launch/design.md","Source observation month is an availability proxy; historical release vintage is not certified. This is an expected input, not a fitted result. Source units/definitions follow supplier documentation; upstream climatology fitting samples and ETL have not been independently verified.",expected_not_fitted,IPCCH_shared_folder/climate_monthly_2015_2026_MODELING_READY.csv,IPCCH_shared_folder/climate_monthly_2015_2026_MODELING_READY.csv,x[O],x[O] Use O=2026-04 and target T from the run index.,Source-native NA; no carrier-row or saved-extra-NA mask; no interpolation or extra forward fill. XGBoost handles NA natively. Missing x[O] remains NA.,Source-native NA; no carrier-row or saved-extra-NA mask; no interpolation or extra forward fill. XGBoost handles NA natively. Missing x[O] remains NA.,Inherited source/recipe definition; see base_source_definition,Inherited source/recipe definition; see base_source_definition,Inherited compact source; upstream aggregation not independently certified,Same retained compact source/recipe; upstream aggregation not independently certified
131,sm_z_month_ensmean__ma3_at_origin,Monthly climate,soil-moisture anomaly (source-ensemble mean); ma3 ending at origin.,z-score,Training: IPCCH_shared_folder/climate_monthly_2015_2026_MODELING_READY.csv; Inference: IPCCH_shared_folder/climate_monthly_2015_2026_MODELING_READY.csv,O=T-H; O-2 through O,mean_nonmissing(x[O-2:O]); require >= 2 valid months,Source-native NA; no carrier-row or saved-extra-NA mask; no interpolation or extra forward fill. XGBoost handles NA natively. NA below 2 valid observations within the fixed 3-calendar-month window; never extend the window to find values.,numeric,true,1,true,1,true,1,true,1,true,1,"[""sm_z_month_ensmean__ma3_at_origin""]","{""compact_baseline/0m"":131,""compact_baseline/6m"":131,""compact_baseline/12m"":131,""compact_cds_weather/6m"":131,""compact_cds_weather/12m"":131}","[0, 6, 12]",ordinary,sm_z_month_ensmean,"Convert each product's surface-layer monthly mean to a source-specific calendar-month z-score using 2001–2020; crop-area polygon mean; source mean. Parameters/caveats: Standardize before ensemble because depths/scales differ. Screen frozen soil, snow, radio-frequency interference, and low-quality retrievals.",".trellis/tasks/archive/2026-10/10-08-compact-climate-weather-oracle/design.md: Monthly recipes, names and time; src/ipcch/climate2015_features.py:104-251; /mnt/c/Users/swl00/IFPRI Dropbox/Weilun Shi/IPCCH_shared_folder/climate_agriculture_varlist.xlsx#VARLIST!B16:I16; src/ipcch/climate2015_features.py:18-23; .trellis/tasks/10-08-compact-cds-launch/design.md","Source observation month is an availability proxy; historical release vintage is not certified. This is an expected input, not a fitted result. Source units/definitions follow supplier documentation; upstream climatology fitting samples and ETL have not been independently verified.",expected_not_fitted,IPCCH_shared_folder/climate_monthly_2015_2026_MODELING_READY.csv,IPCCH_shared_folder/climate_monthly_2015_2026_MODELING_READY.csv,mean_nonmissing(x[O-2:O]); require >= 2 valid months,mean_nonmissing(x[O-2:O]); require >= 2 valid months Use O=2026-04 and target T from the run index.,Source-native NA; no carrier-row or saved-extra-NA mask; no interpolation or extra forward fill. XGBoost handles NA natively. NA below 2 valid observations within the fixed 3-calendar-month window; never extend the window to find values.,Source-native NA; no carrier-row or saved-extra-NA mask; no interpolation or extra forward fill. XGBoost handles NA natively. NA below 2 valid observations within the fixed 3-calendar-month window; never extend the window to find values.,Inherited source/recipe definition; see base_source_definition,Inherited source/recipe definition; see base_source_definition,Inherited compact source; upstream aggregation not independently certified,Same retained compact source/recipe; upstream aggregation not independently certified
132,sm_z_month_ensmean__ma6_at_origin,Monthly climate,soil-moisture anomaly (source-ensemble mean); ma6 ending at origin.,z-score,Training: IPCCH_shared_folder/climate_monthly_2015_2026_MODELING_READY.csv; Inference: IPCCH_shared_folder/climate_monthly_2015_2026_MODELING_READY.csv,O=T-H; O-5 through O,mean_nonmissing(x[O-5:O]); require >= 3 valid months,Source-native NA; no carrier-row or saved-extra-NA mask; no interpolation or extra forward fill. XGBoost handles NA natively. NA below 3 valid observations within the fixed 6-calendar-month window; never extend the window to find values.,numeric,true,1,true,1,true,1,true,1,true,1,"[""sm_z_month_ensmean__ma6_at_origin""]","{""compact_baseline/0m"":132,""compact_baseline/6m"":132,""compact_baseline/12m"":132,""compact_cds_weather/6m"":132,""compact_cds_weather/12m"":132}","[0, 6, 12]",ordinary,sm_z_month_ensmean,"Convert each product's surface-layer monthly mean to a source-specific calendar-month z-score using 2001–2020; crop-area polygon mean; source mean. Parameters/caveats: Standardize before ensemble because depths/scales differ. Screen frozen soil, snow, radio-frequency interference, and low-quality retrievals.",".trellis/tasks/archive/2026-10/10-08-compact-climate-weather-oracle/design.md: Monthly recipes, names and time; src/ipcch/climate2015_features.py:104-251; /mnt/c/Users/swl00/IFPRI Dropbox/Weilun Shi/IPCCH_shared_folder/climate_agriculture_varlist.xlsx#VARLIST!B16:I16; src/ipcch/climate2015_features.py:18-23; .trellis/tasks/10-08-compact-cds-launch/design.md","Source observation month is an availability proxy; historical release vintage is not certified. This is an expected input, not a fitted result. Source units/definitions follow supplier documentation; upstream climatology fitting samples and ETL have not been independently verified.",expected_not_fitted,IPCCH_shared_folder/climate_monthly_2015_2026_MODELING_READY.csv,IPCCH_shared_folder/climate_monthly_2015_2026_MODELING_READY.csv,mean_nonmissing(x[O-5:O]); require >= 3 valid months,mean_nonmissing(x[O-5:O]); require >= 3 valid months Use O=2026-04 and target T from the run index.,Source-native NA; no carrier-row or saved-extra-NA mask; no interpolation or extra forward fill. XGBoost handles NA natively. NA below 3 valid observations within the fixed 6-calendar-month window; never extend the window to find values.,Source-native NA; no carrier-row or saved-extra-NA mask; no interpolation or extra forward fill. XGBoost handles NA natively. NA below 3 valid observations within the fixed 6-calendar-month window; never extend the window to find values.,Inherited source/recipe definition; see base_source_definition,Inherited source/recipe definition; see base_source_definition,Inherited compact source; upstream aggregation not independently certified,Same retained compact source/recipe; upstream aggregation not independently certified
133,sm_z_month_ensmean__ma12_at_origin,Monthly climate,soil-moisture anomaly (source-ensemble mean); ma12 ending at origin.,z-score,Training: IPCCH_shared_folder/climate_monthly_2015_2026_MODELING_READY.csv; Inference: IPCCH_shared_folder/climate_monthly_2015_2026_MODELING_READY.csv,O=T-H; O-11 through O,mean_nonmissing(x[O-11:O]); require >= 6 valid months,Source-native NA; no carrier-row or saved-extra-NA mask; no interpolation or extra forward fill. XGBoost handles NA natively. NA below 6 valid observations within the fixed 12-calendar-month window; never extend the window to find values.,numeric,true,1,true,1,true,1,true,1,true,1,"[""sm_z_month_ensmean__ma12_at_origin""]","{""compact_baseline/0m"":133,""compact_baseline/6m"":133,""compact_baseline/12m"":133,""compact_cds_weather/6m"":133,""compact_cds_weather/12m"":133}","[0, 6, 12]",ordinary,sm_z_month_ensmean,"Convert each product's surface-layer monthly mean to a source-specific calendar-month z-score using 2001–2020; crop-area polygon mean; source mean. Parameters/caveats: Standardize before ensemble because depths/scales differ. Screen frozen soil, snow, radio-frequency interference, and low-quality retrievals.",".trellis/tasks/archive/2026-10/10-08-compact-climate-weather-oracle/design.md: Monthly recipes, names and time; src/ipcch/climate2015_features.py:104-251; /mnt/c/Users/swl00/IFPRI Dropbox/Weilun Shi/IPCCH_shared_folder/climate_agriculture_varlist.xlsx#VARLIST!B16:I16; src/ipcch/climate2015_features.py:18-23; .trellis/tasks/10-08-compact-cds-launch/design.md","Source observation month is an availability proxy; historical release vintage is not certified. This is an expected input, not a fitted result. Source units/definitions follow supplier documentation; upstream climatology fitting samples and ETL have not been independently verified.",expected_not_fitted,IPCCH_shared_folder/climate_monthly_2015_2026_MODELING_READY.csv,IPCCH_shared_folder/climate_monthly_2015_2026_MODELING_READY.csv,mean_nonmissing(x[O-11:O]); require >= 6 valid months,mean_nonmissing(x[O-11:O]); require >= 6 valid months Use O=2026-04 and target T from the run index.,Source-native NA; no carrier-row or saved-extra-NA mask; no interpolation or extra forward fill. XGBoost handles NA natively. NA below 6 valid observations within the fixed 12-calendar-month window; never extend the window to find values.,Source-native NA; no carrier-row or saved-extra-NA mask; no interpolation or extra forward fill. XGBoost handles NA natively. NA below 6 valid observations within the fixed 12-calendar-month window; never extend the window to find values.,Inherited source/recipe definition; see base_source_definition,Inherited source/recipe definition; see base_source_definition,Inherited compact source; upstream aggregation not independently certified,Same retained compact source/recipe; upstream aggregation not independently certified
134,sm_z_month_ensmean__sd12_at_origin,Monthly climate,soil-moisture anomaly (source-ensemble mean); sd12 ending at origin.,z-score,Training: IPCCH_shared_folder/climate_monthly_2015_2026_MODELING_READY.csv; Inference: IPCCH_shared_folder/climate_monthly_2015_2026_MODELING_READY.csv,O=T-H; O-11 through O,"sample_sd(x[O-11:O], ddof=1); require >= 6 valid months",Source-native NA; no carrier-row or saved-extra-NA mask; no interpolation or extra forward fill. XGBoost handles NA natively. NA below 6 valid observations within the fixed 12-calendar-month window; never extend the window to find values.,numeric,true,1,true,1,true,1,true,1,true,1,"[""sm_z_month_ensmean__sd12_at_origin""]","{""compact_baseline/0m"":134,""compact_baseline/6m"":134,""compact_baseline/12m"":134,""compact_cds_weather/6m"":134,""compact_cds_weather/12m"":134}","[0, 6, 12]",ordinary,sm_z_month_ensmean,"Convert each product's surface-layer monthly mean to a source-specific calendar-month z-score using 2001–2020; crop-area polygon mean; source mean. Parameters/caveats: Standardize before ensemble because depths/scales differ. Screen frozen soil, snow, radio-frequency interference, and low-quality retrievals.",".trellis/tasks/archive/2026-10/10-08-compact-climate-weather-oracle/design.md: Monthly recipes, names and time; src/ipcch/climate2015_features.py:104-251; /mnt/c/Users/swl00/IFPRI Dropbox/Weilun Shi/IPCCH_shared_folder/climate_agriculture_varlist.xlsx#VARLIST!B16:I16; src/ipcch/climate2015_features.py:18-23; .trellis/tasks/10-08-compact-cds-launch/design.md","Source observation month is an availability proxy; historical release vintage is not certified. This is an expected input, not a fitted result. Source units/definitions follow supplier documentation; upstream climatology fitting samples and ETL have not been independently verified.",expected_not_fitted,IPCCH_shared_folder/climate_monthly_2015_2026_MODELING_READY.csv,IPCCH_shared_folder/climate_monthly_2015_2026_MODELING_READY.csv,"sample_sd(x[O-11:O], ddof=1); require >= 6 valid months","sample_sd(x[O-11:O], ddof=1); require >= 6 valid months Use O=2026-04 and target T from the run index.",Source-native NA; no carrier-row or saved-extra-NA mask; no interpolation or extra forward fill. XGBoost handles NA natively. NA below 6 valid observations within the fixed 12-calendar-month window; never extend the window to find values.,Source-native NA; no carrier-row or saved-extra-NA mask; no interpolation or extra forward fill. XGBoost handles NA natively. NA below 6 valid observations within the fixed 12-calendar-month window; never extend the window to find values.,Inherited source/recipe definition; see base_source_definition,Inherited source/recipe definition; see base_source_definition,Inherited compact source; upstream aggregation not independently certified,Same retained compact source/recipe; upstream aggregation not independently certified
135,spi03_month_ensmean__value_at_origin,Monthly climate,SPI-3 (source-ensemble mean); value ending at origin.,index,Training: IPCCH_shared_folder/climate_monthly_2015_2026_MODELING_READY.csv; Inference: IPCCH_shared_folder/climate_monthly_2015_2026_MODELING_READY.csv,O=T-H; O,x[O],Source-native NA; no carrier-row or saved-extra-NA mask; no interpolation or extra forward fill. XGBoost handles NA natively. Missing x[O] remains NA.,numeric,true,1,true,1,true,1,true,1,true,1,"[""spi03_month_ensmean__value_at_origin""]","{""compact_baseline/0m"":135,""compact_baseline/6m"":135,""compact_baseline/12m"":135,""compact_cds_weather/6m"":135,""compact_cds_weather/12m"":135}","[0, 6, 12]",ordinary,spi03_month_ensmean,Fit SPI-3 separately for each precipitation source using 1983–2020 (or longest common ≥30-year period); polygon aggregate source indices; source mean. Parameters/caveats: Primary scale 3 months; also produce 1/6/12-month sensitivity. Optional alternative: season-end SPI-k where k≈GS length in months.,".trellis/tasks/archive/2026-10/10-08-compact-climate-weather-oracle/design.md: Monthly recipes, names and time; src/ipcch/climate2015_features.py:104-251; /mnt/c/Users/swl00/IFPRI Dropbox/Weilun Shi/IPCCH_shared_folder/climate_agriculture_varlist.xlsx#VARLIST!B14:I14; src/ipcch/climate2015_features.py:18-23; .trellis/tasks/10-08-compact-cds-launch/design.md","Source observation month is an availability proxy; historical release vintage is not certified. This is an expected input, not a fitted result. Source units/definitions follow supplier documentation; upstream climatology fitting samples and ETL have not been independently verified.",expected_not_fitted,IPCCH_shared_folder/climate_monthly_2015_2026_MODELING_READY.csv,IPCCH_shared_folder/climate_monthly_2015_2026_MODELING_READY.csv,x[O],x[O] Use O=2026-04 and target T from the run index.,Source-native NA; no carrier-row or saved-extra-NA mask; no interpolation or extra forward fill. XGBoost handles NA natively. Missing x[O] remains NA.,Source-native NA; no carrier-row or saved-extra-NA mask; no interpolation or extra forward fill. XGBoost handles NA natively. Missing x[O] remains NA.,Inherited source/recipe definition; see base_source_definition,Inherited source/recipe definition; see base_source_definition,Inherited compact source; upstream aggregation not independently certified,Same retained compact source/recipe; upstream aggregation not independently certified
136,spi03_month_ensmean__ma3_at_origin,Monthly climate,SPI-3 (source-ensemble mean); ma3 ending at origin.,index,Training: IPCCH_shared_folder/climate_monthly_2015_2026_MODELING_READY.csv; Inference: IPCCH_shared_folder/climate_monthly_2015_2026_MODELING_READY.csv,O=T-H; O-2 through O,mean_nonmissing(x[O-2:O]); require >= 2 valid months,Source-native NA; no carrier-row or saved-extra-NA mask; no interpolation or extra forward fill. XGBoost handles NA natively. NA below 2 valid observations within the fixed 3-calendar-month window; never extend the window to find values.,numeric,true,1,true,1,true,1,true,1,true,1,"[""spi03_month_ensmean__ma3_at_origin""]","{""compact_baseline/0m"":136,""compact_baseline/6m"":136,""compact_baseline/12m"":136,""compact_cds_weather/6m"":136,""compact_cds_weather/12m"":136}","[0, 6, 12]",ordinary,spi03_month_ensmean,Fit SPI-3 separately for each precipitation source using 1983–2020 (or longest common ≥30-year period); polygon aggregate source indices; source mean. Parameters/caveats: Primary scale 3 months; also produce 1/6/12-month sensitivity. Optional alternative: season-end SPI-k where k≈GS length in months.,".trellis/tasks/archive/2026-10/10-08-compact-climate-weather-oracle/design.md: Monthly recipes, names and time; src/ipcch/climate2015_features.py:104-251; /mnt/c/Users/swl00/IFPRI Dropbox/Weilun Shi/IPCCH_shared_folder/climate_agriculture_varlist.xlsx#VARLIST!B14:I14; src/ipcch/climate2015_features.py:18-23; .trellis/tasks/10-08-compact-cds-launch/design.md","Source observation month is an availability proxy; historical release vintage is not certified. This is an expected input, not a fitted result. Source units/definitions follow supplier documentation; upstream climatology fitting samples and ETL have not been independently verified.",expected_not_fitted,IPCCH_shared_folder/climate_monthly_2015_2026_MODELING_READY.csv,IPCCH_shared_folder/climate_monthly_2015_2026_MODELING_READY.csv,mean_nonmissing(x[O-2:O]); require >= 2 valid months,mean_nonmissing(x[O-2:O]); require >= 2 valid months Use O=2026-04 and target T from the run index.,Source-native NA; no carrier-row or saved-extra-NA mask; no interpolation or extra forward fill. XGBoost handles NA natively. NA below 2 valid observations within the fixed 3-calendar-month window; never extend the window to find values.,Source-native NA; no carrier-row or saved-extra-NA mask; no interpolation or extra forward fill. XGBoost handles NA natively. NA below 2 valid observations within the fixed 3-calendar-month window; never extend the window to find values.,Inherited source/recipe definition; see base_source_definition,Inherited source/recipe definition; see base_source_definition,Inherited compact source; upstream aggregation not independently certified,Same retained compact source/recipe; upstream aggregation not independently certified
137,spi03_month_ensmean__ma6_at_origin,Monthly climate,SPI-3 (source-ensemble mean); ma6 ending at origin.,index,Training: IPCCH_shared_folder/climate_monthly_2015_2026_MODELING_READY.csv; Inference: IPCCH_shared_folder/climate_monthly_2015_2026_MODELING_READY.csv,O=T-H; O-5 through O,mean_nonmissing(x[O-5:O]); require >= 3 valid months,Source-native NA; no carrier-row or saved-extra-NA mask; no interpolation or extra forward fill. XGBoost handles NA natively. NA below 3 valid observations within the fixed 6-calendar-month window; never extend the window to find values.,numeric,true,1,true,1,true,1,true,1,true,1,"[""spi03_month_ensmean__ma6_at_origin""]","{""compact_baseline/0m"":137,""compact_baseline/6m"":137,""compact_baseline/12m"":137,""compact_cds_weather/6m"":137,""compact_cds_weather/12m"":137}","[0, 6, 12]",ordinary,spi03_month_ensmean,Fit SPI-3 separately for each precipitation source using 1983–2020 (or longest common ≥30-year period); polygon aggregate source indices; source mean. Parameters/caveats: Primary scale 3 months; also produce 1/6/12-month sensitivity. Optional alternative: season-end SPI-k where k≈GS length in months.,".trellis/tasks/archive/2026-10/10-08-compact-climate-weather-oracle/design.md: Monthly recipes, names and time; src/ipcch/climate2015_features.py:104-251; /mnt/c/Users/swl00/IFPRI Dropbox/Weilun Shi/IPCCH_shared_folder/climate_agriculture_varlist.xlsx#VARLIST!B14:I14; src/ipcch/climate2015_features.py:18-23; .trellis/tasks/10-08-compact-cds-launch/design.md","Source observation month is an availability proxy; historical release vintage is not certified. This is an expected input, not a fitted result. Source units/definitions follow supplier documentation; upstream climatology fitting samples and ETL have not been independently verified.",expected_not_fitted,IPCCH_shared_folder/climate_monthly_2015_2026_MODELING_READY.csv,IPCCH_shared_folder/climate_monthly_2015_2026_MODELING_READY.csv,mean_nonmissing(x[O-5:O]); require >= 3 valid months,mean_nonmissing(x[O-5:O]); require >= 3 valid months Use O=2026-04 and target T from the run index.,Source-native NA; no carrier-row or saved-extra-NA mask; no interpolation or extra forward fill. XGBoost handles NA natively. NA below 3 valid observations within the fixed 6-calendar-month window; never extend the window to find values.,Source-native NA; no carrier-row or saved-extra-NA mask; no interpolation or extra forward fill. XGBoost handles NA natively. NA below 3 valid observations within the fixed 6-calendar-month window; never extend the window to find values.,Inherited source/recipe definition; see base_source_definition,Inherited source/recipe definition; see base_source_definition,Inherited compact source; upstream aggregation not independently certified,Same retained compact source/recipe; upstream aggregation not independently certified
138,spi03_month_ensmean__ma12_at_origin,Monthly climate,SPI-3 (source-ensemble mean); ma12 ending at origin.,index,Training: IPCCH_shared_folder/climate_monthly_2015_2026_MODELING_READY.csv; Inference: IPCCH_shared_folder/climate_monthly_2015_2026_MODELING_READY.csv,O=T-H; O-11 through O,mean_nonmissing(x[O-11:O]); require >= 6 valid months,Source-native NA; no carrier-row or saved-extra-NA mask; no interpolation or extra forward fill. XGBoost handles NA natively. NA below 6 valid observations within the fixed 12-calendar-month window; never extend the window to find values.,numeric,true,1,true,1,true,1,true,1,true,1,"[""spi03_month_ensmean__ma12_at_origin""]","{""compact_baseline/0m"":138,""compact_baseline/6m"":138,""compact_baseline/12m"":138,""compact_cds_weather/6m"":138,""compact_cds_weather/12m"":138}","[0, 6, 12]",ordinary,spi03_month_ensmean,Fit SPI-3 separately for each precipitation source using 1983–2020 (or longest common ≥30-year period); polygon aggregate source indices; source mean. Parameters/caveats: Primary scale 3 months; also produce 1/6/12-month sensitivity. Optional alternative: season-end SPI-k where k≈GS length in months.,".trellis/tasks/archive/2026-10/10-08-compact-climate-weather-oracle/design.md: Monthly recipes, names and time; src/ipcch/climate2015_features.py:104-251; /mnt/c/Users/swl00/IFPRI Dropbox/Weilun Shi/IPCCH_shared_folder/climate_agriculture_varlist.xlsx#VARLIST!B14:I14; src/ipcch/climate2015_features.py:18-23; .trellis/tasks/10-08-compact-cds-launch/design.md","Source observation month is an availability proxy; historical release vintage is not certified. This is an expected input, not a fitted result. Source units/definitions follow supplier documentation; upstream climatology fitting samples and ETL have not been independently verified.",expected_not_fitted,IPCCH_shared_folder/climate_monthly_2015_2026_MODELING_READY.csv,IPCCH_shared_folder/climate_monthly_2015_2026_MODELING_READY.csv,mean_nonmissing(x[O-11:O]); require >= 6 valid months,mean_nonmissing(x[O-11:O]); require >= 6 valid months Use O=2026-04 and target T from the run index.,Source-native NA; no carrier-row or saved-extra-NA mask; no interpolation or extra forward fill. XGBoost handles NA natively. NA below 6 valid observations within the fixed 12-calendar-month window; never extend the window to find values.,Source-native NA; no carrier-row or saved-extra-NA mask; no interpolation or extra forward fill. XGBoost handles NA natively. NA below 6 valid observations within the fixed 12-calendar-month window; never extend the window to find values.,Inherited source/recipe definition; see base_source_definition,Inherited source/recipe definition; see base_source_definition,Inherited compact source; upstream aggregation not independently certified,Same retained compact source/recipe; upstream aggregation not independently certified
139,spi03_month_ensmean__sd12_at_origin,Monthly climate,SPI-3 (source-ensemble mean); sd12 ending at origin.,index,Training: IPCCH_shared_folder/climate_monthly_2015_2026_MODELING_READY.csv; Inference: IPCCH_shared_folder/climate_monthly_2015_2026_MODELING_READY.csv,O=T-H; O-11 through O,"sample_sd(x[O-11:O], ddof=1); require >= 6 valid months",Source-native NA; no carrier-row or saved-extra-NA mask; no interpolation or extra forward fill. XGBoost handles NA natively. NA below 6 valid observations within the fixed 12-calendar-month window; never extend the window to find values.,numeric,true,1,true,1,true,1,true,1,true,1,"[""spi03_month_ensmean__sd12_at_origin""]","{""compact_baseline/0m"":139,""compact_baseline/6m"":139,""compact_baseline/12m"":139,""compact_cds_weather/6m"":139,""compact_cds_weather/12m"":139}","[0, 6, 12]",ordinary,spi03_month_ensmean,Fit SPI-3 separately for each precipitation source using 1983–2020 (or longest common ≥30-year period); polygon aggregate source indices; source mean. Parameters/caveats: Primary scale 3 months; also produce 1/6/12-month sensitivity. Optional alternative: season-end SPI-k where k≈GS length in months.,".trellis/tasks/archive/2026-10/10-08-compact-climate-weather-oracle/design.md: Monthly recipes, names and time; src/ipcch/climate2015_features.py:104-251; /mnt/c/Users/swl00/IFPRI Dropbox/Weilun Shi/IPCCH_shared_folder/climate_agriculture_varlist.xlsx#VARLIST!B14:I14; src/ipcch/climate2015_features.py:18-23; .trellis/tasks/10-08-compact-cds-launch/design.md","Source observation month is an availability proxy; historical release vintage is not certified. This is an expected input, not a fitted result. Source units/definitions follow supplier documentation; upstream climatology fitting samples and ETL have not been independently verified.",expected_not_fitted,IPCCH_shared_folder/climate_monthly_2015_2026_MODELING_READY.csv,IPCCH_shared_folder/climate_monthly_2015_2026_MODELING_READY.csv,"sample_sd(x[O-11:O], ddof=1); require >= 6 valid months","sample_sd(x[O-11:O], ddof=1); require >= 6 valid months Use O=2026-04 and target T from the run index.",Source-native NA; no carrier-row or saved-extra-NA mask; no interpolation or extra forward fill. XGBoost handles NA natively. NA below 6 valid observations within the fixed 12-calendar-month window; never extend the window to find values.,Source-native NA; no carrier-row or saved-extra-NA mask; no interpolation or extra forward fill. XGBoost handles NA natively. NA below 6 valid observations within the fixed 12-calendar-month window; never extend the window to find values.,Inherited source/recipe definition; see base_source_definition,Inherited source/recipe definition; see base_source_definition,Inherited compact source; upstream aggregation not independently certified,Same retained compact source/recipe; upstream aggregation not independently certified
140,spei03_month_ensmean__value_at_origin,Monthly climate,SPEI-3 (source-ensemble mean); value ending at origin.,index,Training: IPCCH_shared_folder/climate_monthly_2015_2026_MODELING_READY.csv; Inference: IPCCH_shared_folder/climate_monthly_2015_2026_MODELING_READY.csv,O=T-H; O,x[O],Source-native NA; no carrier-row or saved-extra-NA mask; no interpolation or extra forward fill. XGBoost handles NA natively. Missing x[O] remains NA.,numeric,true,1,true,1,true,1,true,1,true,1,"[""spei03_month_ensmean__value_at_origin""]","{""compact_baseline/0m"":140,""compact_baseline/6m"":140,""compact_baseline/12m"":140,""compact_cds_weather/6m"":140,""compact_cds_weather/12m"":140}","[0, 6, 12]",ordinary,spei03_month_ensmean,"For each precipitation source, form monthly climatic water balance P−ET0, fit SPEI-3 separately over 1983–2020, polygon aggregate, then source mean. Parameters/caveats: Use source-consistent units and fixed ET0 method. Shared ET0 means ensemble spread reflects precipitation uncertainty more than PET uncertainty.",".trellis/tasks/archive/2026-10/10-08-compact-climate-weather-oracle/design.md: Monthly recipes, names and time; src/ipcch/climate2015_features.py:104-251; /mnt/c/Users/swl00/IFPRI Dropbox/Weilun Shi/IPCCH_shared_folder/climate_agriculture_varlist.xlsx#VARLIST!B15:I15; src/ipcch/climate2015_features.py:18-23; .trellis/tasks/10-08-compact-cds-launch/design.md","Source observation month is an availability proxy; historical release vintage is not certified. This is an expected input, not a fitted result. Source units/definitions follow supplier documentation; upstream climatology fitting samples and ETL have not been independently verified.",expected_not_fitted,IPCCH_shared_folder/climate_monthly_2015_2026_MODELING_READY.csv,IPCCH_shared_folder/climate_monthly_2015_2026_MODELING_READY.csv,x[O],x[O] Use O=2026-04 and target T from the run index.,Source-native NA; no carrier-row or saved-extra-NA mask; no interpolation or extra forward fill. XGBoost handles NA natively. Missing x[O] remains NA.,Source-native NA; no carrier-row or saved-extra-NA mask; no interpolation or extra forward fill. XGBoost handles NA natively. Missing x[O] remains NA.,Inherited source/recipe definition; see base_source_definition,Inherited source/recipe definition; see base_source_definition,Inherited compact source; upstream aggregation not independently certified,Same retained compact source/recipe; upstream aggregation not independently certified
141,spei03_month_ensmean__ma3_at_origin,Monthly climate,SPEI-3 (source-ensemble mean); ma3 ending at origin.,index,Training: IPCCH_shared_folder/climate_monthly_2015_2026_MODELING_READY.csv; Inference: IPCCH_shared_folder/climate_monthly_2015_2026_MODELING_READY.csv,O=T-H; O-2 through O,mean_nonmissing(x[O-2:O]); require >= 2 valid months,Source-native NA; no carrier-row or saved-extra-NA mask; no interpolation or extra forward fill. XGBoost handles NA natively. NA below 2 valid observations within the fixed 3-calendar-month window; never extend the window to find values.,numeric,true,1,true,1,true,1,true,1,true,1,"[""spei03_month_ensmean__ma3_at_origin""]","{""compact_baseline/0m"":141,""compact_baseline/6m"":141,""compact_baseline/12m"":141,""compact_cds_weather/6m"":141,""compact_cds_weather/12m"":141}","[0, 6, 12]",ordinary,spei03_month_ensmean,"For each precipitation source, form monthly climatic water balance P−ET0, fit SPEI-3 separately over 1983–2020, polygon aggregate, then source mean. Parameters/caveats: Use source-consistent units and fixed ET0 method. Shared ET0 means ensemble spread reflects precipitation uncertainty more than PET uncertainty.",".trellis/tasks/archive/2026-10/10-08-compact-climate-weather-oracle/design.md: Monthly recipes, names and time; src/ipcch/climate2015_features.py:104-251; /mnt/c/Users/swl00/IFPRI Dropbox/Weilun Shi/IPCCH_shared_folder/climate_agriculture_varlist.xlsx#VARLIST!B15:I15; src/ipcch/climate2015_features.py:18-23; .trellis/tasks/10-08-compact-cds-launch/design.md","Source observation month is an availability proxy; historical release vintage is not certified. This is an expected input, not a fitted result. Source units/definitions follow supplier documentation; upstream climatology fitting samples and ETL have not been independently verified.",expected_not_fitted,IPCCH_shared_folder/climate_monthly_2015_2026_MODELING_READY.csv,IPCCH_shared_folder/climate_monthly_2015_2026_MODELING_READY.csv,mean_nonmissing(x[O-2:O]); require >= 2 valid months,mean_nonmissing(x[O-2:O]); require >= 2 valid months Use O=2026-04 and target T from the run index.,Source-native NA; no carrier-row or saved-extra-NA mask; no interpolation or extra forward fill. XGBoost handles NA natively. NA below 2 valid observations within the fixed 3-calendar-month window; never extend the window to find values.,Source-native NA; no carrier-row or saved-extra-NA mask; no interpolation or extra forward fill. XGBoost handles NA natively. NA below 2 valid observations within the fixed 3-calendar-month window; never extend the window to find values.,Inherited source/recipe definition; see base_source_definition,Inherited source/recipe definition; see base_source_definition,Inherited compact source; upstream aggregation not independently certified,Same retained compact source/recipe; upstream aggregation not independently certified
142,spei03_month_ensmean__ma6_at_origin,Monthly climate,SPEI-3 (source-ensemble mean); ma6 ending at origin.,index,Training: IPCCH_shared_folder/climate_monthly_2015_2026_MODELING_READY.csv; Inference: IPCCH_shared_folder/climate_monthly_2015_2026_MODELING_READY.csv,O=T-H; O-5 through O,mean_nonmissing(x[O-5:O]); require >= 3 valid months,Source-native NA; no carrier-row or saved-extra-NA mask; no interpolation or extra forward fill. XGBoost handles NA natively. NA below 3 valid observations within the fixed 6-calendar-month window; never extend the window to find values.,numeric,true,1,true,1,true,1,true,1,true,1,"[""spei03_month_ensmean__ma6_at_origin""]","{""compact_baseline/0m"":142,""compact_baseline/6m"":142,""compact_baseline/12m"":142,""compact_cds_weather/6m"":142,""compact_cds_weather/12m"":142}","[0, 6, 12]",ordinary,spei03_month_ensmean,"For each precipitation source, form monthly climatic water balance P−ET0, fit SPEI-3 separately over 1983–2020, polygon aggregate, then source mean. Parameters/caveats: Use source-consistent units and fixed ET0 method. Shared ET0 means ensemble spread reflects precipitation uncertainty more than PET uncertainty.",".trellis/tasks/archive/2026-10/10-08-compact-climate-weather-oracle/design.md: Monthly recipes, names and time; src/ipcch/climate2015_features.py:104-251; /mnt/c/Users/swl00/IFPRI Dropbox/Weilun Shi/IPCCH_shared_folder/climate_agriculture_varlist.xlsx#VARLIST!B15:I15; src/ipcch/climate2015_features.py:18-23; .trellis/tasks/10-08-compact-cds-launch/design.md","Source observation month is an availability proxy; historical release vintage is not certified. This is an expected input, not a fitted result. Source units/definitions follow supplier documentation; upstream climatology fitting samples and ETL have not been independently verified.",expected_not_fitted,IPCCH_shared_folder/climate_monthly_2015_2026_MODELING_READY.csv,IPCCH_shared_folder/climate_monthly_2015_2026_MODELING_READY.csv,mean_nonmissing(x[O-5:O]); require >= 3 valid months,mean_nonmissing(x[O-5:O]); require >= 3 valid months Use O=2026-04 and target T from the run index.,Source-native NA; no carrier-row or saved-extra-NA mask; no interpolation or extra forward fill. XGBoost handles NA natively. NA below 3 valid observations within the fixed 6-calendar-month window; never extend the window to find values.,Source-native NA; no carrier-row or saved-extra-NA mask; no interpolation or extra forward fill. XGBoost handles NA natively. NA below 3 valid observations within the fixed 6-calendar-month window; never extend the window to find values.,Inherited source/recipe definition; see base_source_definition,Inherited source/recipe definition; see base_source_definition,Inherited compact source; upstream aggregation not independently certified,Same retained compact source/recipe; upstream aggregation not independently certified
143,spei03_month_ensmean__ma12_at_origin,Monthly climate,SPEI-3 (source-ensemble mean); ma12 ending at origin.,index,Training: IPCCH_shared_folder/climate_monthly_2015_2026_MODELING_READY.csv; Inference: IPCCH_shared_folder/climate_monthly_2015_2026_MODELING_READY.csv,O=T-H; O-11 through O,mean_nonmissing(x[O-11:O]); require >= 6 valid months,Source-native NA; no carrier-row or saved-extra-NA mask; no interpolation or extra forward fill. XGBoost handles NA natively. NA below 6 valid observations within the fixed 12-calendar-month window; never extend the window to find values.,numeric,true,1,true,1,true,1,true,1,true,1,"[""spei03_month_ensmean__ma12_at_origin""]","{""compact_baseline/0m"":143,""compact_baseline/6m"":143,""compact_baseline/12m"":143,""compact_cds_weather/6m"":143,""compact_cds_weather/12m"":143}","[0, 6, 12]",ordinary,spei03_month_ensmean,"For each precipitation source, form monthly climatic water balance P−ET0, fit SPEI-3 separately over 1983–2020, polygon aggregate, then source mean. Parameters/caveats: Use source-consistent units and fixed ET0 method. Shared ET0 means ensemble spread reflects precipitation uncertainty more than PET uncertainty.",".trellis/tasks/archive/2026-10/10-08-compact-climate-weather-oracle/design.md: Monthly recipes, names and time; src/ipcch/climate2015_features.py:104-251; /mnt/c/Users/swl00/IFPRI Dropbox/Weilun Shi/IPCCH_shared_folder/climate_agriculture_varlist.xlsx#VARLIST!B15:I15; src/ipcch/climate2015_features.py:18-23; .trellis/tasks/10-08-compact-cds-launch/design.md","Source observation month is an availability proxy; historical release vintage is not certified. This is an expected input, not a fitted result. Source units/definitions follow supplier documentation; upstream climatology fitting samples and ETL have not been independently verified.",expected_not_fitted,IPCCH_shared_folder/climate_monthly_2015_2026_MODELING_READY.csv,IPCCH_shared_folder/climate_monthly_2015_2026_MODELING_READY.csv,mean_nonmissing(x[O-11:O]); require >= 6 valid months,mean_nonmissing(x[O-11:O]); require >= 6 valid months Use O=2026-04 and target T from the run index.,Source-native NA; no carrier-row or saved-extra-NA mask; no interpolation or extra forward fill. XGBoost handles NA natively. NA below 6 valid observations within the fixed 12-calendar-month window; never extend the window to find values.,Source-native NA; no carrier-row or saved-extra-NA mask; no interpolation or extra forward fill. XGBoost handles NA natively. NA below 6 valid observations within the fixed 12-calendar-month window; never extend the window to find values.,Inherited source/recipe definition; see base_source_definition,Inherited source/recipe definition; see base_source_definition,Inherited compact source; upstream aggregation not independently certified,Same retained compact source/recipe; upstream aggregation not independently certified
144,spei03_month_ensmean__sd12_at_origin,Monthly climate,SPEI-3 (source-ensemble mean); sd12 ending at origin.,index,Training: IPCCH_shared_folder/climate_monthly_2015_2026_MODELING_READY.csv; Inference: IPCCH_shared_folder/climate_monthly_2015_2026_MODELING_READY.csv,O=T-H; O-11 through O,"sample_sd(x[O-11:O], ddof=1); require >= 6 valid months",Source-native NA; no carrier-row or saved-extra-NA mask; no interpolation or extra forward fill. XGBoost handles NA natively. NA below 6 valid observations within the fixed 12-calendar-month window; never extend the window to find values.,numeric,true,1,true,1,true,1,true,1,true,1,"[""spei03_month_ensmean__sd12_at_origin""]","{""compact_baseline/0m"":144,""compact_baseline/6m"":144,""compact_baseline/12m"":144,""compact_cds_weather/6m"":144,""compact_cds_weather/12m"":144}","[0, 6, 12]",ordinary,spei03_month_ensmean,"For each precipitation source, form monthly climatic water balance P−ET0, fit SPEI-3 separately over 1983–2020, polygon aggregate, then source mean. Parameters/caveats: Use source-consistent units and fixed ET0 method. Shared ET0 means ensemble spread reflects precipitation uncertainty more than PET uncertainty.",".trellis/tasks/archive/2026-10/10-08-compact-climate-weather-oracle/design.md: Monthly recipes, names and time; src/ipcch/climate2015_features.py:104-251; /mnt/c/Users/swl00/IFPRI Dropbox/Weilun Shi/IPCCH_shared_folder/climate_agriculture_varlist.xlsx#VARLIST!B15:I15; src/ipcch/climate2015_features.py:18-23; .trellis/tasks/10-08-compact-cds-launch/design.md","Source observation month is an availability proxy; historical release vintage is not certified. This is an expected input, not a fitted result. Source units/definitions follow supplier documentation; upstream climatology fitting samples and ETL have not been independently verified.",expected_not_fitted,IPCCH_shared_folder/climate_monthly_2015_2026_MODELING_READY.csv,IPCCH_shared_folder/climate_monthly_2015_2026_MODELING_READY.csv,"sample_sd(x[O-11:O], ddof=1); require >= 6 valid months","sample_sd(x[O-11:O], ddof=1); require >= 6 valid months Use O=2026-04 and target T from the run index.",Source-native NA; no carrier-row or saved-extra-NA mask; no interpolation or extra forward fill. XGBoost handles NA natively. NA below 6 valid observations within the fixed 12-calendar-month window; never extend the window to find values.,Source-native NA; no carrier-row or saved-extra-NA mask; no interpolation or extra forward fill. XGBoost handles NA natively. NA below 6 valid observations within the fixed 12-calendar-month window; never extend the window to find values.,Inherited source/recipe definition; see base_source_definition,Inherited source/recipe definition; see base_source_definition,Inherited compact source; upstream aggregation not independently certified,Same retained compact source/recipe; upstream aggregation not independently certified
145,evi_anom_month_ensmean__value_at_origin,Monthly climate,EVI anomaly (source-ensemble mean); value ending at origin.,EVI units,Training: IPCCH_shared_folder/climate_monthly_2015_2026_MODELING_READY.csv; Inference: IPCCH_shared_folder/climate_monthly_2015_2026_MODELING_READY.csv,O=T-H; O,x[O],Source-native NA; no carrier-row or saved-extra-NA mask; no interpolation or extra forward fill. XGBoost handles NA natively. Missing x[O] remains NA.,numeric,true,1,true,1,true,1,true,1,true,1,"[""evi_anom_month_ensmean__value_at_origin""]","{""compact_baseline/0m"":145,""compact_baseline/6m"":145,""compact_baseline/12m"":145,""compact_cds_weather/6m"":145,""compact_cds_weather/12m"":145}","[0, 6, 12]",ordinary,evi_anom_month_ensmean,QA-screen 16-day composites; overlap-day-weight observations into month; subtract 2003–2020 calendar-month climatology per sensor; crop-area polygon mean; Terra/Aqua mean. Parameters/caveats: Apply 0.0001 scale factor. EVI is less prone to high-biomass saturation than NDVI but is not identical to MCD12Q2 NBAR-EVI2.,".trellis/tasks/archive/2026-10/10-08-compact-climate-weather-oracle/design.md: Monthly recipes, names and time; src/ipcch/climate2015_features.py:104-251; /mnt/c/Users/swl00/IFPRI Dropbox/Weilun Shi/IPCCH_shared_folder/climate_agriculture_varlist.xlsx#VARLIST!B18:I18; src/ipcch/climate2015_features.py:18-23; .trellis/tasks/10-08-compact-cds-launch/design.md","Source observation month is an availability proxy; historical release vintage is not certified. This is an expected input, not a fitted result. Source units/definitions follow supplier documentation; upstream climatology fitting samples and ETL have not been independently verified.",expected_not_fitted,IPCCH_shared_folder/climate_monthly_2015_2026_MODELING_READY.csv,IPCCH_shared_folder/climate_monthly_2015_2026_MODELING_READY.csv,x[O],x[O] Use O=2026-04 and target T from the run index.,Source-native NA; no carrier-row or saved-extra-NA mask; no interpolation or extra forward fill. XGBoost handles NA natively. Missing x[O] remains NA.,Source-native NA; no carrier-row or saved-extra-NA mask; no interpolation or extra forward fill. XGBoost handles NA natively. Missing x[O] remains NA.,Inherited source/recipe definition; see base_source_definition,Inherited source/recipe definition; see base_source_definition,Inherited compact source; upstream aggregation not independently certified,Same retained compact source/recipe; upstream aggregation not independently certified
146,evi_anom_month_ensmean__ma3_at_origin,Monthly climate,EVI anomaly (source-ensemble mean); ma3 ending at origin.,EVI units,Training: IPCCH_shared_folder/climate_monthly_2015_2026_MODELING_READY.csv; Inference: IPCCH_shared_folder/climate_monthly_2015_2026_MODELING_READY.csv,O=T-H; O-2 through O,mean_nonmissing(x[O-2:O]); require >= 2 valid months,Source-native NA; no carrier-row or saved-extra-NA mask; no interpolation or extra forward fill. XGBoost handles NA natively. NA below 2 valid observations within the fixed 3-calendar-month window; never extend the window to find values.,numeric,true,1,true,1,true,1,true,1,true,1,"[""evi_anom_month_ensmean__ma3_at_origin""]","{""compact_baseline/0m"":146,""compact_baseline/6m"":146,""compact_baseline/12m"":146,""compact_cds_weather/6m"":146,""compact_cds_weather/12m"":146}","[0, 6, 12]",ordinary,evi_anom_month_ensmean,QA-screen 16-day composites; overlap-day-weight observations into month; subtract 2003–2020 calendar-month climatology per sensor; crop-area polygon mean; Terra/Aqua mean. Parameters/caveats: Apply 0.0001 scale factor. EVI is less prone to high-biomass saturation than NDVI but is not identical to MCD12Q2 NBAR-EVI2.,".trellis/tasks/archive/2026-10/10-08-compact-climate-weather-oracle/design.md: Monthly recipes, names and time; src/ipcch/climate2015_features.py:104-251; /mnt/c/Users/swl00/IFPRI Dropbox/Weilun Shi/IPCCH_shared_folder/climate_agriculture_varlist.xlsx#VARLIST!B18:I18; src/ipcch/climate2015_features.py:18-23; .trellis/tasks/10-08-compact-cds-launch/design.md","Source observation month is an availability proxy; historical release vintage is not certified. This is an expected input, not a fitted result. Source units/definitions follow supplier documentation; upstream climatology fitting samples and ETL have not been independently verified.",expected_not_fitted,IPCCH_shared_folder/climate_monthly_2015_2026_MODELING_READY.csv,IPCCH_shared_folder/climate_monthly_2015_2026_MODELING_READY.csv,mean_nonmissing(x[O-2:O]); require >= 2 valid months,mean_nonmissing(x[O-2:O]); require >= 2 valid months Use O=2026-04 and target T from the run index.,Source-native NA; no carrier-row or saved-extra-NA mask; no interpolation or extra forward fill. XGBoost handles NA natively. NA below 2 valid observations within the fixed 3-calendar-month window; never extend the window to find values.,Source-native NA; no carrier-row or saved-extra-NA mask; no interpolation or extra forward fill. XGBoost handles NA natively. NA below 2 valid observations within the fixed 3-calendar-month window; never extend the window to find values.,Inherited source/recipe definition; see base_source_definition,Inherited source/recipe definition; see base_source_definition,Inherited compact source; upstream aggregation not independently certified,Same retained compact source/recipe; upstream aggregation not independently certified
147,evi_anom_month_ensmean__ma6_at_origin,Monthly climate,EVI anomaly (source-ensemble mean); ma6 ending at origin.,EVI units,Training: IPCCH_shared_folder/climate_monthly_2015_2026_MODELING_READY.csv; Inference: IPCCH_shared_folder/climate_monthly_2015_2026_MODELING_READY.csv,O=T-H; O-5 through O,mean_nonmissing(x[O-5:O]); require >= 3 valid months,Source-native NA; no carrier-row or saved-extra-NA mask; no interpolation or extra forward fill. XGBoost handles NA natively. NA below 3 valid observations within the fixed 6-calendar-month window; never extend the window to find values.,numeric,true,1,true,1,true,1,true,1,true,1,"[""evi_anom_month_ensmean__ma6_at_origin""]","{""compact_baseline/0m"":147,""compact_baseline/6m"":147,""compact_baseline/12m"":147,""compact_cds_weather/6m"":147,""compact_cds_weather/12m"":147}","[0, 6, 12]",ordinary,evi_anom_month_ensmean,QA-screen 16-day composites; overlap-day-weight observations into month; subtract 2003–2020 calendar-month climatology per sensor; crop-area polygon mean; Terra/Aqua mean. Parameters/caveats: Apply 0.0001 scale factor. EVI is less prone to high-biomass saturation than NDVI but is not identical to MCD12Q2 NBAR-EVI2.,".trellis/tasks/archive/2026-10/10-08-compact-climate-weather-oracle/design.md: Monthly recipes, names and time; src/ipcch/climate2015_features.py:104-251; /mnt/c/Users/swl00/IFPRI Dropbox/Weilun Shi/IPCCH_shared_folder/climate_agriculture_varlist.xlsx#VARLIST!B18:I18; src/ipcch/climate2015_features.py:18-23; .trellis/tasks/10-08-compact-cds-launch/design.md","Source observation month is an availability proxy; historical release vintage is not certified. This is an expected input, not a fitted result. Source units/definitions follow supplier documentation; upstream climatology fitting samples and ETL have not been independently verified.",expected_not_fitted,IPCCH_shared_folder/climate_monthly_2015_2026_MODELING_READY.csv,IPCCH_shared_folder/climate_monthly_2015_2026_MODELING_READY.csv,mean_nonmissing(x[O-5:O]); require >= 3 valid months,mean_nonmissing(x[O-5:O]); require >= 3 valid months Use O=2026-04 and target T from the run index.,Source-native NA; no carrier-row or saved-extra-NA mask; no interpolation or extra forward fill. XGBoost handles NA natively. NA below 3 valid observations within the fixed 6-calendar-month window; never extend the window to find values.,Source-native NA; no carrier-row or saved-extra-NA mask; no interpolation or extra forward fill. XGBoost handles NA natively. NA below 3 valid observations within the fixed 6-calendar-month window; never extend the window to find values.,Inherited source/recipe definition; see base_source_definition,Inherited source/recipe definition; see base_source_definition,Inherited compact source; upstream aggregation not independently certified,Same retained compact source/recipe; upstream aggregation not independently certified
148,evi_anom_month_ensmean__ma12_at_origin,Monthly climate,EVI anomaly (source-ensemble mean); ma12 ending at origin.,EVI units,Training: IPCCH_shared_folder/climate_monthly_2015_2026_MODELING_READY.csv; Inference: IPCCH_shared_folder/climate_monthly_2015_2026_MODELING_READY.csv,O=T-H; O-11 through O,mean_nonmissing(x[O-11:O]); require >= 6 valid months,Source-native NA; no carrier-row or saved-extra-NA mask; no interpolation or extra forward fill. XGBoost handles NA natively. NA below 6 valid observations within the fixed 12-calendar-month window; never extend the window to find values.,numeric,true,1,true,1,true,1,true,1,true,1,"[""evi_anom_month_ensmean__ma12_at_origin""]","{""compact_baseline/0m"":148,""compact_baseline/6m"":148,""compact_baseline/12m"":148,""compact_cds_weather/6m"":148,""compact_cds_weather/12m"":148}","[0, 6, 12]",ordinary,evi_anom_month_ensmean,QA-screen 16-day composites; overlap-day-weight observations into month; subtract 2003–2020 calendar-month climatology per sensor; crop-area polygon mean; Terra/Aqua mean. Parameters/caveats: Apply 0.0001 scale factor. EVI is less prone to high-biomass saturation than NDVI but is not identical to MCD12Q2 NBAR-EVI2.,".trellis/tasks/archive/2026-10/10-08-compact-climate-weather-oracle/design.md: Monthly recipes, names and time; src/ipcch/climate2015_features.py:104-251; /mnt/c/Users/swl00/IFPRI Dropbox/Weilun Shi/IPCCH_shared_folder/climate_agriculture_varlist.xlsx#VARLIST!B18:I18; src/ipcch/climate2015_features.py:18-23; .trellis/tasks/10-08-compact-cds-launch/design.md","Source observation month is an availability proxy; historical release vintage is not certified. This is an expected input, not a fitted result. Source units/definitions follow supplier documentation; upstream climatology fitting samples and ETL have not been independently verified.",expected_not_fitted,IPCCH_shared_folder/climate_monthly_2015_2026_MODELING_READY.csv,IPCCH_shared_folder/climate_monthly_2015_2026_MODELING_READY.csv,mean_nonmissing(x[O-11:O]); require >= 6 valid months,mean_nonmissing(x[O-11:O]); require >= 6 valid months Use O=2026-04 and target T from the run index.,Source-native NA; no carrier-row or saved-extra-NA mask; no interpolation or extra forward fill. XGBoost handles NA natively. NA below 6 valid observations within the fixed 12-calendar-month window; never extend the window to find values.,Source-native NA; no carrier-row or saved-extra-NA mask; no interpolation or extra forward fill. XGBoost handles NA natively. NA below 6 valid observations within the fixed 12-calendar-month window; never extend the window to find values.,Inherited source/recipe definition; see base_source_definition,Inherited source/recipe definition; see base_source_definition,Inherited compact source; upstream aggregation not independently certified,Same retained compact source/recipe; upstream aggregation not independently certified
149,evi_anom_month_ensmean__sd12_at_origin,Monthly climate,EVI anomaly (source-ensemble mean); sd12 ending at origin.,EVI units,Training: IPCCH_shared_folder/climate_monthly_2015_2026_MODELING_READY.csv; Inference: IPCCH_shared_folder/climate_monthly_2015_2026_MODELING_READY.csv,O=T-H; O-11 through O,"sample_sd(x[O-11:O], ddof=1); require >= 6 valid months",Source-native NA; no carrier-row or saved-extra-NA mask; no interpolation or extra forward fill. XGBoost handles NA natively. NA below 6 valid observations within the fixed 12-calendar-month window; never extend the window to find values.,numeric,true,1,true,1,true,1,true,1,true,1,"[""evi_anom_month_ensmean__sd12_at_origin""]","{""compact_baseline/0m"":149,""compact_baseline/6m"":149,""compact_baseline/12m"":149,""compact_cds_weather/6m"":149,""compact_cds_weather/12m"":149}","[0, 6, 12]",ordinary,evi_anom_month_ensmean,QA-screen 16-day composites; overlap-day-weight observations into month; subtract 2003–2020 calendar-month climatology per sensor; crop-area polygon mean; Terra/Aqua mean. Parameters/caveats: Apply 0.0001 scale factor. EVI is less prone to high-biomass saturation than NDVI but is not identical to MCD12Q2 NBAR-EVI2.,".trellis/tasks/archive/2026-10/10-08-compact-climate-weather-oracle/design.md: Monthly recipes, names and time; src/ipcch/climate2015_features.py:104-251; /mnt/c/Users/swl00/IFPRI Dropbox/Weilun Shi/IPCCH_shared_folder/climate_agriculture_varlist.xlsx#VARLIST!B18:I18; src/ipcch/climate2015_features.py:18-23; .trellis/tasks/10-08-compact-cds-launch/design.md","Source observation month is an availability proxy; historical release vintage is not certified. This is an expected input, not a fitted result. Source units/definitions follow supplier documentation; upstream climatology fitting samples and ETL have not been independently verified.",expected_not_fitted,IPCCH_shared_folder/climate_monthly_2015_2026_MODELING_READY.csv,IPCCH_shared_folder/climate_monthly_2015_2026_MODELING_READY.csv,"sample_sd(x[O-11:O], ddof=1); require >= 6 valid months","sample_sd(x[O-11:O], ddof=1); require >= 6 valid months Use O=2026-04 and target T from the run index.",Source-native NA; no carrier-row or saved-extra-NA mask; no interpolation or extra forward fill. XGBoost handles NA natively. NA below 6 valid observations within the fixed 12-calendar-month window; never extend the window to find values.,Source-native NA; no carrier-row or saved-extra-NA mask; no interpolation or extra forward fill. XGBoost handles NA natively. NA below 6 valid observations within the fixed 12-calendar-month window; never extend the window to find values.,Inherited source/recipe definition; see base_source_definition,Inherited source/recipe definition; see base_source_definition,Inherited compact source; upstream aggregation not independently certified,Same retained compact source/recipe; upstream aggregation not independently certified
150,GPP_mean__hist_same_month_z_at_origin,Vegetation productivity,Same-calendar-month historical z of GPP_mean at origin.,dimensionless,Training: Analysis/1.Source Data/assembled_IPCCH/interim/IPCCH_2026_target_corrected_nino34_wbfood.csv; Inference: Analysis/1.Source Data/assembled_IPCCH/interim/IPCCH_2026_target_corrected_nino34_wbfood.csv,O=T-H; strictly earlier-year history for each standardized month,"For each area/month u, P[u] is all nonmissing observations in strictly earlier years of the same calendar month; z[u]=(x[u]-mean(P[u]))/sample_sd(P[u],ddof=1). Output z[O].","Source-native NA; no carrier-row or saved-extra-NA mask; no interpolation or extra forward fill. XGBoost handles NA natively. Each z is NA if current x is missing, fewer than 2 prior same-month observations, or historical sample SD is zero.",numeric,true,1,true,1,true,1,true,1,true,1,"[""GPP_mean__hist_same_month_z_at_origin""]","{""compact_baseline/0m"":150,""compact_baseline/6m"":150,""compact_baseline/12m"":150,""compact_cds_weather/6m"":150,""compact_cds_weather/12m"":150}","[0, 6, 12]",same_month_z,GPP_mean,Inherited GPP_mean column in the pinned interim source; numeric values as supplied.,".trellis/tasks/archive/2026-10/10-08-compact-climate-weather-oracle/design.md: Monthly recipes, names and time; src/ipcch/climate2015_features.py:125-128,160-188; .trellis/tasks/10-08-compact-cds-launch/design.md","Source observation month is an availability proxy; historical release vintage is not certified. This is an expected input, not a fitted result.",expected_not_fitted,Analysis/1.Source Data/assembled_IPCCH/interim/IPCCH_2026_target_corrected_nino34_wbfood.csv,Analysis/1.Source Data/assembled_IPCCH/interim/IPCCH_2026_target_corrected_nino34_wbfood.csv,"For each area/month u, P[u] is all nonmissing observations in strictly earlier years of the same calendar month; z[u]=(x[u]-mean(P[u]))/sample_sd(P[u],ddof=1). Output z[O].","For each area/month u, P[u] is all nonmissing observations in strictly earlier years of the same calendar month; z[u]=(x[u]-mean(P[u]))/sample_sd(P[u],ddof=1). Output z[O]. Use O=2026-04 and target T from the run index.","Source-native NA; no carrier-row or saved-extra-NA mask; no interpolation or extra forward fill. XGBoost handles NA natively. Each z is NA if current x is missing, fewer than 2 prior same-month observations, or historical sample SD is zero.","Source-native NA; no carrier-row or saved-extra-NA mask; no interpolation or extra forward fill. XGBoost handles NA natively. Each z is NA if current x is missing, fewer than 2 prior same-month observations, or historical sample SD is zero.",Inherited source/recipe definition; see base_source_definition,Inherited source/recipe definition; see base_source_definition,Inherited compact source; upstream aggregation not independently certified,Same retained compact source/recipe; upstream aggregation not independently certified
151,GPP_mean__hist_same_month_z_ma3_at_origin,Vegetation productivity,Same-calendar-month historical z of GPP_mean; MA3 of monthly z ending at origin.,dimensionless,Training: Analysis/1.Source Data/assembled_IPCCH/interim/IPCCH_2026_target_corrected_nino34_wbfood.csv; Inference: Analysis/1.Source Data/assembled_IPCCH/interim/IPCCH_2026_target_corrected_nino34_wbfood.csv,O=T-H; strictly earlier-year history for each standardized month,"For each area/month u, P[u] is all nonmissing observations in strictly earlier years of the same calendar month; z[u]=(x[u]-mean(P[u]))/sample_sd(P[u],ddof=1). Output mean_nonmissing(z[O-2:O]), at least 2 valid z values; compute monthly z before averaging.","Source-native NA; no carrier-row or saved-extra-NA mask; no interpolation or extra forward fill. XGBoost handles NA natively. Each z is NA if current x is missing, fewer than 2 prior same-month observations, or historical sample SD is zero. Rolling result is NA below 2 valid monthly z values in the fixed 3-month window.",numeric,true,1,true,1,true,1,true,1,true,1,"[""GPP_mean__hist_same_month_z_ma3_at_origin""]","{""compact_baseline/0m"":151,""compact_baseline/6m"":151,""compact_baseline/12m"":151,""compact_cds_weather/6m"":151,""compact_cds_weather/12m"":151}","[0, 6, 12]",same_month_z,GPP_mean,Inherited GPP_mean column in the pinned interim source; numeric values as supplied.,".trellis/tasks/archive/2026-10/10-08-compact-climate-weather-oracle/design.md: Monthly recipes, names and time; src/ipcch/climate2015_features.py:125-128,160-188; .trellis/tasks/10-08-compact-cds-launch/design.md","Source observation month is an availability proxy; historical release vintage is not certified. This is an expected input, not a fitted result.",expected_not_fitted,Analysis/1.Source Data/assembled_IPCCH/interim/IPCCH_2026_target_corrected_nino34_wbfood.csv,Analysis/1.Source Data/assembled_IPCCH/interim/IPCCH_2026_target_corrected_nino34_wbfood.csv,"For each area/month u, P[u] is all nonmissing observations in strictly earlier years of the same calendar month; z[u]=(x[u]-mean(P[u]))/sample_sd(P[u],ddof=1). Output mean_nonmissing(z[O-2:O]), at least 2 valid z values; compute monthly z before averaging.","For each area/month u, P[u] is all nonmissing observations in strictly earlier years of the same calendar month; z[u]=(x[u]-mean(P[u]))/sample_sd(P[u],ddof=1). Output mean_nonmissing(z[O-2:O]), at least 2 valid z values; compute monthly z before averaging. Use O=2026-04 and target T from the run index.","Source-native NA; no carrier-row or saved-extra-NA mask; no interpolation or extra forward fill. XGBoost handles NA natively. Each z is NA if current x is missing, fewer than 2 prior same-month observations, or historical sample SD is zero. Rolling result is NA below 2 valid monthly z values in the fixed 3-month window.","Source-native NA; no carrier-row or saved-extra-NA mask; no interpolation or extra forward fill. XGBoost handles NA natively. Each z is NA if current x is missing, fewer than 2 prior same-month observations, or historical sample SD is zero. Rolling result is NA below 2 valid monthly z values in the fixed 3-month window.",Inherited source/recipe definition; see base_source_definition,Inherited source/recipe definition; see base_source_definition,Inherited compact source; upstream aggregation not independently certified,Same retained compact source/recipe; upstream aggregation not independently certified
152,GPP_mean__hist_same_month_z_ma6_at_origin,Vegetation productivity,Same-calendar-month historical z of GPP_mean; MA6 of monthly z ending at origin.,dimensionless,Training: Analysis/1.Source Data/assembled_IPCCH/interim/IPCCH_2026_target_corrected_nino34_wbfood.csv; Inference: Analysis/1.Source Data/assembled_IPCCH/interim/IPCCH_2026_target_corrected_nino34_wbfood.csv,O=T-H; strictly earlier-year history for each standardized month,"For each area/month u, P[u] is all nonmissing observations in strictly earlier years of the same calendar month; z[u]=(x[u]-mean(P[u]))/sample_sd(P[u],ddof=1). Output mean_nonmissing(z[O-5:O]), at least 3 valid z values; compute monthly z before averaging.","Source-native NA; no carrier-row or saved-extra-NA mask; no interpolation or extra forward fill. XGBoost handles NA natively. Each z is NA if current x is missing, fewer than 2 prior same-month observations, or historical sample SD is zero. Rolling result is NA below 3 valid monthly z values in the fixed 6-month window.",numeric,true,1,true,1,true,1,true,1,true,1,"[""GPP_mean__hist_same_month_z_ma6_at_origin""]","{""compact_baseline/0m"":152,""compact_baseline/6m"":152,""compact_baseline/12m"":152,""compact_cds_weather/6m"":152,""compact_cds_weather/12m"":152}","[0, 6, 12]",same_month_z,GPP_mean,Inherited GPP_mean column in the pinned interim source; numeric values as supplied.,".trellis/tasks/archive/2026-10/10-08-compact-climate-weather-oracle/design.md: Monthly recipes, names and time; src/ipcch/climate2015_features.py:125-128,160-188; .trellis/tasks/10-08-compact-cds-launch/design.md","Source observation month is an availability proxy; historical release vintage is not certified. This is an expected input, not a fitted result.",expected_not_fitted,Analysis/1.Source Data/assembled_IPCCH/interim/IPCCH_2026_target_corrected_nino34_wbfood.csv,Analysis/1.Source Data/assembled_IPCCH/interim/IPCCH_2026_target_corrected_nino34_wbfood.csv,"For each area/month u, P[u] is all nonmissing observations in strictly earlier years of the same calendar month; z[u]=(x[u]-mean(P[u]))/sample_sd(P[u],ddof=1). Output mean_nonmissing(z[O-5:O]), at least 3 valid z values; compute monthly z before averaging.","For each area/month u, P[u] is all nonmissing observations in strictly earlier years of the same calendar month; z[u]=(x[u]-mean(P[u]))/sample_sd(P[u],ddof=1). Output mean_nonmissing(z[O-5:O]), at least 3 valid z values; compute monthly z before averaging. Use O=2026-04 and target T from the run index.","Source-native NA; no carrier-row or saved-extra-NA mask; no interpolation or extra forward fill. XGBoost handles NA natively. Each z is NA if current x is missing, fewer than 2 prior same-month observations, or historical sample SD is zero. Rolling result is NA below 3 valid monthly z values in the fixed 6-month window.","Source-native NA; no carrier-row or saved-extra-NA mask; no interpolation or extra forward fill. XGBoost handles NA natively. Each z is NA if current x is missing, fewer than 2 prior same-month observations, or historical sample SD is zero. Rolling result is NA below 3 valid monthly z values in the fixed 6-month window.",Inherited source/recipe definition; see base_source_definition,Inherited source/recipe definition; see base_source_definition,Inherited compact source; upstream aggregation not independently certified,Same retained compact source/recipe; upstream aggregation not independently certified
153,GPP_mean__hist_same_month_z_ma12_at_origin,Vegetation productivity,Same-calendar-month historical z of GPP_mean; MA12 of monthly z ending at origin.,dimensionless,Training: Analysis/1.Source Data/assembled_IPCCH/interim/IPCCH_2026_target_corrected_nino34_wbfood.csv; Inference: Analysis/1.Source Data/assembled_IPCCH/interim/IPCCH_2026_target_corrected_nino34_wbfood.csv,O=T-H; strictly earlier-year history for each standardized month,"For each area/month u, P[u] is all nonmissing observations in strictly earlier years of the same calendar month; z[u]=(x[u]-mean(P[u]))/sample_sd(P[u],ddof=1). Output mean_nonmissing(z[O-11:O]), at least 6 valid z values; compute monthly z before averaging.","Source-native NA; no carrier-row or saved-extra-NA mask; no interpolation or extra forward fill. XGBoost handles NA natively. Each z is NA if current x is missing, fewer than 2 prior same-month observations, or historical sample SD is zero. Rolling result is NA below 6 valid monthly z values in the fixed 12-month window.",numeric,true,1,true,1,true,1,true,1,true,1,"[""GPP_mean__hist_same_month_z_ma12_at_origin""]","{""compact_baseline/0m"":153,""compact_baseline/6m"":153,""compact_baseline/12m"":153,""compact_cds_weather/6m"":153,""compact_cds_weather/12m"":153}","[0, 6, 12]",same_month_z,GPP_mean,Inherited GPP_mean column in the pinned interim source; numeric values as supplied.,".trellis/tasks/archive/2026-10/10-08-compact-climate-weather-oracle/design.md: Monthly recipes, names and time; src/ipcch/climate2015_features.py:125-128,160-188; .trellis/tasks/10-08-compact-cds-launch/design.md","Source observation month is an availability proxy; historical release vintage is not certified. This is an expected input, not a fitted result.",expected_not_fitted,Analysis/1.Source Data/assembled_IPCCH/interim/IPCCH_2026_target_corrected_nino34_wbfood.csv,Analysis/1.Source Data/assembled_IPCCH/interim/IPCCH_2026_target_corrected_nino34_wbfood.csv,"For each area/month u, P[u] is all nonmissing observations in strictly earlier years of the same calendar month; z[u]=(x[u]-mean(P[u]))/sample_sd(P[u],ddof=1). Output mean_nonmissing(z[O-11:O]), at least 6 valid z values; compute monthly z before averaging.","For each area/month u, P[u] is all nonmissing observations in strictly earlier years of the same calendar month; z[u]=(x[u]-mean(P[u]))/sample_sd(P[u],ddof=1). Output mean_nonmissing(z[O-11:O]), at least 6 valid z values; compute monthly z before averaging. Use O=2026-04 and target T from the run index.","Source-native NA; no carrier-row or saved-extra-NA mask; no interpolation or extra forward fill. XGBoost handles NA natively. Each z is NA if current x is missing, fewer than 2 prior same-month observations, or historical sample SD is zero. Rolling result is NA below 6 valid monthly z values in the fixed 12-month window.","Source-native NA; no carrier-row or saved-extra-NA mask; no interpolation or extra forward fill. XGBoost handles NA natively. Each z is NA if current x is missing, fewer than 2 prior same-month observations, or historical sample SD is zero. Rolling result is NA below 6 valid monthly z values in the fixed 12-month window.",Inherited source/recipe definition; see base_source_definition,Inherited source/recipe definition; see base_source_definition,Inherited compact source; upstream aggregation not independently certified,Same retained compact source/recipe; upstream aggregation not independently certified
154,nightlight_mean__hist_same_month_z_at_origin,Economic activity,Same-calendar-month historical z of nightlight_mean at origin.,dimensionless,Training: Analysis/1.Source Data/assembled_IPCCH/interim/IPCCH_2026_target_corrected_nino34_wbfood.csv; Inference: Analysis/1.Source Data/assembled_IPCCH/interim/IPCCH_2026_target_corrected_nino34_wbfood.csv,O=T-H; strictly earlier-year history for each standardized month,"For each area/month u, P[u] is all nonmissing observations in strictly earlier years of the same calendar month; z[u]=(x[u]-mean(P[u]))/sample_sd(P[u],ddof=1). Output z[O].","Source-native NA; no carrier-row or saved-extra-NA mask; no interpolation or extra forward fill. XGBoost handles NA natively. Each z is NA if current x is missing, fewer than 2 prior same-month observations, or historical sample SD is zero.",numeric,true,1,true,1,true,1,true,1,true,1,"[""nightlight_mean__hist_same_month_z_at_origin""]","{""compact_baseline/0m"":154,""compact_baseline/6m"":154,""compact_baseline/12m"":154,""compact_cds_weather/6m"":154,""compact_cds_weather/12m"":154}","[0, 6, 12]",same_month_z,nightlight_mean,Inherited nightlight_mean column in the pinned interim source; numeric values as supplied.,".trellis/tasks/archive/2026-10/10-08-compact-climate-weather-oracle/design.md: Monthly recipes, names and time; src/ipcch/climate2015_features.py:125-128,160-188; .trellis/tasks/10-08-compact-cds-launch/design.md","Source observation month is an availability proxy; historical release vintage is not certified. This is an expected input, not a fitted result.",expected_not_fitted,Analysis/1.Source Data/assembled_IPCCH/interim/IPCCH_2026_target_corrected_nino34_wbfood.csv,Analysis/1.Source Data/assembled_IPCCH/interim/IPCCH_2026_target_corrected_nino34_wbfood.csv,"For each area/month u, P[u] is all nonmissing observations in strictly earlier years of the same calendar month; z[u]=(x[u]-mean(P[u]))/sample_sd(P[u],ddof=1). Output z[O].","For each area/month u, P[u] is all nonmissing observations in strictly earlier years of the same calendar month; z[u]=(x[u]-mean(P[u]))/sample_sd(P[u],ddof=1). Output z[O]. Use O=2026-04 and target T from the run index.","Source-native NA; no carrier-row or saved-extra-NA mask; no interpolation or extra forward fill. XGBoost handles NA natively. Each z is NA if current x is missing, fewer than 2 prior same-month observations, or historical sample SD is zero.","Source-native NA; no carrier-row or saved-extra-NA mask; no interpolation or extra forward fill. XGBoost handles NA natively. Each z is NA if current x is missing, fewer than 2 prior same-month observations, or historical sample SD is zero.",Inherited source/recipe definition; see base_source_definition,Inherited source/recipe definition; see base_source_definition,Inherited compact source; upstream aggregation not independently certified,Same retained compact source/recipe; upstream aggregation not independently certified
155,nightlight_mean__hist_same_month_z_ma3_at_origin,Economic activity,Same-calendar-month historical z of nightlight_mean; MA3 of monthly z ending at origin.,dimensionless,Training: Analysis/1.Source Data/assembled_IPCCH/interim/IPCCH_2026_target_corrected_nino34_wbfood.csv; Inference: Analysis/1.Source Data/assembled_IPCCH/interim/IPCCH_2026_target_corrected_nino34_wbfood.csv,O=T-H; strictly earlier-year history for each standardized month,"For each area/month u, P[u] is all nonmissing observations in strictly earlier years of the same calendar month; z[u]=(x[u]-mean(P[u]))/sample_sd(P[u],ddof=1). Output mean_nonmissing(z[O-2:O]), at least 2 valid z values; compute monthly z before averaging.","Source-native NA; no carrier-row or saved-extra-NA mask; no interpolation or extra forward fill. XGBoost handles NA natively. Each z is NA if current x is missing, fewer than 2 prior same-month observations, or historical sample SD is zero. Rolling result is NA below 2 valid monthly z values in the fixed 3-month window.",numeric,true,1,true,1,true,1,true,1,true,1,"[""nightlight_mean__hist_same_month_z_ma3_at_origin""]","{""compact_baseline/0m"":155,""compact_baseline/6m"":155,""compact_baseline/12m"":155,""compact_cds_weather/6m"":155,""compact_cds_weather/12m"":155}","[0, 6, 12]",same_month_z,nightlight_mean,Inherited nightlight_mean column in the pinned interim source; numeric values as supplied.,".trellis/tasks/archive/2026-10/10-08-compact-climate-weather-oracle/design.md: Monthly recipes, names and time; src/ipcch/climate2015_features.py:125-128,160-188; .trellis/tasks/10-08-compact-cds-launch/design.md","Source observation month is an availability proxy; historical release vintage is not certified. This is an expected input, not a fitted result.",expected_not_fitted,Analysis/1.Source Data/assembled_IPCCH/interim/IPCCH_2026_target_corrected_nino34_wbfood.csv,Analysis/1.Source Data/assembled_IPCCH/interim/IPCCH_2026_target_corrected_nino34_wbfood.csv,"For each area/month u, P[u] is all nonmissing observations in strictly earlier years of the same calendar month; z[u]=(x[u]-mean(P[u]))/sample_sd(P[u],ddof=1). Output mean_nonmissing(z[O-2:O]), at least 2 valid z values; compute monthly z before averaging.","For each area/month u, P[u] is all nonmissing observations in strictly earlier years of the same calendar month; z[u]=(x[u]-mean(P[u]))/sample_sd(P[u],ddof=1). Output mean_nonmissing(z[O-2:O]), at least 2 valid z values; compute monthly z before averaging. Use O=2026-04 and target T from the run index.","Source-native NA; no carrier-row or saved-extra-NA mask; no interpolation or extra forward fill. XGBoost handles NA natively. Each z is NA if current x is missing, fewer than 2 prior same-month observations, or historical sample SD is zero. Rolling result is NA below 2 valid monthly z values in the fixed 3-month window.","Source-native NA; no carrier-row or saved-extra-NA mask; no interpolation or extra forward fill. XGBoost handles NA natively. Each z is NA if current x is missing, fewer than 2 prior same-month observations, or historical sample SD is zero. Rolling result is NA below 2 valid monthly z values in the fixed 3-month window.",Inherited source/recipe definition; see base_source_definition,Inherited source/recipe definition; see base_source_definition,Inherited compact source; upstream aggregation not independently certified,Same retained compact source/recipe; upstream aggregation not independently certified
156,nightlight_mean__hist_same_month_z_ma6_at_origin,Economic activity,Same-calendar-month historical z of nightlight_mean; MA6 of monthly z ending at origin.,dimensionless,Training: Analysis/1.Source Data/assembled_IPCCH/interim/IPCCH_2026_target_corrected_nino34_wbfood.csv; Inference: Analysis/1.Source Data/assembled_IPCCH/interim/IPCCH_2026_target_corrected_nino34_wbfood.csv,O=T-H; strictly earlier-year history for each standardized month,"For each area/month u, P[u] is all nonmissing observations in strictly earlier years of the same calendar month; z[u]=(x[u]-mean(P[u]))/sample_sd(P[u],ddof=1). Output mean_nonmissing(z[O-5:O]), at least 3 valid z values; compute monthly z before averaging.","Source-native NA; no carrier-row or saved-extra-NA mask; no interpolation or extra forward fill. XGBoost handles NA natively. Each z is NA if current x is missing, fewer than 2 prior same-month observations, or historical sample SD is zero. Rolling result is NA below 3 valid monthly z values in the fixed 6-month window.",numeric,true,1,true,1,true,1,true,1,true,1,"[""nightlight_mean__hist_same_month_z_ma6_at_origin""]","{""compact_baseline/0m"":156,""compact_baseline/6m"":156,""compact_baseline/12m"":156,""compact_cds_weather/6m"":156,""compact_cds_weather/12m"":156}","[0, 6, 12]",same_month_z,nightlight_mean,Inherited nightlight_mean column in the pinned interim source; numeric values as supplied.,".trellis/tasks/archive/2026-10/10-08-compact-climate-weather-oracle/design.md: Monthly recipes, names and time; src/ipcch/climate2015_features.py:125-128,160-188; .trellis/tasks/10-08-compact-cds-launch/design.md","Source observation month is an availability proxy; historical release vintage is not certified. This is an expected input, not a fitted result.",expected_not_fitted,Analysis/1.Source Data/assembled_IPCCH/interim/IPCCH_2026_target_corrected_nino34_wbfood.csv,Analysis/1.Source Data/assembled_IPCCH/interim/IPCCH_2026_target_corrected_nino34_wbfood.csv,"For each area/month u, P[u] is all nonmissing observations in strictly earlier years of the same calendar month; z[u]=(x[u]-mean(P[u]))/sample_sd(P[u],ddof=1). Output mean_nonmissing(z[O-5:O]), at least 3 valid z values; compute monthly z before averaging.","For each area/month u, P[u] is all nonmissing observations in strictly earlier years of the same calendar month; z[u]=(x[u]-mean(P[u]))/sample_sd(P[u],ddof=1). Output mean_nonmissing(z[O-5:O]), at least 3 valid z values; compute monthly z before averaging. Use O=2026-04 and target T from the run index.","Source-native NA; no carrier-row or saved-extra-NA mask; no interpolation or extra forward fill. XGBoost handles NA natively. Each z is NA if current x is missing, fewer than 2 prior same-month observations, or historical sample SD is zero. Rolling result is NA below 3 valid monthly z values in the fixed 6-month window.","Source-native NA; no carrier-row or saved-extra-NA mask; no interpolation or extra forward fill. XGBoost handles NA natively. Each z is NA if current x is missing, fewer than 2 prior same-month observations, or historical sample SD is zero. Rolling result is NA below 3 valid monthly z values in the fixed 6-month window.",Inherited source/recipe definition; see base_source_definition,Inherited source/recipe definition; see base_source_definition,Inherited compact source; upstream aggregation not independently certified,Same retained compact source/recipe; upstream aggregation not independently certified
157,nightlight_mean__hist_same_month_z_ma12_at_origin,Economic activity,Same-calendar-month historical z of nightlight_mean; MA12 of monthly z ending at origin.,dimensionless,Training: Analysis/1.Source Data/assembled_IPCCH/interim/IPCCH_2026_target_corrected_nino34_wbfood.csv; Inference: Analysis/1.Source Data/assembled_IPCCH/interim/IPCCH_2026_target_corrected_nino34_wbfood.csv,O=T-H; strictly earlier-year history for each standardized month,"For each area/month u, P[u] is all nonmissing observations in strictly earlier years of the same calendar month; z[u]=(x[u]-mean(P[u]))/sample_sd(P[u],ddof=1). Output mean_nonmissing(z[O-11:O]), at least 6 valid z values; compute monthly z before averaging.","Source-native NA; no carrier-row or saved-extra-NA mask; no interpolation or extra forward fill. XGBoost handles NA natively. Each z is NA if current x is missing, fewer than 2 prior same-month observations, or historical sample SD is zero. Rolling result is NA below 6 valid monthly z values in the fixed 12-month window.",numeric,true,1,true,1,true,1,true,1,true,1,"[""nightlight_mean__hist_same_month_z_ma12_at_origin""]","{""compact_baseline/0m"":157,""compact_baseline/6m"":157,""compact_baseline/12m"":157,""compact_cds_weather/6m"":157,""compact_cds_weather/12m"":157}","[0, 6, 12]",same_month_z,nightlight_mean,Inherited nightlight_mean column in the pinned interim source; numeric values as supplied.,".trellis/tasks/archive/2026-10/10-08-compact-climate-weather-oracle/design.md: Monthly recipes, names and time; src/ipcch/climate2015_features.py:125-128,160-188; .trellis/tasks/10-08-compact-cds-launch/design.md","Source observation month is an availability proxy; historical release vintage is not certified. This is an expected input, not a fitted result.",expected_not_fitted,Analysis/1.Source Data/assembled_IPCCH/interim/IPCCH_2026_target_corrected_nino34_wbfood.csv,Analysis/1.Source Data/assembled_IPCCH/interim/IPCCH_2026_target_corrected_nino34_wbfood.csv,"For each area/month u, P[u] is all nonmissing observations in strictly earlier years of the same calendar month; z[u]=(x[u]-mean(P[u]))/sample_sd(P[u],ddof=1). Output mean_nonmissing(z[O-11:O]), at least 6 valid z values; compute monthly z before averaging.","For each area/month u, P[u] is all nonmissing observations in strictly earlier years of the same calendar month; z[u]=(x[u]-mean(P[u]))/sample_sd(P[u],ddof=1). Output mean_nonmissing(z[O-11:O]), at least 6 valid z values; compute monthly z before averaging. Use O=2026-04 and target T from the run index.","Source-native NA; no carrier-row or saved-extra-NA mask; no interpolation or extra forward fill. XGBoost handles NA natively. Each z is NA if current x is missing, fewer than 2 prior same-month observations, or historical sample SD is zero. Rolling result is NA below 6 valid monthly z values in the fixed 12-month window.","Source-native NA; no carrier-row or saved-extra-NA mask; no interpolation or extra forward fill. XGBoost handles NA natively. Each z is NA if current x is missing, fewer than 2 prior same-month observations, or historical sample SD is zero. Rolling result is NA below 6 valid monthly z values in the fixed 12-month window.",Inherited source/recipe definition; see base_source_definition,Inherited source/recipe definition; see base_source_definition,Inherited compact source; upstream aggregation not independently certified,Same retained compact source/recipe; upstream aggregation not independently certified
158,WFP_Price__hist_same_month_z_at_origin,Food prices,Same-calendar-month historical z of WFP_Price at origin.,dimensionless,Training: Analysis/1.Source Data/assembled_IPCCH/interim/IPCCH_2026_target_corrected_nino34_wbfood.csv; Inference: Analysis/1.Source Data/assembled_IPCCH/interim/IPCCH_2026_target_corrected_nino34_wbfood.csv,O=T-H; strictly earlier-year history for each standardized month,"For each area/month u, P[u] is all nonmissing observations in strictly earlier years of the same calendar month; z[u]=(x[u]-mean(P[u]))/sample_sd(P[u],ddof=1). Output z[O].","Source-native NA; no carrier-row or saved-extra-NA mask; no interpolation or extra forward fill. XGBoost handles NA natively. Each z is NA if current x is missing, fewer than 2 prior same-month observations, or historical sample SD is zero.",numeric,true,1,true,1,true,1,true,1,true,1,"[""WFP_Price__hist_same_month_z_at_origin""]","{""compact_baseline/0m"":158,""compact_baseline/6m"":158,""compact_baseline/12m"":158,""compact_cds_weather/6m"":158,""compact_cds_weather/12m"":158}","[0, 6, 12]",same_month_z,WFP_Price,Inherited WFP_Price column in the pinned interim source; numeric values as supplied.,".trellis/tasks/archive/2026-10/10-08-compact-climate-weather-oracle/design.md: Monthly recipes, names and time; src/ipcch/climate2015_features.py:125-128,160-188; .trellis/tasks/10-08-compact-cds-launch/design.md","Source observation month is an availability proxy; historical release vintage is not certified. This is an expected input, not a fitted result.",expected_not_fitted,Analysis/1.Source Data/assembled_IPCCH/interim/IPCCH_2026_target_corrected_nino34_wbfood.csv,Analysis/1.Source Data/assembled_IPCCH/interim/IPCCH_2026_target_corrected_nino34_wbfood.csv,"For each area/month u, P[u] is all nonmissing observations in strictly earlier years of the same calendar month; z[u]=(x[u]-mean(P[u]))/sample_sd(P[u],ddof=1). Output z[O].","For each area/month u, P[u] is all nonmissing observations in strictly earlier years of the same calendar month; z[u]=(x[u]-mean(P[u]))/sample_sd(P[u],ddof=1). Output z[O]. Use O=2026-04 and target T from the run index.","Source-native NA; no carrier-row or saved-extra-NA mask; no interpolation or extra forward fill. XGBoost handles NA natively. Each z is NA if current x is missing, fewer than 2 prior same-month observations, or historical sample SD is zero.","Source-native NA; no carrier-row or saved-extra-NA mask; no interpolation or extra forward fill. XGBoost handles NA natively. Each z is NA if current x is missing, fewer than 2 prior same-month observations, or historical sample SD is zero.",Inherited source/recipe definition; see base_source_definition,Inherited source/recipe definition; see base_source_definition,Inherited compact source; upstream aggregation not independently certified,Same retained compact source/recipe; upstream aggregation not independently certified
159,WFP_Price__hist_same_month_z_ma3_at_origin,Food prices,Same-calendar-month historical z of WFP_Price; MA3 of monthly z ending at origin.,dimensionless,Training: Analysis/1.Source Data/assembled_IPCCH/interim/IPCCH_2026_target_corrected_nino34_wbfood.csv; Inference: Analysis/1.Source Data/assembled_IPCCH/interim/IPCCH_2026_target_corrected_nino34_wbfood.csv,O=T-H; strictly earlier-year history for each standardized month,"For each area/month u, P[u] is all nonmissing observations in strictly earlier years of the same calendar month; z[u]=(x[u]-mean(P[u]))/sample_sd(P[u],ddof=1). Output mean_nonmissing(z[O-2:O]), at least 2 valid z values; compute monthly z before averaging.","Source-native NA; no carrier-row or saved-extra-NA mask; no interpolation or extra forward fill. XGBoost handles NA natively. Each z is NA if current x is missing, fewer than 2 prior same-month observations, or historical sample SD is zero. Rolling result is NA below 2 valid monthly z values in the fixed 3-month window.",numeric,true,1,true,1,true,1,true,1,true,1,"[""WFP_Price__hist_same_month_z_ma3_at_origin""]","{""compact_baseline/0m"":159,""compact_baseline/6m"":159,""compact_baseline/12m"":159,""compact_cds_weather/6m"":159,""compact_cds_weather/12m"":159}","[0, 6, 12]",same_month_z,WFP_Price,Inherited WFP_Price column in the pinned interim source; numeric values as supplied.,".trellis/tasks/archive/2026-10/10-08-compact-climate-weather-oracle/design.md: Monthly recipes, names and time; src/ipcch/climate2015_features.py:125-128,160-188; .trellis/tasks/10-08-compact-cds-launch/design.md","Source observation month is an availability proxy; historical release vintage is not certified. This is an expected input, not a fitted result.",expected_not_fitted,Analysis/1.Source Data/assembled_IPCCH/interim/IPCCH_2026_target_corrected_nino34_wbfood.csv,Analysis/1.Source Data/assembled_IPCCH/interim/IPCCH_2026_target_corrected_nino34_wbfood.csv,"For each area/month u, P[u] is all nonmissing observations in strictly earlier years of the same calendar month; z[u]=(x[u]-mean(P[u]))/sample_sd(P[u],ddof=1). Output mean_nonmissing(z[O-2:O]), at least 2 valid z values; compute monthly z before averaging.","For each area/month u, P[u] is all nonmissing observations in strictly earlier years of the same calendar month; z[u]=(x[u]-mean(P[u]))/sample_sd(P[u],ddof=1). Output mean_nonmissing(z[O-2:O]), at least 2 valid z values; compute monthly z before averaging. Use O=2026-04 and target T from the run index.","Source-native NA; no carrier-row or saved-extra-NA mask; no interpolation or extra forward fill. XGBoost handles NA natively. Each z is NA if current x is missing, fewer than 2 prior same-month observations, or historical sample SD is zero. Rolling result is NA below 2 valid monthly z values in the fixed 3-month window.","Source-native NA; no carrier-row or saved-extra-NA mask; no interpolation or extra forward fill. XGBoost handles NA natively. Each z is NA if current x is missing, fewer than 2 prior same-month observations, or historical sample SD is zero. Rolling result is NA below 2 valid monthly z values in the fixed 3-month window.",Inherited source/recipe definition; see base_source_definition,Inherited source/recipe definition; see base_source_definition,Inherited compact source; upstream aggregation not independently certified,Same retained compact source/recipe; upstream aggregation not independently certified
160,WFP_Price__hist_same_month_z_ma6_at_origin,Food prices,Same-calendar-month historical z of WFP_Price; MA6 of monthly z ending at origin.,dimensionless,Training: Analysis/1.Source Data/assembled_IPCCH/interim/IPCCH_2026_target_corrected_nino34_wbfood.csv; Inference: Analysis/1.Source Data/assembled_IPCCH/interim/IPCCH_2026_target_corrected_nino34_wbfood.csv,O=T-H; strictly earlier-year history for each standardized month,"For each area/month u, P[u] is all nonmissing observations in strictly earlier years of the same calendar month; z[u]=(x[u]-mean(P[u]))/sample_sd(P[u],ddof=1). Output mean_nonmissing(z[O-5:O]), at least 3 valid z values; compute monthly z before averaging.","Source-native NA; no carrier-row or saved-extra-NA mask; no interpolation or extra forward fill. XGBoost handles NA natively. Each z is NA if current x is missing, fewer than 2 prior same-month observations, or historical sample SD is zero. Rolling result is NA below 3 valid monthly z values in the fixed 6-month window.",numeric,true,1,true,1,true,1,true,1,true,1,"[""WFP_Price__hist_same_month_z_ma6_at_origin""]","{""compact_baseline/0m"":160,""compact_baseline/6m"":160,""compact_baseline/12m"":160,""compact_cds_weather/6m"":160,""compact_cds_weather/12m"":160}","[0, 6, 12]",same_month_z,WFP_Price,Inherited WFP_Price column in the pinned interim source; numeric values as supplied.,".trellis/tasks/archive/2026-10/10-08-compact-climate-weather-oracle/design.md: Monthly recipes, names and time; src/ipcch/climate2015_features.py:125-128,160-188; .trellis/tasks/10-08-compact-cds-launch/design.md","Source observation month is an availability proxy; historical release vintage is not certified. This is an expected input, not a fitted result.",expected_not_fitted,Analysis/1.Source Data/assembled_IPCCH/interim/IPCCH_2026_target_corrected_nino34_wbfood.csv,Analysis/1.Source Data/assembled_IPCCH/interim/IPCCH_2026_target_corrected_nino34_wbfood.csv,"For each area/month u, P[u] is all nonmissing observations in strictly earlier years of the same calendar month; z[u]=(x[u]-mean(P[u]))/sample_sd(P[u],ddof=1). Output mean_nonmissing(z[O-5:O]), at least 3 valid z values; compute monthly z before averaging.","For each area/month u, P[u] is all nonmissing observations in strictly earlier years of the same calendar month; z[u]=(x[u]-mean(P[u]))/sample_sd(P[u],ddof=1). Output mean_nonmissing(z[O-5:O]), at least 3 valid z values; compute monthly z before averaging. Use O=2026-04 and target T from the run index.","Source-native NA; no carrier-row or saved-extra-NA mask; no interpolation or extra forward fill. XGBoost handles NA natively. Each z is NA if current x is missing, fewer than 2 prior same-month observations, or historical sample SD is zero. Rolling result is NA below 3 valid monthly z values in the fixed 6-month window.","Source-native NA; no carrier-row or saved-extra-NA mask; no interpolation or extra forward fill. XGBoost handles NA natively. Each z is NA if current x is missing, fewer than 2 prior same-month observations, or historical sample SD is zero. Rolling result is NA below 3 valid monthly z values in the fixed 6-month window.",Inherited source/recipe definition; see base_source_definition,Inherited source/recipe definition; see base_source_definition,Inherited compact source; upstream aggregation not independently certified,Same retained compact source/recipe; upstream aggregation not independently certified
161,WFP_Price__hist_same_month_z_ma12_at_origin,Food prices,Same-calendar-month historical z of WFP_Price; MA12 of monthly z ending at origin.,dimensionless,Training: Analysis/1.Source Data/assembled_IPCCH/interim/IPCCH_2026_target_corrected_nino34_wbfood.csv; Inference: Analysis/1.Source Data/assembled_IPCCH/interim/IPCCH_2026_target_corrected_nino34_wbfood.csv,O=T-H; strictly earlier-year history for each standardized month,"For each area/month u, P[u] is all nonmissing observations in strictly earlier years of the same calendar month; z[u]=(x[u]-mean(P[u]))/sample_sd(P[u],ddof=1). Output mean_nonmissing(z[O-11:O]), at least 6 valid z values; compute monthly z before averaging.","Source-native NA; no carrier-row or saved-extra-NA mask; no interpolation or extra forward fill. XGBoost handles NA natively. Each z is NA if current x is missing, fewer than 2 prior same-month observations, or historical sample SD is zero. Rolling result is NA below 6 valid monthly z values in the fixed 12-month window.",numeric,true,1,true,1,true,1,true,1,true,1,"[""WFP_Price__hist_same_month_z_ma12_at_origin""]","{""compact_baseline/0m"":161,""compact_baseline/6m"":161,""compact_baseline/12m"":161,""compact_cds_weather/6m"":161,""compact_cds_weather/12m"":161}","[0, 6, 12]",same_month_z,WFP_Price,Inherited WFP_Price column in the pinned interim source; numeric values as supplied.,".trellis/tasks/archive/2026-10/10-08-compact-climate-weather-oracle/design.md: Monthly recipes, names and time; src/ipcch/climate2015_features.py:125-128,160-188; .trellis/tasks/10-08-compact-cds-launch/design.md","Source observation month is an availability proxy; historical release vintage is not certified. This is an expected input, not a fitted result.",expected_not_fitted,Analysis/1.Source Data/assembled_IPCCH/interim/IPCCH_2026_target_corrected_nino34_wbfood.csv,Analysis/1.Source Data/assembled_IPCCH/interim/IPCCH_2026_target_corrected_nino34_wbfood.csv,"For each area/month u, P[u] is all nonmissing observations in strictly earlier years of the same calendar month; z[u]=(x[u]-mean(P[u]))/sample_sd(P[u],ddof=1). Output mean_nonmissing(z[O-11:O]), at least 6 valid z values; compute monthly z before averaging.","For each area/month u, P[u] is all nonmissing observations in strictly earlier years of the same calendar month; z[u]=(x[u]-mean(P[u]))/sample_sd(P[u],ddof=1). Output mean_nonmissing(z[O-11:O]), at least 6 valid z values; compute monthly z before averaging. Use O=2026-04 and target T from the run index.","Source-native NA; no carrier-row or saved-extra-NA mask; no interpolation or extra forward fill. XGBoost handles NA natively. Each z is NA if current x is missing, fewer than 2 prior same-month observations, or historical sample SD is zero. Rolling result is NA below 6 valid monthly z values in the fixed 12-month window.","Source-native NA; no carrier-row or saved-extra-NA mask; no interpolation or extra forward fill. XGBoost handles NA natively. Each z is NA if current x is missing, fewer than 2 prior same-month observations, or historical sample SD is zero. Rolling result is NA below 6 valid monthly z values in the fixed 12-month window.",Inherited source/recipe definition; see base_source_definition,Inherited source/recipe definition; see base_source_definition,Inherited compact source; upstream aggregation not independently certified,Same retained compact source/recipe; upstream aggregation not independently certified
162,food_price_index_WB__hist_same_month_z_at_origin,Food prices,Same-calendar-month historical z of food_price_index_WB at origin.,dimensionless,Training: Analysis/1.Source Data/assembled_IPCCH/interim/IPCCH_2026_target_corrected_nino34_wbfood.csv; Inference: Analysis/1.Source Data/assembled_IPCCH/interim/IPCCH_2026_target_corrected_nino34_wbfood.csv,O=T-H; strictly earlier-year history for each standardized month,"For each area/month u, P[u] is all nonmissing observations in strictly earlier years of the same calendar month; z[u]=(x[u]-mean(P[u]))/sample_sd(P[u],ddof=1). Output z[O].","Source-native NA; no carrier-row or saved-extra-NA mask; no interpolation or extra forward fill. XGBoost handles NA natively. Each z is NA if current x is missing, fewer than 2 prior same-month observations, or historical sample SD is zero.",numeric,true,1,true,1,true,1,true,1,true,1,"[""food_price_index_WB__hist_same_month_z_at_origin""]","{""compact_baseline/0m"":162,""compact_baseline/6m"":162,""compact_baseline/12m"":162,""compact_cds_weather/6m"":162,""compact_cds_weather/12m"":162}","[0, 6, 12]",same_month_z,food_price_index_WB,Inherited food_price_index_WB column in the pinned interim source; numeric values as supplied.,".trellis/tasks/archive/2026-10/10-08-compact-climate-weather-oracle/design.md: Monthly recipes, names and time; src/ipcch/climate2015_features.py:125-128,160-188; .trellis/tasks/10-08-compact-cds-launch/design.md","Source observation month is an availability proxy; historical release vintage is not certified. This is an expected input, not a fitted result.",expected_not_fitted,Analysis/1.Source Data/assembled_IPCCH/interim/IPCCH_2026_target_corrected_nino34_wbfood.csv,Analysis/1.Source Data/assembled_IPCCH/interim/IPCCH_2026_target_corrected_nino34_wbfood.csv,"For each area/month u, P[u] is all nonmissing observations in strictly earlier years of the same calendar month; z[u]=(x[u]-mean(P[u]))/sample_sd(P[u],ddof=1). Output z[O].","For each area/month u, P[u] is all nonmissing observations in strictly earlier years of the same calendar month; z[u]=(x[u]-mean(P[u]))/sample_sd(P[u],ddof=1). Output z[O]. Use O=2026-04 and target T from the run index.","Source-native NA; no carrier-row or saved-extra-NA mask; no interpolation or extra forward fill. XGBoost handles NA natively. Each z is NA if current x is missing, fewer than 2 prior same-month observations, or historical sample SD is zero.","Source-native NA; no carrier-row or saved-extra-NA mask; no interpolation or extra forward fill. XGBoost handles NA natively. Each z is NA if current x is missing, fewer than 2 prior same-month observations, or historical sample SD is zero.",Inherited source/recipe definition; see base_source_definition,Inherited source/recipe definition; see base_source_definition,Inherited compact source; upstream aggregation not independently certified,Same retained compact source/recipe; upstream aggregation not independently certified
163,food_price_index_WB__hist_same_month_z_ma3_at_origin,Food prices,Same-calendar-month historical z of food_price_index_WB; MA3 of monthly z ending at origin.,dimensionless,Training: Analysis/1.Source Data/assembled_IPCCH/interim/IPCCH_2026_target_corrected_nino34_wbfood.csv; Inference: Analysis/1.Source Data/assembled_IPCCH/interim/IPCCH_2026_target_corrected_nino34_wbfood.csv,O=T-H; strictly earlier-year history for each standardized month,"For each area/month u, P[u] is all nonmissing observations in strictly earlier years of the same calendar month; z[u]=(x[u]-mean(P[u]))/sample_sd(P[u],ddof=1). Output mean_nonmissing(z[O-2:O]), at least 2 valid z values; compute monthly z before averaging.","Source-native NA; no carrier-row or saved-extra-NA mask; no interpolation or extra forward fill. XGBoost handles NA natively. Each z is NA if current x is missing, fewer than 2 prior same-month observations, or historical sample SD is zero. Rolling result is NA below 2 valid monthly z values in the fixed 3-month window.",numeric,true,1,true,1,true,1,true,1,true,1,"[""food_price_index_WB__hist_same_month_z_ma3_at_origin""]","{""compact_baseline/0m"":163,""compact_baseline/6m"":163,""compact_baseline/12m"":163,""compact_cds_weather/6m"":163,""compact_cds_weather/12m"":163}","[0, 6, 12]",same_month_z,food_price_index_WB,Inherited food_price_index_WB column in the pinned interim source; numeric values as supplied.,".trellis/tasks/archive/2026-10/10-08-compact-climate-weather-oracle/design.md: Monthly recipes, names and time; src/ipcch/climate2015_features.py:125-128,160-188; .trellis/tasks/10-08-compact-cds-launch/design.md","Source observation month is an availability proxy; historical release vintage is not certified. This is an expected input, not a fitted result.",expected_not_fitted,Analysis/1.Source Data/assembled_IPCCH/interim/IPCCH_2026_target_corrected_nino34_wbfood.csv,Analysis/1.Source Data/assembled_IPCCH/interim/IPCCH_2026_target_corrected_nino34_wbfood.csv,"For each area/month u, P[u] is all nonmissing observations in strictly earlier years of the same calendar month; z[u]=(x[u]-mean(P[u]))/sample_sd(P[u],ddof=1). Output mean_nonmissing(z[O-2:O]), at least 2 valid z values; compute monthly z before averaging.","For each area/month u, P[u] is all nonmissing observations in strictly earlier years of the same calendar month; z[u]=(x[u]-mean(P[u]))/sample_sd(P[u],ddof=1). Output mean_nonmissing(z[O-2:O]), at least 2 valid z values; compute monthly z before averaging. Use O=2026-04 and target T from the run index.","Source-native NA; no carrier-row or saved-extra-NA mask; no interpolation or extra forward fill. XGBoost handles NA natively. Each z is NA if current x is missing, fewer than 2 prior same-month observations, or historical sample SD is zero. Rolling result is NA below 2 valid monthly z values in the fixed 3-month window.","Source-native NA; no carrier-row or saved-extra-NA mask; no interpolation or extra forward fill. XGBoost handles NA natively. Each z is NA if current x is missing, fewer than 2 prior same-month observations, or historical sample SD is zero. Rolling result is NA below 2 valid monthly z values in the fixed 3-month window.",Inherited source/recipe definition; see base_source_definition,Inherited source/recipe definition; see base_source_definition,Inherited compact source; upstream aggregation not independently certified,Same retained compact source/recipe; upstream aggregation not independently certified
164,food_price_index_WB__hist_same_month_z_ma6_at_origin,Food prices,Same-calendar-month historical z of food_price_index_WB; MA6 of monthly z ending at origin.,dimensionless,Training: Analysis/1.Source Data/assembled_IPCCH/interim/IPCCH_2026_target_corrected_nino34_wbfood.csv; Inference: Analysis/1.Source Data/assembled_IPCCH/interim/IPCCH_2026_target_corrected_nino34_wbfood.csv,O=T-H; strictly earlier-year history for each standardized month,"For each area/month u, P[u] is all nonmissing observations in strictly earlier years of the same calendar month; z[u]=(x[u]-mean(P[u]))/sample_sd(P[u],ddof=1). Output mean_nonmissing(z[O-5:O]), at least 3 valid z values; compute monthly z before averaging.","Source-native NA; no carrier-row or saved-extra-NA mask; no interpolation or extra forward fill. XGBoost handles NA natively. Each z is NA if current x is missing, fewer than 2 prior same-month observations, or historical sample SD is zero. Rolling result is NA below 3 valid monthly z values in the fixed 6-month window.",numeric,true,1,true,1,true,1,true,1,true,1,"[""food_price_index_WB__hist_same_month_z_ma6_at_origin""]","{""compact_baseline/0m"":164,""compact_baseline/6m"":164,""compact_baseline/12m"":164,""compact_cds_weather/6m"":164,""compact_cds_weather/12m"":164}","[0, 6, 12]",same_month_z,food_price_index_WB,Inherited food_price_index_WB column in the pinned interim source; numeric values as supplied.,".trellis/tasks/archive/2026-10/10-08-compact-climate-weather-oracle/design.md: Monthly recipes, names and time; src/ipcch/climate2015_features.py:125-128,160-188; .trellis/tasks/10-08-compact-cds-launch/design.md","Source observation month is an availability proxy; historical release vintage is not certified. This is an expected input, not a fitted result.",expected_not_fitted,Analysis/1.Source Data/assembled_IPCCH/interim/IPCCH_2026_target_corrected_nino34_wbfood.csv,Analysis/1.Source Data/assembled_IPCCH/interim/IPCCH_2026_target_corrected_nino34_wbfood.csv,"For each area/month u, P[u] is all nonmissing observations in strictly earlier years of the same calendar month; z[u]=(x[u]-mean(P[u]))/sample_sd(P[u],ddof=1). Output mean_nonmissing(z[O-5:O]), at least 3 valid z values; compute monthly z before averaging.","For each area/month u, P[u] is all nonmissing observations in strictly earlier years of the same calendar month; z[u]=(x[u]-mean(P[u]))/sample_sd(P[u],ddof=1). Output mean_nonmissing(z[O-5:O]), at least 3 valid z values; compute monthly z before averaging. Use O=2026-04 and target T from the run index.","Source-native NA; no carrier-row or saved-extra-NA mask; no interpolation or extra forward fill. XGBoost handles NA natively. Each z is NA if current x is missing, fewer than 2 prior same-month observations, or historical sample SD is zero. Rolling result is NA below 3 valid monthly z values in the fixed 6-month window.","Source-native NA; no carrier-row or saved-extra-NA mask; no interpolation or extra forward fill. XGBoost handles NA natively. Each z is NA if current x is missing, fewer than 2 prior same-month observations, or historical sample SD is zero. Rolling result is NA below 3 valid monthly z values in the fixed 6-month window.",Inherited source/recipe definition; see base_source_definition,Inherited source/recipe definition; see base_source_definition,Inherited compact source; upstream aggregation not independently certified,Same retained compact source/recipe; upstream aggregation not independently certified
165,food_price_index_WB__hist_same_month_z_ma12_at_origin,Food prices,Same-calendar-month historical z of food_price_index_WB; MA12 of monthly z ending at origin.,dimensionless,Training: Analysis/1.Source Data/assembled_IPCCH/interim/IPCCH_2026_target_corrected_nino34_wbfood.csv; Inference: Analysis/1.Source Data/assembled_IPCCH/interim/IPCCH_2026_target_corrected_nino34_wbfood.csv,O=T-H; strictly earlier-year history for each standardized month,"For each area/month u, P[u] is all nonmissing observations in strictly earlier years of the same calendar month; z[u]=(x[u]-mean(P[u]))/sample_sd(P[u],ddof=1). Output mean_nonmissing(z[O-11:O]), at least 6 valid z values; compute monthly z before averaging.","Source-native NA; no carrier-row or saved-extra-NA mask; no interpolation or extra forward fill. XGBoost handles NA natively. Each z is NA if current x is missing, fewer than 2 prior same-month observations, or historical sample SD is zero. Rolling result is NA below 6 valid monthly z values in the fixed 12-month window.",numeric,true,1,true,1,true,1,true,1,true,1,"[""food_price_index_WB__hist_same_month_z_ma12_at_origin""]","{""compact_baseline/0m"":165,""compact_baseline/6m"":165,""compact_baseline/12m"":165,""compact_cds_weather/6m"":165,""compact_cds_weather/12m"":165}","[0, 6, 12]",same_month_z,food_price_index_WB,Inherited food_price_index_WB column in the pinned interim source; numeric values as supplied.,".trellis/tasks/archive/2026-10/10-08-compact-climate-weather-oracle/design.md: Monthly recipes, names and time; src/ipcch/climate2015_features.py:125-128,160-188; .trellis/tasks/10-08-compact-cds-launch/design.md","Source observation month is an availability proxy; historical release vintage is not certified. This is an expected input, not a fitted result.",expected_not_fitted,Analysis/1.Source Data/assembled_IPCCH/interim/IPCCH_2026_target_corrected_nino34_wbfood.csv,Analysis/1.Source Data/assembled_IPCCH/interim/IPCCH_2026_target_corrected_nino34_wbfood.csv,"For each area/month u, P[u] is all nonmissing observations in strictly earlier years of the same calendar month; z[u]=(x[u]-mean(P[u]))/sample_sd(P[u],ddof=1). Output mean_nonmissing(z[O-11:O]), at least 6 valid z values; compute monthly z before averaging.","For each area/month u, P[u] is all nonmissing observations in strictly earlier years of the same calendar month; z[u]=(x[u]-mean(P[u]))/sample_sd(P[u],ddof=1). Output mean_nonmissing(z[O-11:O]), at least 6 valid z values; compute monthly z before averaging. Use O=2026-04 and target T from the run index.","Source-native NA; no carrier-row or saved-extra-NA mask; no interpolation or extra forward fill. XGBoost handles NA natively. Each z is NA if current x is missing, fewer than 2 prior same-month observations, or historical sample SD is zero. Rolling result is NA below 6 valid monthly z values in the fixed 12-month window.","Source-native NA; no carrier-row or saved-extra-NA mask; no interpolation or extra forward fill. XGBoost handles NA natively. Each z is NA if current x is missing, fewer than 2 prior same-month observations, or historical sample SD is zero. Rolling result is NA below 6 valid monthly z values in the fixed 12-month window.",Inherited source/recipe definition; see base_source_definition,Inherited source/recipe definition; see base_source_definition,Inherited compact source; upstream aggregation not independently certified,Same retained compact source/recipe; upstream aggregation not independently certified
166,nino34_anom__hist_same_month_z_at_origin,ENSO,Same-calendar-month historical z of nino34_anom at origin.,dimensionless,Training: Analysis/1.Source Data/assembled_IPCCH/interim/IPCCH_2026_target_corrected_nino34_wbfood.csv; Inference: Analysis/1.Source Data/assembled_IPCCH/interim/IPCCH_2026_target_corrected_nino34_wbfood.csv,O=T-H; strictly earlier-year history for each standardized month,"For each area/month u, P[u] is all nonmissing observations in strictly earlier years of the same calendar month; z[u]=(x[u]-mean(P[u]))/sample_sd(P[u],ddof=1). Output z[O].","Source-native NA; no carrier-row or saved-extra-NA mask; no interpolation or extra forward fill. XGBoost handles NA natively. Each z is NA if current x is missing, fewer than 2 prior same-month observations, or historical sample SD is zero.",numeric,true,1,true,1,true,1,true,1,true,1,"[""nino34_anom__hist_same_month_z_at_origin""]","{""compact_baseline/0m"":166,""compact_baseline/6m"":166,""compact_baseline/12m"":166,""compact_cds_weather/6m"":166,""compact_cds_weather/12m"":166}","[0, 6, 12]",same_month_z,nino34_anom,Inherited nino34_anom column in the pinned interim source; numeric values as supplied.,".trellis/tasks/archive/2026-10/10-08-compact-climate-weather-oracle/design.md: Monthly recipes, names and time; src/ipcch/climate2015_features.py:125-128,160-188; .trellis/tasks/10-08-compact-cds-launch/design.md","Source observation month is an availability proxy; historical release vintage is not certified. This is an expected input, not a fitted result.",expected_not_fitted,Analysis/1.Source Data/assembled_IPCCH/interim/IPCCH_2026_target_corrected_nino34_wbfood.csv,Analysis/1.Source Data/assembled_IPCCH/interim/IPCCH_2026_target_corrected_nino34_wbfood.csv,"For each area/month u, P[u] is all nonmissing observations in strictly earlier years of the same calendar month; z[u]=(x[u]-mean(P[u]))/sample_sd(P[u],ddof=1). Output z[O].","For each area/month u, P[u] is all nonmissing observations in strictly earlier years of the same calendar month; z[u]=(x[u]-mean(P[u]))/sample_sd(P[u],ddof=1). Output z[O]. Use O=2026-04 and target T from the run index.","Source-native NA; no carrier-row or saved-extra-NA mask; no interpolation or extra forward fill. XGBoost handles NA natively. Each z is NA if current x is missing, fewer than 2 prior same-month observations, or historical sample SD is zero.","Source-native NA; no carrier-row or saved-extra-NA mask; no interpolation or extra forward fill. XGBoost handles NA natively. Each z is NA if current x is missing, fewer than 2 prior same-month observations, or historical sample SD is zero.",Inherited source/recipe definition; see base_source_definition,Inherited source/recipe definition; see base_source_definition,Inherited compact source; upstream aggregation not independently certified,Same retained compact source/recipe; upstream aggregation not independently certified
167,nino34_anom__hist_same_month_z_ma3_at_origin,ENSO,Same-calendar-month historical z of nino34_anom; MA3 of monthly z ending at origin.,dimensionless,Training: Analysis/1.Source Data/assembled_IPCCH/interim/IPCCH_2026_target_corrected_nino34_wbfood.csv; Inference: Analysis/1.Source Data/assembled_IPCCH/interim/IPCCH_2026_target_corrected_nino34_wbfood.csv,O=T-H; strictly earlier-year history for each standardized month,"For each area/month u, P[u] is all nonmissing observations in strictly earlier years of the same calendar month; z[u]=(x[u]-mean(P[u]))/sample_sd(P[u],ddof=1). Output mean_nonmissing(z[O-2:O]), at least 2 valid z values; compute monthly z before averaging.","Source-native NA; no carrier-row or saved-extra-NA mask; no interpolation or extra forward fill. XGBoost handles NA natively. Each z is NA if current x is missing, fewer than 2 prior same-month observations, or historical sample SD is zero. Rolling result is NA below 2 valid monthly z values in the fixed 3-month window.",numeric,true,1,true,1,true,1,true,1,true,1,"[""nino34_anom__hist_same_month_z_ma3_at_origin""]","{""compact_baseline/0m"":167,""compact_baseline/6m"":167,""compact_baseline/12m"":167,""compact_cds_weather/6m"":167,""compact_cds_weather/12m"":167}","[0, 6, 12]",same_month_z,nino34_anom,Inherited nino34_anom column in the pinned interim source; numeric values as supplied.,".trellis/tasks/archive/2026-10/10-08-compact-climate-weather-oracle/design.md: Monthly recipes, names and time; src/ipcch/climate2015_features.py:125-128,160-188; .trellis/tasks/10-08-compact-cds-launch/design.md","Source observation month is an availability proxy; historical release vintage is not certified. This is an expected input, not a fitted result.",expected_not_fitted,Analysis/1.Source Data/assembled_IPCCH/interim/IPCCH_2026_target_corrected_nino34_wbfood.csv,Analysis/1.Source Data/assembled_IPCCH/interim/IPCCH_2026_target_corrected_nino34_wbfood.csv,"For each area/month u, P[u] is all nonmissing observations in strictly earlier years of the same calendar month; z[u]=(x[u]-mean(P[u]))/sample_sd(P[u],ddof=1). Output mean_nonmissing(z[O-2:O]), at least 2 valid z values; compute monthly z before averaging.","For each area/month u, P[u] is all nonmissing observations in strictly earlier years of the same calendar month; z[u]=(x[u]-mean(P[u]))/sample_sd(P[u],ddof=1). Output mean_nonmissing(z[O-2:O]), at least 2 valid z values; compute monthly z before averaging. Use O=2026-04 and target T from the run index.","Source-native NA; no carrier-row or saved-extra-NA mask; no interpolation or extra forward fill. XGBoost handles NA natively. Each z is NA if current x is missing, fewer than 2 prior same-month observations, or historical sample SD is zero. Rolling result is NA below 2 valid monthly z values in the fixed 3-month window.","Source-native NA; no carrier-row or saved-extra-NA mask; no interpolation or extra forward fill. XGBoost handles NA natively. Each z is NA if current x is missing, fewer than 2 prior same-month observations, or historical sample SD is zero. Rolling result is NA below 2 valid monthly z values in the fixed 3-month window.",Inherited source/recipe definition; see base_source_definition,Inherited source/recipe definition; see base_source_definition,Inherited compact source; upstream aggregation not independently certified,Same retained compact source/recipe; upstream aggregation not independently certified
168,nino34_anom__hist_same_month_z_ma6_at_origin,ENSO,Same-calendar-month historical z of nino34_anom; MA6 of monthly z ending at origin.,dimensionless,Training: Analysis/1.Source Data/assembled_IPCCH/interim/IPCCH_2026_target_corrected_nino34_wbfood.csv; Inference: Analysis/1.Source Data/assembled_IPCCH/interim/IPCCH_2026_target_corrected_nino34_wbfood.csv,O=T-H; strictly earlier-year history for each standardized month,"For each area/month u, P[u] is all nonmissing observations in strictly earlier years of the same calendar month; z[u]=(x[u]-mean(P[u]))/sample_sd(P[u],ddof=1). Output mean_nonmissing(z[O-5:O]), at least 3 valid z values; compute monthly z before averaging.","Source-native NA; no carrier-row or saved-extra-NA mask; no interpolation or extra forward fill. XGBoost handles NA natively. Each z is NA if current x is missing, fewer than 2 prior same-month observations, or historical sample SD is zero. Rolling result is NA below 3 valid monthly z values in the fixed 6-month window.",numeric,true,1,true,1,true,1,true,1,true,1,"[""nino34_anom__hist_same_month_z_ma6_at_origin""]","{""compact_baseline/0m"":168,""compact_baseline/6m"":168,""compact_baseline/12m"":168,""compact_cds_weather/6m"":168,""compact_cds_weather/12m"":168}","[0, 6, 12]",same_month_z,nino34_anom,Inherited nino34_anom column in the pinned interim source; numeric values as supplied.,".trellis/tasks/archive/2026-10/10-08-compact-climate-weather-oracle/design.md: Monthly recipes, names and time; src/ipcch/climate2015_features.py:125-128,160-188; .trellis/tasks/10-08-compact-cds-launch/design.md","Source observation month is an availability proxy; historical release vintage is not certified. This is an expected input, not a fitted result.",expected_not_fitted,Analysis/1.Source Data/assembled_IPCCH/interim/IPCCH_2026_target_corrected_nino34_wbfood.csv,Analysis/1.Source Data/assembled_IPCCH/interim/IPCCH_2026_target_corrected_nino34_wbfood.csv,"For each area/month u, P[u] is all nonmissing observations in strictly earlier years of the same calendar month; z[u]=(x[u]-mean(P[u]))/sample_sd(P[u],ddof=1). Output mean_nonmissing(z[O-5:O]), at least 3 valid z values; compute monthly z before averaging.","For each area/month u, P[u] is all nonmissing observations in strictly earlier years of the same calendar month; z[u]=(x[u]-mean(P[u]))/sample_sd(P[u],ddof=1). Output mean_nonmissing(z[O-5:O]), at least 3 valid z values; compute monthly z before averaging. Use O=2026-04 and target T from the run index.","Source-native NA; no carrier-row or saved-extra-NA mask; no interpolation or extra forward fill. XGBoost handles NA natively. Each z is NA if current x is missing, fewer than 2 prior same-month observations, or historical sample SD is zero. Rolling result is NA below 3 valid monthly z values in the fixed 6-month window.","Source-native NA; no carrier-row or saved-extra-NA mask; no interpolation or extra forward fill. XGBoost handles NA natively. Each z is NA if current x is missing, fewer than 2 prior same-month observations, or historical sample SD is zero. Rolling result is NA below 3 valid monthly z values in the fixed 6-month window.",Inherited source/recipe definition; see base_source_definition,Inherited source/recipe definition; see base_source_definition,Inherited compact source; upstream aggregation not independently certified,Same retained compact source/recipe; upstream aggregation not independently certified
169,nino34_anom__hist_same_month_z_ma12_at_origin,ENSO,Same-calendar-month historical z of nino34_anom; MA12 of monthly z ending at origin.,dimensionless,Training: Analysis/1.Source Data/assembled_IPCCH/interim/IPCCH_2026_target_corrected_nino34_wbfood.csv; Inference: Analysis/1.Source Data/assembled_IPCCH/interim/IPCCH_2026_target_corrected_nino34_wbfood.csv,O=T-H; strictly earlier-year history for each standardized month,"For each area/month u, P[u] is all nonmissing observations in strictly earlier years of the same calendar month; z[u]=(x[u]-mean(P[u]))/sample_sd(P[u],ddof=1). Output mean_nonmissing(z[O-11:O]), at least 6 valid z values; compute monthly z before averaging.","Source-native NA; no carrier-row or saved-extra-NA mask; no interpolation or extra forward fill. XGBoost handles NA natively. Each z is NA if current x is missing, fewer than 2 prior same-month observations, or historical sample SD is zero. Rolling result is NA below 6 valid monthly z values in the fixed 12-month window.",numeric,true,1,true,1,true,1,true,1,true,1,"[""nino34_anom__hist_same_month_z_ma12_at_origin""]","{""compact_baseline/0m"":169,""compact_baseline/6m"":169,""compact_baseline/12m"":169,""compact_cds_weather/6m"":169,""compact_cds_weather/12m"":169}","[0, 6, 12]",same_month_z,nino34_anom,Inherited nino34_anom column in the pinned interim source; numeric values as supplied.,".trellis/tasks/archive/2026-10/10-08-compact-climate-weather-oracle/design.md: Monthly recipes, names and time; src/ipcch/climate2015_features.py:125-128,160-188; .trellis/tasks/10-08-compact-cds-launch/design.md","Source observation month is an availability proxy; historical release vintage is not certified. This is an expected input, not a fitted result.",expected_not_fitted,Analysis/1.Source Data/assembled_IPCCH/interim/IPCCH_2026_target_corrected_nino34_wbfood.csv,Analysis/1.Source Data/assembled_IPCCH/interim/IPCCH_2026_target_corrected_nino34_wbfood.csv,"For each area/month u, P[u] is all nonmissing observations in strictly earlier years of the same calendar month; z[u]=(x[u]-mean(P[u]))/sample_sd(P[u],ddof=1). Output mean_nonmissing(z[O-11:O]), at least 6 valid z values; compute monthly z before averaging.","For each area/month u, P[u] is all nonmissing observations in strictly earlier years of the same calendar month; z[u]=(x[u]-mean(P[u]))/sample_sd(P[u],ddof=1). Output mean_nonmissing(z[O-11:O]), at least 6 valid z values; compute monthly z before averaging. Use O=2026-04 and target T from the run index.","Source-native NA; no carrier-row or saved-extra-NA mask; no interpolation or extra forward fill. XGBoost handles NA natively. Each z is NA if current x is missing, fewer than 2 prior same-month observations, or historical sample SD is zero. Rolling result is NA below 6 valid monthly z values in the fixed 12-month window.","Source-native NA; no carrier-row or saved-extra-NA mask; no interpolation or extra forward fill. XGBoost handles NA natively. Each z is NA if current x is missing, fewer than 2 prior same-month observations, or historical sample SD is zero. Rolling result is NA below 6 valid monthly z values in the fixed 12-month window.",Inherited source/recipe definition; see base_source_definition,Inherited source/recipe definition; see base_source_definition,Inherited compact source; upstream aggregation not independently certified,Same retained compact source/recipe; upstream aggregation not independently certified
170,prcp_anom_month_ensmean__hist_same_month_z_at_origin,Monthly climate,Same-calendar-month historical z of prcp_anom_month_ensmean at origin.,dimensionless,Training: IPCCH_shared_folder/climate_monthly_2015_2026_MODELING_READY.csv; Inference: IPCCH_shared_folder/climate_monthly_2015_2026_MODELING_READY.csv,O=T-H; strictly earlier-year history for each standardized month,"For each area/month u, P[u] is all nonmissing observations in strictly earlier years of the same calendar month; z[u]=(x[u]-mean(P[u]))/sample_sd(P[u],ddof=1). Output z[O].","Source-native NA; no carrier-row or saved-extra-NA mask; no interpolation or extra forward fill. XGBoost handles NA natively. Each z is NA if current x is missing, fewer than 2 prior same-month observations, or historical sample SD is zero.",numeric,true,1,true,1,true,1,true,1,true,1,"[""prcp_anom_month_ensmean__hist_same_month_z_at_origin""]","{""compact_baseline/0m"":170,""compact_baseline/6m"":170,""compact_baseline/12m"":170,""compact_cds_weather/6m"":170,""compact_cds_weather/12m"":170}","[0, 6, 12]",same_month_z,prcp_anom_month_ensmean,"For each source: monthly precipitation total minus its 1991–2020 calendar-month climatology; crop-area-weight to polygon; equal-weight mean across available sources. Parameters/caveats: Use CHIRPS pentad/monthly totals, not daily disaggregation, when only totals are required. Store n_sources and ens_sd.",".trellis/tasks/archive/2026-10/10-08-compact-climate-weather-oracle/design.md: Monthly recipes, names and time; src/ipcch/climate2015_features.py:125-128,160-188; .trellis/tasks/10-08-compact-cds-launch/design.md","Source observation month is an availability proxy; historical release vintage is not certified. This is an expected input, not a fitted result.",expected_not_fitted,IPCCH_shared_folder/climate_monthly_2015_2026_MODELING_READY.csv,IPCCH_shared_folder/climate_monthly_2015_2026_MODELING_READY.csv,"For each area/month u, P[u] is all nonmissing observations in strictly earlier years of the same calendar month; z[u]=(x[u]-mean(P[u]))/sample_sd(P[u],ddof=1). Output z[O].","For each area/month u, P[u] is all nonmissing observations in strictly earlier years of the same calendar month; z[u]=(x[u]-mean(P[u]))/sample_sd(P[u],ddof=1). Output z[O]. Use O=2026-04 and target T from the run index.","Source-native NA; no carrier-row or saved-extra-NA mask; no interpolation or extra forward fill. XGBoost handles NA natively. Each z is NA if current x is missing, fewer than 2 prior same-month observations, or historical sample SD is zero.","Source-native NA; no carrier-row or saved-extra-NA mask; no interpolation or extra forward fill. XGBoost handles NA natively. Each z is NA if current x is missing, fewer than 2 prior same-month observations, or historical sample SD is zero.",Inherited source/recipe definition; see base_source_definition,Inherited source/recipe definition; see base_source_definition,Inherited compact source; upstream aggregation not independently certified,Same retained compact source/recipe; upstream aggregation not independently certified
171,prcp_anom_month_ensmean__hist_same_month_z_ma3_at_origin,Monthly climate,Same-calendar-month historical z of prcp_anom_month_ensmean; MA3 of monthly z ending at origin.,dimensionless,Training: IPCCH_shared_folder/climate_monthly_2015_2026_MODELING_READY.csv; Inference: IPCCH_shared_folder/climate_monthly_2015_2026_MODELING_READY.csv,O=T-H; strictly earlier-year history for each standardized month,"For each area/month u, P[u] is all nonmissing observations in strictly earlier years of the same calendar month; z[u]=(x[u]-mean(P[u]))/sample_sd(P[u],ddof=1). Output mean_nonmissing(z[O-2:O]), at least 2 valid z values; compute monthly z before averaging.","Source-native NA; no carrier-row or saved-extra-NA mask; no interpolation or extra forward fill. XGBoost handles NA natively. Each z is NA if current x is missing, fewer than 2 prior same-month observations, or historical sample SD is zero. Rolling result is NA below 2 valid monthly z values in the fixed 3-month window.",numeric,true,1,true,1,true,1,true,1,true,1,"[""prcp_anom_month_ensmean__hist_same_month_z_ma3_at_origin""]","{""compact_baseline/0m"":171,""compact_baseline/6m"":171,""compact_baseline/12m"":171,""compact_cds_weather/6m"":171,""compact_cds_weather/12m"":171}","[0, 6, 12]",same_month_z,prcp_anom_month_ensmean,"For each source: monthly precipitation total minus its 1991–2020 calendar-month climatology; crop-area-weight to polygon; equal-weight mean across available sources. Parameters/caveats: Use CHIRPS pentad/monthly totals, not daily disaggregation, when only totals are required. Store n_sources and ens_sd.",".trellis/tasks/archive/2026-10/10-08-compact-climate-weather-oracle/design.md: Monthly recipes, names and time; src/ipcch/climate2015_features.py:125-128,160-188; .trellis/tasks/10-08-compact-cds-launch/design.md","Source observation month is an availability proxy; historical release vintage is not certified. This is an expected input, not a fitted result.",expected_not_fitted,IPCCH_shared_folder/climate_monthly_2015_2026_MODELING_READY.csv,IPCCH_shared_folder/climate_monthly_2015_2026_MODELING_READY.csv,"For each area/month u, P[u] is all nonmissing observations in strictly earlier years of the same calendar month; z[u]=(x[u]-mean(P[u]))/sample_sd(P[u],ddof=1). Output mean_nonmissing(z[O-2:O]), at least 2 valid z values; compute monthly z before averaging.","For each area/month u, P[u] is all nonmissing observations in strictly earlier years of the same calendar month; z[u]=(x[u]-mean(P[u]))/sample_sd(P[u],ddof=1). Output mean_nonmissing(z[O-2:O]), at least 2 valid z values; compute monthly z before averaging. Use O=2026-04 and target T from the run index.","Source-native NA; no carrier-row or saved-extra-NA mask; no interpolation or extra forward fill. XGBoost handles NA natively. Each z is NA if current x is missing, fewer than 2 prior same-month observations, or historical sample SD is zero. Rolling result is NA below 2 valid monthly z values in the fixed 3-month window.","Source-native NA; no carrier-row or saved-extra-NA mask; no interpolation or extra forward fill. XGBoost handles NA natively. Each z is NA if current x is missing, fewer than 2 prior same-month observations, or historical sample SD is zero. Rolling result is NA below 2 valid monthly z values in the fixed 3-month window.",Inherited source/recipe definition; see base_source_definition,Inherited source/recipe definition; see base_source_definition,Inherited compact source; upstream aggregation not independently certified,Same retained compact source/recipe; upstream aggregation not independently certified
172,prcp_anom_month_ensmean__hist_same_month_z_ma6_at_origin,Monthly climate,Same-calendar-month historical z of prcp_anom_month_ensmean; MA6 of monthly z ending at origin.,dimensionless,Training: IPCCH_shared_folder/climate_monthly_2015_2026_MODELING_READY.csv; Inference: IPCCH_shared_folder/climate_monthly_2015_2026_MODELING_READY.csv,O=T-H; strictly earlier-year history for each standardized month,"For each area/month u, P[u] is all nonmissing observations in strictly earlier years of the same calendar month; z[u]=(x[u]-mean(P[u]))/sample_sd(P[u],ddof=1). Output mean_nonmissing(z[O-5:O]), at least 3 valid z values; compute monthly z before averaging.","Source-native NA; no carrier-row or saved-extra-NA mask; no interpolation or extra forward fill. XGBoost handles NA natively. Each z is NA if current x is missing, fewer than 2 prior same-month observations, or historical sample SD is zero. Rolling result is NA below 3 valid monthly z values in the fixed 6-month window.",numeric,true,1,true,1,true,1,true,1,true,1,"[""prcp_anom_month_ensmean__hist_same_month_z_ma6_at_origin""]","{""compact_baseline/0m"":172,""compact_baseline/6m"":172,""compact_baseline/12m"":172,""compact_cds_weather/6m"":172,""compact_cds_weather/12m"":172}","[0, 6, 12]",same_month_z,prcp_anom_month_ensmean,"For each source: monthly precipitation total minus its 1991–2020 calendar-month climatology; crop-area-weight to polygon; equal-weight mean across available sources. Parameters/caveats: Use CHIRPS pentad/monthly totals, not daily disaggregation, when only totals are required. Store n_sources and ens_sd.",".trellis/tasks/archive/2026-10/10-08-compact-climate-weather-oracle/design.md: Monthly recipes, names and time; src/ipcch/climate2015_features.py:125-128,160-188; .trellis/tasks/10-08-compact-cds-launch/design.md","Source observation month is an availability proxy; historical release vintage is not certified. This is an expected input, not a fitted result.",expected_not_fitted,IPCCH_shared_folder/climate_monthly_2015_2026_MODELING_READY.csv,IPCCH_shared_folder/climate_monthly_2015_2026_MODELING_READY.csv,"For each area/month u, P[u] is all nonmissing observations in strictly earlier years of the same calendar month; z[u]=(x[u]-mean(P[u]))/sample_sd(P[u],ddof=1). Output mean_nonmissing(z[O-5:O]), at least 3 valid z values; compute monthly z before averaging.","For each area/month u, P[u] is all nonmissing observations in strictly earlier years of the same calendar month; z[u]=(x[u]-mean(P[u]))/sample_sd(P[u],ddof=1). Output mean_nonmissing(z[O-5:O]), at least 3 valid z values; compute monthly z before averaging. Use O=2026-04 and target T from the run index.","Source-native NA; no carrier-row or saved-extra-NA mask; no interpolation or extra forward fill. XGBoost handles NA natively. Each z is NA if current x is missing, fewer than 2 prior same-month observations, or historical sample SD is zero. Rolling result is NA below 3 valid monthly z values in the fixed 6-month window.","Source-native NA; no carrier-row or saved-extra-NA mask; no interpolation or extra forward fill. XGBoost handles NA natively. Each z is NA if current x is missing, fewer than 2 prior same-month observations, or historical sample SD is zero. Rolling result is NA below 3 valid monthly z values in the fixed 6-month window.",Inherited source/recipe definition; see base_source_definition,Inherited source/recipe definition; see base_source_definition,Inherited compact source; upstream aggregation not independently certified,Same retained compact source/recipe; upstream aggregation not independently certified
173,prcp_anom_month_ensmean__hist_same_month_z_ma12_at_origin,Monthly climate,Same-calendar-month historical z of prcp_anom_month_ensmean; MA12 of monthly z ending at origin.,dimensionless,Training: IPCCH_shared_folder/climate_monthly_2015_2026_MODELING_READY.csv; Inference: IPCCH_shared_folder/climate_monthly_2015_2026_MODELING_READY.csv,O=T-H; strictly earlier-year history for each standardized month,"For each area/month u, P[u] is all nonmissing observations in strictly earlier years of the same calendar month; z[u]=(x[u]-mean(P[u]))/sample_sd(P[u],ddof=1). Output mean_nonmissing(z[O-11:O]), at least 6 valid z values; compute monthly z before averaging.","Source-native NA; no carrier-row or saved-extra-NA mask; no interpolation or extra forward fill. XGBoost handles NA natively. Each z is NA if current x is missing, fewer than 2 prior same-month observations, or historical sample SD is zero. Rolling result is NA below 6 valid monthly z values in the fixed 12-month window.",numeric,true,1,true,1,true,1,true,1,true,1,"[""prcp_anom_month_ensmean__hist_same_month_z_ma12_at_origin""]","{""compact_baseline/0m"":173,""compact_baseline/6m"":173,""compact_baseline/12m"":173,""compact_cds_weather/6m"":173,""compact_cds_weather/12m"":173}","[0, 6, 12]",same_month_z,prcp_anom_month_ensmean,"For each source: monthly precipitation total minus its 1991–2020 calendar-month climatology; crop-area-weight to polygon; equal-weight mean across available sources. Parameters/caveats: Use CHIRPS pentad/monthly totals, not daily disaggregation, when only totals are required. Store n_sources and ens_sd.",".trellis/tasks/archive/2026-10/10-08-compact-climate-weather-oracle/design.md: Monthly recipes, names and time; src/ipcch/climate2015_features.py:125-128,160-188; .trellis/tasks/10-08-compact-cds-launch/design.md","Source observation month is an availability proxy; historical release vintage is not certified. This is an expected input, not a fitted result.",expected_not_fitted,IPCCH_shared_folder/climate_monthly_2015_2026_MODELING_READY.csv,IPCCH_shared_folder/climate_monthly_2015_2026_MODELING_READY.csv,"For each area/month u, P[u] is all nonmissing observations in strictly earlier years of the same calendar month; z[u]=(x[u]-mean(P[u]))/sample_sd(P[u],ddof=1). Output mean_nonmissing(z[O-11:O]), at least 6 valid z values; compute monthly z before averaging.","For each area/month u, P[u] is all nonmissing observations in strictly earlier years of the same calendar month; z[u]=(x[u]-mean(P[u]))/sample_sd(P[u],ddof=1). Output mean_nonmissing(z[O-11:O]), at least 6 valid z values; compute monthly z before averaging. Use O=2026-04 and target T from the run index.","Source-native NA; no carrier-row or saved-extra-NA mask; no interpolation or extra forward fill. XGBoost handles NA natively. Each z is NA if current x is missing, fewer than 2 prior same-month observations, or historical sample SD is zero. Rolling result is NA below 6 valid monthly z values in the fixed 12-month window.","Source-native NA; no carrier-row or saved-extra-NA mask; no interpolation or extra forward fill. XGBoost handles NA natively. Each z is NA if current x is missing, fewer than 2 prior same-month observations, or historical sample SD is zero. Rolling result is NA below 6 valid monthly z values in the fixed 12-month window.",Inherited source/recipe definition; see base_source_definition,Inherited source/recipe definition; see base_source_definition,Inherited compact source; upstream aggregation not independently certified,Same retained compact source/recipe; upstream aggregation not independently certified
174,rainy_days_month_ensmean__hist_same_month_z_at_origin,Monthly climate,Same-calendar-month historical z of rainy_days_month_ensmean at origin.,dimensionless,Training: IPCCH_shared_folder/climate_monthly_2015_2026_MODELING_READY.csv; Inference: IPCCH_shared_folder/climate_monthly_2015_2026_MODELING_READY.csv,O=T-H; strictly earlier-year history for each standardized month,"For each area/month u, P[u] is all nonmissing observations in strictly earlier years of the same calendar month; z[u]=(x[u]-mean(P[u]))/sample_sd(P[u],ddof=1). Output z[O].","Source-native NA; no carrier-row or saved-extra-NA mask; no interpolation or extra forward fill. XGBoost handles NA natively. Each z is NA if current x is missing, fewer than 2 prior same-month observations, or historical sample SD is zero.",numeric,true,1,true,1,true,1,true,1,true,1,"[""rainy_days_month_ensmean__hist_same_month_z_at_origin""]","{""compact_baseline/0m"":174,""compact_baseline/6m"":174,""compact_baseline/12m"":174,""compact_cds_weather/6m"":174,""compact_cds_weather/12m"":174}","[0, 6, 12]",same_month_z,rainy_days_month_ensmean,Per source and pixel: count days with P ≥ 1 mm/day in month; crop-area-weight to polygon; equal-weight source counts. Parameters/caveats: Default rainy-day threshold = 1 mm/day. Fractional polygon/ensemble values are expected. CHIRPS DAILY_RNL inherits ERA5 daily sequencing.,".trellis/tasks/archive/2026-10/10-08-compact-climate-weather-oracle/design.md: Monthly recipes, names and time; src/ipcch/climate2015_features.py:125-128,160-188; .trellis/tasks/10-08-compact-cds-launch/design.md","Source observation month is an availability proxy; historical release vintage is not certified. This is an expected input, not a fitted result.",expected_not_fitted,IPCCH_shared_folder/climate_monthly_2015_2026_MODELING_READY.csv,IPCCH_shared_folder/climate_monthly_2015_2026_MODELING_READY.csv,"For each area/month u, P[u] is all nonmissing observations in strictly earlier years of the same calendar month; z[u]=(x[u]-mean(P[u]))/sample_sd(P[u],ddof=1). Output z[O].","For each area/month u, P[u] is all nonmissing observations in strictly earlier years of the same calendar month; z[u]=(x[u]-mean(P[u]))/sample_sd(P[u],ddof=1). Output z[O]. Use O=2026-04 and target T from the run index.","Source-native NA; no carrier-row or saved-extra-NA mask; no interpolation or extra forward fill. XGBoost handles NA natively. Each z is NA if current x is missing, fewer than 2 prior same-month observations, or historical sample SD is zero.","Source-native NA; no carrier-row or saved-extra-NA mask; no interpolation or extra forward fill. XGBoost handles NA natively. Each z is NA if current x is missing, fewer than 2 prior same-month observations, or historical sample SD is zero.",Inherited source/recipe definition; see base_source_definition,Inherited source/recipe definition; see base_source_definition,Inherited compact source; upstream aggregation not independently certified,Same retained compact source/recipe; upstream aggregation not independently certified
175,rainy_days_month_ensmean__hist_same_month_z_ma3_at_origin,Monthly climate,Same-calendar-month historical z of rainy_days_month_ensmean; MA3 of monthly z ending at origin.,dimensionless,Training: IPCCH_shared_folder/climate_monthly_2015_2026_MODELING_READY.csv; Inference: IPCCH_shared_folder/climate_monthly_2015_2026_MODELING_READY.csv,O=T-H; strictly earlier-year history for each standardized month,"For each area/month u, P[u] is all nonmissing observations in strictly earlier years of the same calendar month; z[u]=(x[u]-mean(P[u]))/sample_sd(P[u],ddof=1). Output mean_nonmissing(z[O-2:O]), at least 2 valid z values; compute monthly z before averaging.","Source-native NA; no carrier-row or saved-extra-NA mask; no interpolation or extra forward fill. XGBoost handles NA natively. Each z is NA if current x is missing, fewer than 2 prior same-month observations, or historical sample SD is zero. Rolling result is NA below 2 valid monthly z values in the fixed 3-month window.",numeric,true,1,true,1,true,1,true,1,true,1,"[""rainy_days_month_ensmean__hist_same_month_z_ma3_at_origin""]","{""compact_baseline/0m"":175,""compact_baseline/6m"":175,""compact_baseline/12m"":175,""compact_cds_weather/6m"":175,""compact_cds_weather/12m"":175}","[0, 6, 12]",same_month_z,rainy_days_month_ensmean,Per source and pixel: count days with P ≥ 1 mm/day in month; crop-area-weight to polygon; equal-weight source counts. Parameters/caveats: Default rainy-day threshold = 1 mm/day. Fractional polygon/ensemble values are expected. CHIRPS DAILY_RNL inherits ERA5 daily sequencing.,".trellis/tasks/archive/2026-10/10-08-compact-climate-weather-oracle/design.md: Monthly recipes, names and time; src/ipcch/climate2015_features.py:125-128,160-188; .trellis/tasks/10-08-compact-cds-launch/design.md","Source observation month is an availability proxy; historical release vintage is not certified. This is an expected input, not a fitted result.",expected_not_fitted,IPCCH_shared_folder/climate_monthly_2015_2026_MODELING_READY.csv,IPCCH_shared_folder/climate_monthly_2015_2026_MODELING_READY.csv,"For each area/month u, P[u] is all nonmissing observations in strictly earlier years of the same calendar month; z[u]=(x[u]-mean(P[u]))/sample_sd(P[u],ddof=1). Output mean_nonmissing(z[O-2:O]), at least 2 valid z values; compute monthly z before averaging.","For each area/month u, P[u] is all nonmissing observations in strictly earlier years of the same calendar month; z[u]=(x[u]-mean(P[u]))/sample_sd(P[u],ddof=1). Output mean_nonmissing(z[O-2:O]), at least 2 valid z values; compute monthly z before averaging. Use O=2026-04 and target T from the run index.","Source-native NA; no carrier-row or saved-extra-NA mask; no interpolation or extra forward fill. XGBoost handles NA natively. Each z is NA if current x is missing, fewer than 2 prior same-month observations, or historical sample SD is zero. Rolling result is NA below 2 valid monthly z values in the fixed 3-month window.","Source-native NA; no carrier-row or saved-extra-NA mask; no interpolation or extra forward fill. XGBoost handles NA natively. Each z is NA if current x is missing, fewer than 2 prior same-month observations, or historical sample SD is zero. Rolling result is NA below 2 valid monthly z values in the fixed 3-month window.",Inherited source/recipe definition; see base_source_definition,Inherited source/recipe definition; see base_source_definition,Inherited compact source; upstream aggregation not independently certified,Same retained compact source/recipe; upstream aggregation not independently certified
176,rainy_days_month_ensmean__hist_same_month_z_ma6_at_origin,Monthly climate,Same-calendar-month historical z of rainy_days_month_ensmean; MA6 of monthly z ending at origin.,dimensionless,Training: IPCCH_shared_folder/climate_monthly_2015_2026_MODELING_READY.csv; Inference: IPCCH_shared_folder/climate_monthly_2015_2026_MODELING_READY.csv,O=T-H; strictly earlier-year history for each standardized month,"For each area/month u, P[u] is all nonmissing observations in strictly earlier years of the same calendar month; z[u]=(x[u]-mean(P[u]))/sample_sd(P[u],ddof=1). Output mean_nonmissing(z[O-5:O]), at least 3 valid z values; compute monthly z before averaging.","Source-native NA; no carrier-row or saved-extra-NA mask; no interpolation or extra forward fill. XGBoost handles NA natively. Each z is NA if current x is missing, fewer than 2 prior same-month observations, or historical sample SD is zero. Rolling result is NA below 3 valid monthly z values in the fixed 6-month window.",numeric,true,1,true,1,true,1,true,1,true,1,"[""rainy_days_month_ensmean__hist_same_month_z_ma6_at_origin""]","{""compact_baseline/0m"":176,""compact_baseline/6m"":176,""compact_baseline/12m"":176,""compact_cds_weather/6m"":176,""compact_cds_weather/12m"":176}","[0, 6, 12]",same_month_z,rainy_days_month_ensmean,Per source and pixel: count days with P ≥ 1 mm/day in month; crop-area-weight to polygon; equal-weight source counts. Parameters/caveats: Default rainy-day threshold = 1 mm/day. Fractional polygon/ensemble values are expected. CHIRPS DAILY_RNL inherits ERA5 daily sequencing.,".trellis/tasks/archive/2026-10/10-08-compact-climate-weather-oracle/design.md: Monthly recipes, names and time; src/ipcch/climate2015_features.py:125-128,160-188; .trellis/tasks/10-08-compact-cds-launch/design.md","Source observation month is an availability proxy; historical release vintage is not certified. This is an expected input, not a fitted result.",expected_not_fitted,IPCCH_shared_folder/climate_monthly_2015_2026_MODELING_READY.csv,IPCCH_shared_folder/climate_monthly_2015_2026_MODELING_READY.csv,"For each area/month u, P[u] is all nonmissing observations in strictly earlier years of the same calendar month; z[u]=(x[u]-mean(P[u]))/sample_sd(P[u],ddof=1). Output mean_nonmissing(z[O-5:O]), at least 3 valid z values; compute monthly z before averaging.","For each area/month u, P[u] is all nonmissing observations in strictly earlier years of the same calendar month; z[u]=(x[u]-mean(P[u]))/sample_sd(P[u],ddof=1). Output mean_nonmissing(z[O-5:O]), at least 3 valid z values; compute monthly z before averaging. Use O=2026-04 and target T from the run index.","Source-native NA; no carrier-row or saved-extra-NA mask; no interpolation or extra forward fill. XGBoost handles NA natively. Each z is NA if current x is missing, fewer than 2 prior same-month observations, or historical sample SD is zero. Rolling result is NA below 3 valid monthly z values in the fixed 6-month window.","Source-native NA; no carrier-row or saved-extra-NA mask; no interpolation or extra forward fill. XGBoost handles NA natively. Each z is NA if current x is missing, fewer than 2 prior same-month observations, or historical sample SD is zero. Rolling result is NA below 3 valid monthly z values in the fixed 6-month window.",Inherited source/recipe definition; see base_source_definition,Inherited source/recipe definition; see base_source_definition,Inherited compact source; upstream aggregation not independently certified,Same retained compact source/recipe; upstream aggregation not independently certified
177,rainy_days_month_ensmean__hist_same_month_z_ma12_at_origin,Monthly climate,Same-calendar-month historical z of rainy_days_month_ensmean; MA12 of monthly z ending at origin.,dimensionless,Training: IPCCH_shared_folder/climate_monthly_2015_2026_MODELING_READY.csv; Inference: IPCCH_shared_folder/climate_monthly_2015_2026_MODELING_READY.csv,O=T-H; strictly earlier-year history for each standardized month,"For each area/month u, P[u] is all nonmissing observations in strictly earlier years of the same calendar month; z[u]=(x[u]-mean(P[u]))/sample_sd(P[u],ddof=1). Output mean_nonmissing(z[O-11:O]), at least 6 valid z values; compute monthly z before averaging.","Source-native NA; no carrier-row or saved-extra-NA mask; no interpolation or extra forward fill. XGBoost handles NA natively. Each z is NA if current x is missing, fewer than 2 prior same-month observations, or historical sample SD is zero. Rolling result is NA below 6 valid monthly z values in the fixed 12-month window.",numeric,true,1,true,1,true,1,true,1,true,1,"[""rainy_days_month_ensmean__hist_same_month_z_ma12_at_origin""]","{""compact_baseline/0m"":177,""compact_baseline/6m"":177,""compact_baseline/12m"":177,""compact_cds_weather/6m"":177,""compact_cds_weather/12m"":177}","[0, 6, 12]",same_month_z,rainy_days_month_ensmean,Per source and pixel: count days with P ≥ 1 mm/day in month; crop-area-weight to polygon; equal-weight source counts. Parameters/caveats: Default rainy-day threshold = 1 mm/day. Fractional polygon/ensemble values are expected. CHIRPS DAILY_RNL inherits ERA5 daily sequencing.,".trellis/tasks/archive/2026-10/10-08-compact-climate-weather-oracle/design.md: Monthly recipes, names and time; src/ipcch/climate2015_features.py:125-128,160-188; .trellis/tasks/10-08-compact-cds-launch/design.md","Source observation month is an availability proxy; historical release vintage is not certified. This is an expected input, not a fitted result.",expected_not_fitted,IPCCH_shared_folder/climate_monthly_2015_2026_MODELING_READY.csv,IPCCH_shared_folder/climate_monthly_2015_2026_MODELING_READY.csv,"For each area/month u, P[u] is all nonmissing observations in strictly earlier years of the same calendar month; z[u]=(x[u]-mean(P[u]))/sample_sd(P[u],ddof=1). Output mean_nonmissing(z[O-11:O]), at least 6 valid z values; compute monthly z before averaging.","For each area/month u, P[u] is all nonmissing observations in strictly earlier years of the same calendar month; z[u]=(x[u]-mean(P[u]))/sample_sd(P[u],ddof=1). Output mean_nonmissing(z[O-11:O]), at least 6 valid z values; compute monthly z before averaging. Use O=2026-04 and target T from the run index.","Source-native NA; no carrier-row or saved-extra-NA mask; no interpolation or extra forward fill. XGBoost handles NA natively. Each z is NA if current x is missing, fewer than 2 prior same-month observations, or historical sample SD is zero. Rolling result is NA below 6 valid monthly z values in the fixed 12-month window.","Source-native NA; no carrier-row or saved-extra-NA mask; no interpolation or extra forward fill. XGBoost handles NA natively. Each z is NA if current x is missing, fewer than 2 prior same-month observations, or historical sample SD is zero. Rolling result is NA below 6 valid monthly z values in the fixed 12-month window.",Inherited source/recipe definition; see base_source_definition,Inherited source/recipe definition; see base_source_definition,Inherited compact source; upstream aggregation not independently certified,Same retained compact source/recipe; upstream aggregation not independently certified
178,cdd_month_ensmean__hist_same_month_z_at_origin,Monthly climate,Same-calendar-month historical z of cdd_month_ensmean at origin.,dimensionless,Training: IPCCH_shared_folder/climate_monthly_2015_2026_MODELING_READY.csv; Inference: IPCCH_shared_folder/climate_monthly_2015_2026_MODELING_READY.csv,O=T-H; strictly earlier-year history for each standardized month,"For each area/month u, P[u] is all nonmissing observations in strictly earlier years of the same calendar month; z[u]=(x[u]-mean(P[u]))/sample_sd(P[u],ddof=1). Output z[O].","Source-native NA; no carrier-row or saved-extra-NA mask; no interpolation or extra forward fill. XGBoost handles NA natively. Each z is NA if current x is missing, fewer than 2 prior same-month observations, or historical sample SD is zero.",numeric,true,1,true,1,true,1,true,1,true,1,"[""cdd_month_ensmean__hist_same_month_z_at_origin""]","{""compact_baseline/0m"":178,""compact_baseline/6m"":178,""compact_baseline/12m"":178,""compact_cds_weather/6m"":178,""compact_cds_weather/12m"":178}","[0, 6, 12]",same_month_z,cdd_month_ensmean,Per source and pixel: maximum run of consecutive days with P < 1 mm/day within each month; crop-area-weight; source mean. Parameters/caveats: Do not use max(monthly CDD): it misses spells crossing months. Default dry-day threshold = 1 mm/day.,".trellis/tasks/archive/2026-10/10-08-compact-climate-weather-oracle/design.md: Monthly recipes, names and time; src/ipcch/climate2015_features.py:125-128,160-188; .trellis/tasks/10-08-compact-cds-launch/design.md","Source observation month is an availability proxy; historical release vintage is not certified. This is an expected input, not a fitted result.",expected_not_fitted,IPCCH_shared_folder/climate_monthly_2015_2026_MODELING_READY.csv,IPCCH_shared_folder/climate_monthly_2015_2026_MODELING_READY.csv,"For each area/month u, P[u] is all nonmissing observations in strictly earlier years of the same calendar month; z[u]=(x[u]-mean(P[u]))/sample_sd(P[u],ddof=1). Output z[O].","For each area/month u, P[u] is all nonmissing observations in strictly earlier years of the same calendar month; z[u]=(x[u]-mean(P[u]))/sample_sd(P[u],ddof=1). Output z[O]. Use O=2026-04 and target T from the run index.","Source-native NA; no carrier-row or saved-extra-NA mask; no interpolation or extra forward fill. XGBoost handles NA natively. Each z is NA if current x is missing, fewer than 2 prior same-month observations, or historical sample SD is zero.","Source-native NA; no carrier-row or saved-extra-NA mask; no interpolation or extra forward fill. XGBoost handles NA natively. Each z is NA if current x is missing, fewer than 2 prior same-month observations, or historical sample SD is zero.",Inherited source/recipe definition; see base_source_definition,Inherited source/recipe definition; see base_source_definition,Inherited compact source; upstream aggregation not independently certified,Same retained compact source/recipe; upstream aggregation not independently certified
179,cdd_month_ensmean__hist_same_month_z_ma3_at_origin,Monthly climate,Same-calendar-month historical z of cdd_month_ensmean; MA3 of monthly z ending at origin.,dimensionless,Training: IPCCH_shared_folder/climate_monthly_2015_2026_MODELING_READY.csv; Inference: IPCCH_shared_folder/climate_monthly_2015_2026_MODELING_READY.csv,O=T-H; strictly earlier-year history for each standardized month,"For each area/month u, P[u] is all nonmissing observations in strictly earlier years of the same calendar month; z[u]=(x[u]-mean(P[u]))/sample_sd(P[u],ddof=1). Output mean_nonmissing(z[O-2:O]), at least 2 valid z values; compute monthly z before averaging.","Source-native NA; no carrier-row or saved-extra-NA mask; no interpolation or extra forward fill. XGBoost handles NA natively. Each z is NA if current x is missing, fewer than 2 prior same-month observations, or historical sample SD is zero. Rolling result is NA below 2 valid monthly z values in the fixed 3-month window.",numeric,true,1,true,1,true,1,true,1,true,1,"[""cdd_month_ensmean__hist_same_month_z_ma3_at_origin""]","{""compact_baseline/0m"":179,""compact_baseline/6m"":179,""compact_baseline/12m"":179,""compact_cds_weather/6m"":179,""compact_cds_weather/12m"":179}","[0, 6, 12]",same_month_z,cdd_month_ensmean,Per source and pixel: maximum run of consecutive days with P < 1 mm/day within each month; crop-area-weight; source mean. Parameters/caveats: Do not use max(monthly CDD): it misses spells crossing months. Default dry-day threshold = 1 mm/day.,".trellis/tasks/archive/2026-10/10-08-compact-climate-weather-oracle/design.md: Monthly recipes, names and time; src/ipcch/climate2015_features.py:125-128,160-188; .trellis/tasks/10-08-compact-cds-launch/design.md","Source observation month is an availability proxy; historical release vintage is not certified. This is an expected input, not a fitted result.",expected_not_fitted,IPCCH_shared_folder/climate_monthly_2015_2026_MODELING_READY.csv,IPCCH_shared_folder/climate_monthly_2015_2026_MODELING_READY.csv,"For each area/month u, P[u] is all nonmissing observations in strictly earlier years of the same calendar month; z[u]=(x[u]-mean(P[u]))/sample_sd(P[u],ddof=1). Output mean_nonmissing(z[O-2:O]), at least 2 valid z values; compute monthly z before averaging.","For each area/month u, P[u] is all nonmissing observations in strictly earlier years of the same calendar month; z[u]=(x[u]-mean(P[u]))/sample_sd(P[u],ddof=1). Output mean_nonmissing(z[O-2:O]), at least 2 valid z values; compute monthly z before averaging. Use O=2026-04 and target T from the run index.","Source-native NA; no carrier-row or saved-extra-NA mask; no interpolation or extra forward fill. XGBoost handles NA natively. Each z is NA if current x is missing, fewer than 2 prior same-month observations, or historical sample SD is zero. Rolling result is NA below 2 valid monthly z values in the fixed 3-month window.","Source-native NA; no carrier-row or saved-extra-NA mask; no interpolation or extra forward fill. XGBoost handles NA natively. Each z is NA if current x is missing, fewer than 2 prior same-month observations, or historical sample SD is zero. Rolling result is NA below 2 valid monthly z values in the fixed 3-month window.",Inherited source/recipe definition; see base_source_definition,Inherited source/recipe definition; see base_source_definition,Inherited compact source; upstream aggregation not independently certified,Same retained compact source/recipe; upstream aggregation not independently certified
180,cdd_month_ensmean__hist_same_month_z_ma6_at_origin,Monthly climate,Same-calendar-month historical z of cdd_month_ensmean; MA6 of monthly z ending at origin.,dimensionless,Training: IPCCH_shared_folder/climate_monthly_2015_2026_MODELING_READY.csv; Inference: IPCCH_shared_folder/climate_monthly_2015_2026_MODELING_READY.csv,O=T-H; strictly earlier-year history for each standardized month,"For each area/month u, P[u] is all nonmissing observations in strictly earlier years of the same calendar month; z[u]=(x[u]-mean(P[u]))/sample_sd(P[u],ddof=1). Output mean_nonmissing(z[O-5:O]), at least 3 valid z values; compute monthly z before averaging.","Source-native NA; no carrier-row or saved-extra-NA mask; no interpolation or extra forward fill. XGBoost handles NA natively. Each z is NA if current x is missing, fewer than 2 prior same-month observations, or historical sample SD is zero. Rolling result is NA below 3 valid monthly z values in the fixed 6-month window.",numeric,true,1,true,1,true,1,true,1,true,1,"[""cdd_month_ensmean__hist_same_month_z_ma6_at_origin""]","{""compact_baseline/0m"":180,""compact_baseline/6m"":180,""compact_baseline/12m"":180,""compact_cds_weather/6m"":180,""compact_cds_weather/12m"":180}","[0, 6, 12]",same_month_z,cdd_month_ensmean,Per source and pixel: maximum run of consecutive days with P < 1 mm/day within each month; crop-area-weight; source mean. Parameters/caveats: Do not use max(monthly CDD): it misses spells crossing months. Default dry-day threshold = 1 mm/day.,".trellis/tasks/archive/2026-10/10-08-compact-climate-weather-oracle/design.md: Monthly recipes, names and time; src/ipcch/climate2015_features.py:125-128,160-188; .trellis/tasks/10-08-compact-cds-launch/design.md","Source observation month is an availability proxy; historical release vintage is not certified. This is an expected input, not a fitted result.",expected_not_fitted,IPCCH_shared_folder/climate_monthly_2015_2026_MODELING_READY.csv,IPCCH_shared_folder/climate_monthly_2015_2026_MODELING_READY.csv,"For each area/month u, P[u] is all nonmissing observations in strictly earlier years of the same calendar month; z[u]=(x[u]-mean(P[u]))/sample_sd(P[u],ddof=1). Output mean_nonmissing(z[O-5:O]), at least 3 valid z values; compute monthly z before averaging.","For each area/month u, P[u] is all nonmissing observations in strictly earlier years of the same calendar month; z[u]=(x[u]-mean(P[u]))/sample_sd(P[u],ddof=1). Output mean_nonmissing(z[O-5:O]), at least 3 valid z values; compute monthly z before averaging. Use O=2026-04 and target T from the run index.","Source-native NA; no carrier-row or saved-extra-NA mask; no interpolation or extra forward fill. XGBoost handles NA natively. Each z is NA if current x is missing, fewer than 2 prior same-month observations, or historical sample SD is zero. Rolling result is NA below 3 valid monthly z values in the fixed 6-month window.","Source-native NA; no carrier-row or saved-extra-NA mask; no interpolation or extra forward fill. XGBoost handles NA natively. Each z is NA if current x is missing, fewer than 2 prior same-month observations, or historical sample SD is zero. Rolling result is NA below 3 valid monthly z values in the fixed 6-month window.",Inherited source/recipe definition; see base_source_definition,Inherited source/recipe definition; see base_source_definition,Inherited compact source; upstream aggregation not independently certified,Same retained compact source/recipe; upstream aggregation not independently certified
181,cdd_month_ensmean__hist_same_month_z_ma12_at_origin,Monthly climate,Same-calendar-month historical z of cdd_month_ensmean; MA12 of monthly z ending at origin.,dimensionless,Training: IPCCH_shared_folder/climate_monthly_2015_2026_MODELING_READY.csv; Inference: IPCCH_shared_folder/climate_monthly_2015_2026_MODELING_READY.csv,O=T-H; strictly earlier-year history for each standardized month,"For each area/month u, P[u] is all nonmissing observations in strictly earlier years of the same calendar month; z[u]=(x[u]-mean(P[u]))/sample_sd(P[u],ddof=1). Output mean_nonmissing(z[O-11:O]), at least 6 valid z values; compute monthly z before averaging.","Source-native NA; no carrier-row or saved-extra-NA mask; no interpolation or extra forward fill. XGBoost handles NA natively. Each z is NA if current x is missing, fewer than 2 prior same-month observations, or historical sample SD is zero. Rolling result is NA below 6 valid monthly z values in the fixed 12-month window.",numeric,true,1,true,1,true,1,true,1,true,1,"[""cdd_month_ensmean__hist_same_month_z_ma12_at_origin""]","{""compact_baseline/0m"":181,""compact_baseline/6m"":181,""compact_baseline/12m"":181,""compact_cds_weather/6m"":181,""compact_cds_weather/12m"":181}","[0, 6, 12]",same_month_z,cdd_month_ensmean,Per source and pixel: maximum run of consecutive days with P < 1 mm/day within each month; crop-area-weight; source mean. Parameters/caveats: Do not use max(monthly CDD): it misses spells crossing months. Default dry-day threshold = 1 mm/day.,".trellis/tasks/archive/2026-10/10-08-compact-climate-weather-oracle/design.md: Monthly recipes, names and time; src/ipcch/climate2015_features.py:125-128,160-188; .trellis/tasks/10-08-compact-cds-launch/design.md","Source observation month is an availability proxy; historical release vintage is not certified. This is an expected input, not a fitted result.",expected_not_fitted,IPCCH_shared_folder/climate_monthly_2015_2026_MODELING_READY.csv,IPCCH_shared_folder/climate_monthly_2015_2026_MODELING_READY.csv,"For each area/month u, P[u] is all nonmissing observations in strictly earlier years of the same calendar month; z[u]=(x[u]-mean(P[u]))/sample_sd(P[u],ddof=1). Output mean_nonmissing(z[O-11:O]), at least 6 valid z values; compute monthly z before averaging.","For each area/month u, P[u] is all nonmissing observations in strictly earlier years of the same calendar month; z[u]=(x[u]-mean(P[u]))/sample_sd(P[u],ddof=1). Output mean_nonmissing(z[O-11:O]), at least 6 valid z values; compute monthly z before averaging. Use O=2026-04 and target T from the run index.","Source-native NA; no carrier-row or saved-extra-NA mask; no interpolation or extra forward fill. XGBoost handles NA natively. Each z is NA if current x is missing, fewer than 2 prior same-month observations, or historical sample SD is zero. Rolling result is NA below 6 valid monthly z values in the fixed 12-month window.","Source-native NA; no carrier-row or saved-extra-NA mask; no interpolation or extra forward fill. XGBoost handles NA natively. Each z is NA if current x is missing, fewer than 2 prior same-month observations, or historical sample SD is zero. Rolling result is NA below 6 valid monthly z values in the fixed 12-month window.",Inherited source/recipe definition; see base_source_definition,Inherited source/recipe definition; see base_source_definition,Inherited compact source; upstream aggregation not independently certified,Same retained compact source/recipe; upstream aggregation not independently certified
182,tmean_anom_month_ensmean__hist_same_month_z_at_origin,Monthly climate,Same-calendar-month historical z of tmean_anom_month_ensmean at origin.,dimensionless,Training: IPCCH_shared_folder/climate_monthly_2015_2026_MODELING_READY.csv; Inference: IPCCH_shared_folder/climate_monthly_2015_2026_MODELING_READY.csv,O=T-H; strictly earlier-year history for each standardized month,"For each area/month u, P[u] is all nonmissing observations in strictly earlier years of the same calendar month; z[u]=(x[u]-mean(P[u]))/sample_sd(P[u],ddof=1). Output z[O].","Source-native NA; no carrier-row or saved-extra-NA mask; no interpolation or extra forward fill. XGBoost handles NA natively. Each z is NA if current x is missing, fewer than 2 prior same-month observations, or historical sample SD is zero.",numeric,true,1,true,1,true,1,true,1,true,1,"[""tmean_anom_month_ensmean__hist_same_month_z_at_origin""]","{""compact_baseline/0m"":182,""compact_baseline/6m"":182,""compact_baseline/12m"":182,""compact_cds_weather/6m"":182,""compact_cds_weather/12m"":182}","[0, 6, 12]",same_month_z,tmean_anom_month_ensmean,Per source: monthly mean daily Tmean minus 1991–2020 calendar-month climatology; crop-area polygon mean; source mean. Parameters/caveats: Tmean = (Tmax + Tmin)/2 when not directly supplied. CHIRTS-ERA5 and ERA5-Land are structurally dependent.,".trellis/tasks/archive/2026-10/10-08-compact-climate-weather-oracle/design.md: Monthly recipes, names and time; src/ipcch/climate2015_features.py:125-128,160-188; .trellis/tasks/10-08-compact-cds-launch/design.md","Source observation month is an availability proxy; historical release vintage is not certified. This is an expected input, not a fitted result.",expected_not_fitted,IPCCH_shared_folder/climate_monthly_2015_2026_MODELING_READY.csv,IPCCH_shared_folder/climate_monthly_2015_2026_MODELING_READY.csv,"For each area/month u, P[u] is all nonmissing observations in strictly earlier years of the same calendar month; z[u]=(x[u]-mean(P[u]))/sample_sd(P[u],ddof=1). Output z[O].","For each area/month u, P[u] is all nonmissing observations in strictly earlier years of the same calendar month; z[u]=(x[u]-mean(P[u]))/sample_sd(P[u],ddof=1). Output z[O]. Use O=2026-04 and target T from the run index.","Source-native NA; no carrier-row or saved-extra-NA mask; no interpolation or extra forward fill. XGBoost handles NA natively. Each z is NA if current x is missing, fewer than 2 prior same-month observations, or historical sample SD is zero.","Source-native NA; no carrier-row or saved-extra-NA mask; no interpolation or extra forward fill. XGBoost handles NA natively. Each z is NA if current x is missing, fewer than 2 prior same-month observations, or historical sample SD is zero.",Inherited source/recipe definition; see base_source_definition,Inherited source/recipe definition; see base_source_definition,Inherited compact source; upstream aggregation not independently certified,Same retained compact source/recipe; upstream aggregation not independently certified
183,tmean_anom_month_ensmean__hist_same_month_z_ma3_at_origin,Monthly climate,Same-calendar-month historical z of tmean_anom_month_ensmean; MA3 of monthly z ending at origin.,dimensionless,Training: IPCCH_shared_folder/climate_monthly_2015_2026_MODELING_READY.csv; Inference: IPCCH_shared_folder/climate_monthly_2015_2026_MODELING_READY.csv,O=T-H; strictly earlier-year history for each standardized month,"For each area/month u, P[u] is all nonmissing observations in strictly earlier years of the same calendar month; z[u]=(x[u]-mean(P[u]))/sample_sd(P[u],ddof=1). Output mean_nonmissing(z[O-2:O]), at least 2 valid z values; compute monthly z before averaging.","Source-native NA; no carrier-row or saved-extra-NA mask; no interpolation or extra forward fill. XGBoost handles NA natively. Each z is NA if current x is missing, fewer than 2 prior same-month observations, or historical sample SD is zero. Rolling result is NA below 2 valid monthly z values in the fixed 3-month window.",numeric,true,1,true,1,true,1,true,1,true,1,"[""tmean_anom_month_ensmean__hist_same_month_z_ma3_at_origin""]","{""compact_baseline/0m"":183,""compact_baseline/6m"":183,""compact_baseline/12m"":183,""compact_cds_weather/6m"":183,""compact_cds_weather/12m"":183}","[0, 6, 12]",same_month_z,tmean_anom_month_ensmean,Per source: monthly mean daily Tmean minus 1991–2020 calendar-month climatology; crop-area polygon mean; source mean. Parameters/caveats: Tmean = (Tmax + Tmin)/2 when not directly supplied. CHIRTS-ERA5 and ERA5-Land are structurally dependent.,".trellis/tasks/archive/2026-10/10-08-compact-climate-weather-oracle/design.md: Monthly recipes, names and time; src/ipcch/climate2015_features.py:125-128,160-188; .trellis/tasks/10-08-compact-cds-launch/design.md","Source observation month is an availability proxy; historical release vintage is not certified. This is an expected input, not a fitted result.",expected_not_fitted,IPCCH_shared_folder/climate_monthly_2015_2026_MODELING_READY.csv,IPCCH_shared_folder/climate_monthly_2015_2026_MODELING_READY.csv,"For each area/month u, P[u] is all nonmissing observations in strictly earlier years of the same calendar month; z[u]=(x[u]-mean(P[u]))/sample_sd(P[u],ddof=1). Output mean_nonmissing(z[O-2:O]), at least 2 valid z values; compute monthly z before averaging.","For each area/month u, P[u] is all nonmissing observations in strictly earlier years of the same calendar month; z[u]=(x[u]-mean(P[u]))/sample_sd(P[u],ddof=1). Output mean_nonmissing(z[O-2:O]), at least 2 valid z values; compute monthly z before averaging. Use O=2026-04 and target T from the run index.","Source-native NA; no carrier-row or saved-extra-NA mask; no interpolation or extra forward fill. XGBoost handles NA natively. Each z is NA if current x is missing, fewer than 2 prior same-month observations, or historical sample SD is zero. Rolling result is NA below 2 valid monthly z values in the fixed 3-month window.","Source-native NA; no carrier-row or saved-extra-NA mask; no interpolation or extra forward fill. XGBoost handles NA natively. Each z is NA if current x is missing, fewer than 2 prior same-month observations, or historical sample SD is zero. Rolling result is NA below 2 valid monthly z values in the fixed 3-month window.",Inherited source/recipe definition; see base_source_definition,Inherited source/recipe definition; see base_source_definition,Inherited compact source; upstream aggregation not independently certified,Same retained compact source/recipe; upstream aggregation not independently certified
184,tmean_anom_month_ensmean__hist_same_month_z_ma6_at_origin,Monthly climate,Same-calendar-month historical z of tmean_anom_month_ensmean; MA6 of monthly z ending at origin.,dimensionless,Training: IPCCH_shared_folder/climate_monthly_2015_2026_MODELING_READY.csv; Inference: IPCCH_shared_folder/climate_monthly_2015_2026_MODELING_READY.csv,O=T-H; strictly earlier-year history for each standardized month,"For each area/month u, P[u] is all nonmissing observations in strictly earlier years of the same calendar month; z[u]=(x[u]-mean(P[u]))/sample_sd(P[u],ddof=1). Output mean_nonmissing(z[O-5:O]), at least 3 valid z values; compute monthly z before averaging.","Source-native NA; no carrier-row or saved-extra-NA mask; no interpolation or extra forward fill. XGBoost handles NA natively. Each z is NA if current x is missing, fewer than 2 prior same-month observations, or historical sample SD is zero. Rolling result is NA below 3 valid monthly z values in the fixed 6-month window.",numeric,true,1,true,1,true,1,true,1,true,1,"[""tmean_anom_month_ensmean__hist_same_month_z_ma6_at_origin""]","{""compact_baseline/0m"":184,""compact_baseline/6m"":184,""compact_baseline/12m"":184,""compact_cds_weather/6m"":184,""compact_cds_weather/12m"":184}","[0, 6, 12]",same_month_z,tmean_anom_month_ensmean,Per source: monthly mean daily Tmean minus 1991–2020 calendar-month climatology; crop-area polygon mean; source mean. Parameters/caveats: Tmean = (Tmax + Tmin)/2 when not directly supplied. CHIRTS-ERA5 and ERA5-Land are structurally dependent.,".trellis/tasks/archive/2026-10/10-08-compact-climate-weather-oracle/design.md: Monthly recipes, names and time; src/ipcch/climate2015_features.py:125-128,160-188; .trellis/tasks/10-08-compact-cds-launch/design.md","Source observation month is an availability proxy; historical release vintage is not certified. This is an expected input, not a fitted result.",expected_not_fitted,IPCCH_shared_folder/climate_monthly_2015_2026_MODELING_READY.csv,IPCCH_shared_folder/climate_monthly_2015_2026_MODELING_READY.csv,"For each area/month u, P[u] is all nonmissing observations in strictly earlier years of the same calendar month; z[u]=(x[u]-mean(P[u]))/sample_sd(P[u],ddof=1). Output mean_nonmissing(z[O-5:O]), at least 3 valid z values; compute monthly z before averaging.","For each area/month u, P[u] is all nonmissing observations in strictly earlier years of the same calendar month; z[u]=(x[u]-mean(P[u]))/sample_sd(P[u],ddof=1). Output mean_nonmissing(z[O-5:O]), at least 3 valid z values; compute monthly z before averaging. Use O=2026-04 and target T from the run index.","Source-native NA; no carrier-row or saved-extra-NA mask; no interpolation or extra forward fill. XGBoost handles NA natively. Each z is NA if current x is missing, fewer than 2 prior same-month observations, or historical sample SD is zero. Rolling result is NA below 3 valid monthly z values in the fixed 6-month window.","Source-native NA; no carrier-row or saved-extra-NA mask; no interpolation or extra forward fill. XGBoost handles NA natively. Each z is NA if current x is missing, fewer than 2 prior same-month observations, or historical sample SD is zero. Rolling result is NA below 3 valid monthly z values in the fixed 6-month window.",Inherited source/recipe definition; see base_source_definition,Inherited source/recipe definition; see base_source_definition,Inherited compact source; upstream aggregation not independently certified,Same retained compact source/recipe; upstream aggregation not independently certified
185,tmean_anom_month_ensmean__hist_same_month_z_ma12_at_origin,Monthly climate,Same-calendar-month historical z of tmean_anom_month_ensmean; MA12 of monthly z ending at origin.,dimensionless,Training: IPCCH_shared_folder/climate_monthly_2015_2026_MODELING_READY.csv; Inference: IPCCH_shared_folder/climate_monthly_2015_2026_MODELING_READY.csv,O=T-H; strictly earlier-year history for each standardized month,"For each area/month u, P[u] is all nonmissing observations in strictly earlier years of the same calendar month; z[u]=(x[u]-mean(P[u]))/sample_sd(P[u],ddof=1). Output mean_nonmissing(z[O-11:O]), at least 6 valid z values; compute monthly z before averaging.","Source-native NA; no carrier-row or saved-extra-NA mask; no interpolation or extra forward fill. XGBoost handles NA natively. Each z is NA if current x is missing, fewer than 2 prior same-month observations, or historical sample SD is zero. Rolling result is NA below 6 valid monthly z values in the fixed 12-month window.",numeric,true,1,true,1,true,1,true,1,true,1,"[""tmean_anom_month_ensmean__hist_same_month_z_ma12_at_origin""]","{""compact_baseline/0m"":185,""compact_baseline/6m"":185,""compact_baseline/12m"":185,""compact_cds_weather/6m"":185,""compact_cds_weather/12m"":185}","[0, 6, 12]",same_month_z,tmean_anom_month_ensmean,Per source: monthly mean daily Tmean minus 1991–2020 calendar-month climatology; crop-area polygon mean; source mean. Parameters/caveats: Tmean = (Tmax + Tmin)/2 when not directly supplied. CHIRTS-ERA5 and ERA5-Land are structurally dependent.,".trellis/tasks/archive/2026-10/10-08-compact-climate-weather-oracle/design.md: Monthly recipes, names and time; src/ipcch/climate2015_features.py:125-128,160-188; .trellis/tasks/10-08-compact-cds-launch/design.md","Source observation month is an availability proxy; historical release vintage is not certified. This is an expected input, not a fitted result.",expected_not_fitted,IPCCH_shared_folder/climate_monthly_2015_2026_MODELING_READY.csv,IPCCH_shared_folder/climate_monthly_2015_2026_MODELING_READY.csv,"For each area/month u, P[u] is all nonmissing observations in strictly earlier years of the same calendar month; z[u]=(x[u]-mean(P[u]))/sample_sd(P[u],ddof=1). Output mean_nonmissing(z[O-11:O]), at least 6 valid z values; compute monthly z before averaging.","For each area/month u, P[u] is all nonmissing observations in strictly earlier years of the same calendar month; z[u]=(x[u]-mean(P[u]))/sample_sd(P[u],ddof=1). Output mean_nonmissing(z[O-11:O]), at least 6 valid z values; compute monthly z before averaging. Use O=2026-04 and target T from the run index.","Source-native NA; no carrier-row or saved-extra-NA mask; no interpolation or extra forward fill. XGBoost handles NA natively. Each z is NA if current x is missing, fewer than 2 prior same-month observations, or historical sample SD is zero. Rolling result is NA below 6 valid monthly z values in the fixed 12-month window.","Source-native NA; no carrier-row or saved-extra-NA mask; no interpolation or extra forward fill. XGBoost handles NA natively. Each z is NA if current x is missing, fewer than 2 prior same-month observations, or historical sample SD is zero. Rolling result is NA below 6 valid monthly z values in the fixed 12-month window.",Inherited source/recipe definition; see base_source_definition,Inherited source/recipe definition; see base_source_definition,Inherited compact source; upstream aggregation not independently certified,Same retained compact source/recipe; upstream aggregation not independently certified
186,tmax_anom_month_ensmean__hist_same_month_z_at_origin,Monthly climate,Same-calendar-month historical z of tmax_anom_month_ensmean at origin.,dimensionless,Training: IPCCH_shared_folder/climate_monthly_2015_2026_MODELING_READY.csv; Inference: IPCCH_shared_folder/climate_monthly_2015_2026_MODELING_READY.csv,O=T-H; strictly earlier-year history for each standardized month,"For each area/month u, P[u] is all nonmissing observations in strictly earlier years of the same calendar month; z[u]=(x[u]-mean(P[u]))/sample_sd(P[u],ddof=1). Output z[O].","Source-native NA; no carrier-row or saved-extra-NA mask; no interpolation or extra forward fill. XGBoost handles NA natively. Each z is NA if current x is missing, fewer than 2 prior same-month observations, or historical sample SD is zero.",numeric,true,1,true,1,true,1,true,1,true,1,"[""tmax_anom_month_ensmean__hist_same_month_z_at_origin""]","{""compact_baseline/0m"":186,""compact_baseline/6m"":186,""compact_baseline/12m"":186,""compact_cds_weather/6m"":186,""compact_cds_weather/12m"":186}","[0, 6, 12]",same_month_z,tmax_anom_month_ensmean,"Per source: monthly mean daily Tmax minus 1991–2020 calendar-month climatology; crop-area polygon mean; source mean. Parameters/caveats: Use daily Tmax, not maximum hourly 2-m temperature without local-day conversion. Harmonize time zone/day boundary before daily aggregation.",".trellis/tasks/archive/2026-10/10-08-compact-climate-weather-oracle/design.md: Monthly recipes, names and time; src/ipcch/climate2015_features.py:125-128,160-188; .trellis/tasks/10-08-compact-cds-launch/design.md","Source observation month is an availability proxy; historical release vintage is not certified. This is an expected input, not a fitted result.",expected_not_fitted,IPCCH_shared_folder/climate_monthly_2015_2026_MODELING_READY.csv,IPCCH_shared_folder/climate_monthly_2015_2026_MODELING_READY.csv,"For each area/month u, P[u] is all nonmissing observations in strictly earlier years of the same calendar month; z[u]=(x[u]-mean(P[u]))/sample_sd(P[u],ddof=1). Output z[O].","For each area/month u, P[u] is all nonmissing observations in strictly earlier years of the same calendar month; z[u]=(x[u]-mean(P[u]))/sample_sd(P[u],ddof=1). Output z[O]. Use O=2026-04 and target T from the run index.","Source-native NA; no carrier-row or saved-extra-NA mask; no interpolation or extra forward fill. XGBoost handles NA natively. Each z is NA if current x is missing, fewer than 2 prior same-month observations, or historical sample SD is zero.","Source-native NA; no carrier-row or saved-extra-NA mask; no interpolation or extra forward fill. XGBoost handles NA natively. Each z is NA if current x is missing, fewer than 2 prior same-month observations, or historical sample SD is zero.",Inherited source/recipe definition; see base_source_definition,Inherited source/recipe definition; see base_source_definition,Inherited compact source; upstream aggregation not independently certified,Same retained compact source/recipe; upstream aggregation not independently certified
187,tmax_anom_month_ensmean__hist_same_month_z_ma3_at_origin,Monthly climate,Same-calendar-month historical z of tmax_anom_month_ensmean; MA3 of monthly z ending at origin.,dimensionless,Training: IPCCH_shared_folder/climate_monthly_2015_2026_MODELING_READY.csv; Inference: IPCCH_shared_folder/climate_monthly_2015_2026_MODELING_READY.csv,O=T-H; strictly earlier-year history for each standardized month,"For each area/month u, P[u] is all nonmissing observations in strictly earlier years of the same calendar month; z[u]=(x[u]-mean(P[u]))/sample_sd(P[u],ddof=1). Output mean_nonmissing(z[O-2:O]), at least 2 valid z values; compute monthly z before averaging.","Source-native NA; no carrier-row or saved-extra-NA mask; no interpolation or extra forward fill. XGBoost handles NA natively. Each z is NA if current x is missing, fewer than 2 prior same-month observations, or historical sample SD is zero. Rolling result is NA below 2 valid monthly z values in the fixed 3-month window.",numeric,true,1,true,1,true,1,true,1,true,1,"[""tmax_anom_month_ensmean__hist_same_month_z_ma3_at_origin""]","{""compact_baseline/0m"":187,""compact_baseline/6m"":187,""compact_baseline/12m"":187,""compact_cds_weather/6m"":187,""compact_cds_weather/12m"":187}","[0, 6, 12]",same_month_z,tmax_anom_month_ensmean,"Per source: monthly mean daily Tmax minus 1991–2020 calendar-month climatology; crop-area polygon mean; source mean. Parameters/caveats: Use daily Tmax, not maximum hourly 2-m temperature without local-day conversion. Harmonize time zone/day boundary before daily aggregation.",".trellis/tasks/archive/2026-10/10-08-compact-climate-weather-oracle/design.md: Monthly recipes, names and time; src/ipcch/climate2015_features.py:125-128,160-188; .trellis/tasks/10-08-compact-cds-launch/design.md","Source observation month is an availability proxy; historical release vintage is not certified. This is an expected input, not a fitted result.",expected_not_fitted,IPCCH_shared_folder/climate_monthly_2015_2026_MODELING_READY.csv,IPCCH_shared_folder/climate_monthly_2015_2026_MODELING_READY.csv,"For each area/month u, P[u] is all nonmissing observations in strictly earlier years of the same calendar month; z[u]=(x[u]-mean(P[u]))/sample_sd(P[u],ddof=1). Output mean_nonmissing(z[O-2:O]), at least 2 valid z values; compute monthly z before averaging.","For each area/month u, P[u] is all nonmissing observations in strictly earlier years of the same calendar month; z[u]=(x[u]-mean(P[u]))/sample_sd(P[u],ddof=1). Output mean_nonmissing(z[O-2:O]), at least 2 valid z values; compute monthly z before averaging. Use O=2026-04 and target T from the run index.","Source-native NA; no carrier-row or saved-extra-NA mask; no interpolation or extra forward fill. XGBoost handles NA natively. Each z is NA if current x is missing, fewer than 2 prior same-month observations, or historical sample SD is zero. Rolling result is NA below 2 valid monthly z values in the fixed 3-month window.","Source-native NA; no carrier-row or saved-extra-NA mask; no interpolation or extra forward fill. XGBoost handles NA natively. Each z is NA if current x is missing, fewer than 2 prior same-month observations, or historical sample SD is zero. Rolling result is NA below 2 valid monthly z values in the fixed 3-month window.",Inherited source/recipe definition; see base_source_definition,Inherited source/recipe definition; see base_source_definition,Inherited compact source; upstream aggregation not independently certified,Same retained compact source/recipe; upstream aggregation not independently certified
188,tmax_anom_month_ensmean__hist_same_month_z_ma6_at_origin,Monthly climate,Same-calendar-month historical z of tmax_anom_month_ensmean; MA6 of monthly z ending at origin.,dimensionless,Training: IPCCH_shared_folder/climate_monthly_2015_2026_MODELING_READY.csv; Inference: IPCCH_shared_folder/climate_monthly_2015_2026_MODELING_READY.csv,O=T-H; strictly earlier-year history for each standardized month,"For each area/month u, P[u] is all nonmissing observations in strictly earlier years of the same calendar month; z[u]=(x[u]-mean(P[u]))/sample_sd(P[u],ddof=1). Output mean_nonmissing(z[O-5:O]), at least 3 valid z values; compute monthly z before averaging.","Source-native NA; no carrier-row or saved-extra-NA mask; no interpolation or extra forward fill. XGBoost handles NA natively. Each z is NA if current x is missing, fewer than 2 prior same-month observations, or historical sample SD is zero. Rolling result is NA below 3 valid monthly z values in the fixed 6-month window.",numeric,true,1,true,1,true,1,true,1,true,1,"[""tmax_anom_month_ensmean__hist_same_month_z_ma6_at_origin""]","{""compact_baseline/0m"":188,""compact_baseline/6m"":188,""compact_baseline/12m"":188,""compact_cds_weather/6m"":188,""compact_cds_weather/12m"":188}","[0, 6, 12]",same_month_z,tmax_anom_month_ensmean,"Per source: monthly mean daily Tmax minus 1991–2020 calendar-month climatology; crop-area polygon mean; source mean. Parameters/caveats: Use daily Tmax, not maximum hourly 2-m temperature without local-day conversion. Harmonize time zone/day boundary before daily aggregation.",".trellis/tasks/archive/2026-10/10-08-compact-climate-weather-oracle/design.md: Monthly recipes, names and time; src/ipcch/climate2015_features.py:125-128,160-188; .trellis/tasks/10-08-compact-cds-launch/design.md","Source observation month is an availability proxy; historical release vintage is not certified. This is an expected input, not a fitted result.",expected_not_fitted,IPCCH_shared_folder/climate_monthly_2015_2026_MODELING_READY.csv,IPCCH_shared_folder/climate_monthly_2015_2026_MODELING_READY.csv,"For each area/month u, P[u] is all nonmissing observations in strictly earlier years of the same calendar month; z[u]=(x[u]-mean(P[u]))/sample_sd(P[u],ddof=1). Output mean_nonmissing(z[O-5:O]), at least 3 valid z values; compute monthly z before averaging.","For each area/month u, P[u] is all nonmissing observations in strictly earlier years of the same calendar month; z[u]=(x[u]-mean(P[u]))/sample_sd(P[u],ddof=1). Output mean_nonmissing(z[O-5:O]), at least 3 valid z values; compute monthly z before averaging. Use O=2026-04 and target T from the run index.","Source-native NA; no carrier-row or saved-extra-NA mask; no interpolation or extra forward fill. XGBoost handles NA natively. Each z is NA if current x is missing, fewer than 2 prior same-month observations, or historical sample SD is zero. Rolling result is NA below 3 valid monthly z values in the fixed 6-month window.","Source-native NA; no carrier-row or saved-extra-NA mask; no interpolation or extra forward fill. XGBoost handles NA natively. Each z is NA if current x is missing, fewer than 2 prior same-month observations, or historical sample SD is zero. Rolling result is NA below 3 valid monthly z values in the fixed 6-month window.",Inherited source/recipe definition; see base_source_definition,Inherited source/recipe definition; see base_source_definition,Inherited compact source; upstream aggregation not independently certified,Same retained compact source/recipe; upstream aggregation not independently certified
189,tmax_anom_month_ensmean__hist_same_month_z_ma12_at_origin,Monthly climate,Same-calendar-month historical z of tmax_anom_month_ensmean; MA12 of monthly z ending at origin.,dimensionless,Training: IPCCH_shared_folder/climate_monthly_2015_2026_MODELING_READY.csv; Inference: IPCCH_shared_folder/climate_monthly_2015_2026_MODELING_READY.csv,O=T-H; strictly earlier-year history for each standardized month,"For each area/month u, P[u] is all nonmissing observations in strictly earlier years of the same calendar month; z[u]=(x[u]-mean(P[u]))/sample_sd(P[u],ddof=1). Output mean_nonmissing(z[O-11:O]), at least 6 valid z values; compute monthly z before averaging.","Source-native NA; no carrier-row or saved-extra-NA mask; no interpolation or extra forward fill. XGBoost handles NA natively. Each z is NA if current x is missing, fewer than 2 prior same-month observations, or historical sample SD is zero. Rolling result is NA below 6 valid monthly z values in the fixed 12-month window.",numeric,true,1,true,1,true,1,true,1,true,1,"[""tmax_anom_month_ensmean__hist_same_month_z_ma12_at_origin""]","{""compact_baseline/0m"":189,""compact_baseline/6m"":189,""compact_baseline/12m"":189,""compact_cds_weather/6m"":189,""compact_cds_weather/12m"":189}","[0, 6, 12]",same_month_z,tmax_anom_month_ensmean,"Per source: monthly mean daily Tmax minus 1991–2020 calendar-month climatology; crop-area polygon mean; source mean. Parameters/caveats: Use daily Tmax, not maximum hourly 2-m temperature without local-day conversion. Harmonize time zone/day boundary before daily aggregation.",".trellis/tasks/archive/2026-10/10-08-compact-climate-weather-oracle/design.md: Monthly recipes, names and time; src/ipcch/climate2015_features.py:125-128,160-188; .trellis/tasks/10-08-compact-cds-launch/design.md","Source observation month is an availability proxy; historical release vintage is not certified. This is an expected input, not a fitted result.",expected_not_fitted,IPCCH_shared_folder/climate_monthly_2015_2026_MODELING_READY.csv,IPCCH_shared_folder/climate_monthly_2015_2026_MODELING_READY.csv,"For each area/month u, P[u] is all nonmissing observations in strictly earlier years of the same calendar month; z[u]=(x[u]-mean(P[u]))/sample_sd(P[u],ddof=1). Output mean_nonmissing(z[O-11:O]), at least 6 valid z values; compute monthly z before averaging.","For each area/month u, P[u] is all nonmissing observations in strictly earlier years of the same calendar month; z[u]=(x[u]-mean(P[u]))/sample_sd(P[u],ddof=1). Output mean_nonmissing(z[O-11:O]), at least 6 valid z values; compute monthly z before averaging. Use O=2026-04 and target T from the run index.","Source-native NA; no carrier-row or saved-extra-NA mask; no interpolation or extra forward fill. XGBoost handles NA natively. Each z is NA if current x is missing, fewer than 2 prior same-month observations, or historical sample SD is zero. Rolling result is NA below 6 valid monthly z values in the fixed 12-month window.","Source-native NA; no carrier-row or saved-extra-NA mask; no interpolation or extra forward fill. XGBoost handles NA natively. Each z is NA if current x is missing, fewer than 2 prior same-month observations, or historical sample SD is zero. Rolling result is NA below 6 valid monthly z values in the fixed 12-month window.",Inherited source/recipe definition; see base_source_definition,Inherited source/recipe definition; see base_source_definition,Inherited compact source; upstream aggregation not independently certified,Same retained compact source/recipe; upstream aggregation not independently certified
190,hot_days_p95_month_ensmean__hist_same_month_z_at_origin,Monthly climate,Same-calendar-month historical z of hot_days_p95_month_ensmean at origin.,dimensionless,Training: IPCCH_shared_folder/climate_monthly_2015_2026_MODELING_READY.csv; Inference: IPCCH_shared_folder/climate_monthly_2015_2026_MODELING_READY.csv,O=T-H; strictly earlier-year history for each standardized month,"For each area/month u, P[u] is all nonmissing observations in strictly earlier years of the same calendar month; z[u]=(x[u]-mean(P[u]))/sample_sd(P[u],ddof=1). Output z[O].","Source-native NA; no carrier-row or saved-extra-NA mask; no interpolation or extra forward fill. XGBoost handles NA natively. Each z is NA if current x is missing, fewer than 2 prior same-month observations, or historical sample SD is zero.",numeric,true,1,true,1,true,1,true,1,true,1,"[""hot_days_p95_month_ensmean__hist_same_month_z_at_origin""]","{""compact_baseline/0m"":190,""compact_baseline/6m"":190,""compact_baseline/12m"":190,""compact_cds_weather/6m"":190,""compact_cds_weather/12m"":190}","[0, 6, 12]",same_month_z,hot_days_p95_month_ensmean,"Per source/pixel: count days where Tmax exceeds its calendar-day 95th percentile from 1991–2020, estimated with a ±15-day day-of-year window; polygon and source mean. Parameters/caveats: Primary threshold p95; report p90 and absolute crop-specific thresholds as robustness. Thresholds are source-specific before ensemble averaging.",".trellis/tasks/archive/2026-10/10-08-compact-climate-weather-oracle/design.md: Monthly recipes, names and time; src/ipcch/climate2015_features.py:125-128,160-188; .trellis/tasks/10-08-compact-cds-launch/design.md","Source observation month is an availability proxy; historical release vintage is not certified. This is an expected input, not a fitted result.",expected_not_fitted,IPCCH_shared_folder/climate_monthly_2015_2026_MODELING_READY.csv,IPCCH_shared_folder/climate_monthly_2015_2026_MODELING_READY.csv,"For each area/month u, P[u] is all nonmissing observations in strictly earlier years of the same calendar month; z[u]=(x[u]-mean(P[u]))/sample_sd(P[u],ddof=1). Output z[O].","For each area/month u, P[u] is all nonmissing observations in strictly earlier years of the same calendar month; z[u]=(x[u]-mean(P[u]))/sample_sd(P[u],ddof=1). Output z[O]. Use O=2026-04 and target T from the run index.","Source-native NA; no carrier-row or saved-extra-NA mask; no interpolation or extra forward fill. XGBoost handles NA natively. Each z is NA if current x is missing, fewer than 2 prior same-month observations, or historical sample SD is zero.","Source-native NA; no carrier-row or saved-extra-NA mask; no interpolation or extra forward fill. XGBoost handles NA natively. Each z is NA if current x is missing, fewer than 2 prior same-month observations, or historical sample SD is zero.",Inherited source/recipe definition; see base_source_definition,Inherited source/recipe definition; see base_source_definition,Inherited compact source; upstream aggregation not independently certified,Same retained compact source/recipe; upstream aggregation not independently certified
191,hot_days_p95_month_ensmean__hist_same_month_z_ma3_at_origin,Monthly climate,Same-calendar-month historical z of hot_days_p95_month_ensmean; MA3 of monthly z ending at origin.,dimensionless,Training: IPCCH_shared_folder/climate_monthly_2015_2026_MODELING_READY.csv; Inference: IPCCH_shared_folder/climate_monthly_2015_2026_MODELING_READY.csv,O=T-H; strictly earlier-year history for each standardized month,"For each area/month u, P[u] is all nonmissing observations in strictly earlier years of the same calendar month; z[u]=(x[u]-mean(P[u]))/sample_sd(P[u],ddof=1). Output mean_nonmissing(z[O-2:O]), at least 2 valid z values; compute monthly z before averaging.","Source-native NA; no carrier-row or saved-extra-NA mask; no interpolation or extra forward fill. XGBoost handles NA natively. Each z is NA if current x is missing, fewer than 2 prior same-month observations, or historical sample SD is zero. Rolling result is NA below 2 valid monthly z values in the fixed 3-month window.",numeric,true,1,true,1,true,1,true,1,true,1,"[""hot_days_p95_month_ensmean__hist_same_month_z_ma3_at_origin""]","{""compact_baseline/0m"":191,""compact_baseline/6m"":191,""compact_baseline/12m"":191,""compact_cds_weather/6m"":191,""compact_cds_weather/12m"":191}","[0, 6, 12]",same_month_z,hot_days_p95_month_ensmean,"Per source/pixel: count days where Tmax exceeds its calendar-day 95th percentile from 1991–2020, estimated with a ±15-day day-of-year window; polygon and source mean. Parameters/caveats: Primary threshold p95; report p90 and absolute crop-specific thresholds as robustness. Thresholds are source-specific before ensemble averaging.",".trellis/tasks/archive/2026-10/10-08-compact-climate-weather-oracle/design.md: Monthly recipes, names and time; src/ipcch/climate2015_features.py:125-128,160-188; .trellis/tasks/10-08-compact-cds-launch/design.md","Source observation month is an availability proxy; historical release vintage is not certified. This is an expected input, not a fitted result.",expected_not_fitted,IPCCH_shared_folder/climate_monthly_2015_2026_MODELING_READY.csv,IPCCH_shared_folder/climate_monthly_2015_2026_MODELING_READY.csv,"For each area/month u, P[u] is all nonmissing observations in strictly earlier years of the same calendar month; z[u]=(x[u]-mean(P[u]))/sample_sd(P[u],ddof=1). Output mean_nonmissing(z[O-2:O]), at least 2 valid z values; compute monthly z before averaging.","For each area/month u, P[u] is all nonmissing observations in strictly earlier years of the same calendar month; z[u]=(x[u]-mean(P[u]))/sample_sd(P[u],ddof=1). Output mean_nonmissing(z[O-2:O]), at least 2 valid z values; compute monthly z before averaging. Use O=2026-04 and target T from the run index.","Source-native NA; no carrier-row or saved-extra-NA mask; no interpolation or extra forward fill. XGBoost handles NA natively. Each z is NA if current x is missing, fewer than 2 prior same-month observations, or historical sample SD is zero. Rolling result is NA below 2 valid monthly z values in the fixed 3-month window.","Source-native NA; no carrier-row or saved-extra-NA mask; no interpolation or extra forward fill. XGBoost handles NA natively. Each z is NA if current x is missing, fewer than 2 prior same-month observations, or historical sample SD is zero. Rolling result is NA below 2 valid monthly z values in the fixed 3-month window.",Inherited source/recipe definition; see base_source_definition,Inherited source/recipe definition; see base_source_definition,Inherited compact source; upstream aggregation not independently certified,Same retained compact source/recipe; upstream aggregation not independently certified
192,hot_days_p95_month_ensmean__hist_same_month_z_ma6_at_origin,Monthly climate,Same-calendar-month historical z of hot_days_p95_month_ensmean; MA6 of monthly z ending at origin.,dimensionless,Training: IPCCH_shared_folder/climate_monthly_2015_2026_MODELING_READY.csv; Inference: IPCCH_shared_folder/climate_monthly_2015_2026_MODELING_READY.csv,O=T-H; strictly earlier-year history for each standardized month,"For each area/month u, P[u] is all nonmissing observations in strictly earlier years of the same calendar month; z[u]=(x[u]-mean(P[u]))/sample_sd(P[u],ddof=1). Output mean_nonmissing(z[O-5:O]), at least 3 valid z values; compute monthly z before averaging.","Source-native NA; no carrier-row or saved-extra-NA mask; no interpolation or extra forward fill. XGBoost handles NA natively. Each z is NA if current x is missing, fewer than 2 prior same-month observations, or historical sample SD is zero. Rolling result is NA below 3 valid monthly z values in the fixed 6-month window.",numeric,true,1,true,1,true,1,true,1,true,1,"[""hot_days_p95_month_ensmean__hist_same_month_z_ma6_at_origin""]","{""compact_baseline/0m"":192,""compact_baseline/6m"":192,""compact_baseline/12m"":192,""compact_cds_weather/6m"":192,""compact_cds_weather/12m"":192}","[0, 6, 12]",same_month_z,hot_days_p95_month_ensmean,"Per source/pixel: count days where Tmax exceeds its calendar-day 95th percentile from 1991–2020, estimated with a ±15-day day-of-year window; polygon and source mean. Parameters/caveats: Primary threshold p95; report p90 and absolute crop-specific thresholds as robustness. Thresholds are source-specific before ensemble averaging.",".trellis/tasks/archive/2026-10/10-08-compact-climate-weather-oracle/design.md: Monthly recipes, names and time; src/ipcch/climate2015_features.py:125-128,160-188; .trellis/tasks/10-08-compact-cds-launch/design.md","Source observation month is an availability proxy; historical release vintage is not certified. This is an expected input, not a fitted result.",expected_not_fitted,IPCCH_shared_folder/climate_monthly_2015_2026_MODELING_READY.csv,IPCCH_shared_folder/climate_monthly_2015_2026_MODELING_READY.csv,"For each area/month u, P[u] is all nonmissing observations in strictly earlier years of the same calendar month; z[u]=(x[u]-mean(P[u]))/sample_sd(P[u],ddof=1). Output mean_nonmissing(z[O-5:O]), at least 3 valid z values; compute monthly z before averaging.","For each area/month u, P[u] is all nonmissing observations in strictly earlier years of the same calendar month; z[u]=(x[u]-mean(P[u]))/sample_sd(P[u],ddof=1). Output mean_nonmissing(z[O-5:O]), at least 3 valid z values; compute monthly z before averaging. Use O=2026-04 and target T from the run index.","Source-native NA; no carrier-row or saved-extra-NA mask; no interpolation or extra forward fill. XGBoost handles NA natively. Each z is NA if current x is missing, fewer than 2 prior same-month observations, or historical sample SD is zero. Rolling result is NA below 3 valid monthly z values in the fixed 6-month window.","Source-native NA; no carrier-row or saved-extra-NA mask; no interpolation or extra forward fill. XGBoost handles NA natively. Each z is NA if current x is missing, fewer than 2 prior same-month observations, or historical sample SD is zero. Rolling result is NA below 3 valid monthly z values in the fixed 6-month window.",Inherited source/recipe definition; see base_source_definition,Inherited source/recipe definition; see base_source_definition,Inherited compact source; upstream aggregation not independently certified,Same retained compact source/recipe; upstream aggregation not independently certified
193,hot_days_p95_month_ensmean__hist_same_month_z_ma12_at_origin,Monthly climate,Same-calendar-month historical z of hot_days_p95_month_ensmean; MA12 of monthly z ending at origin.,dimensionless,Training: IPCCH_shared_folder/climate_monthly_2015_2026_MODELING_READY.csv; Inference: IPCCH_shared_folder/climate_monthly_2015_2026_MODELING_READY.csv,O=T-H; strictly earlier-year history for each standardized month,"For each area/month u, P[u] is all nonmissing observations in strictly earlier years of the same calendar month; z[u]=(x[u]-mean(P[u]))/sample_sd(P[u],ddof=1). Output mean_nonmissing(z[O-11:O]), at least 6 valid z values; compute monthly z before averaging.","Source-native NA; no carrier-row or saved-extra-NA mask; no interpolation or extra forward fill. XGBoost handles NA natively. Each z is NA if current x is missing, fewer than 2 prior same-month observations, or historical sample SD is zero. Rolling result is NA below 6 valid monthly z values in the fixed 12-month window.",numeric,true,1,true,1,true,1,true,1,true,1,"[""hot_days_p95_month_ensmean__hist_same_month_z_ma12_at_origin""]","{""compact_baseline/0m"":193,""compact_baseline/6m"":193,""compact_baseline/12m"":193,""compact_cds_weather/6m"":193,""compact_cds_weather/12m"":193}","[0, 6, 12]",same_month_z,hot_days_p95_month_ensmean,"Per source/pixel: count days where Tmax exceeds its calendar-day 95th percentile from 1991–2020, estimated with a ±15-day day-of-year window; polygon and source mean. Parameters/caveats: Primary threshold p95; report p90 and absolute crop-specific thresholds as robustness. Thresholds are source-specific before ensemble averaging.",".trellis/tasks/archive/2026-10/10-08-compact-climate-weather-oracle/design.md: Monthly recipes, names and time; src/ipcch/climate2015_features.py:125-128,160-188; .trellis/tasks/10-08-compact-cds-launch/design.md","Source observation month is an availability proxy; historical release vintage is not certified. This is an expected input, not a fitted result.",expected_not_fitted,IPCCH_shared_folder/climate_monthly_2015_2026_MODELING_READY.csv,IPCCH_shared_folder/climate_monthly_2015_2026_MODELING_READY.csv,"For each area/month u, P[u] is all nonmissing observations in strictly earlier years of the same calendar month; z[u]=(x[u]-mean(P[u]))/sample_sd(P[u],ddof=1). Output mean_nonmissing(z[O-11:O]), at least 6 valid z values; compute monthly z before averaging.","For each area/month u, P[u] is all nonmissing observations in strictly earlier years of the same calendar month; z[u]=(x[u]-mean(P[u]))/sample_sd(P[u],ddof=1). Output mean_nonmissing(z[O-11:O]), at least 6 valid z values; compute monthly z before averaging. Use O=2026-04 and target T from the run index.","Source-native NA; no carrier-row or saved-extra-NA mask; no interpolation or extra forward fill. XGBoost handles NA natively. Each z is NA if current x is missing, fewer than 2 prior same-month observations, or historical sample SD is zero. Rolling result is NA below 6 valid monthly z values in the fixed 12-month window.","Source-native NA; no carrier-row or saved-extra-NA mask; no interpolation or extra forward fill. XGBoost handles NA natively. Each z is NA if current x is missing, fewer than 2 prior same-month observations, or historical sample SD is zero. Rolling result is NA below 6 valid monthly z values in the fixed 12-month window.",Inherited source/recipe definition; see base_source_definition,Inherited source/recipe definition; see base_source_definition,Inherited compact source; upstream aggregation not independently certified,Same retained compact source/recipe; upstream aggregation not independently certified
194,gdd_month_ensmean__hist_same_month_z_at_origin,Monthly climate,Same-calendar-month historical z of gdd_month_ensmean at origin.,dimensionless,Training: IPCCH_shared_folder/climate_monthly_2015_2026_MODELING_READY.csv; Inference: IPCCH_shared_folder/climate_monthly_2015_2026_MODELING_READY.csv,O=T-H; strictly earlier-year history for each standardized month,"For each area/month u, P[u] is all nonmissing observations in strictly earlier years of the same calendar month; z[u]=(x[u]-mean(P[u]))/sample_sd(P[u],ddof=1). Output z[O].","Source-native NA; no carrier-row or saved-extra-NA mask; no interpolation or extra forward fill. XGBoost handles NA natively. Each z is NA if current x is missing, fewer than 2 prior same-month observations, or historical sample SD is zero.",numeric,true,1,true,1,true,1,true,1,true,1,"[""gdd_month_ensmean__hist_same_month_z_at_origin""]","{""compact_baseline/0m"":194,""compact_baseline/6m"":194,""compact_baseline/12m"":194,""compact_cds_weather/6m"":194,""compact_cds_weather/12m"":194}","[0, 6, 12]",same_month_z,gdd_month_ensmean,"Per source/pixel/day compute bounded GDD, sum in month, crop-area-weight, then source mean. Parameters/caveats: Crop-specific preferred. Generic fallback: Tbase=10°C, Tcap=30°C; GDD=max(([min(Tmax,Tcap)+max(Tmin,Tbase)]/2)−Tbase,0).",".trellis/tasks/archive/2026-10/10-08-compact-climate-weather-oracle/design.md: Monthly recipes, names and time; src/ipcch/climate2015_features.py:125-128,160-188; .trellis/tasks/10-08-compact-cds-launch/design.md","Source observation month is an availability proxy; historical release vintage is not certified. This is an expected input, not a fitted result.",expected_not_fitted,IPCCH_shared_folder/climate_monthly_2015_2026_MODELING_READY.csv,IPCCH_shared_folder/climate_monthly_2015_2026_MODELING_READY.csv,"For each area/month u, P[u] is all nonmissing observations in strictly earlier years of the same calendar month; z[u]=(x[u]-mean(P[u]))/sample_sd(P[u],ddof=1). Output z[O].","For each area/month u, P[u] is all nonmissing observations in strictly earlier years of the same calendar month; z[u]=(x[u]-mean(P[u]))/sample_sd(P[u],ddof=1). Output z[O]. Use O=2026-04 and target T from the run index.","Source-native NA; no carrier-row or saved-extra-NA mask; no interpolation or extra forward fill. XGBoost handles NA natively. Each z is NA if current x is missing, fewer than 2 prior same-month observations, or historical sample SD is zero.","Source-native NA; no carrier-row or saved-extra-NA mask; no interpolation or extra forward fill. XGBoost handles NA natively. Each z is NA if current x is missing, fewer than 2 prior same-month observations, or historical sample SD is zero.",Inherited source/recipe definition; see base_source_definition,Inherited source/recipe definition; see base_source_definition,Inherited compact source; upstream aggregation not independently certified,Same retained compact source/recipe; upstream aggregation not independently certified
195,gdd_month_ensmean__hist_same_month_z_ma3_at_origin,Monthly climate,Same-calendar-month historical z of gdd_month_ensmean; MA3 of monthly z ending at origin.,dimensionless,Training: IPCCH_shared_folder/climate_monthly_2015_2026_MODELING_READY.csv; Inference: IPCCH_shared_folder/climate_monthly_2015_2026_MODELING_READY.csv,O=T-H; strictly earlier-year history for each standardized month,"For each area/month u, P[u] is all nonmissing observations in strictly earlier years of the same calendar month; z[u]=(x[u]-mean(P[u]))/sample_sd(P[u],ddof=1). Output mean_nonmissing(z[O-2:O]), at least 2 valid z values; compute monthly z before averaging.","Source-native NA; no carrier-row or saved-extra-NA mask; no interpolation or extra forward fill. XGBoost handles NA natively. Each z is NA if current x is missing, fewer than 2 prior same-month observations, or historical sample SD is zero. Rolling result is NA below 2 valid monthly z values in the fixed 3-month window.",numeric,true,1,true,1,true,1,true,1,true,1,"[""gdd_month_ensmean__hist_same_month_z_ma3_at_origin""]","{""compact_baseline/0m"":195,""compact_baseline/6m"":195,""compact_baseline/12m"":195,""compact_cds_weather/6m"":195,""compact_cds_weather/12m"":195}","[0, 6, 12]",same_month_z,gdd_month_ensmean,"Per source/pixel/day compute bounded GDD, sum in month, crop-area-weight, then source mean. Parameters/caveats: Crop-specific preferred. Generic fallback: Tbase=10°C, Tcap=30°C; GDD=max(([min(Tmax,Tcap)+max(Tmin,Tbase)]/2)−Tbase,0).",".trellis/tasks/archive/2026-10/10-08-compact-climate-weather-oracle/design.md: Monthly recipes, names and time; src/ipcch/climate2015_features.py:125-128,160-188; .trellis/tasks/10-08-compact-cds-launch/design.md","Source observation month is an availability proxy; historical release vintage is not certified. This is an expected input, not a fitted result.",expected_not_fitted,IPCCH_shared_folder/climate_monthly_2015_2026_MODELING_READY.csv,IPCCH_shared_folder/climate_monthly_2015_2026_MODELING_READY.csv,"For each area/month u, P[u] is all nonmissing observations in strictly earlier years of the same calendar month; z[u]=(x[u]-mean(P[u]))/sample_sd(P[u],ddof=1). Output mean_nonmissing(z[O-2:O]), at least 2 valid z values; compute monthly z before averaging.","For each area/month u, P[u] is all nonmissing observations in strictly earlier years of the same calendar month; z[u]=(x[u]-mean(P[u]))/sample_sd(P[u],ddof=1). Output mean_nonmissing(z[O-2:O]), at least 2 valid z values; compute monthly z before averaging. Use O=2026-04 and target T from the run index.","Source-native NA; no carrier-row or saved-extra-NA mask; no interpolation or extra forward fill. XGBoost handles NA natively. Each z is NA if current x is missing, fewer than 2 prior same-month observations, or historical sample SD is zero. Rolling result is NA below 2 valid monthly z values in the fixed 3-month window.","Source-native NA; no carrier-row or saved-extra-NA mask; no interpolation or extra forward fill. XGBoost handles NA natively. Each z is NA if current x is missing, fewer than 2 prior same-month observations, or historical sample SD is zero. Rolling result is NA below 2 valid monthly z values in the fixed 3-month window.",Inherited source/recipe definition; see base_source_definition,Inherited source/recipe definition; see base_source_definition,Inherited compact source; upstream aggregation not independently certified,Same retained compact source/recipe; upstream aggregation not independently certified
196,gdd_month_ensmean__hist_same_month_z_ma6_at_origin,Monthly climate,Same-calendar-month historical z of gdd_month_ensmean; MA6 of monthly z ending at origin.,dimensionless,Training: IPCCH_shared_folder/climate_monthly_2015_2026_MODELING_READY.csv; Inference: IPCCH_shared_folder/climate_monthly_2015_2026_MODELING_READY.csv,O=T-H; strictly earlier-year history for each standardized month,"For each area/month u, P[u] is all nonmissing observations in strictly earlier years of the same calendar month; z[u]=(x[u]-mean(P[u]))/sample_sd(P[u],ddof=1). Output mean_nonmissing(z[O-5:O]), at least 3 valid z values; compute monthly z before averaging.","Source-native NA; no carrier-row or saved-extra-NA mask; no interpolation or extra forward fill. XGBoost handles NA natively. Each z is NA if current x is missing, fewer than 2 prior same-month observations, or historical sample SD is zero. Rolling result is NA below 3 valid monthly z values in the fixed 6-month window.",numeric,true,1,true,1,true,1,true,1,true,1,"[""gdd_month_ensmean__hist_same_month_z_ma6_at_origin""]","{""compact_baseline/0m"":196,""compact_baseline/6m"":196,""compact_baseline/12m"":196,""compact_cds_weather/6m"":196,""compact_cds_weather/12m"":196}","[0, 6, 12]",same_month_z,gdd_month_ensmean,"Per source/pixel/day compute bounded GDD, sum in month, crop-area-weight, then source mean. Parameters/caveats: Crop-specific preferred. Generic fallback: Tbase=10°C, Tcap=30°C; GDD=max(([min(Tmax,Tcap)+max(Tmin,Tbase)]/2)−Tbase,0).",".trellis/tasks/archive/2026-10/10-08-compact-climate-weather-oracle/design.md: Monthly recipes, names and time; src/ipcch/climate2015_features.py:125-128,160-188; .trellis/tasks/10-08-compact-cds-launch/design.md","Source observation month is an availability proxy; historical release vintage is not certified. This is an expected input, not a fitted result.",expected_not_fitted,IPCCH_shared_folder/climate_monthly_2015_2026_MODELING_READY.csv,IPCCH_shared_folder/climate_monthly_2015_2026_MODELING_READY.csv,"For each area/month u, P[u] is all nonmissing observations in strictly earlier years of the same calendar month; z[u]=(x[u]-mean(P[u]))/sample_sd(P[u],ddof=1). Output mean_nonmissing(z[O-5:O]), at least 3 valid z values; compute monthly z before averaging.","For each area/month u, P[u] is all nonmissing observations in strictly earlier years of the same calendar month; z[u]=(x[u]-mean(P[u]))/sample_sd(P[u],ddof=1). Output mean_nonmissing(z[O-5:O]), at least 3 valid z values; compute monthly z before averaging. Use O=2026-04 and target T from the run index.","Source-native NA; no carrier-row or saved-extra-NA mask; no interpolation or extra forward fill. XGBoost handles NA natively. Each z is NA if current x is missing, fewer than 2 prior same-month observations, or historical sample SD is zero. Rolling result is NA below 3 valid monthly z values in the fixed 6-month window.","Source-native NA; no carrier-row or saved-extra-NA mask; no interpolation or extra forward fill. XGBoost handles NA natively. Each z is NA if current x is missing, fewer than 2 prior same-month observations, or historical sample SD is zero. Rolling result is NA below 3 valid monthly z values in the fixed 6-month window.",Inherited source/recipe definition; see base_source_definition,Inherited source/recipe definition; see base_source_definition,Inherited compact source; upstream aggregation not independently certified,Same retained compact source/recipe; upstream aggregation not independently certified
197,gdd_month_ensmean__hist_same_month_z_ma12_at_origin,Monthly climate,Same-calendar-month historical z of gdd_month_ensmean; MA12 of monthly z ending at origin.,dimensionless,Training: IPCCH_shared_folder/climate_monthly_2015_2026_MODELING_READY.csv; Inference: IPCCH_shared_folder/climate_monthly_2015_2026_MODELING_READY.csv,O=T-H; strictly earlier-year history for each standardized month,"For each area/month u, P[u] is all nonmissing observations in strictly earlier years of the same calendar month; z[u]=(x[u]-mean(P[u]))/sample_sd(P[u],ddof=1). Output mean_nonmissing(z[O-11:O]), at least 6 valid z values; compute monthly z before averaging.","Source-native NA; no carrier-row or saved-extra-NA mask; no interpolation or extra forward fill. XGBoost handles NA natively. Each z is NA if current x is missing, fewer than 2 prior same-month observations, or historical sample SD is zero. Rolling result is NA below 6 valid monthly z values in the fixed 12-month window.",numeric,true,1,true,1,true,1,true,1,true,1,"[""gdd_month_ensmean__hist_same_month_z_ma12_at_origin""]","{""compact_baseline/0m"":197,""compact_baseline/6m"":197,""compact_baseline/12m"":197,""compact_cds_weather/6m"":197,""compact_cds_weather/12m"":197}","[0, 6, 12]",same_month_z,gdd_month_ensmean,"Per source/pixel/day compute bounded GDD, sum in month, crop-area-weight, then source mean. Parameters/caveats: Crop-specific preferred. Generic fallback: Tbase=10°C, Tcap=30°C; GDD=max(([min(Tmax,Tcap)+max(Tmin,Tbase)]/2)−Tbase,0).",".trellis/tasks/archive/2026-10/10-08-compact-climate-weather-oracle/design.md: Monthly recipes, names and time; src/ipcch/climate2015_features.py:125-128,160-188; .trellis/tasks/10-08-compact-cds-launch/design.md","Source observation month is an availability proxy; historical release vintage is not certified. This is an expected input, not a fitted result.",expected_not_fitted,IPCCH_shared_folder/climate_monthly_2015_2026_MODELING_READY.csv,IPCCH_shared_folder/climate_monthly_2015_2026_MODELING_READY.csv,"For each area/month u, P[u] is all nonmissing observations in strictly earlier years of the same calendar month; z[u]=(x[u]-mean(P[u]))/sample_sd(P[u],ddof=1). Output mean_nonmissing(z[O-11:O]), at least 6 valid z values; compute monthly z before averaging.","For each area/month u, P[u] is all nonmissing observations in strictly earlier years of the same calendar month; z[u]=(x[u]-mean(P[u]))/sample_sd(P[u],ddof=1). Output mean_nonmissing(z[O-11:O]), at least 6 valid z values; compute monthly z before averaging. Use O=2026-04 and target T from the run index.","Source-native NA; no carrier-row or saved-extra-NA mask; no interpolation or extra forward fill. XGBoost handles NA natively. Each z is NA if current x is missing, fewer than 2 prior same-month observations, or historical sample SD is zero. Rolling result is NA below 6 valid monthly z values in the fixed 12-month window.","Source-native NA; no carrier-row or saved-extra-NA mask; no interpolation or extra forward fill. XGBoost handles NA natively. Each z is NA if current x is missing, fewer than 2 prior same-month observations, or historical sample SD is zero. Rolling result is NA below 6 valid monthly z values in the fixed 12-month window.",Inherited source/recipe definition; see base_source_definition,Inherited source/recipe definition; see base_source_definition,Inherited compact source; upstream aggregation not independently certified,Same retained compact source/recipe; upstream aggregation not independently certified
198,edd_month_ensmean__hist_same_month_z_at_origin,Monthly climate,Same-calendar-month historical z of edd_month_ensmean at origin.,dimensionless,Training: IPCCH_shared_folder/climate_monthly_2015_2026_MODELING_READY.csv; Inference: IPCCH_shared_folder/climate_monthly_2015_2026_MODELING_READY.csv,O=T-H; strictly earlier-year history for each standardized month,"For each area/month u, P[u] is all nonmissing observations in strictly earlier years of the same calendar month; z[u]=(x[u]-mean(P[u]))/sample_sd(P[u],ddof=1). Output z[O].","Source-native NA; no carrier-row or saved-extra-NA mask; no interpolation or extra forward fill. XGBoost handles NA natively. Each z is NA if current x is missing, fewer than 2 prior same-month observations, or historical sample SD is zero.",numeric,true,1,true,1,true,1,true,1,true,1,"[""edd_month_ensmean__hist_same_month_z_at_origin""]","{""compact_baseline/0m"":198,""compact_baseline/6m"":198,""compact_baseline/12m"":198,""compact_cds_weather/6m"":198,""compact_cds_weather/12m"":198}","[0, 6, 12]",same_month_z,edd_month_ensmean,"Per source/pixel/day: EDD=max(Tmax−Tcrit,0); sum in month; crop-area-weight; source mean. Parameters/caveats: Crop-specific Tcrit preferred; generic fallback 30°C. Calculate before spatial/ensemble averaging because the transform is nonlinear.",".trellis/tasks/archive/2026-10/10-08-compact-climate-weather-oracle/design.md: Monthly recipes, names and time; src/ipcch/climate2015_features.py:125-128,160-188; .trellis/tasks/10-08-compact-cds-launch/design.md","Source observation month is an availability proxy; historical release vintage is not certified. This is an expected input, not a fitted result.",expected_not_fitted,IPCCH_shared_folder/climate_monthly_2015_2026_MODELING_READY.csv,IPCCH_shared_folder/climate_monthly_2015_2026_MODELING_READY.csv,"For each area/month u, P[u] is all nonmissing observations in strictly earlier years of the same calendar month; z[u]=(x[u]-mean(P[u]))/sample_sd(P[u],ddof=1). Output z[O].","For each area/month u, P[u] is all nonmissing observations in strictly earlier years of the same calendar month; z[u]=(x[u]-mean(P[u]))/sample_sd(P[u],ddof=1). Output z[O]. Use O=2026-04 and target T from the run index.","Source-native NA; no carrier-row or saved-extra-NA mask; no interpolation or extra forward fill. XGBoost handles NA natively. Each z is NA if current x is missing, fewer than 2 prior same-month observations, or historical sample SD is zero.","Source-native NA; no carrier-row or saved-extra-NA mask; no interpolation or extra forward fill. XGBoost handles NA natively. Each z is NA if current x is missing, fewer than 2 prior same-month observations, or historical sample SD is zero.",Inherited source/recipe definition; see base_source_definition,Inherited source/recipe definition; see base_source_definition,Inherited compact source; upstream aggregation not independently certified,Same retained compact source/recipe; upstream aggregation not independently certified
199,edd_month_ensmean__hist_same_month_z_ma3_at_origin,Monthly climate,Same-calendar-month historical z of edd_month_ensmean; MA3 of monthly z ending at origin.,dimensionless,Training: IPCCH_shared_folder/climate_monthly_2015_2026_MODELING_READY.csv; Inference: IPCCH_shared_folder/climate_monthly_2015_2026_MODELING_READY.csv,O=T-H; strictly earlier-year history for each standardized month,"For each area/month u, P[u] is all nonmissing observations in strictly earlier years of the same calendar month; z[u]=(x[u]-mean(P[u]))/sample_sd(P[u],ddof=1). Output mean_nonmissing(z[O-2:O]), at least 2 valid z values; compute monthly z before averaging.","Source-native NA; no carrier-row or saved-extra-NA mask; no interpolation or extra forward fill. XGBoost handles NA natively. Each z is NA if current x is missing, fewer than 2 prior same-month observations, or historical sample SD is zero. Rolling result is NA below 2 valid monthly z values in the fixed 3-month window.",numeric,true,1,true,1,true,1,true,1,true,1,"[""edd_month_ensmean__hist_same_month_z_ma3_at_origin""]","{""compact_baseline/0m"":199,""compact_baseline/6m"":199,""compact_baseline/12m"":199,""compact_cds_weather/6m"":199,""compact_cds_weather/12m"":199}","[0, 6, 12]",same_month_z,edd_month_ensmean,"Per source/pixel/day: EDD=max(Tmax−Tcrit,0); sum in month; crop-area-weight; source mean. Parameters/caveats: Crop-specific Tcrit preferred; generic fallback 30°C. Calculate before spatial/ensemble averaging because the transform is nonlinear.",".trellis/tasks/archive/2026-10/10-08-compact-climate-weather-oracle/design.md: Monthly recipes, names and time; src/ipcch/climate2015_features.py:125-128,160-188; .trellis/tasks/10-08-compact-cds-launch/design.md","Source observation month is an availability proxy; historical release vintage is not certified. This is an expected input, not a fitted result.",expected_not_fitted,IPCCH_shared_folder/climate_monthly_2015_2026_MODELING_READY.csv,IPCCH_shared_folder/climate_monthly_2015_2026_MODELING_READY.csv,"For each area/month u, P[u] is all nonmissing observations in strictly earlier years of the same calendar month; z[u]=(x[u]-mean(P[u]))/sample_sd(P[u],ddof=1). Output mean_nonmissing(z[O-2:O]), at least 2 valid z values; compute monthly z before averaging.","For each area/month u, P[u] is all nonmissing observations in strictly earlier years of the same calendar month; z[u]=(x[u]-mean(P[u]))/sample_sd(P[u],ddof=1). Output mean_nonmissing(z[O-2:O]), at least 2 valid z values; compute monthly z before averaging. Use O=2026-04 and target T from the run index.","Source-native NA; no carrier-row or saved-extra-NA mask; no interpolation or extra forward fill. XGBoost handles NA natively. Each z is NA if current x is missing, fewer than 2 prior same-month observations, or historical sample SD is zero. Rolling result is NA below 2 valid monthly z values in the fixed 3-month window.","Source-native NA; no carrier-row or saved-extra-NA mask; no interpolation or extra forward fill. XGBoost handles NA natively. Each z is NA if current x is missing, fewer than 2 prior same-month observations, or historical sample SD is zero. Rolling result is NA below 2 valid monthly z values in the fixed 3-month window.",Inherited source/recipe definition; see base_source_definition,Inherited source/recipe definition; see base_source_definition,Inherited compact source; upstream aggregation not independently certified,Same retained compact source/recipe; upstream aggregation not independently certified
200,edd_month_ensmean__hist_same_month_z_ma6_at_origin,Monthly climate,Same-calendar-month historical z of edd_month_ensmean; MA6 of monthly z ending at origin.,dimensionless,Training: IPCCH_shared_folder/climate_monthly_2015_2026_MODELING_READY.csv; Inference: IPCCH_shared_folder/climate_monthly_2015_2026_MODELING_READY.csv,O=T-H; strictly earlier-year history for each standardized month,"For each area/month u, P[u] is all nonmissing observations in strictly earlier years of the same calendar month; z[u]=(x[u]-mean(P[u]))/sample_sd(P[u],ddof=1). Output mean_nonmissing(z[O-5:O]), at least 3 valid z values; compute monthly z before averaging.","Source-native NA; no carrier-row or saved-extra-NA mask; no interpolation or extra forward fill. XGBoost handles NA natively. Each z is NA if current x is missing, fewer than 2 prior same-month observations, or historical sample SD is zero. Rolling result is NA below 3 valid monthly z values in the fixed 6-month window.",numeric,true,1,true,1,true,1,true,1,true,1,"[""edd_month_ensmean__hist_same_month_z_ma6_at_origin""]","{""compact_baseline/0m"":200,""compact_baseline/6m"":200,""compact_baseline/12m"":200,""compact_cds_weather/6m"":200,""compact_cds_weather/12m"":200}","[0, 6, 12]",same_month_z,edd_month_ensmean,"Per source/pixel/day: EDD=max(Tmax−Tcrit,0); sum in month; crop-area-weight; source mean. Parameters/caveats: Crop-specific Tcrit preferred; generic fallback 30°C. Calculate before spatial/ensemble averaging because the transform is nonlinear.",".trellis/tasks/archive/2026-10/10-08-compact-climate-weather-oracle/design.md: Monthly recipes, names and time; src/ipcch/climate2015_features.py:125-128,160-188; .trellis/tasks/10-08-compact-cds-launch/design.md","Source observation month is an availability proxy; historical release vintage is not certified. This is an expected input, not a fitted result.",expected_not_fitted,IPCCH_shared_folder/climate_monthly_2015_2026_MODELING_READY.csv,IPCCH_shared_folder/climate_monthly_2015_2026_MODELING_READY.csv,"For each area/month u, P[u] is all nonmissing observations in strictly earlier years of the same calendar month; z[u]=(x[u]-mean(P[u]))/sample_sd(P[u],ddof=1). Output mean_nonmissing(z[O-5:O]), at least 3 valid z values; compute monthly z before averaging.","For each area/month u, P[u] is all nonmissing observations in strictly earlier years of the same calendar month; z[u]=(x[u]-mean(P[u]))/sample_sd(P[u],ddof=1). Output mean_nonmissing(z[O-5:O]), at least 3 valid z values; compute monthly z before averaging. Use O=2026-04 and target T from the run index.","Source-native NA; no carrier-row or saved-extra-NA mask; no interpolation or extra forward fill. XGBoost handles NA natively. Each z is NA if current x is missing, fewer than 2 prior same-month observations, or historical sample SD is zero. Rolling result is NA below 3 valid monthly z values in the fixed 6-month window.","Source-native NA; no carrier-row or saved-extra-NA mask; no interpolation or extra forward fill. XGBoost handles NA natively. Each z is NA if current x is missing, fewer than 2 prior same-month observations, or historical sample SD is zero. Rolling result is NA below 3 valid monthly z values in the fixed 6-month window.",Inherited source/recipe definition; see base_source_definition,Inherited source/recipe definition; see base_source_definition,Inherited compact source; upstream aggregation not independently certified,Same retained compact source/recipe; upstream aggregation not independently certified
201,edd_month_ensmean__hist_same_month_z_ma12_at_origin,Monthly climate,Same-calendar-month historical z of edd_month_ensmean; MA12 of monthly z ending at origin.,dimensionless,Training: IPCCH_shared_folder/climate_monthly_2015_2026_MODELING_READY.csv; Inference: IPCCH_shared_folder/climate_monthly_2015_2026_MODELING_READY.csv,O=T-H; strictly earlier-year history for each standardized month,"For each area/month u, P[u] is all nonmissing observations in strictly earlier years of the same calendar month; z[u]=(x[u]-mean(P[u]))/sample_sd(P[u],ddof=1). Output mean_nonmissing(z[O-11:O]), at least 6 valid z values; compute monthly z before averaging.","Source-native NA; no carrier-row or saved-extra-NA mask; no interpolation or extra forward fill. XGBoost handles NA natively. Each z is NA if current x is missing, fewer than 2 prior same-month observations, or historical sample SD is zero. Rolling result is NA below 6 valid monthly z values in the fixed 12-month window.",numeric,true,1,true,1,true,1,true,1,true,1,"[""edd_month_ensmean__hist_same_month_z_ma12_at_origin""]","{""compact_baseline/0m"":201,""compact_baseline/6m"":201,""compact_baseline/12m"":201,""compact_cds_weather/6m"":201,""compact_cds_weather/12m"":201}","[0, 6, 12]",same_month_z,edd_month_ensmean,"Per source/pixel/day: EDD=max(Tmax−Tcrit,0); sum in month; crop-area-weight; source mean. Parameters/caveats: Crop-specific Tcrit preferred; generic fallback 30°C. Calculate before spatial/ensemble averaging because the transform is nonlinear.",".trellis/tasks/archive/2026-10/10-08-compact-climate-weather-oracle/design.md: Monthly recipes, names and time; src/ipcch/climate2015_features.py:125-128,160-188; .trellis/tasks/10-08-compact-cds-launch/design.md","Source observation month is an availability proxy; historical release vintage is not certified. This is an expected input, not a fitted result.",expected_not_fitted,IPCCH_shared_folder/climate_monthly_2015_2026_MODELING_READY.csv,IPCCH_shared_folder/climate_monthly_2015_2026_MODELING_READY.csv,"For each area/month u, P[u] is all nonmissing observations in strictly earlier years of the same calendar month; z[u]=(x[u]-mean(P[u]))/sample_sd(P[u],ddof=1). Output mean_nonmissing(z[O-11:O]), at least 6 valid z values; compute monthly z before averaging.","For each area/month u, P[u] is all nonmissing observations in strictly earlier years of the same calendar month; z[u]=(x[u]-mean(P[u]))/sample_sd(P[u],ddof=1). Output mean_nonmissing(z[O-11:O]), at least 6 valid z values; compute monthly z before averaging. Use O=2026-04 and target T from the run index.","Source-native NA; no carrier-row or saved-extra-NA mask; no interpolation or extra forward fill. XGBoost handles NA natively. Each z is NA if current x is missing, fewer than 2 prior same-month observations, or historical sample SD is zero. Rolling result is NA below 6 valid monthly z values in the fixed 12-month window.","Source-native NA; no carrier-row or saved-extra-NA mask; no interpolation or extra forward fill. XGBoost handles NA natively. Each z is NA if current x is missing, fewer than 2 prior same-month observations, or historical sample SD is zero. Rolling result is NA below 6 valid monthly z values in the fixed 12-month window.",Inherited source/recipe definition; see base_source_definition,Inherited source/recipe definition; see base_source_definition,Inherited compact source; upstream aggregation not independently certified,Same retained compact source/recipe; upstream aggregation not independently certified
202,evi_anom_month_ensmean__hist_same_month_z_at_origin,Monthly climate,Same-calendar-month historical z of evi_anom_month_ensmean at origin.,dimensionless,Training: IPCCH_shared_folder/climate_monthly_2015_2026_MODELING_READY.csv; Inference: IPCCH_shared_folder/climate_monthly_2015_2026_MODELING_READY.csv,O=T-H; strictly earlier-year history for each standardized month,"For each area/month u, P[u] is all nonmissing observations in strictly earlier years of the same calendar month; z[u]=(x[u]-mean(P[u]))/sample_sd(P[u],ddof=1). Output z[O].","Source-native NA; no carrier-row or saved-extra-NA mask; no interpolation or extra forward fill. XGBoost handles NA natively. Each z is NA if current x is missing, fewer than 2 prior same-month observations, or historical sample SD is zero.",numeric,true,1,true,1,true,1,true,1,true,1,"[""evi_anom_month_ensmean__hist_same_month_z_at_origin""]","{""compact_baseline/0m"":202,""compact_baseline/6m"":202,""compact_baseline/12m"":202,""compact_cds_weather/6m"":202,""compact_cds_weather/12m"":202}","[0, 6, 12]",same_month_z,evi_anom_month_ensmean,QA-screen 16-day composites; overlap-day-weight observations into month; subtract 2003–2020 calendar-month climatology per sensor; crop-area polygon mean; Terra/Aqua mean. Parameters/caveats: Apply 0.0001 scale factor. EVI is less prone to high-biomass saturation than NDVI but is not identical to MCD12Q2 NBAR-EVI2.,".trellis/tasks/archive/2026-10/10-08-compact-climate-weather-oracle/design.md: Monthly recipes, names and time; src/ipcch/climate2015_features.py:125-128,160-188; .trellis/tasks/10-08-compact-cds-launch/design.md","Source observation month is an availability proxy; historical release vintage is not certified. This is an expected input, not a fitted result.",expected_not_fitted,IPCCH_shared_folder/climate_monthly_2015_2026_MODELING_READY.csv,IPCCH_shared_folder/climate_monthly_2015_2026_MODELING_READY.csv,"For each area/month u, P[u] is all nonmissing observations in strictly earlier years of the same calendar month; z[u]=(x[u]-mean(P[u]))/sample_sd(P[u],ddof=1). Output z[O].","For each area/month u, P[u] is all nonmissing observations in strictly earlier years of the same calendar month; z[u]=(x[u]-mean(P[u]))/sample_sd(P[u],ddof=1). Output z[O]. Use O=2026-04 and target T from the run index.","Source-native NA; no carrier-row or saved-extra-NA mask; no interpolation or extra forward fill. XGBoost handles NA natively. Each z is NA if current x is missing, fewer than 2 prior same-month observations, or historical sample SD is zero.","Source-native NA; no carrier-row or saved-extra-NA mask; no interpolation or extra forward fill. XGBoost handles NA natively. Each z is NA if current x is missing, fewer than 2 prior same-month observations, or historical sample SD is zero.",Inherited source/recipe definition; see base_source_definition,Inherited source/recipe definition; see base_source_definition,Inherited compact source; upstream aggregation not independently certified,Same retained compact source/recipe; upstream aggregation not independently certified
203,evi_anom_month_ensmean__hist_same_month_z_ma3_at_origin,Monthly climate,Same-calendar-month historical z of evi_anom_month_ensmean; MA3 of monthly z ending at origin.,dimensionless,Training: IPCCH_shared_folder/climate_monthly_2015_2026_MODELING_READY.csv; Inference: IPCCH_shared_folder/climate_monthly_2015_2026_MODELING_READY.csv,O=T-H; strictly earlier-year history for each standardized month,"For each area/month u, P[u] is all nonmissing observations in strictly earlier years of the same calendar month; z[u]=(x[u]-mean(P[u]))/sample_sd(P[u],ddof=1). Output mean_nonmissing(z[O-2:O]), at least 2 valid z values; compute monthly z before averaging.","Source-native NA; no carrier-row or saved-extra-NA mask; no interpolation or extra forward fill. XGBoost handles NA natively. Each z is NA if current x is missing, fewer than 2 prior same-month observations, or historical sample SD is zero. Rolling result is NA below 2 valid monthly z values in the fixed 3-month window.",numeric,true,1,true,1,true,1,true,1,true,1,"[""evi_anom_month_ensmean__hist_same_month_z_ma3_at_origin""]","{""compact_baseline/0m"":203,""compact_baseline/6m"":203,""compact_baseline/12m"":203,""compact_cds_weather/6m"":203,""compact_cds_weather/12m"":203}","[0, 6, 12]",same_month_z,evi_anom_month_ensmean,QA-screen 16-day composites; overlap-day-weight observations into month; subtract 2003–2020 calendar-month climatology per sensor; crop-area polygon mean; Terra/Aqua mean. Parameters/caveats: Apply 0.0001 scale factor. EVI is less prone to high-biomass saturation than NDVI but is not identical to MCD12Q2 NBAR-EVI2.,".trellis/tasks/archive/2026-10/10-08-compact-climate-weather-oracle/design.md: Monthly recipes, names and time; src/ipcch/climate2015_features.py:125-128,160-188; .trellis/tasks/10-08-compact-cds-launch/design.md","Source observation month is an availability proxy; historical release vintage is not certified. This is an expected input, not a fitted result.",expected_not_fitted,IPCCH_shared_folder/climate_monthly_2015_2026_MODELING_READY.csv,IPCCH_shared_folder/climate_monthly_2015_2026_MODELING_READY.csv,"For each area/month u, P[u] is all nonmissing observations in strictly earlier years of the same calendar month; z[u]=(x[u]-mean(P[u]))/sample_sd(P[u],ddof=1). Output mean_nonmissing(z[O-2:O]), at least 2 valid z values; compute monthly z before averaging.","For each area/month u, P[u] is all nonmissing observations in strictly earlier years of the same calendar month; z[u]=(x[u]-mean(P[u]))/sample_sd(P[u],ddof=1). Output mean_nonmissing(z[O-2:O]), at least 2 valid z values; compute monthly z before averaging. Use O=2026-04 and target T from the run index.","Source-native NA; no carrier-row or saved-extra-NA mask; no interpolation or extra forward fill. XGBoost handles NA natively. Each z is NA if current x is missing, fewer than 2 prior same-month observations, or historical sample SD is zero. Rolling result is NA below 2 valid monthly z values in the fixed 3-month window.","Source-native NA; no carrier-row or saved-extra-NA mask; no interpolation or extra forward fill. XGBoost handles NA natively. Each z is NA if current x is missing, fewer than 2 prior same-month observations, or historical sample SD is zero. Rolling result is NA below 2 valid monthly z values in the fixed 3-month window.",Inherited source/recipe definition; see base_source_definition,Inherited source/recipe definition; see base_source_definition,Inherited compact source; upstream aggregation not independently certified,Same retained compact source/recipe; upstream aggregation not independently certified
204,evi_anom_month_ensmean__hist_same_month_z_ma6_at_origin,Monthly climate,Same-calendar-month historical z of evi_anom_month_ensmean; MA6 of monthly z ending at origin.,dimensionless,Training: IPCCH_shared_folder/climate_monthly_2015_2026_MODELING_READY.csv; Inference: IPCCH_shared_folder/climate_monthly_2015_2026_MODELING_READY.csv,O=T-H; strictly earlier-year history for each standardized month,"For each area/month u, P[u] is all nonmissing observations in strictly earlier years of the same calendar month; z[u]=(x[u]-mean(P[u]))/sample_sd(P[u],ddof=1). Output mean_nonmissing(z[O-5:O]), at least 3 valid z values; compute monthly z before averaging.","Source-native NA; no carrier-row or saved-extra-NA mask; no interpolation or extra forward fill. XGBoost handles NA natively. Each z is NA if current x is missing, fewer than 2 prior same-month observations, or historical sample SD is zero. Rolling result is NA below 3 valid monthly z values in the fixed 6-month window.",numeric,true,1,true,1,true,1,true,1,true,1,"[""evi_anom_month_ensmean__hist_same_month_z_ma6_at_origin""]","{""compact_baseline/0m"":204,""compact_baseline/6m"":204,""compact_baseline/12m"":204,""compact_cds_weather/6m"":204,""compact_cds_weather/12m"":204}","[0, 6, 12]",same_month_z,evi_anom_month_ensmean,QA-screen 16-day composites; overlap-day-weight observations into month; subtract 2003–2020 calendar-month climatology per sensor; crop-area polygon mean; Terra/Aqua mean. Parameters/caveats: Apply 0.0001 scale factor. EVI is less prone to high-biomass saturation than NDVI but is not identical to MCD12Q2 NBAR-EVI2.,".trellis/tasks/archive/2026-10/10-08-compact-climate-weather-oracle/design.md: Monthly recipes, names and time; src/ipcch/climate2015_features.py:125-128,160-188; .trellis/tasks/10-08-compact-cds-launch/design.md","Source observation month is an availability proxy; historical release vintage is not certified. This is an expected input, not a fitted result.",expected_not_fitted,IPCCH_shared_folder/climate_monthly_2015_2026_MODELING_READY.csv,IPCCH_shared_folder/climate_monthly_2015_2026_MODELING_READY.csv,"For each area/month u, P[u] is all nonmissing observations in strictly earlier years of the same calendar month; z[u]=(x[u]-mean(P[u]))/sample_sd(P[u],ddof=1). Output mean_nonmissing(z[O-5:O]), at least 3 valid z values; compute monthly z before averaging.","For each area/month u, P[u] is all nonmissing observations in strictly earlier years of the same calendar month; z[u]=(x[u]-mean(P[u]))/sample_sd(P[u],ddof=1). Output mean_nonmissing(z[O-5:O]), at least 3 valid z values; compute monthly z before averaging. Use O=2026-04 and target T from the run index.","Source-native NA; no carrier-row or saved-extra-NA mask; no interpolation or extra forward fill. XGBoost handles NA natively. Each z is NA if current x is missing, fewer than 2 prior same-month observations, or historical sample SD is zero. Rolling result is NA below 3 valid monthly z values in the fixed 6-month window.","Source-native NA; no carrier-row or saved-extra-NA mask; no interpolation or extra forward fill. XGBoost handles NA natively. Each z is NA if current x is missing, fewer than 2 prior same-month observations, or historical sample SD is zero. Rolling result is NA below 3 valid monthly z values in the fixed 6-month window.",Inherited source/recipe definition; see base_source_definition,Inherited source/recipe definition; see base_source_definition,Inherited compact source; upstream aggregation not independently certified,Same retained compact source/recipe; upstream aggregation not independently certified
205,evi_anom_month_ensmean__hist_same_month_z_ma12_at_origin,Monthly climate,Same-calendar-month historical z of evi_anom_month_ensmean; MA12 of monthly z ending at origin.,dimensionless,Training: IPCCH_shared_folder/climate_monthly_2015_2026_MODELING_READY.csv; Inference: IPCCH_shared_folder/climate_monthly_2015_2026_MODELING_READY.csv,O=T-H; strictly earlier-year history for each standardized month,"For each area/month u, P[u] is all nonmissing observations in strictly earlier years of the same calendar month; z[u]=(x[u]-mean(P[u]))/sample_sd(P[u],ddof=1). Output mean_nonmissing(z[O-11:O]), at least 6 valid z values; compute monthly z before averaging.","Source-native NA; no carrier-row or saved-extra-NA mask; no interpolation or extra forward fill. XGBoost handles NA natively. Each z is NA if current x is missing, fewer than 2 prior same-month observations, or historical sample SD is zero. Rolling result is NA below 6 valid monthly z values in the fixed 12-month window.",numeric,true,1,true,1,true,1,true,1,true,1,"[""evi_anom_month_ensmean__hist_same_month_z_ma12_at_origin""]","{""compact_baseline/0m"":205,""compact_baseline/6m"":205,""compact_baseline/12m"":205,""compact_cds_weather/6m"":205,""compact_cds_weather/12m"":205}","[0, 6, 12]",same_month_z,evi_anom_month_ensmean,QA-screen 16-day composites; overlap-day-weight observations into month; subtract 2003–2020 calendar-month climatology per sensor; crop-area polygon mean; Terra/Aqua mean. Parameters/caveats: Apply 0.0001 scale factor. EVI is less prone to high-biomass saturation than NDVI but is not identical to MCD12Q2 NBAR-EVI2.,".trellis/tasks/archive/2026-10/10-08-compact-climate-weather-oracle/design.md: Monthly recipes, names and time; src/ipcch/climate2015_features.py:125-128,160-188; .trellis/tasks/10-08-compact-cds-launch/design.md","Source observation month is an availability proxy; historical release vintage is not certified. This is an expected input, not a fitted result.",expected_not_fitted,IPCCH_shared_folder/climate_monthly_2015_2026_MODELING_READY.csv,IPCCH_shared_folder/climate_monthly_2015_2026_MODELING_READY.csv,"For each area/month u, P[u] is all nonmissing observations in strictly earlier years of the same calendar month; z[u]=(x[u]-mean(P[u]))/sample_sd(P[u],ddof=1). Output mean_nonmissing(z[O-11:O]), at least 6 valid z values; compute monthly z before averaging.","For each area/month u, P[u] is all nonmissing observations in strictly earlier years of the same calendar month; z[u]=(x[u]-mean(P[u]))/sample_sd(P[u],ddof=1). Output mean_nonmissing(z[O-11:O]), at least 6 valid z values; compute monthly z before averaging. Use O=2026-04 and target T from the run index.","Source-native NA; no carrier-row or saved-extra-NA mask; no interpolation or extra forward fill. XGBoost handles NA natively. Each z is NA if current x is missing, fewer than 2 prior same-month observations, or historical sample SD is zero. Rolling result is NA below 6 valid monthly z values in the fixed 12-month window.","Source-native NA; no carrier-row or saved-extra-NA mask; no interpolation or extra forward fill. XGBoost handles NA natively. Each z is NA if current x is missing, fewer than 2 prior same-month observations, or historical sample SD is zero. Rolling result is NA below 6 valid monthly z values in the fixed 12-month window.",Inherited source/recipe definition; see base_source_definition,Inherited source/recipe definition; see base_source_definition,Inherited compact source; upstream aggregation not independently certified,Same retained compact source/recipe; upstream aggregation not independently certified
206,GPP_mean__vegetation_stress__share12_at_origin,Vegetation productivity stress,share12 of GPP_mean__vegetation_stress,fraction,Training: Analysis/1.Source Data/assembled_IPCCH/interim/IPCCH_2026_target_corrected_nino34_wbfood.csv; Inference: Analysis/1.Source Data/assembled_IPCCH/interim/IPCCH_2026_target_corrected_nino34_wbfood.csv,Signal months <=O; year-ago dependencies allowed within original rules,"s[u]=1 if x[u] < 0.9*x[u-12], else 0; current x NA -> s NA. mean_nonmissing(s[O-11:O])","Source-native NA; no carrier-row or saved-extra-NA mask; no interpolation or extra forward fill. XGBoost handles NA natively. Preserve old signal behavior: missing year-ago GPP comparator -> 0; missing/zero year-ago WFP price -> 0. At least 6 valid signal months, otherwise NA.",numeric,true,1,true,1,true,1,true,1,true,1,"[""GPP_mean__vegetation_stress__share12_at_origin""]","{""compact_baseline/0m"":206,""compact_baseline/6m"":206,""compact_baseline/12m"":206,""compact_cds_weather/6m"":206,""compact_cds_weather/12m"":206}","[0, 6, 12]",stress,GPP_mean,Inherited GPP_mean column in the pinned interim source; numeric values as supplied.,".trellis/tasks/archive/2026-10/10-08-compact-climate-weather-oracle/design.md: Stress recipes; src/ipcch/retained_feature_recipes.py:54-66; src/ipcch/climate2015_features.py:131-157,246-251; .trellis/tasks/10-08-compact-cds-launch/design.md","Source observation month is an availability proxy; historical release vintage is not certified. This is an expected input, not a fitted result.",expected_not_fitted,Analysis/1.Source Data/assembled_IPCCH/interim/IPCCH_2026_target_corrected_nino34_wbfood.csv,Analysis/1.Source Data/assembled_IPCCH/interim/IPCCH_2026_target_corrected_nino34_wbfood.csv,"s[u]=1 if x[u] < 0.9*x[u-12], else 0; current x NA -> s NA. mean_nonmissing(s[O-11:O])","s[u]=1 if x[u] < 0.9*x[u-12], else 0; current x NA -> s NA. mean_nonmissing(s[O-11:O]) Use O=2026-04 and target T from the run index.","Source-native NA; no carrier-row or saved-extra-NA mask; no interpolation or extra forward fill. XGBoost handles NA natively. Preserve old signal behavior: missing year-ago GPP comparator -> 0; missing/zero year-ago WFP price -> 0. At least 6 valid signal months, otherwise NA.","Source-native NA; no carrier-row or saved-extra-NA mask; no interpolation or extra forward fill. XGBoost handles NA natively. Preserve old signal behavior: missing year-ago GPP comparator -> 0; missing/zero year-ago WFP price -> 0. At least 6 valid signal months, otherwise NA.",Inherited source/recipe definition; see base_source_definition,Inherited source/recipe definition; see base_source_definition,Inherited compact source; upstream aggregation not independently certified,Same retained compact source/recipe; upstream aggregation not independently certified
207,GPP_mean__vegetation_stress__months_since_at_origin,Vegetation productivity stress,months_since of GPP_mean__vegetation_stress,months,Training: Analysis/1.Source Data/assembled_IPCCH/interim/IPCCH_2026_target_corrected_nino34_wbfood.csv; Inference: Analysis/1.Source Data/assembled_IPCCH/interim/IPCCH_2026_target_corrected_nino34_wbfood.csv,Signal months <=O; year-ago dependencies allowed within original rules,"s[u]=1 if x[u] < 0.9*x[u-12], else 0; current x NA -> s NA. O - latest month u<=O with s[u]=1, across all available source history",Source-native NA; no carrier-row or saved-extra-NA mask; no interpolation or extra forward fill. XGBoost handles NA natively. Preserve old signal behavior: missing year-ago GPP comparator -> 0; missing/zero year-ago WFP price -> 0. NA before first observed hit; elapsed months advance through missing observations.,numeric,true,1,true,1,true,1,true,1,true,1,"[""GPP_mean__vegetation_stress__months_since_at_origin""]","{""compact_baseline/0m"":207,""compact_baseline/6m"":207,""compact_baseline/12m"":207,""compact_cds_weather/6m"":207,""compact_cds_weather/12m"":207}","[0, 6, 12]",stress,GPP_mean,Inherited GPP_mean column in the pinned interim source; numeric values as supplied.,".trellis/tasks/archive/2026-10/10-08-compact-climate-weather-oracle/design.md: Stress recipes; src/ipcch/retained_feature_recipes.py:54-66; src/ipcch/climate2015_features.py:131-157,246-251; .trellis/tasks/10-08-compact-cds-launch/design.md","Source observation month is an availability proxy; historical release vintage is not certified. This is an expected input, not a fitted result.",expected_not_fitted,Analysis/1.Source Data/assembled_IPCCH/interim/IPCCH_2026_target_corrected_nino34_wbfood.csv,Analysis/1.Source Data/assembled_IPCCH/interim/IPCCH_2026_target_corrected_nino34_wbfood.csv,"s[u]=1 if x[u] < 0.9*x[u-12], else 0; current x NA -> s NA. O - latest month u<=O with s[u]=1, across all available source history","s[u]=1 if x[u] < 0.9*x[u-12], else 0; current x NA -> s NA. O - latest month u<=O with s[u]=1, across all available source history Use O=2026-04 and target T from the run index.",Source-native NA; no carrier-row or saved-extra-NA mask; no interpolation or extra forward fill. XGBoost handles NA natively. Preserve old signal behavior: missing year-ago GPP comparator -> 0; missing/zero year-ago WFP price -> 0. NA before first observed hit; elapsed months advance through missing observations.,Source-native NA; no carrier-row or saved-extra-NA mask; no interpolation or extra forward fill. XGBoost handles NA natively. Preserve old signal behavior: missing year-ago GPP comparator -> 0; missing/zero year-ago WFP price -> 0. NA before first observed hit; elapsed months advance through missing observations.,Inherited source/recipe definition; see base_source_definition,Inherited source/recipe definition; see base_source_definition,Inherited compact source; upstream aggregation not independently certified,Same retained compact source/recipe; upstream aggregation not independently certified
208,GPP_mean__vegetation_stress__longest_run12_at_origin,Vegetation productivity stress,longest_run12 of GPP_mean__vegetation_stress,months,Training: Analysis/1.Source Data/assembled_IPCCH/interim/IPCCH_2026_target_corrected_nino34_wbfood.csv; Inference: Analysis/1.Source Data/assembled_IPCCH/interim/IPCCH_2026_target_corrected_nino34_wbfood.csv,Signal months <=O; year-ago dependencies allowed within original rules,"s[u]=1 if x[u] < 0.9*x[u-12], else 0; current x NA -> s NA. longest consecutive run of s=1 in O-11..O","Source-native NA; no carrier-row or saved-extra-NA mask; no interpolation or extra forward fill. XGBoost handles NA natively. Preserve old signal behavior: missing year-ago GPP comparator -> 0; missing/zero year-ago WFP price -> 0. NA breaks a run; at least 6 valid signal months, otherwise NA.",numeric,true,1,true,1,true,1,true,1,true,1,"[""GPP_mean__vegetation_stress__longest_run12_at_origin""]","{""compact_baseline/0m"":208,""compact_baseline/6m"":208,""compact_baseline/12m"":208,""compact_cds_weather/6m"":208,""compact_cds_weather/12m"":208}","[0, 6, 12]",stress,GPP_mean,Inherited GPP_mean column in the pinned interim source; numeric values as supplied.,".trellis/tasks/archive/2026-10/10-08-compact-climate-weather-oracle/design.md: Stress recipes; src/ipcch/retained_feature_recipes.py:54-66; src/ipcch/climate2015_features.py:131-157,246-251; .trellis/tasks/10-08-compact-cds-launch/design.md","Source observation month is an availability proxy; historical release vintage is not certified. This is an expected input, not a fitted result.",expected_not_fitted,Analysis/1.Source Data/assembled_IPCCH/interim/IPCCH_2026_target_corrected_nino34_wbfood.csv,Analysis/1.Source Data/assembled_IPCCH/interim/IPCCH_2026_target_corrected_nino34_wbfood.csv,"s[u]=1 if x[u] < 0.9*x[u-12], else 0; current x NA -> s NA. longest consecutive run of s=1 in O-11..O","s[u]=1 if x[u] < 0.9*x[u-12], else 0; current x NA -> s NA. longest consecutive run of s=1 in O-11..O Use O=2026-04 and target T from the run index.","Source-native NA; no carrier-row or saved-extra-NA mask; no interpolation or extra forward fill. XGBoost handles NA natively. Preserve old signal behavior: missing year-ago GPP comparator -> 0; missing/zero year-ago WFP price -> 0. NA breaks a run; at least 6 valid signal months, otherwise NA.","Source-native NA; no carrier-row or saved-extra-NA mask; no interpolation or extra forward fill. XGBoost handles NA natively. Preserve old signal behavior: missing year-ago GPP comparator -> 0; missing/zero year-ago WFP price -> 0. NA breaks a run; at least 6 valid signal months, otherwise NA.",Inherited source/recipe definition; see base_source_definition,Inherited source/recipe definition; see base_source_definition,Inherited compact source; upstream aggregation not independently certified,Same retained compact source/recipe; upstream aggregation not independently certified
209,GPP_mean__vegetation_stress__any12_at_origin,Vegetation productivity stress,any12 of GPP_mean__vegetation_stress,0/1,Training: Analysis/1.Source Data/assembled_IPCCH/interim/IPCCH_2026_target_corrected_nino34_wbfood.csv; Inference: Analysis/1.Source Data/assembled_IPCCH/interim/IPCCH_2026_target_corrected_nino34_wbfood.csv,Signal months <=O; year-ago dependencies allowed within original rules,"s[u]=1 if x[u] < 0.9*x[u-12], else 0; current x NA -> s NA. max_nonmissing(s[O-11:O])","Source-native NA; no carrier-row or saved-extra-NA mask; no interpolation or extra forward fill. XGBoost handles NA natively. Preserve old signal behavior: missing year-ago GPP comparator -> 0; missing/zero year-ago WFP price -> 0. At least 6 valid signal months, otherwise NA.",numeric,true,1,true,1,true,1,true,1,true,1,"[""GPP_mean__vegetation_stress__any12_at_origin""]","{""compact_baseline/0m"":209,""compact_baseline/6m"":209,""compact_baseline/12m"":209,""compact_cds_weather/6m"":209,""compact_cds_weather/12m"":209}","[0, 6, 12]",stress,GPP_mean,Inherited GPP_mean column in the pinned interim source; numeric values as supplied.,".trellis/tasks/archive/2026-10/10-08-compact-climate-weather-oracle/design.md: Stress recipes; src/ipcch/retained_feature_recipes.py:54-66; src/ipcch/climate2015_features.py:131-157,246-251; .trellis/tasks/10-08-compact-cds-launch/design.md","Source observation month is an availability proxy; historical release vintage is not certified. This is an expected input, not a fitted result.",expected_not_fitted,Analysis/1.Source Data/assembled_IPCCH/interim/IPCCH_2026_target_corrected_nino34_wbfood.csv,Analysis/1.Source Data/assembled_IPCCH/interim/IPCCH_2026_target_corrected_nino34_wbfood.csv,"s[u]=1 if x[u] < 0.9*x[u-12], else 0; current x NA -> s NA. max_nonmissing(s[O-11:O])","s[u]=1 if x[u] < 0.9*x[u-12], else 0; current x NA -> s NA. max_nonmissing(s[O-11:O]) Use O=2026-04 and target T from the run index.","Source-native NA; no carrier-row or saved-extra-NA mask; no interpolation or extra forward fill. XGBoost handles NA natively. Preserve old signal behavior: missing year-ago GPP comparator -> 0; missing/zero year-ago WFP price -> 0. At least 6 valid signal months, otherwise NA.","Source-native NA; no carrier-row or saved-extra-NA mask; no interpolation or extra forward fill. XGBoost handles NA natively. Preserve old signal behavior: missing year-ago GPP comparator -> 0; missing/zero year-ago WFP price -> 0. At least 6 valid signal months, otherwise NA.",Inherited source/recipe definition; see base_source_definition,Inherited source/recipe definition; see base_source_definition,Inherited compact source; upstream aggregation not independently certified,Same retained compact source/recipe; upstream aggregation not independently certified
210,event_count_violence__nonzero_stress__share12_at_origin,Conflict stress,share12 of event_count_violence__nonzero_stress,fraction,Training: Analysis/1.Source Data/assembled_IPCCH/interim/IPCCH_2026_target_corrected_nino34_wbfood.csv; Inference: Analysis/1.Source Data/assembled_IPCCH/interim/IPCCH_2026_target_corrected_nino34_wbfood.csv,Signal months <=O; year-ago dependencies allowed within original rules,"s[u]=1 if x[u] > 0, else 0; current x NA -> s NA. mean_nonmissing(s[O-11:O])","Source-native NA; no carrier-row or saved-extra-NA mask; no interpolation or extra forward fill. XGBoost handles NA natively. Preserve old signal behavior: missing year-ago GPP comparator -> 0; missing/zero year-ago WFP price -> 0. At least 6 valid signal months, otherwise NA.",numeric,true,1,true,1,true,1,true,1,true,1,"[""event_count_violence__nonzero_stress__share12_at_origin""]","{""compact_baseline/0m"":210,""compact_baseline/6m"":210,""compact_baseline/12m"":210,""compact_cds_weather/6m"":210,""compact_cds_weather/12m"":210}","[0, 6, 12]",stress,event_count_violence,Inherited event_count_violence column in the pinned interim source; numeric values as supplied.,".trellis/tasks/archive/2026-10/10-08-compact-climate-weather-oracle/design.md: Stress recipes; src/ipcch/retained_feature_recipes.py:54-66; src/ipcch/climate2015_features.py:131-157,246-251; .trellis/tasks/10-08-compact-cds-launch/design.md","Source observation month is an availability proxy; historical release vintage is not certified. This is an expected input, not a fitted result.",expected_not_fitted,Analysis/1.Source Data/assembled_IPCCH/interim/IPCCH_2026_target_corrected_nino34_wbfood.csv,Analysis/1.Source Data/assembled_IPCCH/interim/IPCCH_2026_target_corrected_nino34_wbfood.csv,"s[u]=1 if x[u] > 0, else 0; current x NA -> s NA. mean_nonmissing(s[O-11:O])","s[u]=1 if x[u] > 0, else 0; current x NA -> s NA. mean_nonmissing(s[O-11:O]) Use O=2026-04 and target T from the run index.","Source-native NA; no carrier-row or saved-extra-NA mask; no interpolation or extra forward fill. XGBoost handles NA natively. Preserve old signal behavior: missing year-ago GPP comparator -> 0; missing/zero year-ago WFP price -> 0. At least 6 valid signal months, otherwise NA.","Source-native NA; no carrier-row or saved-extra-NA mask; no interpolation or extra forward fill. XGBoost handles NA natively. Preserve old signal behavior: missing year-ago GPP comparator -> 0; missing/zero year-ago WFP price -> 0. At least 6 valid signal months, otherwise NA.",Inherited source/recipe definition; see base_source_definition,Inherited source/recipe definition; see base_source_definition,Inherited compact source; upstream aggregation not independently certified,Same retained compact source/recipe; upstream aggregation not independently certified
211,event_count_violence__nonzero_stress__months_since_at_origin,Conflict stress,months_since of event_count_violence__nonzero_stress,months,Training: Analysis/1.Source Data/assembled_IPCCH/interim/IPCCH_2026_target_corrected_nino34_wbfood.csv; Inference: Analysis/1.Source Data/assembled_IPCCH/interim/IPCCH_2026_target_corrected_nino34_wbfood.csv,Signal months <=O; year-ago dependencies allowed within original rules,"s[u]=1 if x[u] > 0, else 0; current x NA -> s NA. O - latest month u<=O with s[u]=1, across all available source history",Source-native NA; no carrier-row or saved-extra-NA mask; no interpolation or extra forward fill. XGBoost handles NA natively. Preserve old signal behavior: missing year-ago GPP comparator -> 0; missing/zero year-ago WFP price -> 0. NA before first observed hit; elapsed months advance through missing observations.,numeric,true,1,true,1,true,1,true,1,true,1,"[""event_count_violence__nonzero_stress__months_since_at_origin""]","{""compact_baseline/0m"":211,""compact_baseline/6m"":211,""compact_baseline/12m"":211,""compact_cds_weather/6m"":211,""compact_cds_weather/12m"":211}","[0, 6, 12]",stress,event_count_violence,Inherited event_count_violence column in the pinned interim source; numeric values as supplied.,".trellis/tasks/archive/2026-10/10-08-compact-climate-weather-oracle/design.md: Stress recipes; src/ipcch/retained_feature_recipes.py:54-66; src/ipcch/climate2015_features.py:131-157,246-251; .trellis/tasks/10-08-compact-cds-launch/design.md","Source observation month is an availability proxy; historical release vintage is not certified. This is an expected input, not a fitted result.",expected_not_fitted,Analysis/1.Source Data/assembled_IPCCH/interim/IPCCH_2026_target_corrected_nino34_wbfood.csv,Analysis/1.Source Data/assembled_IPCCH/interim/IPCCH_2026_target_corrected_nino34_wbfood.csv,"s[u]=1 if x[u] > 0, else 0; current x NA -> s NA. O - latest month u<=O with s[u]=1, across all available source history","s[u]=1 if x[u] > 0, else 0; current x NA -> s NA. O - latest month u<=O with s[u]=1, across all available source history Use O=2026-04 and target T from the run index.",Source-native NA; no carrier-row or saved-extra-NA mask; no interpolation or extra forward fill. XGBoost handles NA natively. Preserve old signal behavior: missing year-ago GPP comparator -> 0; missing/zero year-ago WFP price -> 0. NA before first observed hit; elapsed months advance through missing observations.,Source-native NA; no carrier-row or saved-extra-NA mask; no interpolation or extra forward fill. XGBoost handles NA natively. Preserve old signal behavior: missing year-ago GPP comparator -> 0; missing/zero year-ago WFP price -> 0. NA before first observed hit; elapsed months advance through missing observations.,Inherited source/recipe definition; see base_source_definition,Inherited source/recipe definition; see base_source_definition,Inherited compact source; upstream aggregation not independently certified,Same retained compact source/recipe; upstream aggregation not independently certified
212,event_count_violence__nonzero_stress__longest_run12_at_origin,Conflict stress,longest_run12 of event_count_violence__nonzero_stress,months,Training: Analysis/1.Source Data/assembled_IPCCH/interim/IPCCH_2026_target_corrected_nino34_wbfood.csv; Inference: Analysis/1.Source Data/assembled_IPCCH/interim/IPCCH_2026_target_corrected_nino34_wbfood.csv,Signal months <=O; year-ago dependencies allowed within original rules,"s[u]=1 if x[u] > 0, else 0; current x NA -> s NA. longest consecutive run of s=1 in O-11..O","Source-native NA; no carrier-row or saved-extra-NA mask; no interpolation or extra forward fill. XGBoost handles NA natively. Preserve old signal behavior: missing year-ago GPP comparator -> 0; missing/zero year-ago WFP price -> 0. NA breaks a run; at least 6 valid signal months, otherwise NA.",numeric,true,1,true,1,true,1,true,1,true,1,"[""event_count_violence__nonzero_stress__longest_run12_at_origin""]","{""compact_baseline/0m"":212,""compact_baseline/6m"":212,""compact_baseline/12m"":212,""compact_cds_weather/6m"":212,""compact_cds_weather/12m"":212}","[0, 6, 12]",stress,event_count_violence,Inherited event_count_violence column in the pinned interim source; numeric values as supplied.,".trellis/tasks/archive/2026-10/10-08-compact-climate-weather-oracle/design.md: Stress recipes; src/ipcch/retained_feature_recipes.py:54-66; src/ipcch/climate2015_features.py:131-157,246-251; .trellis/tasks/10-08-compact-cds-launch/design.md","Source observation month is an availability proxy; historical release vintage is not certified. This is an expected input, not a fitted result.",expected_not_fitted,Analysis/1.Source Data/assembled_IPCCH/interim/IPCCH_2026_target_corrected_nino34_wbfood.csv,Analysis/1.Source Data/assembled_IPCCH/interim/IPCCH_2026_target_corrected_nino34_wbfood.csv,"s[u]=1 if x[u] > 0, else 0; current x NA -> s NA. longest consecutive run of s=1 in O-11..O","s[u]=1 if x[u] > 0, else 0; current x NA -> s NA. longest consecutive run of s=1 in O-11..O Use O=2026-04 and target T from the run index.","Source-native NA; no carrier-row or saved-extra-NA mask; no interpolation or extra forward fill. XGBoost handles NA natively. Preserve old signal behavior: missing year-ago GPP comparator -> 0; missing/zero year-ago WFP price -> 0. NA breaks a run; at least 6 valid signal months, otherwise NA.","Source-native NA; no carrier-row or saved-extra-NA mask; no interpolation or extra forward fill. XGBoost handles NA natively. Preserve old signal behavior: missing year-ago GPP comparator -> 0; missing/zero year-ago WFP price -> 0. NA breaks a run; at least 6 valid signal months, otherwise NA.",Inherited source/recipe definition; see base_source_definition,Inherited source/recipe definition; see base_source_definition,Inherited compact source; upstream aggregation not independently certified,Same retained compact source/recipe; upstream aggregation not independently certified
213,event_count_violence__nonzero_stress__any12_at_origin,Conflict stress,any12 of event_count_violence__nonzero_stress,0/1,Training: Analysis/1.Source Data/assembled_IPCCH/interim/IPCCH_2026_target_corrected_nino34_wbfood.csv; Inference: Analysis/1.Source Data/assembled_IPCCH/interim/IPCCH_2026_target_corrected_nino34_wbfood.csv,Signal months <=O; year-ago dependencies allowed within original rules,"s[u]=1 if x[u] > 0, else 0; current x NA -> s NA. max_nonmissing(s[O-11:O])","Source-native NA; no carrier-row or saved-extra-NA mask; no interpolation or extra forward fill. XGBoost handles NA natively. Preserve old signal behavior: missing year-ago GPP comparator -> 0; missing/zero year-ago WFP price -> 0. At least 6 valid signal months, otherwise NA.",numeric,true,1,true,1,true,1,true,1,true,1,"[""event_count_violence__nonzero_stress__any12_at_origin""]","{""compact_baseline/0m"":213,""compact_baseline/6m"":213,""compact_baseline/12m"":213,""compact_cds_weather/6m"":213,""compact_cds_weather/12m"":213}","[0, 6, 12]",stress,event_count_violence,Inherited event_count_violence column in the pinned interim source; numeric values as supplied.,".trellis/tasks/archive/2026-10/10-08-compact-climate-weather-oracle/design.md: Stress recipes; src/ipcch/retained_feature_recipes.py:54-66; src/ipcch/climate2015_features.py:131-157,246-251; .trellis/tasks/10-08-compact-cds-launch/design.md","Source observation month is an availability proxy; historical release vintage is not certified. This is an expected input, not a fitted result.",expected_not_fitted,Analysis/1.Source Data/assembled_IPCCH/interim/IPCCH_2026_target_corrected_nino34_wbfood.csv,Analysis/1.Source Data/assembled_IPCCH/interim/IPCCH_2026_target_corrected_nino34_wbfood.csv,"s[u]=1 if x[u] > 0, else 0; current x NA -> s NA. max_nonmissing(s[O-11:O])","s[u]=1 if x[u] > 0, else 0; current x NA -> s NA. max_nonmissing(s[O-11:O]) Use O=2026-04 and target T from the run index.","Source-native NA; no carrier-row or saved-extra-NA mask; no interpolation or extra forward fill. XGBoost handles NA natively. Preserve old signal behavior: missing year-ago GPP comparator -> 0; missing/zero year-ago WFP price -> 0. At least 6 valid signal months, otherwise NA.","Source-native NA; no carrier-row or saved-extra-NA mask; no interpolation or extra forward fill. XGBoost handles NA natively. Preserve old signal behavior: missing year-ago GPP comparator -> 0; missing/zero year-ago WFP price -> 0. At least 6 valid signal months, otherwise NA.",Inherited source/recipe definition; see base_source_definition,Inherited source/recipe definition; see base_source_definition,Inherited compact source; upstream aggregation not independently certified,Same retained compact source/recipe; upstream aggregation not independently certified
214,WFP_Price__price_shock_stress__share12_at_origin,Food prices stress,share12 of WFP_Price__price_shock_stress,fraction,Training: Analysis/1.Source Data/assembled_IPCCH/interim/IPCCH_2026_target_corrected_nino34_wbfood.csv; Inference: Analysis/1.Source Data/assembled_IPCCH/interim/IPCCH_2026_target_corrected_nino34_wbfood.csv,Signal months <=O; year-ago dependencies allowed within original rules,"s[u]=1 if safe_divide(x[u]-x[u-12],x[u-12]) > 0.10, else 0; current x NA -> s NA. mean_nonmissing(s[O-11:O])","Source-native NA; no carrier-row or saved-extra-NA mask; no interpolation or extra forward fill. XGBoost handles NA natively. Preserve old signal behavior: missing year-ago GPP comparator -> 0; missing/zero year-ago WFP price -> 0. At least 6 valid signal months, otherwise NA.",numeric,true,1,true,1,true,1,true,1,true,1,"[""WFP_Price__price_shock_stress__share12_at_origin""]","{""compact_baseline/0m"":214,""compact_baseline/6m"":214,""compact_baseline/12m"":214,""compact_cds_weather/6m"":214,""compact_cds_weather/12m"":214}","[0, 6, 12]",stress,WFP_Price,Inherited WFP_Price column in the pinned interim source; numeric values as supplied.,".trellis/tasks/archive/2026-10/10-08-compact-climate-weather-oracle/design.md: Stress recipes; src/ipcch/retained_feature_recipes.py:54-66; src/ipcch/climate2015_features.py:131-157,246-251; .trellis/tasks/10-08-compact-cds-launch/design.md","Source observation month is an availability proxy; historical release vintage is not certified. This is an expected input, not a fitted result.",expected_not_fitted,Analysis/1.Source Data/assembled_IPCCH/interim/IPCCH_2026_target_corrected_nino34_wbfood.csv,Analysis/1.Source Data/assembled_IPCCH/interim/IPCCH_2026_target_corrected_nino34_wbfood.csv,"s[u]=1 if safe_divide(x[u]-x[u-12],x[u-12]) > 0.10, else 0; current x NA -> s NA. mean_nonmissing(s[O-11:O])","s[u]=1 if safe_divide(x[u]-x[u-12],x[u-12]) > 0.10, else 0; current x NA -> s NA. mean_nonmissing(s[O-11:O]) Use O=2026-04 and target T from the run index.","Source-native NA; no carrier-row or saved-extra-NA mask; no interpolation or extra forward fill. XGBoost handles NA natively. Preserve old signal behavior: missing year-ago GPP comparator -> 0; missing/zero year-ago WFP price -> 0. At least 6 valid signal months, otherwise NA.","Source-native NA; no carrier-row or saved-extra-NA mask; no interpolation or extra forward fill. XGBoost handles NA natively. Preserve old signal behavior: missing year-ago GPP comparator -> 0; missing/zero year-ago WFP price -> 0. At least 6 valid signal months, otherwise NA.",Inherited source/recipe definition; see base_source_definition,Inherited source/recipe definition; see base_source_definition,Inherited compact source; upstream aggregation not independently certified,Same retained compact source/recipe; upstream aggregation not independently certified
215,WFP_Price__price_shock_stress__months_since_at_origin,Food prices stress,months_since of WFP_Price__price_shock_stress,months,Training: Analysis/1.Source Data/assembled_IPCCH/interim/IPCCH_2026_target_corrected_nino34_wbfood.csv; Inference: Analysis/1.Source Data/assembled_IPCCH/interim/IPCCH_2026_target_corrected_nino34_wbfood.csv,Signal months <=O; year-ago dependencies allowed within original rules,"s[u]=1 if safe_divide(x[u]-x[u-12],x[u-12]) > 0.10, else 0; current x NA -> s NA. O - latest month u<=O with s[u]=1, across all available source history",Source-native NA; no carrier-row or saved-extra-NA mask; no interpolation or extra forward fill. XGBoost handles NA natively. Preserve old signal behavior: missing year-ago GPP comparator -> 0; missing/zero year-ago WFP price -> 0. NA before first observed hit; elapsed months advance through missing observations.,numeric,true,1,true,1,true,1,true,1,true,1,"[""WFP_Price__price_shock_stress__months_since_at_origin""]","{""compact_baseline/0m"":215,""compact_baseline/6m"":215,""compact_baseline/12m"":215,""compact_cds_weather/6m"":215,""compact_cds_weather/12m"":215}","[0, 6, 12]",stress,WFP_Price,Inherited WFP_Price column in the pinned interim source; numeric values as supplied.,".trellis/tasks/archive/2026-10/10-08-compact-climate-weather-oracle/design.md: Stress recipes; src/ipcch/retained_feature_recipes.py:54-66; src/ipcch/climate2015_features.py:131-157,246-251; .trellis/tasks/10-08-compact-cds-launch/design.md","Source observation month is an availability proxy; historical release vintage is not certified. This is an expected input, not a fitted result.",expected_not_fitted,Analysis/1.Source Data/assembled_IPCCH/interim/IPCCH_2026_target_corrected_nino34_wbfood.csv,Analysis/1.Source Data/assembled_IPCCH/interim/IPCCH_2026_target_corrected_nino34_wbfood.csv,"s[u]=1 if safe_divide(x[u]-x[u-12],x[u-12]) > 0.10, else 0; current x NA -> s NA. O - latest month u<=O with s[u]=1, across all available source history","s[u]=1 if safe_divide(x[u]-x[u-12],x[u-12]) > 0.10, else 0; current x NA -> s NA. O - latest month u<=O with s[u]=1, across all available source history Use O=2026-04 and target T from the run index.",Source-native NA; no carrier-row or saved-extra-NA mask; no interpolation or extra forward fill. XGBoost handles NA natively. Preserve old signal behavior: missing year-ago GPP comparator -> 0; missing/zero year-ago WFP price -> 0. NA before first observed hit; elapsed months advance through missing observations.,Source-native NA; no carrier-row or saved-extra-NA mask; no interpolation or extra forward fill. XGBoost handles NA natively. Preserve old signal behavior: missing year-ago GPP comparator -> 0; missing/zero year-ago WFP price -> 0. NA before first observed hit; elapsed months advance through missing observations.,Inherited source/recipe definition; see base_source_definition,Inherited source/recipe definition; see base_source_definition,Inherited compact source; upstream aggregation not independently certified,Same retained compact source/recipe; upstream aggregation not independently certified
216,WFP_Price__price_shock_stress__longest_run12_at_origin,Food prices stress,longest_run12 of WFP_Price__price_shock_stress,months,Training: Analysis/1.Source Data/assembled_IPCCH/interim/IPCCH_2026_target_corrected_nino34_wbfood.csv; Inference: Analysis/1.Source Data/assembled_IPCCH/interim/IPCCH_2026_target_corrected_nino34_wbfood.csv,Signal months <=O; year-ago dependencies allowed within original rules,"s[u]=1 if safe_divide(x[u]-x[u-12],x[u-12]) > 0.10, else 0; current x NA -> s NA. longest consecutive run of s=1 in O-11..O","Source-native NA; no carrier-row or saved-extra-NA mask; no interpolation or extra forward fill. XGBoost handles NA natively. Preserve old signal behavior: missing year-ago GPP comparator -> 0; missing/zero year-ago WFP price -> 0. NA breaks a run; at least 6 valid signal months, otherwise NA.",numeric,true,1,true,1,true,1,true,1,true,1,"[""WFP_Price__price_shock_stress__longest_run12_at_origin""]","{""compact_baseline/0m"":216,""compact_baseline/6m"":216,""compact_baseline/12m"":216,""compact_cds_weather/6m"":216,""compact_cds_weather/12m"":216}","[0, 6, 12]",stress,WFP_Price,Inherited WFP_Price column in the pinned interim source; numeric values as supplied.,".trellis/tasks/archive/2026-10/10-08-compact-climate-weather-oracle/design.md: Stress recipes; src/ipcch/retained_feature_recipes.py:54-66; src/ipcch/climate2015_features.py:131-157,246-251; .trellis/tasks/10-08-compact-cds-launch/design.md","Source observation month is an availability proxy; historical release vintage is not certified. This is an expected input, not a fitted result.",expected_not_fitted,Analysis/1.Source Data/assembled_IPCCH/interim/IPCCH_2026_target_corrected_nino34_wbfood.csv,Analysis/1.Source Data/assembled_IPCCH/interim/IPCCH_2026_target_corrected_nino34_wbfood.csv,"s[u]=1 if safe_divide(x[u]-x[u-12],x[u-12]) > 0.10, else 0; current x NA -> s NA. longest consecutive run of s=1 in O-11..O","s[u]=1 if safe_divide(x[u]-x[u-12],x[u-12]) > 0.10, else 0; current x NA -> s NA. longest consecutive run of s=1 in O-11..O Use O=2026-04 and target T from the run index.","Source-native NA; no carrier-row or saved-extra-NA mask; no interpolation or extra forward fill. XGBoost handles NA natively. Preserve old signal behavior: missing year-ago GPP comparator -> 0; missing/zero year-ago WFP price -> 0. NA breaks a run; at least 6 valid signal months, otherwise NA.","Source-native NA; no carrier-row or saved-extra-NA mask; no interpolation or extra forward fill. XGBoost handles NA natively. Preserve old signal behavior: missing year-ago GPP comparator -> 0; missing/zero year-ago WFP price -> 0. NA breaks a run; at least 6 valid signal months, otherwise NA.",Inherited source/recipe definition; see base_source_definition,Inherited source/recipe definition; see base_source_definition,Inherited compact source; upstream aggregation not independently certified,Same retained compact source/recipe; upstream aggregation not independently certified
217,WFP_Price__price_shock_stress__any12_at_origin,Food prices stress,any12 of WFP_Price__price_shock_stress,0/1,Training: Analysis/1.Source Data/assembled_IPCCH/interim/IPCCH_2026_target_corrected_nino34_wbfood.csv; Inference: Analysis/1.Source Data/assembled_IPCCH/interim/IPCCH_2026_target_corrected_nino34_wbfood.csv,Signal months <=O; year-ago dependencies allowed within original rules,"s[u]=1 if safe_divide(x[u]-x[u-12],x[u-12]) > 0.10, else 0; current x NA -> s NA. max_nonmissing(s[O-11:O])","Source-native NA; no carrier-row or saved-extra-NA mask; no interpolation or extra forward fill. XGBoost handles NA natively. Preserve old signal behavior: missing year-ago GPP comparator -> 0; missing/zero year-ago WFP price -> 0. At least 6 valid signal months, otherwise NA.",numeric,true,1,true,1,true,1,true,1,true,1,"[""WFP_Price__price_shock_stress__any12_at_origin""]","{""compact_baseline/0m"":217,""compact_baseline/6m"":217,""compact_baseline/12m"":217,""compact_cds_weather/6m"":217,""compact_cds_weather/12m"":217}","[0, 6, 12]",stress,WFP_Price,Inherited WFP_Price column in the pinned interim source; numeric values as supplied.,".trellis/tasks/archive/2026-10/10-08-compact-climate-weather-oracle/design.md: Stress recipes; src/ipcch/retained_feature_recipes.py:54-66; src/ipcch/climate2015_features.py:131-157,246-251; .trellis/tasks/10-08-compact-cds-launch/design.md","Source observation month is an availability proxy; historical release vintage is not certified. This is an expected input, not a fitted result.",expected_not_fitted,Analysis/1.Source Data/assembled_IPCCH/interim/IPCCH_2026_target_corrected_nino34_wbfood.csv,Analysis/1.Source Data/assembled_IPCCH/interim/IPCCH_2026_target_corrected_nino34_wbfood.csv,"s[u]=1 if safe_divide(x[u]-x[u-12],x[u-12]) > 0.10, else 0; current x NA -> s NA. max_nonmissing(s[O-11:O])","s[u]=1 if safe_divide(x[u]-x[u-12],x[u-12]) > 0.10, else 0; current x NA -> s NA. max_nonmissing(s[O-11:O]) Use O=2026-04 and target T from the run index.","Source-native NA; no carrier-row or saved-extra-NA mask; no interpolation or extra forward fill. XGBoost handles NA natively. Preserve old signal behavior: missing year-ago GPP comparator -> 0; missing/zero year-ago WFP price -> 0. At least 6 valid signal months, otherwise NA.","Source-native NA; no carrier-row or saved-extra-NA mask; no interpolation or extra forward fill. XGBoost handles NA natively. Preserve old signal behavior: missing year-ago GPP comparator -> 0; missing/zero year-ago WFP price -> 0. At least 6 valid signal months, otherwise NA.",Inherited source/recipe definition; see base_source_definition,Inherited source/recipe definition; see base_source_definition,Inherited compact source; upstream aggregation not independently certified,Same retained compact source/recipe; upstream aggregation not independently certified
218,nino34_anom__enso_stress__share12_at_origin,ENSO stress,share12 of nino34_anom__enso_stress,fraction,Training: Analysis/1.Source Data/assembled_IPCCH/interim/IPCCH_2026_target_corrected_nino34_wbfood.csv; Inference: Analysis/1.Source Data/assembled_IPCCH/interim/IPCCH_2026_target_corrected_nino34_wbfood.csv,Signal months <=O; year-ago dependencies allowed within original rules,"s[u]=1 if abs(x[u]) > 0.5, else 0; current x NA -> s NA. mean_nonmissing(s[O-11:O])","Source-native NA; no carrier-row or saved-extra-NA mask; no interpolation or extra forward fill. XGBoost handles NA natively. Preserve old signal behavior: missing year-ago GPP comparator -> 0; missing/zero year-ago WFP price -> 0. At least 6 valid signal months, otherwise NA.",numeric,true,1,true,1,true,1,true,1,true,1,"[""nino34_anom__enso_stress__share12_at_origin""]","{""compact_baseline/0m"":218,""compact_baseline/6m"":218,""compact_baseline/12m"":218,""compact_cds_weather/6m"":218,""compact_cds_weather/12m"":218}","[0, 6, 12]",stress,nino34_anom,Inherited nino34_anom column in the pinned interim source; numeric values as supplied.,".trellis/tasks/archive/2026-10/10-08-compact-climate-weather-oracle/design.md: Stress recipes; src/ipcch/retained_feature_recipes.py:54-66; src/ipcch/climate2015_features.py:131-157,246-251; .trellis/tasks/10-08-compact-cds-launch/design.md","Source observation month is an availability proxy; historical release vintage is not certified. This is an expected input, not a fitted result.",expected_not_fitted,Analysis/1.Source Data/assembled_IPCCH/interim/IPCCH_2026_target_corrected_nino34_wbfood.csv,Analysis/1.Source Data/assembled_IPCCH/interim/IPCCH_2026_target_corrected_nino34_wbfood.csv,"s[u]=1 if abs(x[u]) > 0.5, else 0; current x NA -> s NA. mean_nonmissing(s[O-11:O])","s[u]=1 if abs(x[u]) > 0.5, else 0; current x NA -> s NA. mean_nonmissing(s[O-11:O]) Use O=2026-04 and target T from the run index.","Source-native NA; no carrier-row or saved-extra-NA mask; no interpolation or extra forward fill. XGBoost handles NA natively. Preserve old signal behavior: missing year-ago GPP comparator -> 0; missing/zero year-ago WFP price -> 0. At least 6 valid signal months, otherwise NA.","Source-native NA; no carrier-row or saved-extra-NA mask; no interpolation or extra forward fill. XGBoost handles NA natively. Preserve old signal behavior: missing year-ago GPP comparator -> 0; missing/zero year-ago WFP price -> 0. At least 6 valid signal months, otherwise NA.",Inherited source/recipe definition; see base_source_definition,Inherited source/recipe definition; see base_source_definition,Inherited compact source; upstream aggregation not independently certified,Same retained compact source/recipe; upstream aggregation not independently certified
219,nino34_anom__enso_stress__months_since_at_origin,ENSO stress,months_since of nino34_anom__enso_stress,months,Training: Analysis/1.Source Data/assembled_IPCCH/interim/IPCCH_2026_target_corrected_nino34_wbfood.csv; Inference: Analysis/1.Source Data/assembled_IPCCH/interim/IPCCH_2026_target_corrected_nino34_wbfood.csv,Signal months <=O; year-ago dependencies allowed within original rules,"s[u]=1 if abs(x[u]) > 0.5, else 0; current x NA -> s NA. O - latest month u<=O with s[u]=1, across all available source history",Source-native NA; no carrier-row or saved-extra-NA mask; no interpolation or extra forward fill. XGBoost handles NA natively. Preserve old signal behavior: missing year-ago GPP comparator -> 0; missing/zero year-ago WFP price -> 0. NA before first observed hit; elapsed months advance through missing observations.,numeric,true,1,true,1,true,1,true,1,true,1,"[""nino34_anom__enso_stress__months_since_at_origin""]","{""compact_baseline/0m"":219,""compact_baseline/6m"":219,""compact_baseline/12m"":219,""compact_cds_weather/6m"":219,""compact_cds_weather/12m"":219}","[0, 6, 12]",stress,nino34_anom,Inherited nino34_anom column in the pinned interim source; numeric values as supplied.,".trellis/tasks/archive/2026-10/10-08-compact-climate-weather-oracle/design.md: Stress recipes; src/ipcch/retained_feature_recipes.py:54-66; src/ipcch/climate2015_features.py:131-157,246-251; .trellis/tasks/10-08-compact-cds-launch/design.md","Source observation month is an availability proxy; historical release vintage is not certified. This is an expected input, not a fitted result.",expected_not_fitted,Analysis/1.Source Data/assembled_IPCCH/interim/IPCCH_2026_target_corrected_nino34_wbfood.csv,Analysis/1.Source Data/assembled_IPCCH/interim/IPCCH_2026_target_corrected_nino34_wbfood.csv,"s[u]=1 if abs(x[u]) > 0.5, else 0; current x NA -> s NA. O - latest month u<=O with s[u]=1, across all available source history","s[u]=1 if abs(x[u]) > 0.5, else 0; current x NA -> s NA. O - latest month u<=O with s[u]=1, across all available source history Use O=2026-04 and target T from the run index.",Source-native NA; no carrier-row or saved-extra-NA mask; no interpolation or extra forward fill. XGBoost handles NA natively. Preserve old signal behavior: missing year-ago GPP comparator -> 0; missing/zero year-ago WFP price -> 0. NA before first observed hit; elapsed months advance through missing observations.,Source-native NA; no carrier-row or saved-extra-NA mask; no interpolation or extra forward fill. XGBoost handles NA natively. Preserve old signal behavior: missing year-ago GPP comparator -> 0; missing/zero year-ago WFP price -> 0. NA before first observed hit; elapsed months advance through missing observations.,Inherited source/recipe definition; see base_source_definition,Inherited source/recipe definition; see base_source_definition,Inherited compact source; upstream aggregation not independently certified,Same retained compact source/recipe; upstream aggregation not independently certified
220,nino34_anom__enso_stress__longest_run12_at_origin,ENSO stress,longest_run12 of nino34_anom__enso_stress,months,Training: Analysis/1.Source Data/assembled_IPCCH/interim/IPCCH_2026_target_corrected_nino34_wbfood.csv; Inference: Analysis/1.Source Data/assembled_IPCCH/interim/IPCCH_2026_target_corrected_nino34_wbfood.csv,Signal months <=O; year-ago dependencies allowed within original rules,"s[u]=1 if abs(x[u]) > 0.5, else 0; current x NA -> s NA. longest consecutive run of s=1 in O-11..O","Source-native NA; no carrier-row or saved-extra-NA mask; no interpolation or extra forward fill. XGBoost handles NA natively. Preserve old signal behavior: missing year-ago GPP comparator -> 0; missing/zero year-ago WFP price -> 0. NA breaks a run; at least 6 valid signal months, otherwise NA.",numeric,true,1,true,1,true,1,true,1,true,1,"[""nino34_anom__enso_stress__longest_run12_at_origin""]","{""compact_baseline/0m"":220,""compact_baseline/6m"":220,""compact_baseline/12m"":220,""compact_cds_weather/6m"":220,""compact_cds_weather/12m"":220}","[0, 6, 12]",stress,nino34_anom,Inherited nino34_anom column in the pinned interim source; numeric values as supplied.,".trellis/tasks/archive/2026-10/10-08-compact-climate-weather-oracle/design.md: Stress recipes; src/ipcch/retained_feature_recipes.py:54-66; src/ipcch/climate2015_features.py:131-157,246-251; .trellis/tasks/10-08-compact-cds-launch/design.md","Source observation month is an availability proxy; historical release vintage is not certified. This is an expected input, not a fitted result.",expected_not_fitted,Analysis/1.Source Data/assembled_IPCCH/interim/IPCCH_2026_target_corrected_nino34_wbfood.csv,Analysis/1.Source Data/assembled_IPCCH/interim/IPCCH_2026_target_corrected_nino34_wbfood.csv,"s[u]=1 if abs(x[u]) > 0.5, else 0; current x NA -> s NA. longest consecutive run of s=1 in O-11..O","s[u]=1 if abs(x[u]) > 0.5, else 0; current x NA -> s NA. longest consecutive run of s=1 in O-11..O Use O=2026-04 and target T from the run index.","Source-native NA; no carrier-row or saved-extra-NA mask; no interpolation or extra forward fill. XGBoost handles NA natively. Preserve old signal behavior: missing year-ago GPP comparator -> 0; missing/zero year-ago WFP price -> 0. NA breaks a run; at least 6 valid signal months, otherwise NA.","Source-native NA; no carrier-row or saved-extra-NA mask; no interpolation or extra forward fill. XGBoost handles NA natively. Preserve old signal behavior: missing year-ago GPP comparator -> 0; missing/zero year-ago WFP price -> 0. NA breaks a run; at least 6 valid signal months, otherwise NA.",Inherited source/recipe definition; see base_source_definition,Inherited source/recipe definition; see base_source_definition,Inherited compact source; upstream aggregation not independently certified,Same retained compact source/recipe; upstream aggregation not independently certified
221,nino34_anom__enso_stress__any12_at_origin,ENSO stress,any12 of nino34_anom__enso_stress,0/1,Training: Analysis/1.Source Data/assembled_IPCCH/interim/IPCCH_2026_target_corrected_nino34_wbfood.csv; Inference: Analysis/1.Source Data/assembled_IPCCH/interim/IPCCH_2026_target_corrected_nino34_wbfood.csv,Signal months <=O; year-ago dependencies allowed within original rules,"s[u]=1 if abs(x[u]) > 0.5, else 0; current x NA -> s NA. max_nonmissing(s[O-11:O])","Source-native NA; no carrier-row or saved-extra-NA mask; no interpolation or extra forward fill. XGBoost handles NA natively. Preserve old signal behavior: missing year-ago GPP comparator -> 0; missing/zero year-ago WFP price -> 0. At least 6 valid signal months, otherwise NA.",numeric,true,1,true,1,true,1,true,1,true,1,"[""nino34_anom__enso_stress__any12_at_origin""]","{""compact_baseline/0m"":221,""compact_baseline/6m"":221,""compact_baseline/12m"":221,""compact_cds_weather/6m"":221,""compact_cds_weather/12m"":221}","[0, 6, 12]",stress,nino34_anom,Inherited nino34_anom column in the pinned interim source; numeric values as supplied.,".trellis/tasks/archive/2026-10/10-08-compact-climate-weather-oracle/design.md: Stress recipes; src/ipcch/retained_feature_recipes.py:54-66; src/ipcch/climate2015_features.py:131-157,246-251; .trellis/tasks/10-08-compact-cds-launch/design.md","Source observation month is an availability proxy; historical release vintage is not certified. This is an expected input, not a fitted result.",expected_not_fitted,Analysis/1.Source Data/assembled_IPCCH/interim/IPCCH_2026_target_corrected_nino34_wbfood.csv,Analysis/1.Source Data/assembled_IPCCH/interim/IPCCH_2026_target_corrected_nino34_wbfood.csv,"s[u]=1 if abs(x[u]) > 0.5, else 0; current x NA -> s NA. max_nonmissing(s[O-11:O])","s[u]=1 if abs(x[u]) > 0.5, else 0; current x NA -> s NA. max_nonmissing(s[O-11:O]) Use O=2026-04 and target T from the run index.","Source-native NA; no carrier-row or saved-extra-NA mask; no interpolation or extra forward fill. XGBoost handles NA natively. Preserve old signal behavior: missing year-ago GPP comparator -> 0; missing/zero year-ago WFP price -> 0. At least 6 valid signal months, otherwise NA.","Source-native NA; no carrier-row or saved-extra-NA mask; no interpolation or extra forward fill. XGBoost handles NA natively. Preserve old signal behavior: missing year-ago GPP comparator -> 0; missing/zero year-ago WFP price -> 0. At least 6 valid signal months, otherwise NA.",Inherited source/recipe definition; see base_source_definition,Inherited source/recipe definition; see base_source_definition,Inherited compact source; upstream aggregation not independently certified,Same retained compact source/recipe; upstream aggregation not independently certified
222,spi03_month_ensmean__deficit_stress__share12_at_origin,Monthly climate stress,share12 of spi03_month_ensmean__deficit_stress,fraction,Training: IPCCH_shared_folder/climate_monthly_2015_2026_MODELING_READY.csv; Inference: IPCCH_shared_folder/climate_monthly_2015_2026_MODELING_READY.csv,Signal months <=O; year-ago dependencies allowed within original rules,"s[u]=1 if x[u] <= -1, else 0; current x NA -> s NA. mean_nonmissing(s[O-11:O])","Source-native NA; no carrier-row or saved-extra-NA mask; no interpolation or extra forward fill. XGBoost handles NA natively. Preserve old signal behavior: missing year-ago GPP comparator -> 0; missing/zero year-ago WFP price -> 0. At least 6 valid signal months, otherwise NA.",numeric,true,1,true,1,true,1,true,1,true,1,"[""spi03_month_ensmean__deficit_stress__share12_at_origin""]","{""compact_baseline/0m"":222,""compact_baseline/6m"":222,""compact_baseline/12m"":222,""compact_cds_weather/6m"":222,""compact_cds_weather/12m"":222}","[0, 6, 12]",stress,spi03_month_ensmean,Fit SPI-3 separately for each precipitation source using 1983–2020 (or longest common ≥30-year period); polygon aggregate source indices; source mean. Parameters/caveats: Primary scale 3 months; also produce 1/6/12-month sensitivity. Optional alternative: season-end SPI-k where k≈GS length in months.,".trellis/tasks/archive/2026-10/10-08-compact-climate-weather-oracle/design.md: Stress recipes; src/ipcch/retained_feature_recipes.py:54-66; src/ipcch/climate2015_features.py:131-157,246-251; .trellis/tasks/10-08-compact-cds-launch/design.md","Source observation month is an availability proxy; historical release vintage is not certified. This is an expected input, not a fitted result.",expected_not_fitted,IPCCH_shared_folder/climate_monthly_2015_2026_MODELING_READY.csv,IPCCH_shared_folder/climate_monthly_2015_2026_MODELING_READY.csv,"s[u]=1 if x[u] <= -1, else 0; current x NA -> s NA. mean_nonmissing(s[O-11:O])","s[u]=1 if x[u] <= -1, else 0; current x NA -> s NA. mean_nonmissing(s[O-11:O]) Use O=2026-04 and target T from the run index.","Source-native NA; no carrier-row or saved-extra-NA mask; no interpolation or extra forward fill. XGBoost handles NA natively. Preserve old signal behavior: missing year-ago GPP comparator -> 0; missing/zero year-ago WFP price -> 0. At least 6 valid signal months, otherwise NA.","Source-native NA; no carrier-row or saved-extra-NA mask; no interpolation or extra forward fill. XGBoost handles NA natively. Preserve old signal behavior: missing year-ago GPP comparator -> 0; missing/zero year-ago WFP price -> 0. At least 6 valid signal months, otherwise NA.",Inherited source/recipe definition; see base_source_definition,Inherited source/recipe definition; see base_source_definition,Inherited compact source; upstream aggregation not independently certified,Same retained compact source/recipe; upstream aggregation not independently certified
223,spi03_month_ensmean__deficit_stress__months_since_at_origin,Monthly climate stress,months_since of spi03_month_ensmean__deficit_stress,months,Training: IPCCH_shared_folder/climate_monthly_2015_2026_MODELING_READY.csv; Inference: IPCCH_shared_folder/climate_monthly_2015_2026_MODELING_READY.csv,Signal months <=O; year-ago dependencies allowed within original rules,"s[u]=1 if x[u] <= -1, else 0; current x NA -> s NA. O - latest month u<=O with s[u]=1, across all available source history",Source-native NA; no carrier-row or saved-extra-NA mask; no interpolation or extra forward fill. XGBoost handles NA natively. Preserve old signal behavior: missing year-ago GPP comparator -> 0; missing/zero year-ago WFP price -> 0. NA before first observed hit; elapsed months advance through missing observations.,numeric,true,1,true,1,true,1,true,1,true,1,"[""spi03_month_ensmean__deficit_stress__months_since_at_origin""]","{""compact_baseline/0m"":223,""compact_baseline/6m"":223,""compact_baseline/12m"":223,""compact_cds_weather/6m"":223,""compact_cds_weather/12m"":223}","[0, 6, 12]",stress,spi03_month_ensmean,Fit SPI-3 separately for each precipitation source using 1983–2020 (or longest common ≥30-year period); polygon aggregate source indices; source mean. Parameters/caveats: Primary scale 3 months; also produce 1/6/12-month sensitivity. Optional alternative: season-end SPI-k where k≈GS length in months.,".trellis/tasks/archive/2026-10/10-08-compact-climate-weather-oracle/design.md: Stress recipes; src/ipcch/retained_feature_recipes.py:54-66; src/ipcch/climate2015_features.py:131-157,246-251; .trellis/tasks/10-08-compact-cds-launch/design.md","Source observation month is an availability proxy; historical release vintage is not certified. This is an expected input, not a fitted result.",expected_not_fitted,IPCCH_shared_folder/climate_monthly_2015_2026_MODELING_READY.csv,IPCCH_shared_folder/climate_monthly_2015_2026_MODELING_READY.csv,"s[u]=1 if x[u] <= -1, else 0; current x NA -> s NA. O - latest month u<=O with s[u]=1, across all available source history","s[u]=1 if x[u] <= -1, else 0; current x NA -> s NA. O - latest month u<=O with s[u]=1, across all available source history Use O=2026-04 and target T from the run index.",Source-native NA; no carrier-row or saved-extra-NA mask; no interpolation or extra forward fill. XGBoost handles NA natively. Preserve old signal behavior: missing year-ago GPP comparator -> 0; missing/zero year-ago WFP price -> 0. NA before first observed hit; elapsed months advance through missing observations.,Source-native NA; no carrier-row or saved-extra-NA mask; no interpolation or extra forward fill. XGBoost handles NA natively. Preserve old signal behavior: missing year-ago GPP comparator -> 0; missing/zero year-ago WFP price -> 0. NA before first observed hit; elapsed months advance through missing observations.,Inherited source/recipe definition; see base_source_definition,Inherited source/recipe definition; see base_source_definition,Inherited compact source; upstream aggregation not independently certified,Same retained compact source/recipe; upstream aggregation not independently certified
224,spi03_month_ensmean__deficit_stress__longest_run12_at_origin,Monthly climate stress,longest_run12 of spi03_month_ensmean__deficit_stress,months,Training: IPCCH_shared_folder/climate_monthly_2015_2026_MODELING_READY.csv; Inference: IPCCH_shared_folder/climate_monthly_2015_2026_MODELING_READY.csv,Signal months <=O; year-ago dependencies allowed within original rules,"s[u]=1 if x[u] <= -1, else 0; current x NA -> s NA. longest consecutive run of s=1 in O-11..O","Source-native NA; no carrier-row or saved-extra-NA mask; no interpolation or extra forward fill. XGBoost handles NA natively. Preserve old signal behavior: missing year-ago GPP comparator -> 0; missing/zero year-ago WFP price -> 0. NA breaks a run; at least 6 valid signal months, otherwise NA.",numeric,true,1,true,1,true,1,true,1,true,1,"[""spi03_month_ensmean__deficit_stress__longest_run12_at_origin""]","{""compact_baseline/0m"":224,""compact_baseline/6m"":224,""compact_baseline/12m"":224,""compact_cds_weather/6m"":224,""compact_cds_weather/12m"":224}","[0, 6, 12]",stress,spi03_month_ensmean,Fit SPI-3 separately for each precipitation source using 1983–2020 (or longest common ≥30-year period); polygon aggregate source indices; source mean. Parameters/caveats: Primary scale 3 months; also produce 1/6/12-month sensitivity. Optional alternative: season-end SPI-k where k≈GS length in months.,".trellis/tasks/archive/2026-10/10-08-compact-climate-weather-oracle/design.md: Stress recipes; src/ipcch/retained_feature_recipes.py:54-66; src/ipcch/climate2015_features.py:131-157,246-251; .trellis/tasks/10-08-compact-cds-launch/design.md","Source observation month is an availability proxy; historical release vintage is not certified. This is an expected input, not a fitted result.",expected_not_fitted,IPCCH_shared_folder/climate_monthly_2015_2026_MODELING_READY.csv,IPCCH_shared_folder/climate_monthly_2015_2026_MODELING_READY.csv,"s[u]=1 if x[u] <= -1, else 0; current x NA -> s NA. longest consecutive run of s=1 in O-11..O","s[u]=1 if x[u] <= -1, else 0; current x NA -> s NA. longest consecutive run of s=1 in O-11..O Use O=2026-04 and target T from the run index.","Source-native NA; no carrier-row or saved-extra-NA mask; no interpolation or extra forward fill. XGBoost handles NA natively. Preserve old signal behavior: missing year-ago GPP comparator -> 0; missing/zero year-ago WFP price -> 0. NA breaks a run; at least 6 valid signal months, otherwise NA.","Source-native NA; no carrier-row or saved-extra-NA mask; no interpolation or extra forward fill. XGBoost handles NA natively. Preserve old signal behavior: missing year-ago GPP comparator -> 0; missing/zero year-ago WFP price -> 0. NA breaks a run; at least 6 valid signal months, otherwise NA.",Inherited source/recipe definition; see base_source_definition,Inherited source/recipe definition; see base_source_definition,Inherited compact source; upstream aggregation not independently certified,Same retained compact source/recipe; upstream aggregation not independently certified
225,spi03_month_ensmean__deficit_stress__any12_at_origin,Monthly climate stress,any12 of spi03_month_ensmean__deficit_stress,0/1,Training: IPCCH_shared_folder/climate_monthly_2015_2026_MODELING_READY.csv; Inference: IPCCH_shared_folder/climate_monthly_2015_2026_MODELING_READY.csv,Signal months <=O; year-ago dependencies allowed within original rules,"s[u]=1 if x[u] <= -1, else 0; current x NA -> s NA. max_nonmissing(s[O-11:O])","Source-native NA; no carrier-row or saved-extra-NA mask; no interpolation or extra forward fill. XGBoost handles NA natively. Preserve old signal behavior: missing year-ago GPP comparator -> 0; missing/zero year-ago WFP price -> 0. At least 6 valid signal months, otherwise NA.",numeric,true,1,true,1,true,1,true,1,true,1,"[""spi03_month_ensmean__deficit_stress__any12_at_origin""]","{""compact_baseline/0m"":225,""compact_baseline/6m"":225,""compact_baseline/12m"":225,""compact_cds_weather/6m"":225,""compact_cds_weather/12m"":225}","[0, 6, 12]",stress,spi03_month_ensmean,Fit SPI-3 separately for each precipitation source using 1983–2020 (or longest common ≥30-year period); polygon aggregate source indices; source mean. Parameters/caveats: Primary scale 3 months; also produce 1/6/12-month sensitivity. Optional alternative: season-end SPI-k where k≈GS length in months.,".trellis/tasks/archive/2026-10/10-08-compact-climate-weather-oracle/design.md: Stress recipes; src/ipcch/retained_feature_recipes.py:54-66; src/ipcch/climate2015_features.py:131-157,246-251; .trellis/tasks/10-08-compact-cds-launch/design.md","Source observation month is an availability proxy; historical release vintage is not certified. This is an expected input, not a fitted result.",expected_not_fitted,IPCCH_shared_folder/climate_monthly_2015_2026_MODELING_READY.csv,IPCCH_shared_folder/climate_monthly_2015_2026_MODELING_READY.csv,"s[u]=1 if x[u] <= -1, else 0; current x NA -> s NA. max_nonmissing(s[O-11:O])","s[u]=1 if x[u] <= -1, else 0; current x NA -> s NA. max_nonmissing(s[O-11:O]) Use O=2026-04 and target T from the run index.","Source-native NA; no carrier-row or saved-extra-NA mask; no interpolation or extra forward fill. XGBoost handles NA natively. Preserve old signal behavior: missing year-ago GPP comparator -> 0; missing/zero year-ago WFP price -> 0. At least 6 valid signal months, otherwise NA.","Source-native NA; no carrier-row or saved-extra-NA mask; no interpolation or extra forward fill. XGBoost handles NA natively. Preserve old signal behavior: missing year-ago GPP comparator -> 0; missing/zero year-ago WFP price -> 0. At least 6 valid signal months, otherwise NA.",Inherited source/recipe definition; see base_source_definition,Inherited source/recipe definition; see base_source_definition,Inherited compact source; upstream aggregation not independently certified,Same retained compact source/recipe; upstream aggregation not independently certified
226,tmean_anom_month_ensmean__hot_stress__share12_at_origin,Monthly climate stress,share12 of tmean_anom_month_ensmean__hot_stress,fraction,Training: IPCCH_shared_folder/climate_monthly_2015_2026_MODELING_READY.csv; Inference: IPCCH_shared_folder/climate_monthly_2015_2026_MODELING_READY.csv,Signal months <=O; year-ago dependencies allowed within original rules,"s[u]=1 if x[u] >= 1, else 0; current x NA -> s NA. mean_nonmissing(s[O-11:O])","Source-native NA; no carrier-row or saved-extra-NA mask; no interpolation or extra forward fill. XGBoost handles NA natively. Preserve old signal behavior: missing year-ago GPP comparator -> 0; missing/zero year-ago WFP price -> 0. At least 6 valid signal months, otherwise NA.",numeric,true,1,true,1,true,1,true,1,true,1,"[""tmean_anom_month_ensmean__hot_stress__share12_at_origin""]","{""compact_baseline/0m"":226,""compact_baseline/6m"":226,""compact_baseline/12m"":226,""compact_cds_weather/6m"":226,""compact_cds_weather/12m"":226}","[0, 6, 12]",stress,tmean_anom_month_ensmean,Per source: monthly mean daily Tmean minus 1991–2020 calendar-month climatology; crop-area polygon mean; source mean. Parameters/caveats: Tmean = (Tmax + Tmin)/2 when not directly supplied. CHIRTS-ERA5 and ERA5-Land are structurally dependent.,".trellis/tasks/archive/2026-10/10-08-compact-climate-weather-oracle/design.md: Stress recipes; src/ipcch/retained_feature_recipes.py:54-66; src/ipcch/climate2015_features.py:131-157,246-251; .trellis/tasks/10-08-compact-cds-launch/design.md","Source observation month is an availability proxy; historical release vintage is not certified. This is an expected input, not a fitted result.",expected_not_fitted,IPCCH_shared_folder/climate_monthly_2015_2026_MODELING_READY.csv,IPCCH_shared_folder/climate_monthly_2015_2026_MODELING_READY.csv,"s[u]=1 if x[u] >= 1, else 0; current x NA -> s NA. mean_nonmissing(s[O-11:O])","s[u]=1 if x[u] >= 1, else 0; current x NA -> s NA. mean_nonmissing(s[O-11:O]) Use O=2026-04 and target T from the run index.","Source-native NA; no carrier-row or saved-extra-NA mask; no interpolation or extra forward fill. XGBoost handles NA natively. Preserve old signal behavior: missing year-ago GPP comparator -> 0; missing/zero year-ago WFP price -> 0. At least 6 valid signal months, otherwise NA.","Source-native NA; no carrier-row or saved-extra-NA mask; no interpolation or extra forward fill. XGBoost handles NA natively. Preserve old signal behavior: missing year-ago GPP comparator -> 0; missing/zero year-ago WFP price -> 0. At least 6 valid signal months, otherwise NA.",Inherited source/recipe definition; see base_source_definition,Inherited source/recipe definition; see base_source_definition,Inherited compact source; upstream aggregation not independently certified,Same retained compact source/recipe; upstream aggregation not independently certified
227,tmean_anom_month_ensmean__hot_stress__months_since_at_origin,Monthly climate stress,months_since of tmean_anom_month_ensmean__hot_stress,months,Training: IPCCH_shared_folder/climate_monthly_2015_2026_MODELING_READY.csv; Inference: IPCCH_shared_folder/climate_monthly_2015_2026_MODELING_READY.csv,Signal months <=O; year-ago dependencies allowed within original rules,"s[u]=1 if x[u] >= 1, else 0; current x NA -> s NA. O - latest month u<=O with s[u]=1, across all available source history",Source-native NA; no carrier-row or saved-extra-NA mask; no interpolation or extra forward fill. XGBoost handles NA natively. Preserve old signal behavior: missing year-ago GPP comparator -> 0; missing/zero year-ago WFP price -> 0. NA before first observed hit; elapsed months advance through missing observations.,numeric,true,1,true,1,true,1,true,1,true,1,"[""tmean_anom_month_ensmean__hot_stress__months_since_at_origin""]","{""compact_baseline/0m"":227,""compact_baseline/6m"":227,""compact_baseline/12m"":227,""compact_cds_weather/6m"":227,""compact_cds_weather/12m"":227}","[0, 6, 12]",stress,tmean_anom_month_ensmean,Per source: monthly mean daily Tmean minus 1991–2020 calendar-month climatology; crop-area polygon mean; source mean. Parameters/caveats: Tmean = (Tmax + Tmin)/2 when not directly supplied. CHIRTS-ERA5 and ERA5-Land are structurally dependent.,".trellis/tasks/archive/2026-10/10-08-compact-climate-weather-oracle/design.md: Stress recipes; src/ipcch/retained_feature_recipes.py:54-66; src/ipcch/climate2015_features.py:131-157,246-251; .trellis/tasks/10-08-compact-cds-launch/design.md","Source observation month is an availability proxy; historical release vintage is not certified. This is an expected input, not a fitted result.",expected_not_fitted,IPCCH_shared_folder/climate_monthly_2015_2026_MODELING_READY.csv,IPCCH_shared_folder/climate_monthly_2015_2026_MODELING_READY.csv,"s[u]=1 if x[u] >= 1, else 0; current x NA -> s NA. O - latest month u<=O with s[u]=1, across all available source history","s[u]=1 if x[u] >= 1, else 0; current x NA -> s NA. O - latest month u<=O with s[u]=1, across all available source history Use O=2026-04 and target T from the run index.",Source-native NA; no carrier-row or saved-extra-NA mask; no interpolation or extra forward fill. XGBoost handles NA natively. Preserve old signal behavior: missing year-ago GPP comparator -> 0; missing/zero year-ago WFP price -> 0. NA before first observed hit; elapsed months advance through missing observations.,Source-native NA; no carrier-row or saved-extra-NA mask; no interpolation or extra forward fill. XGBoost handles NA natively. Preserve old signal behavior: missing year-ago GPP comparator -> 0; missing/zero year-ago WFP price -> 0. NA before first observed hit; elapsed months advance through missing observations.,Inherited source/recipe definition; see base_source_definition,Inherited source/recipe definition; see base_source_definition,Inherited compact source; upstream aggregation not independently certified,Same retained compact source/recipe; upstream aggregation not independently certified
228,tmean_anom_month_ensmean__hot_stress__longest_run12_at_origin,Monthly climate stress,longest_run12 of tmean_anom_month_ensmean__hot_stress,months,Training: IPCCH_shared_folder/climate_monthly_2015_2026_MODELING_READY.csv; Inference: IPCCH_shared_folder/climate_monthly_2015_2026_MODELING_READY.csv,Signal months <=O; year-ago dependencies allowed within original rules,"s[u]=1 if x[u] >= 1, else 0; current x NA -> s NA. longest consecutive run of s=1 in O-11..O","Source-native NA; no carrier-row or saved-extra-NA mask; no interpolation or extra forward fill. XGBoost handles NA natively. Preserve old signal behavior: missing year-ago GPP comparator -> 0; missing/zero year-ago WFP price -> 0. NA breaks a run; at least 6 valid signal months, otherwise NA.",numeric,true,1,true,1,true,1,true,1,true,1,"[""tmean_anom_month_ensmean__hot_stress__longest_run12_at_origin""]","{""compact_baseline/0m"":228,""compact_baseline/6m"":228,""compact_baseline/12m"":228,""compact_cds_weather/6m"":228,""compact_cds_weather/12m"":228}","[0, 6, 12]",stress,tmean_anom_month_ensmean,Per source: monthly mean daily Tmean minus 1991–2020 calendar-month climatology; crop-area polygon mean; source mean. Parameters/caveats: Tmean = (Tmax + Tmin)/2 when not directly supplied. CHIRTS-ERA5 and ERA5-Land are structurally dependent.,".trellis/tasks/archive/2026-10/10-08-compact-climate-weather-oracle/design.md: Stress recipes; src/ipcch/retained_feature_recipes.py:54-66; src/ipcch/climate2015_features.py:131-157,246-251; .trellis/tasks/10-08-compact-cds-launch/design.md","Source observation month is an availability proxy; historical release vintage is not certified. This is an expected input, not a fitted result.",expected_not_fitted,IPCCH_shared_folder/climate_monthly_2015_2026_MODELING_READY.csv,IPCCH_shared_folder/climate_monthly_2015_2026_MODELING_READY.csv,"s[u]=1 if x[u] >= 1, else 0; current x NA -> s NA. longest consecutive run of s=1 in O-11..O","s[u]=1 if x[u] >= 1, else 0; current x NA -> s NA. longest consecutive run of s=1 in O-11..O Use O=2026-04 and target T from the run index.","Source-native NA; no carrier-row or saved-extra-NA mask; no interpolation or extra forward fill. XGBoost handles NA natively. Preserve old signal behavior: missing year-ago GPP comparator -> 0; missing/zero year-ago WFP price -> 0. NA breaks a run; at least 6 valid signal months, otherwise NA.","Source-native NA; no carrier-row or saved-extra-NA mask; no interpolation or extra forward fill. XGBoost handles NA natively. Preserve old signal behavior: missing year-ago GPP comparator -> 0; missing/zero year-ago WFP price -> 0. NA breaks a run; at least 6 valid signal months, otherwise NA.",Inherited source/recipe definition; see base_source_definition,Inherited source/recipe definition; see base_source_definition,Inherited compact source; upstream aggregation not independently certified,Same retained compact source/recipe; upstream aggregation not independently certified
229,tmean_anom_month_ensmean__hot_stress__any12_at_origin,Monthly climate stress,any12 of tmean_anom_month_ensmean__hot_stress,0/1,Training: IPCCH_shared_folder/climate_monthly_2015_2026_MODELING_READY.csv; Inference: IPCCH_shared_folder/climate_monthly_2015_2026_MODELING_READY.csv,Signal months <=O; year-ago dependencies allowed within original rules,"s[u]=1 if x[u] >= 1, else 0; current x NA -> s NA. max_nonmissing(s[O-11:O])","Source-native NA; no carrier-row or saved-extra-NA mask; no interpolation or extra forward fill. XGBoost handles NA natively. Preserve old signal behavior: missing year-ago GPP comparator -> 0; missing/zero year-ago WFP price -> 0. At least 6 valid signal months, otherwise NA.",numeric,true,1,true,1,true,1,true,1,true,1,"[""tmean_anom_month_ensmean__hot_stress__any12_at_origin""]","{""compact_baseline/0m"":229,""compact_baseline/6m"":229,""compact_baseline/12m"":229,""compact_cds_weather/6m"":229,""compact_cds_weather/12m"":229}","[0, 6, 12]",stress,tmean_anom_month_ensmean,Per source: monthly mean daily Tmean minus 1991–2020 calendar-month climatology; crop-area polygon mean; source mean. Parameters/caveats: Tmean = (Tmax + Tmin)/2 when not directly supplied. CHIRTS-ERA5 and ERA5-Land are structurally dependent.,".trellis/tasks/archive/2026-10/10-08-compact-climate-weather-oracle/design.md: Stress recipes; src/ipcch/retained_feature_recipes.py:54-66; src/ipcch/climate2015_features.py:131-157,246-251; .trellis/tasks/10-08-compact-cds-launch/design.md","Source observation month is an availability proxy; historical release vintage is not certified. This is an expected input, not a fitted result.",expected_not_fitted,IPCCH_shared_folder/climate_monthly_2015_2026_MODELING_READY.csv,IPCCH_shared_folder/climate_monthly_2015_2026_MODELING_READY.csv,"s[u]=1 if x[u] >= 1, else 0; current x NA -> s NA. max_nonmissing(s[O-11:O])","s[u]=1 if x[u] >= 1, else 0; current x NA -> s NA. max_nonmissing(s[O-11:O]) Use O=2026-04 and target T from the run index.","Source-native NA; no carrier-row or saved-extra-NA mask; no interpolation or extra forward fill. XGBoost handles NA natively. Preserve old signal behavior: missing year-ago GPP comparator -> 0; missing/zero year-ago WFP price -> 0. At least 6 valid signal months, otherwise NA.","Source-native NA; no carrier-row or saved-extra-NA mask; no interpolation or extra forward fill. XGBoost handles NA natively. Preserve old signal behavior: missing year-ago GPP comparator -> 0; missing/zero year-ago WFP price -> 0. At least 6 valid signal months, otherwise NA.",Inherited source/recipe definition; see base_source_definition,Inherited source/recipe definition; see base_source_definition,Inherited compact source; upstream aggregation not independently certified,Same retained compact source/recipe; upstream aggregation not independently certified
230,evi_anom_month_ensmean__vegetation_stress__share12_at_origin,Monthly climate stress,share12 of evi_anom_month_ensmean__vegetation_stress,fraction,Training: IPCCH_shared_folder/climate_monthly_2015_2026_MODELING_READY.csv; Inference: IPCCH_shared_folder/climate_monthly_2015_2026_MODELING_READY.csv,Signal months <=O; year-ago dependencies allowed within original rules,"s[u]=1 if x[u] <= -0.015, else 0; current x NA -> s NA. mean_nonmissing(s[O-11:O])","Source-native NA; no carrier-row or saved-extra-NA mask; no interpolation or extra forward fill. XGBoost handles NA natively. Preserve old signal behavior: missing year-ago GPP comparator -> 0; missing/zero year-ago WFP price -> 0. At least 6 valid signal months, otherwise NA.",numeric,true,1,true,1,true,1,true,1,true,1,"[""evi_anom_month_ensmean__vegetation_stress__share12_at_origin""]","{""compact_baseline/0m"":230,""compact_baseline/6m"":230,""compact_baseline/12m"":230,""compact_cds_weather/6m"":230,""compact_cds_weather/12m"":230}","[0, 6, 12]",stress,evi_anom_month_ensmean,QA-screen 16-day composites; overlap-day-weight observations into month; subtract 2003–2020 calendar-month climatology per sensor; crop-area polygon mean; Terra/Aqua mean. Parameters/caveats: Apply 0.0001 scale factor. EVI is less prone to high-biomass saturation than NDVI but is not identical to MCD12Q2 NBAR-EVI2.,".trellis/tasks/archive/2026-10/10-08-compact-climate-weather-oracle/design.md: Stress recipes; src/ipcch/retained_feature_recipes.py:54-66; src/ipcch/climate2015_features.py:131-157,246-251; .trellis/tasks/10-08-compact-cds-launch/design.md","Source observation month is an availability proxy; historical release vintage is not certified. This is an expected input, not a fitted result.",expected_not_fitted,IPCCH_shared_folder/climate_monthly_2015_2026_MODELING_READY.csv,IPCCH_shared_folder/climate_monthly_2015_2026_MODELING_READY.csv,"s[u]=1 if x[u] <= -0.015, else 0; current x NA -> s NA. mean_nonmissing(s[O-11:O])","s[u]=1 if x[u] <= -0.015, else 0; current x NA -> s NA. mean_nonmissing(s[O-11:O]) Use O=2026-04 and target T from the run index.","Source-native NA; no carrier-row or saved-extra-NA mask; no interpolation or extra forward fill. XGBoost handles NA natively. Preserve old signal behavior: missing year-ago GPP comparator -> 0; missing/zero year-ago WFP price -> 0. At least 6 valid signal months, otherwise NA.","Source-native NA; no carrier-row or saved-extra-NA mask; no interpolation or extra forward fill. XGBoost handles NA natively. Preserve old signal behavior: missing year-ago GPP comparator -> 0; missing/zero year-ago WFP price -> 0. At least 6 valid signal months, otherwise NA.",Inherited source/recipe definition; see base_source_definition,Inherited source/recipe definition; see base_source_definition,Inherited compact source; upstream aggregation not independently certified,Same retained compact source/recipe; upstream aggregation not independently certified
231,evi_anom_month_ensmean__vegetation_stress__months_since_at_origin,Monthly climate stress,months_since of evi_anom_month_ensmean__vegetation_stress,months,Training: IPCCH_shared_folder/climate_monthly_2015_2026_MODELING_READY.csv; Inference: IPCCH_shared_folder/climate_monthly_2015_2026_MODELING_READY.csv,Signal months <=O; year-ago dependencies allowed within original rules,"s[u]=1 if x[u] <= -0.015, else 0; current x NA -> s NA. O - latest month u<=O with s[u]=1, across all available source history",Source-native NA; no carrier-row or saved-extra-NA mask; no interpolation or extra forward fill. XGBoost handles NA natively. Preserve old signal behavior: missing year-ago GPP comparator -> 0; missing/zero year-ago WFP price -> 0. NA before first observed hit; elapsed months advance through missing observations.,numeric,true,1,true,1,true,1,true,1,true,1,"[""evi_anom_month_ensmean__vegetation_stress__months_since_at_origin""]","{""compact_baseline/0m"":231,""compact_baseline/6m"":231,""compact_baseline/12m"":231,""compact_cds_weather/6m"":231,""compact_cds_weather/12m"":231}","[0, 6, 12]",stress,evi_anom_month_ensmean,QA-screen 16-day composites; overlap-day-weight observations into month; subtract 2003–2020 calendar-month climatology per sensor; crop-area polygon mean; Terra/Aqua mean. Parameters/caveats: Apply 0.0001 scale factor. EVI is less prone to high-biomass saturation than NDVI but is not identical to MCD12Q2 NBAR-EVI2.,".trellis/tasks/archive/2026-10/10-08-compact-climate-weather-oracle/design.md: Stress recipes; src/ipcch/retained_feature_recipes.py:54-66; src/ipcch/climate2015_features.py:131-157,246-251; .trellis/tasks/10-08-compact-cds-launch/design.md","Source observation month is an availability proxy; historical release vintage is not certified. This is an expected input, not a fitted result.",expected_not_fitted,IPCCH_shared_folder/climate_monthly_2015_2026_MODELING_READY.csv,IPCCH_shared_folder/climate_monthly_2015_2026_MODELING_READY.csv,"s[u]=1 if x[u] <= -0.015, else 0; current x NA -> s NA. O - latest month u<=O with s[u]=1, across all available source history","s[u]=1 if x[u] <= -0.015, else 0; current x NA -> s NA. O - latest month u<=O with s[u]=1, across all available source history Use O=2026-04 and target T from the run index.",Source-native NA; no carrier-row or saved-extra-NA mask; no interpolation or extra forward fill. XGBoost handles NA natively. Preserve old signal behavior: missing year-ago GPP comparator -> 0; missing/zero year-ago WFP price -> 0. NA before first observed hit; elapsed months advance through missing observations.,Source-native NA; no carrier-row or saved-extra-NA mask; no interpolation or extra forward fill. XGBoost handles NA natively. Preserve old signal behavior: missing year-ago GPP comparator -> 0; missing/zero year-ago WFP price -> 0. NA before first observed hit; elapsed months advance through missing observations.,Inherited source/recipe definition; see base_source_definition,Inherited source/recipe definition; see base_source_definition,Inherited compact source; upstream aggregation not independently certified,Same retained compact source/recipe; upstream aggregation not independently certified
232,evi_anom_month_ensmean__vegetation_stress__longest_run12_at_origin,Monthly climate stress,longest_run12 of evi_anom_month_ensmean__vegetation_stress,months,Training: IPCCH_shared_folder/climate_monthly_2015_2026_MODELING_READY.csv; Inference: IPCCH_shared_folder/climate_monthly_2015_2026_MODELING_READY.csv,Signal months <=O; year-ago dependencies allowed within original rules,"s[u]=1 if x[u] <= -0.015, else 0; current x NA -> s NA. longest consecutive run of s=1 in O-11..O","Source-native NA; no carrier-row or saved-extra-NA mask; no interpolation or extra forward fill. XGBoost handles NA natively. Preserve old signal behavior: missing year-ago GPP comparator -> 0; missing/zero year-ago WFP price -> 0. NA breaks a run; at least 6 valid signal months, otherwise NA.",numeric,true,1,true,1,true,1,true,1,true,1,"[""evi_anom_month_ensmean__vegetation_stress__longest_run12_at_origin""]","{""compact_baseline/0m"":232,""compact_baseline/6m"":232,""compact_baseline/12m"":232,""compact_cds_weather/6m"":232,""compact_cds_weather/12m"":232}","[0, 6, 12]",stress,evi_anom_month_ensmean,QA-screen 16-day composites; overlap-day-weight observations into month; subtract 2003–2020 calendar-month climatology per sensor; crop-area polygon mean; Terra/Aqua mean. Parameters/caveats: Apply 0.0001 scale factor. EVI is less prone to high-biomass saturation than NDVI but is not identical to MCD12Q2 NBAR-EVI2.,".trellis/tasks/archive/2026-10/10-08-compact-climate-weather-oracle/design.md: Stress recipes; src/ipcch/retained_feature_recipes.py:54-66; src/ipcch/climate2015_features.py:131-157,246-251; .trellis/tasks/10-08-compact-cds-launch/design.md","Source observation month is an availability proxy; historical release vintage is not certified. This is an expected input, not a fitted result.",expected_not_fitted,IPCCH_shared_folder/climate_monthly_2015_2026_MODELING_READY.csv,IPCCH_shared_folder/climate_monthly_2015_2026_MODELING_READY.csv,"s[u]=1 if x[u] <= -0.015, else 0; current x NA -> s NA. longest consecutive run of s=1 in O-11..O","s[u]=1 if x[u] <= -0.015, else 0; current x NA -> s NA. longest consecutive run of s=1 in O-11..O Use O=2026-04 and target T from the run index.","Source-native NA; no carrier-row or saved-extra-NA mask; no interpolation or extra forward fill. XGBoost handles NA natively. Preserve old signal behavior: missing year-ago GPP comparator -> 0; missing/zero year-ago WFP price -> 0. NA breaks a run; at least 6 valid signal months, otherwise NA.","Source-native NA; no carrier-row or saved-extra-NA mask; no interpolation or extra forward fill. XGBoost handles NA natively. Preserve old signal behavior: missing year-ago GPP comparator -> 0; missing/zero year-ago WFP price -> 0. NA breaks a run; at least 6 valid signal months, otherwise NA.",Inherited source/recipe definition; see base_source_definition,Inherited source/recipe definition; see base_source_definition,Inherited compact source; upstream aggregation not independently certified,Same retained compact source/recipe; upstream aggregation not independently certified
233,evi_anom_month_ensmean__vegetation_stress__any12_at_origin,Monthly climate stress,any12 of evi_anom_month_ensmean__vegetation_stress,0/1,Training: IPCCH_shared_folder/climate_monthly_2015_2026_MODELING_READY.csv; Inference: IPCCH_shared_folder/climate_monthly_2015_2026_MODELING_READY.csv,Signal months <=O; year-ago dependencies allowed within original rules,"s[u]=1 if x[u] <= -0.015, else 0; current x NA -> s NA. max_nonmissing(s[O-11:O])","Source-native NA; no carrier-row or saved-extra-NA mask; no interpolation or extra forward fill. XGBoost handles NA natively. Preserve old signal behavior: missing year-ago GPP comparator -> 0; missing/zero year-ago WFP price -> 0. At least 6 valid signal months, otherwise NA.",numeric,true,1,true,1,true,1,true,1,true,1,"[""evi_anom_month_ensmean__vegetation_stress__any12_at_origin""]","{""compact_baseline/0m"":233,""compact_baseline/6m"":233,""compact_baseline/12m"":233,""compact_cds_weather/6m"":233,""compact_cds_weather/12m"":233}","[0, 6, 12]",stress,evi_anom_month_ensmean,QA-screen 16-day composites; overlap-day-weight observations into month; subtract 2003–2020 calendar-month climatology per sensor; crop-area polygon mean; Terra/Aqua mean. Parameters/caveats: Apply 0.0001 scale factor. EVI is less prone to high-biomass saturation than NDVI but is not identical to MCD12Q2 NBAR-EVI2.,".trellis/tasks/archive/2026-10/10-08-compact-climate-weather-oracle/design.md: Stress recipes; src/ipcch/retained_feature_recipes.py:54-66; src/ipcch/climate2015_features.py:131-157,246-251; .trellis/tasks/10-08-compact-cds-launch/design.md","Source observation month is an availability proxy; historical release vintage is not certified. This is an expected input, not a fitted result.",expected_not_fitted,IPCCH_shared_folder/climate_monthly_2015_2026_MODELING_READY.csv,IPCCH_shared_folder/climate_monthly_2015_2026_MODELING_READY.csv,"s[u]=1 if x[u] <= -0.015, else 0; current x NA -> s NA. max_nonmissing(s[O-11:O])","s[u]=1 if x[u] <= -0.015, else 0; current x NA -> s NA. max_nonmissing(s[O-11:O]) Use O=2026-04 and target T from the run index.","Source-native NA; no carrier-row or saved-extra-NA mask; no interpolation or extra forward fill. XGBoost handles NA natively. Preserve old signal behavior: missing year-ago GPP comparator -> 0; missing/zero year-ago WFP price -> 0. At least 6 valid signal months, otherwise NA.","Source-native NA; no carrier-row or saved-extra-NA mask; no interpolation or extra forward fill. XGBoost handles NA natively. Preserve old signal behavior: missing year-ago GPP comparator -> 0; missing/zero year-ago WFP price -> 0. At least 6 valid signal months, otherwise NA.",Inherited source/recipe definition; see base_source_definition,Inherited source/recipe definition; see base_source_definition,Inherited compact source; upstream aggregation not independently certified,Same retained compact source/recipe; upstream aggregation not independently certified
234,gs_last1__prcp_anom_gs_ensmean__at_origin,Growing-season climate,precipitation anomaly (source-ensemble mean); completed-season rank 1.,mm/GS,Training: IPCCH_shared_folder/climate_2015_2026_MODELING_READY.csv; Inference: IPCCH_shared_folder/climate_2015_2026_MODELING_READY.csv,"Select latest completed records with end_exclusive <= first day of O+1; end then start ordering, later start wins tied ends.",Value of prcp_anom_gs_ensmean in completed-season rank 1; no MA/SD expansion.,NA if the selected rank is absent or its source value is missing; no new full-support filter.,numeric,true,1,true,1,true,1,true,1,true,1,"[""gs_last1__prcp_anom_gs_ensmean__at_origin""]","{""compact_baseline/0m"":234,""compact_baseline/6m"":234,""compact_baseline/12m"":234,""compact_cds_weather/6m"":234,""compact_cds_weather/12m"":234}","[0, 6, 12]",growing_season,prcp_anom_gs_ensmean,"For each source, sum daily precipitation anomalies inside the exact GS window; then equal-weight the source-specific seasonal totals. Parameters/caveats: Use CHIRPS pentad/monthly totals, not daily disaggregation, when only totals are required. Store n_sources and ens_sd.",".trellis/tasks/archive/2026-10/10-08-compact-climate-weather-oracle/design.md: Growing seasons and major dummy; src/ipcch/climate2015_features.py:288-319,392-396; /mnt/c/Users/swl00/IFPRI Dropbox/Weilun Shi/IPCCH_shared_folder/climate_agriculture_varlist.xlsx#VARLIST!B5:I5; src/ipcch/climate2015_features.py:18-23; .trellis/tasks/10-08-compact-cds-launch/design.md","Source observation month is an availability proxy; historical release vintage is not certified. This is an expected input, not a fitted result. Supplier metric definition is retained; upstream ETL and climatology fitted samples are unverified.",expected_not_fitted,IPCCH_shared_folder/climate_2015_2026_MODELING_READY.csv,IPCCH_shared_folder/climate_2015_2026_MODELING_READY.csv,Value of prcp_anom_gs_ensmean in completed-season rank 1; no MA/SD expansion.,Value of prcp_anom_gs_ensmean in completed-season rank 1; no MA/SD expansion. Use O=2026-04 and target T from the run index.,NA if the selected rank is absent or its source value is missing; no new full-support filter.,NA if the selected rank is absent or its source value is missing; no new full-support filter.,Inherited source/recipe definition; see base_source_definition,Inherited source/recipe definition; see base_source_definition,Inherited compact source; upstream aggregation not independently certified,Same retained compact source/recipe; upstream aggregation not independently certified
235,gs_last1__prcp_z_gs_ensmean__at_origin,Growing-season climate,standardized precipitation anomaly (source-ensemble mean); completed-season rank 1.,z-score,Training: IPCCH_shared_folder/climate_2015_2026_MODELING_READY.csv; Inference: IPCCH_shared_folder/climate_2015_2026_MODELING_READY.csv,"Select latest completed records with end_exclusive <= first day of O+1; end then start ordering, later start wins tied ends.",Value of prcp_z_gs_ensmean in completed-season rank 1; no MA/SD expansion.,NA if the selected rank is absent or its source value is missing; no new full-support filter.,numeric,true,1,true,1,true,1,true,1,true,1,"[""gs_last1__prcp_z_gs_ensmean__at_origin""]","{""compact_baseline/0m"":235,""compact_baseline/6m"":235,""compact_baseline/12m"":235,""compact_cds_weather/6m"":235,""compact_cds_weather/12m"":235}","[0, 6, 12]",growing_season,prcp_z_gs_ensmean,Growing-season exposure = overlap-day-weighted mean of source-specific monthly standardized anomalies within GS; then source mean. Parameters/caveats: Use fixed 1991–2020 normals; require adequate non-missing baseline years. Do not z-score the already-averaged ensemble.,".trellis/tasks/archive/2026-10/10-08-compact-climate-weather-oracle/design.md: Growing seasons and major dummy; src/ipcch/climate2015_features.py:288-319,392-396; /mnt/c/Users/swl00/IFPRI Dropbox/Weilun Shi/IPCCH_shared_folder/climate_agriculture_varlist.xlsx#VARLIST!B6:I6; src/ipcch/climate2015_features.py:18-23; .trellis/tasks/10-08-compact-cds-launch/design.md","Source observation month is an availability proxy; historical release vintage is not certified. This is an expected input, not a fitted result. Supplier metric definition is retained; upstream ETL and climatology fitted samples are unverified.",expected_not_fitted,IPCCH_shared_folder/climate_2015_2026_MODELING_READY.csv,IPCCH_shared_folder/climate_2015_2026_MODELING_READY.csv,Value of prcp_z_gs_ensmean in completed-season rank 1; no MA/SD expansion.,Value of prcp_z_gs_ensmean in completed-season rank 1; no MA/SD expansion. Use O=2026-04 and target T from the run index.,NA if the selected rank is absent or its source value is missing; no new full-support filter.,NA if the selected rank is absent or its source value is missing; no new full-support filter.,Inherited source/recipe definition; see base_source_definition,Inherited source/recipe definition; see base_source_definition,Inherited compact source; upstream aggregation not independently certified,Same retained compact source/recipe; upstream aggregation not independently certified
236,gs_last1__rainy_days_gs_ensmean__at_origin,Growing-season climate,number of rainy days (source-ensemble mean); completed-season rank 1.,days,Training: IPCCH_shared_folder/climate_2015_2026_MODELING_READY.csv; Inference: IPCCH_shared_folder/climate_2015_2026_MODELING_READY.csv,"Select latest completed records with end_exclusive <= first day of O+1; end then start ordering, later start wins tied ends.",Value of rainy_days_gs_ensmean in completed-season rank 1; no MA/SD expansion.,NA if the selected rank is absent or its source value is missing; no new full-support filter.,numeric,true,1,true,1,true,1,true,1,true,1,"[""gs_last1__rainy_days_gs_ensmean__at_origin""]","{""compact_baseline/0m"":236,""compact_baseline/6m"":236,""compact_baseline/12m"":236,""compact_cds_weather/6m"":236,""compact_cds_weather/12m"":236}","[0, 6, 12]",growing_season,rainy_days_gs_ensmean,Count qualifying days inside GS for each source before polygon and ensemble aggregation. Parameters/caveats: Default rainy-day threshold = 1 mm/day. Fractional polygon/ensemble values are expected. CHIRPS DAILY_RNL inherits ERA5 daily sequencing.,".trellis/tasks/archive/2026-10/10-08-compact-climate-weather-oracle/design.md: Growing seasons and major dummy; src/ipcch/climate2015_features.py:288-319,392-396; /mnt/c/Users/swl00/IFPRI Dropbox/Weilun Shi/IPCCH_shared_folder/climate_agriculture_varlist.xlsx#VARLIST!B7:I7; src/ipcch/climate2015_features.py:18-23; .trellis/tasks/10-08-compact-cds-launch/design.md","Source observation month is an availability proxy; historical release vintage is not certified. This is an expected input, not a fitted result. Supplier metric definition is retained; upstream ETL and climatology fitted samples are unverified.",expected_not_fitted,IPCCH_shared_folder/climate_2015_2026_MODELING_READY.csv,IPCCH_shared_folder/climate_2015_2026_MODELING_READY.csv,Value of rainy_days_gs_ensmean in completed-season rank 1; no MA/SD expansion.,Value of rainy_days_gs_ensmean in completed-season rank 1; no MA/SD expansion. Use O=2026-04 and target T from the run index.,NA if the selected rank is absent or its source value is missing; no new full-support filter.,NA if the selected rank is absent or its source value is missing; no new full-support filter.,Inherited source/recipe definition; see base_source_definition,Inherited source/recipe definition; see base_source_definition,Inherited compact source; upstream aggregation not independently certified,Same retained compact source/recipe; upstream aggregation not independently certified
237,gs_last1__cdd_gs_ensmean__at_origin,Growing-season climate,longest consecutive dry days (source-ensemble mean); completed-season rank 1.,days,Training: IPCCH_shared_folder/climate_2015_2026_MODELING_READY.csv; Inference: IPCCH_shared_folder/climate_2015_2026_MODELING_READY.csv,"Select latest completed records with end_exclusive <= first day of O+1; end then start ordering, later start wins tied ends.",Value of cdd_gs_ensmean in completed-season rank 1; no MA/SD expansion.,NA if the selected rank is absent or its source value is missing; no new full-support filter.,numeric,true,1,true,1,true,1,true,1,true,1,"[""gs_last1__cdd_gs_ensmean__at_origin""]","{""compact_baseline/0m"":237,""compact_baseline/6m"":237,""compact_baseline/12m"":237,""compact_cds_weather/6m"":237,""compact_cds_weather/12m"":237}","[0, 6, 12]",growing_season,cdd_gs_ensmean,"Recompute the maximum dry run over the entire GS per source and pixel, allowing runs to cross month boundaries; then polygon and source aggregation. Parameters/caveats: Do not use max(monthly CDD): it misses spells crossing months. Default dry-day threshold = 1 mm/day.",".trellis/tasks/archive/2026-10/10-08-compact-climate-weather-oracle/design.md: Growing seasons and major dummy; src/ipcch/climate2015_features.py:288-319,392-396; /mnt/c/Users/swl00/IFPRI Dropbox/Weilun Shi/IPCCH_shared_folder/climate_agriculture_varlist.xlsx#VARLIST!B8:I8; src/ipcch/climate2015_features.py:18-23; .trellis/tasks/10-08-compact-cds-launch/design.md","Source observation month is an availability proxy; historical release vintage is not certified. This is an expected input, not a fitted result. Supplier metric definition is retained; upstream ETL and climatology fitted samples are unverified.",expected_not_fitted,IPCCH_shared_folder/climate_2015_2026_MODELING_READY.csv,IPCCH_shared_folder/climate_2015_2026_MODELING_READY.csv,Value of cdd_gs_ensmean in completed-season rank 1; no MA/SD expansion.,Value of cdd_gs_ensmean in completed-season rank 1; no MA/SD expansion. Use O=2026-04 and target T from the run index.,NA if the selected rank is absent or its source value is missing; no new full-support filter.,NA if the selected rank is absent or its source value is missing; no new full-support filter.,Inherited source/recipe definition; see base_source_definition,Inherited source/recipe definition; see base_source_definition,Inherited compact source; upstream aggregation not independently certified,Same retained compact source/recipe; upstream aggregation not independently certified
238,gs_last1__tmean_anom_gs_ensmean__at_origin,Growing-season climate,mean temperature anomaly (source-ensemble mean); completed-season rank 1.,°C,Training: IPCCH_shared_folder/climate_2015_2026_MODELING_READY.csv; Inference: IPCCH_shared_folder/climate_2015_2026_MODELING_READY.csv,"Select latest completed records with end_exclusive <= first day of O+1; end then start ordering, later start wins tied ends.",Value of tmean_anom_gs_ensmean in completed-season rank 1; no MA/SD expansion.,NA if the selected rank is absent or its source value is missing; no new full-support filter.,numeric,true,1,true,1,true,1,true,1,true,1,"[""gs_last1__tmean_anom_gs_ensmean__at_origin""]","{""compact_baseline/0m"":238,""compact_baseline/6m"":238,""compact_baseline/12m"":238,""compact_cds_weather/6m"":238,""compact_cds_weather/12m"":238}","[0, 6, 12]",growing_season,tmean_anom_gs_ensmean,Day-weighted mean of daily Tmean anomalies inside GS for each source; then polygon and source mean. Parameters/caveats: Tmean = (Tmax + Tmin)/2 when not directly supplied. CHIRTS-ERA5 and ERA5-Land are structurally dependent.,".trellis/tasks/archive/2026-10/10-08-compact-climate-weather-oracle/design.md: Growing seasons and major dummy; src/ipcch/climate2015_features.py:288-319,392-396; /mnt/c/Users/swl00/IFPRI Dropbox/Weilun Shi/IPCCH_shared_folder/climate_agriculture_varlist.xlsx#VARLIST!B9:I9; src/ipcch/climate2015_features.py:18-23; .trellis/tasks/10-08-compact-cds-launch/design.md","Source observation month is an availability proxy; historical release vintage is not certified. This is an expected input, not a fitted result. Supplier metric definition is retained; upstream ETL and climatology fitted samples are unverified.",expected_not_fitted,IPCCH_shared_folder/climate_2015_2026_MODELING_READY.csv,IPCCH_shared_folder/climate_2015_2026_MODELING_READY.csv,Value of tmean_anom_gs_ensmean in completed-season rank 1; no MA/SD expansion.,Value of tmean_anom_gs_ensmean in completed-season rank 1; no MA/SD expansion. Use O=2026-04 and target T from the run index.,NA if the selected rank is absent or its source value is missing; no new full-support filter.,NA if the selected rank is absent or its source value is missing; no new full-support filter.,Inherited source/recipe definition; see base_source_definition,Inherited source/recipe definition; see base_source_definition,Inherited compact source; upstream aggregation not independently certified,Same retained compact source/recipe; upstream aggregation not independently certified
239,gs_last1__tmax_anom_gs_ensmean__at_origin,Growing-season climate,maximum temperature anomaly (source-ensemble mean); completed-season rank 1.,°C,Training: IPCCH_shared_folder/climate_2015_2026_MODELING_READY.csv; Inference: IPCCH_shared_folder/climate_2015_2026_MODELING_READY.csv,"Select latest completed records with end_exclusive <= first day of O+1; end then start ordering, later start wins tied ends.",Value of tmax_anom_gs_ensmean in completed-season rank 1; no MA/SD expansion.,NA if the selected rank is absent or its source value is missing; no new full-support filter.,numeric,true,1,true,1,true,1,true,1,true,1,"[""gs_last1__tmax_anom_gs_ensmean__at_origin""]","{""compact_baseline/0m"":239,""compact_baseline/6m"":239,""compact_baseline/12m"":239,""compact_cds_weather/6m"":239,""compact_cds_weather/12m"":239}","[0, 6, 12]",growing_season,tmax_anom_gs_ensmean,"Day-weighted mean of daily Tmax anomalies inside GS for each source; then polygon and source mean. Parameters/caveats: Use daily Tmax, not maximum hourly 2-m temperature without local-day conversion. Harmonize time zone/day boundary before daily aggregation.",".trellis/tasks/archive/2026-10/10-08-compact-climate-weather-oracle/design.md: Growing seasons and major dummy; src/ipcch/climate2015_features.py:288-319,392-396; /mnt/c/Users/swl00/IFPRI Dropbox/Weilun Shi/IPCCH_shared_folder/climate_agriculture_varlist.xlsx#VARLIST!B10:I10; src/ipcch/climate2015_features.py:18-23; .trellis/tasks/10-08-compact-cds-launch/design.md","Source observation month is an availability proxy; historical release vintage is not certified. This is an expected input, not a fitted result. Supplier metric definition is retained; upstream ETL and climatology fitted samples are unverified.",expected_not_fitted,IPCCH_shared_folder/climate_2015_2026_MODELING_READY.csv,IPCCH_shared_folder/climate_2015_2026_MODELING_READY.csv,Value of tmax_anom_gs_ensmean in completed-season rank 1; no MA/SD expansion.,Value of tmax_anom_gs_ensmean in completed-season rank 1; no MA/SD expansion. Use O=2026-04 and target T from the run index.,NA if the selected rank is absent or its source value is missing; no new full-support filter.,NA if the selected rank is absent or its source value is missing; no new full-support filter.,Inherited source/recipe definition; see base_source_definition,Inherited source/recipe definition; see base_source_definition,Inherited compact source; upstream aggregation not independently certified,Same retained compact source/recipe; upstream aggregation not independently certified
240,gs_last1__hot_days_p95_gs_ensmean__at_origin,Growing-season climate,days above location-specific threshold (source-ensemble mean); completed-season rank 1.,days,Training: IPCCH_shared_folder/climate_2015_2026_MODELING_READY.csv; Inference: IPCCH_shared_folder/climate_2015_2026_MODELING_READY.csv,"Select latest completed records with end_exclusive <= first day of O+1; end then start ordering, later start wins tied ends.",Value of hot_days_p95_gs_ensmean in completed-season rank 1; no MA/SD expansion.,NA if the selected rank is absent or its source value is missing; no new full-support filter.,numeric,true,1,true,1,true,1,true,1,true,1,"[""gs_last1__hot_days_p95_gs_ensmean__at_origin""]","{""compact_baseline/0m"":240,""compact_baseline/6m"":240,""compact_baseline/12m"":240,""compact_cds_weather/6m"":240,""compact_cds_weather/12m"":240}","[0, 6, 12]",growing_season,hot_days_p95_gs_ensmean,Count source-specific exceedance days inside the exact GS window before polygon and ensemble aggregation. Parameters/caveats: Primary threshold p95; report p90 and absolute crop-specific thresholds as robustness. Thresholds are source-specific before ensemble averaging.,".trellis/tasks/archive/2026-10/10-08-compact-climate-weather-oracle/design.md: Growing seasons and major dummy; src/ipcch/climate2015_features.py:288-319,392-396; /mnt/c/Users/swl00/IFPRI Dropbox/Weilun Shi/IPCCH_shared_folder/climate_agriculture_varlist.xlsx#VARLIST!B11:I11; src/ipcch/climate2015_features.py:18-23; .trellis/tasks/10-08-compact-cds-launch/design.md","Source observation month is an availability proxy; historical release vintage is not certified. This is an expected input, not a fitted result. Supplier metric definition is retained; upstream ETL and climatology fitted samples are unverified.",expected_not_fitted,IPCCH_shared_folder/climate_2015_2026_MODELING_READY.csv,IPCCH_shared_folder/climate_2015_2026_MODELING_READY.csv,Value of hot_days_p95_gs_ensmean in completed-season rank 1; no MA/SD expansion.,Value of hot_days_p95_gs_ensmean in completed-season rank 1; no MA/SD expansion. Use O=2026-04 and target T from the run index.,NA if the selected rank is absent or its source value is missing; no new full-support filter.,NA if the selected rank is absent or its source value is missing; no new full-support filter.,Inherited source/recipe definition; see base_source_definition,Inherited source/recipe definition; see base_source_definition,Inherited compact source; upstream aggregation not independently certified,Same retained compact source/recipe; upstream aggregation not independently certified
241,gs_last1__gdd_gs_ensmean__at_origin,Growing-season climate,growing degree days (GDD) (source-ensemble mean); completed-season rank 1.,°C·day,Training: IPCCH_shared_folder/climate_2015_2026_MODELING_READY.csv; Inference: IPCCH_shared_folder/climate_2015_2026_MODELING_READY.csv,"Select latest completed records with end_exclusive <= first day of O+1; end then start ordering, later start wins tied ends.",Value of gdd_gs_ensmean in completed-season rank 1; no MA/SD expansion.,NA if the selected rank is absent or its source value is missing; no new full-support filter.,numeric,true,1,true,1,true,1,true,1,true,1,"[""gs_last1__gdd_gs_ensmean__at_origin""]","{""compact_baseline/0m"":241,""compact_baseline/6m"":241,""compact_baseline/12m"":241,""compact_cds_weather/6m"":241,""compact_cds_weather/12m"":241}","[0, 6, 12]",growing_season,gdd_gs_ensmean,"Sum daily bounded GDD over GS per source and pixel; then polygon and source mean. Parameters/caveats: Crop-specific preferred. Generic fallback: Tbase=10°C, Tcap=30°C; GDD=max(([min(Tmax,Tcap)+max(Tmin,Tbase)]/2)−Tbase,0).",".trellis/tasks/archive/2026-10/10-08-compact-climate-weather-oracle/design.md: Growing seasons and major dummy; src/ipcch/climate2015_features.py:288-319,392-396; /mnt/c/Users/swl00/IFPRI Dropbox/Weilun Shi/IPCCH_shared_folder/climate_agriculture_varlist.xlsx#VARLIST!B12:I12; src/ipcch/climate2015_features.py:18-23; .trellis/tasks/10-08-compact-cds-launch/design.md","Source observation month is an availability proxy; historical release vintage is not certified. This is an expected input, not a fitted result. Supplier metric definition is retained; upstream ETL and climatology fitted samples are unverified.",expected_not_fitted,IPCCH_shared_folder/climate_2015_2026_MODELING_READY.csv,IPCCH_shared_folder/climate_2015_2026_MODELING_READY.csv,Value of gdd_gs_ensmean in completed-season rank 1; no MA/SD expansion.,Value of gdd_gs_ensmean in completed-season rank 1; no MA/SD expansion. Use O=2026-04 and target T from the run index.,NA if the selected rank is absent or its source value is missing; no new full-support filter.,NA if the selected rank is absent or its source value is missing; no new full-support filter.,Inherited source/recipe definition; see base_source_definition,Inherited source/recipe definition; see base_source_definition,Inherited compact source; upstream aggregation not independently certified,Same retained compact source/recipe; upstream aggregation not independently certified
242,gs_last1__edd_gs_ensmean__at_origin,Growing-season climate,extreme-degree days (EDD) (source-ensemble mean); completed-season rank 1.,°C·day,Training: IPCCH_shared_folder/climate_2015_2026_MODELING_READY.csv; Inference: IPCCH_shared_folder/climate_2015_2026_MODELING_READY.csv,"Select latest completed records with end_exclusive <= first day of O+1; end then start ordering, later start wins tied ends.",Value of edd_gs_ensmean in completed-season rank 1; no MA/SD expansion.,NA if the selected rank is absent or its source value is missing; no new full-support filter.,numeric,true,1,true,1,true,1,true,1,true,1,"[""gs_last1__edd_gs_ensmean__at_origin""]","{""compact_baseline/0m"":242,""compact_baseline/6m"":242,""compact_baseline/12m"":242,""compact_cds_weather/6m"":242,""compact_cds_weather/12m"":242}","[0, 6, 12]",growing_season,edd_gs_ensmean,Sum daily EDD over exact GS per source and pixel; then polygon and source mean. Parameters/caveats: Crop-specific Tcrit preferred; generic fallback 30°C. Calculate before spatial/ensemble averaging because the transform is nonlinear.,".trellis/tasks/archive/2026-10/10-08-compact-climate-weather-oracle/design.md: Growing seasons and major dummy; src/ipcch/climate2015_features.py:288-319,392-396; /mnt/c/Users/swl00/IFPRI Dropbox/Weilun Shi/IPCCH_shared_folder/climate_agriculture_varlist.xlsx#VARLIST!B13:I13; src/ipcch/climate2015_features.py:18-23; .trellis/tasks/10-08-compact-cds-launch/design.md","Source observation month is an availability proxy; historical release vintage is not certified. This is an expected input, not a fitted result. Supplier metric definition is retained; upstream ETL and climatology fitted samples are unverified.",expected_not_fitted,IPCCH_shared_folder/climate_2015_2026_MODELING_READY.csv,IPCCH_shared_folder/climate_2015_2026_MODELING_READY.csv,Value of edd_gs_ensmean in completed-season rank 1; no MA/SD expansion.,Value of edd_gs_ensmean in completed-season rank 1; no MA/SD expansion. Use O=2026-04 and target T from the run index.,NA if the selected rank is absent or its source value is missing; no new full-support filter.,NA if the selected rank is absent or its source value is missing; no new full-support filter.,Inherited source/recipe definition; see base_source_definition,Inherited source/recipe definition; see base_source_definition,Inherited compact source; upstream aggregation not independently certified,Same retained compact source/recipe; upstream aggregation not independently certified
243,gs_last1__sm_z_gs_ensmean__at_origin,Growing-season climate,soil-moisture anomaly (source-ensemble mean); completed-season rank 1.,z-score,Training: IPCCH_shared_folder/climate_2015_2026_MODELING_READY.csv; Inference: IPCCH_shared_folder/climate_2015_2026_MODELING_READY.csv,"Select latest completed records with end_exclusive <= first day of O+1; end then start ordering, later start wins tied ends.",Value of sm_z_gs_ensmean in completed-season rank 1; no MA/SD expansion.,NA if the selected rank is absent or its source value is missing; no new full-support filter.,numeric,true,1,true,1,true,1,true,1,true,1,"[""gs_last1__sm_z_gs_ensmean__at_origin""]","{""compact_baseline/0m"":243,""compact_baseline/6m"":243,""compact_baseline/12m"":243,""compact_cds_weather/6m"":243,""compact_cds_weather/12m"":243}","[0, 6, 12]",growing_season,sm_z_gs_ensmean,"Day-weighted mean of source-specific daily/monthly soil-moisture z-scores within GS; then source mean. Parameters/caveats: Standardize before ensemble because depths/scales differ. Screen frozen soil, snow, radio-frequency interference, and low-quality retrievals.",".trellis/tasks/archive/2026-10/10-08-compact-climate-weather-oracle/design.md: Growing seasons and major dummy; src/ipcch/climate2015_features.py:288-319,392-396; /mnt/c/Users/swl00/IFPRI Dropbox/Weilun Shi/IPCCH_shared_folder/climate_agriculture_varlist.xlsx#VARLIST!B16:I16; src/ipcch/climate2015_features.py:18-23; .trellis/tasks/10-08-compact-cds-launch/design.md","Source observation month is an availability proxy; historical release vintage is not certified. This is an expected input, not a fitted result. Supplier metric definition is retained; upstream ETL and climatology fitted samples are unverified.",expected_not_fitted,IPCCH_shared_folder/climate_2015_2026_MODELING_READY.csv,IPCCH_shared_folder/climate_2015_2026_MODELING_READY.csv,Value of sm_z_gs_ensmean in completed-season rank 1; no MA/SD expansion.,Value of sm_z_gs_ensmean in completed-season rank 1; no MA/SD expansion. Use O=2026-04 and target T from the run index.,NA if the selected rank is absent or its source value is missing; no new full-support filter.,NA if the selected rank is absent or its source value is missing; no new full-support filter.,Inherited source/recipe definition; see base_source_definition,Inherited source/recipe definition; see base_source_definition,Inherited compact source; upstream aggregation not independently certified,Same retained compact source/recipe; upstream aggregation not independently certified
244,gs_last1__spi03_gs_ensmean__at_origin,Growing-season climate,SPI-3 (source-ensemble mean); completed-season rank 1.,index,Training: IPCCH_shared_folder/climate_2015_2026_MODELING_READY.csv; Inference: IPCCH_shared_folder/climate_2015_2026_MODELING_READY.csv,"Select latest completed records with end_exclusive <= first day of O+1; end then start ordering, later start wins tied ends.",Value of spi03_gs_ensmean in completed-season rank 1; no MA/SD expansion.,NA if the selected rank is absent or its source value is missing; no new full-support filter.,numeric,true,1,true,1,true,1,true,1,true,1,"[""gs_last1__spi03_gs_ensmean__at_origin""]","{""compact_baseline/0m"":244,""compact_baseline/6m"":244,""compact_baseline/12m"":244,""compact_cds_weather/6m"":244,""compact_cds_weather/12m"":244}","[0, 6, 12]",growing_season,spi03_gs_ensmean,Overlap-day-weighted mean of monthly source-specific SPI-3 values inside GS; then source mean. Parameters/caveats: Primary scale 3 months; also produce 1/6/12-month sensitivity. Optional alternative: season-end SPI-k where k≈GS length in months.,".trellis/tasks/archive/2026-10/10-08-compact-climate-weather-oracle/design.md: Growing seasons and major dummy; src/ipcch/climate2015_features.py:288-319,392-396; /mnt/c/Users/swl00/IFPRI Dropbox/Weilun Shi/IPCCH_shared_folder/climate_agriculture_varlist.xlsx#VARLIST!B14:I14; src/ipcch/climate2015_features.py:18-23; .trellis/tasks/10-08-compact-cds-launch/design.md","Source observation month is an availability proxy; historical release vintage is not certified. This is an expected input, not a fitted result. Supplier metric definition is retained; upstream ETL and climatology fitted samples are unverified.",expected_not_fitted,IPCCH_shared_folder/climate_2015_2026_MODELING_READY.csv,IPCCH_shared_folder/climate_2015_2026_MODELING_READY.csv,Value of spi03_gs_ensmean in completed-season rank 1; no MA/SD expansion.,Value of spi03_gs_ensmean in completed-season rank 1; no MA/SD expansion. Use O=2026-04 and target T from the run index.,NA if the selected rank is absent or its source value is missing; no new full-support filter.,NA if the selected rank is absent or its source value is missing; no new full-support filter.,Inherited source/recipe definition; see base_source_definition,Inherited source/recipe definition; see base_source_definition,Inherited compact source; upstream aggregation not independently certified,Same retained compact source/recipe; upstream aggregation not independently certified
245,gs_last1__spei03_gs_ensmean__at_origin,Growing-season climate,SPEI-3 (source-ensemble mean); completed-season rank 1.,index,Training: IPCCH_shared_folder/climate_2015_2026_MODELING_READY.csv; Inference: IPCCH_shared_folder/climate_2015_2026_MODELING_READY.csv,"Select latest completed records with end_exclusive <= first day of O+1; end then start ordering, later start wins tied ends.",Value of spei03_gs_ensmean in completed-season rank 1; no MA/SD expansion.,NA if the selected rank is absent or its source value is missing; no new full-support filter.,numeric,true,1,true,1,true,1,true,1,true,1,"[""gs_last1__spei03_gs_ensmean__at_origin""]","{""compact_baseline/0m"":245,""compact_baseline/6m"":245,""compact_baseline/12m"":245,""compact_cds_weather/6m"":245,""compact_cds_weather/12m"":245}","[0, 6, 12]",growing_season,spei03_gs_ensmean,Overlap-day-weighted mean of monthly source-specific SPEI-3 values inside GS; then source mean. Parameters/caveats: Use source-consistent units and fixed ET0 method. Shared ET0 means ensemble spread reflects precipitation uncertainty more than PET uncertainty.,".trellis/tasks/archive/2026-10/10-08-compact-climate-weather-oracle/design.md: Growing seasons and major dummy; src/ipcch/climate2015_features.py:288-319,392-396; /mnt/c/Users/swl00/IFPRI Dropbox/Weilun Shi/IPCCH_shared_folder/climate_agriculture_varlist.xlsx#VARLIST!B15:I15; src/ipcch/climate2015_features.py:18-23; .trellis/tasks/10-08-compact-cds-launch/design.md","Source observation month is an availability proxy; historical release vintage is not certified. This is an expected input, not a fitted result. Supplier metric definition is retained; upstream ETL and climatology fitted samples are unverified.",expected_not_fitted,IPCCH_shared_folder/climate_2015_2026_MODELING_READY.csv,IPCCH_shared_folder/climate_2015_2026_MODELING_READY.csv,Value of spei03_gs_ensmean in completed-season rank 1; no MA/SD expansion.,Value of spei03_gs_ensmean in completed-season rank 1; no MA/SD expansion. Use O=2026-04 and target T from the run index.,NA if the selected rank is absent or its source value is missing; no new full-support filter.,NA if the selected rank is absent or its source value is missing; no new full-support filter.,Inherited source/recipe definition; see base_source_definition,Inherited source/recipe definition; see base_source_definition,Inherited compact source; upstream aggregation not independently certified,Same retained compact source/recipe; upstream aggregation not independently certified
246,gs_last1__evi_anom_gs_ensmean__at_origin,Growing-season climate,EVI anomaly (source-ensemble mean); completed-season rank 1.,EVI units,Training: IPCCH_shared_folder/climate_2015_2026_MODELING_READY.csv; Inference: IPCCH_shared_folder/climate_2015_2026_MODELING_READY.csv,"Select latest completed records with end_exclusive <= first day of O+1; end then start ordering, later start wins tied ends.",Value of evi_anom_gs_ensmean in completed-season rank 1; no MA/SD expansion.,NA if the selected rank is absent or its source value is missing; no new full-support filter.,numeric,true,1,true,1,true,1,true,1,true,1,"[""gs_last1__evi_anom_gs_ensmean__at_origin""]","{""compact_baseline/0m"":246,""compact_baseline/6m"":246,""compact_baseline/12m"":246,""compact_cds_weather/6m"":246,""compact_cds_weather/12m"":246}","[0, 6, 12]",growing_season,evi_anom_gs_ensmean,Time-weighted mean of valid 16-day EVI anomalies whose support overlaps GS; crop-area polygon mean; Terra/Aqua mean. Parameters/caveats: Apply 0.0001 scale factor. EVI is less prone to high-biomass saturation than NDVI but is not identical to MCD12Q2 NBAR-EVI2.,".trellis/tasks/archive/2026-10/10-08-compact-climate-weather-oracle/design.md: Growing seasons and major dummy; src/ipcch/climate2015_features.py:288-319,392-396; /mnt/c/Users/swl00/IFPRI Dropbox/Weilun Shi/IPCCH_shared_folder/climate_agriculture_varlist.xlsx#VARLIST!B18:I18; src/ipcch/climate2015_features.py:18-23; .trellis/tasks/10-08-compact-cds-launch/design.md","Source observation month is an availability proxy; historical release vintage is not certified. This is an expected input, not a fitted result. Supplier metric definition is retained; upstream ETL and climatology fitted samples are unverified.",expected_not_fitted,IPCCH_shared_folder/climate_2015_2026_MODELING_READY.csv,IPCCH_shared_folder/climate_2015_2026_MODELING_READY.csv,Value of evi_anom_gs_ensmean in completed-season rank 1; no MA/SD expansion.,Value of evi_anom_gs_ensmean in completed-season rank 1; no MA/SD expansion. Use O=2026-04 and target T from the run index.,NA if the selected rank is absent or its source value is missing; no new full-support filter.,NA if the selected rank is absent or its source value is missing; no new full-support filter.,Inherited source/recipe definition; see base_source_definition,Inherited source/recipe definition; see base_source_definition,Inherited compact source; upstream aggregation not independently certified,Same retained compact source/recipe; upstream aggregation not independently certified
247,gs_last1__months_since_end_at_origin,Growing-season climate,Calendar months since completed-season rank 1 ended.,months,Training: IPCCH_shared_folder/climate_2015_2026_MODELING_READY.csv; Inference: IPCCH_shared_folder/climate_2015_2026_MODELING_READY.csv,"Select latest completed records with end_exclusive <= first day of O+1; end then start ordering, later start wins tied ends.",O - month_ordinal(end_exclusive - 1 day) for the selected season.,NA if no season exists at this rank.,numeric,true,1,true,1,true,1,true,1,true,1,"[""gs_last1__months_since_end_at_origin""]","{""compact_baseline/0m"":247,""compact_baseline/6m"":247,""compact_baseline/12m"":247,""compact_cds_weather/6m"":247,""compact_cds_weather/12m"":247}","[0, 6, 12]",growing_season,gs_end_date_exclusive,,.trellis/tasks/archive/2026-10/10-08-compact-climate-weather-oracle/design.md: Growing seasons and major dummy; src/ipcch/climate2015_features.py:288-319; .trellis/tasks/10-08-compact-cds-launch/design.md,"Source observation month is an availability proxy; historical release vintage is not certified. This is an expected input, not a fitted result.",expected_not_fitted,IPCCH_shared_folder/climate_2015_2026_MODELING_READY.csv,IPCCH_shared_folder/climate_2015_2026_MODELING_READY.csv,O - month_ordinal(end_exclusive - 1 day) for the selected season.,O - month_ordinal(end_exclusive - 1 day) for the selected season. Use O=2026-04 and target T from the run index.,NA if no season exists at this rank.,NA if no season exists at this rank.,Inherited source/recipe definition; see base_source_definition,Inherited source/recipe definition; see base_source_definition,Inherited compact source; upstream aggregation not independently certified,Same retained compact source/recipe; upstream aggregation not independently certified
248,gs_last2__prcp_anom_gs_ensmean__at_origin,Growing-season climate,precipitation anomaly (source-ensemble mean); completed-season rank 2.,mm/GS,Training: IPCCH_shared_folder/climate_2015_2026_MODELING_READY.csv; Inference: IPCCH_shared_folder/climate_2015_2026_MODELING_READY.csv,"Select latest completed records with end_exclusive <= first day of O+1; end then start ordering, later start wins tied ends.",Value of prcp_anom_gs_ensmean in completed-season rank 2; no MA/SD expansion.,NA if the selected rank is absent or its source value is missing; no new full-support filter.,numeric,true,1,true,1,true,1,true,1,true,1,"[""gs_last2__prcp_anom_gs_ensmean__at_origin""]","{""compact_baseline/0m"":248,""compact_baseline/6m"":248,""compact_baseline/12m"":248,""compact_cds_weather/6m"":248,""compact_cds_weather/12m"":248}","[0, 6, 12]",growing_season,prcp_anom_gs_ensmean,"For each source, sum daily precipitation anomalies inside the exact GS window; then equal-weight the source-specific seasonal totals. Parameters/caveats: Use CHIRPS pentad/monthly totals, not daily disaggregation, when only totals are required. Store n_sources and ens_sd.",".trellis/tasks/archive/2026-10/10-08-compact-climate-weather-oracle/design.md: Growing seasons and major dummy; src/ipcch/climate2015_features.py:288-319,392-396; /mnt/c/Users/swl00/IFPRI Dropbox/Weilun Shi/IPCCH_shared_folder/climate_agriculture_varlist.xlsx#VARLIST!B5:I5; src/ipcch/climate2015_features.py:18-23; .trellis/tasks/10-08-compact-cds-launch/design.md","Source observation month is an availability proxy; historical release vintage is not certified. This is an expected input, not a fitted result. Supplier metric definition is retained; upstream ETL and climatology fitted samples are unverified.",expected_not_fitted,IPCCH_shared_folder/climate_2015_2026_MODELING_READY.csv,IPCCH_shared_folder/climate_2015_2026_MODELING_READY.csv,Value of prcp_anom_gs_ensmean in completed-season rank 2; no MA/SD expansion.,Value of prcp_anom_gs_ensmean in completed-season rank 2; no MA/SD expansion. Use O=2026-04 and target T from the run index.,NA if the selected rank is absent or its source value is missing; no new full-support filter.,NA if the selected rank is absent or its source value is missing; no new full-support filter.,Inherited source/recipe definition; see base_source_definition,Inherited source/recipe definition; see base_source_definition,Inherited compact source; upstream aggregation not independently certified,Same retained compact source/recipe; upstream aggregation not independently certified
249,gs_last2__prcp_z_gs_ensmean__at_origin,Growing-season climate,standardized precipitation anomaly (source-ensemble mean); completed-season rank 2.,z-score,Training: IPCCH_shared_folder/climate_2015_2026_MODELING_READY.csv; Inference: IPCCH_shared_folder/climate_2015_2026_MODELING_READY.csv,"Select latest completed records with end_exclusive <= first day of O+1; end then start ordering, later start wins tied ends.",Value of prcp_z_gs_ensmean in completed-season rank 2; no MA/SD expansion.,NA if the selected rank is absent or its source value is missing; no new full-support filter.,numeric,true,1,true,1,true,1,true,1,true,1,"[""gs_last2__prcp_z_gs_ensmean__at_origin""]","{""compact_baseline/0m"":249,""compact_baseline/6m"":249,""compact_baseline/12m"":249,""compact_cds_weather/6m"":249,""compact_cds_weather/12m"":249}","[0, 6, 12]",growing_season,prcp_z_gs_ensmean,Growing-season exposure = overlap-day-weighted mean of source-specific monthly standardized anomalies within GS; then source mean. Parameters/caveats: Use fixed 1991–2020 normals; require adequate non-missing baseline years. Do not z-score the already-averaged ensemble.,".trellis/tasks/archive/2026-10/10-08-compact-climate-weather-oracle/design.md: Growing seasons and major dummy; src/ipcch/climate2015_features.py:288-319,392-396; /mnt/c/Users/swl00/IFPRI Dropbox/Weilun Shi/IPCCH_shared_folder/climate_agriculture_varlist.xlsx#VARLIST!B6:I6; src/ipcch/climate2015_features.py:18-23; .trellis/tasks/10-08-compact-cds-launch/design.md","Source observation month is an availability proxy; historical release vintage is not certified. This is an expected input, not a fitted result. Supplier metric definition is retained; upstream ETL and climatology fitted samples are unverified.",expected_not_fitted,IPCCH_shared_folder/climate_2015_2026_MODELING_READY.csv,IPCCH_shared_folder/climate_2015_2026_MODELING_READY.csv,Value of prcp_z_gs_ensmean in completed-season rank 2; no MA/SD expansion.,Value of prcp_z_gs_ensmean in completed-season rank 2; no MA/SD expansion. Use O=2026-04 and target T from the run index.,NA if the selected rank is absent or its source value is missing; no new full-support filter.,NA if the selected rank is absent or its source value is missing; no new full-support filter.,Inherited source/recipe definition; see base_source_definition,Inherited source/recipe definition; see base_source_definition,Inherited compact source; upstream aggregation not independently certified,Same retained compact source/recipe; upstream aggregation not independently certified
250,gs_last2__rainy_days_gs_ensmean__at_origin,Growing-season climate,number of rainy days (source-ensemble mean); completed-season rank 2.,days,Training: IPCCH_shared_folder/climate_2015_2026_MODELING_READY.csv; Inference: IPCCH_shared_folder/climate_2015_2026_MODELING_READY.csv,"Select latest completed records with end_exclusive <= first day of O+1; end then start ordering, later start wins tied ends.",Value of rainy_days_gs_ensmean in completed-season rank 2; no MA/SD expansion.,NA if the selected rank is absent or its source value is missing; no new full-support filter.,numeric,true,1,true,1,true,1,true,1,true,1,"[""gs_last2__rainy_days_gs_ensmean__at_origin""]","{""compact_baseline/0m"":250,""compact_baseline/6m"":250,""compact_baseline/12m"":250,""compact_cds_weather/6m"":250,""compact_cds_weather/12m"":250}","[0, 6, 12]",growing_season,rainy_days_gs_ensmean,Count qualifying days inside GS for each source before polygon and ensemble aggregation. Parameters/caveats: Default rainy-day threshold = 1 mm/day. Fractional polygon/ensemble values are expected. CHIRPS DAILY_RNL inherits ERA5 daily sequencing.,".trellis/tasks/archive/2026-10/10-08-compact-climate-weather-oracle/design.md: Growing seasons and major dummy; src/ipcch/climate2015_features.py:288-319,392-396; /mnt/c/Users/swl00/IFPRI Dropbox/Weilun Shi/IPCCH_shared_folder/climate_agriculture_varlist.xlsx#VARLIST!B7:I7; src/ipcch/climate2015_features.py:18-23; .trellis/tasks/10-08-compact-cds-launch/design.md","Source observation month is an availability proxy; historical release vintage is not certified. This is an expected input, not a fitted result. Supplier metric definition is retained; upstream ETL and climatology fitted samples are unverified.",expected_not_fitted,IPCCH_shared_folder/climate_2015_2026_MODELING_READY.csv,IPCCH_shared_folder/climate_2015_2026_MODELING_READY.csv,Value of rainy_days_gs_ensmean in completed-season rank 2; no MA/SD expansion.,Value of rainy_days_gs_ensmean in completed-season rank 2; no MA/SD expansion. Use O=2026-04 and target T from the run index.,NA if the selected rank is absent or its source value is missing; no new full-support filter.,NA if the selected rank is absent or its source value is missing; no new full-support filter.,Inherited source/recipe definition; see base_source_definition,Inherited source/recipe definition; see base_source_definition,Inherited compact source; upstream aggregation not independently certified,Same retained compact source/recipe; upstream aggregation not independently certified
251,gs_last2__cdd_gs_ensmean__at_origin,Growing-season climate,longest consecutive dry days (source-ensemble mean); completed-season rank 2.,days,Training: IPCCH_shared_folder/climate_2015_2026_MODELING_READY.csv; Inference: IPCCH_shared_folder/climate_2015_2026_MODELING_READY.csv,"Select latest completed records with end_exclusive <= first day of O+1; end then start ordering, later start wins tied ends.",Value of cdd_gs_ensmean in completed-season rank 2; no MA/SD expansion.,NA if the selected rank is absent or its source value is missing; no new full-support filter.,numeric,true,1,true,1,true,1,true,1,true,1,"[""gs_last2__cdd_gs_ensmean__at_origin""]","{""compact_baseline/0m"":251,""compact_baseline/6m"":251,""compact_baseline/12m"":251,""compact_cds_weather/6m"":251,""compact_cds_weather/12m"":251}","[0, 6, 12]",growing_season,cdd_gs_ensmean,"Recompute the maximum dry run over the entire GS per source and pixel, allowing runs to cross month boundaries; then polygon and source aggregation. Parameters/caveats: Do not use max(monthly CDD): it misses spells crossing months. Default dry-day threshold = 1 mm/day.",".trellis/tasks/archive/2026-10/10-08-compact-climate-weather-oracle/design.md: Growing seasons and major dummy; src/ipcch/climate2015_features.py:288-319,392-396; /mnt/c/Users/swl00/IFPRI Dropbox/Weilun Shi/IPCCH_shared_folder/climate_agriculture_varlist.xlsx#VARLIST!B8:I8; src/ipcch/climate2015_features.py:18-23; .trellis/tasks/10-08-compact-cds-launch/design.md","Source observation month is an availability proxy; historical release vintage is not certified. This is an expected input, not a fitted result. Supplier metric definition is retained; upstream ETL and climatology fitted samples are unverified.",expected_not_fitted,IPCCH_shared_folder/climate_2015_2026_MODELING_READY.csv,IPCCH_shared_folder/climate_2015_2026_MODELING_READY.csv,Value of cdd_gs_ensmean in completed-season rank 2; no MA/SD expansion.,Value of cdd_gs_ensmean in completed-season rank 2; no MA/SD expansion. Use O=2026-04 and target T from the run index.,NA if the selected rank is absent or its source value is missing; no new full-support filter.,NA if the selected rank is absent or its source value is missing; no new full-support filter.,Inherited source/recipe definition; see base_source_definition,Inherited source/recipe definition; see base_source_definition,Inherited compact source; upstream aggregation not independently certified,Same retained compact source/recipe; upstream aggregation not independently certified
252,gs_last2__tmean_anom_gs_ensmean__at_origin,Growing-season climate,mean temperature anomaly (source-ensemble mean); completed-season rank 2.,°C,Training: IPCCH_shared_folder/climate_2015_2026_MODELING_READY.csv; Inference: IPCCH_shared_folder/climate_2015_2026_MODELING_READY.csv,"Select latest completed records with end_exclusive <= first day of O+1; end then start ordering, later start wins tied ends.",Value of tmean_anom_gs_ensmean in completed-season rank 2; no MA/SD expansion.,NA if the selected rank is absent or its source value is missing; no new full-support filter.,numeric,true,1,true,1,true,1,true,1,true,1,"[""gs_last2__tmean_anom_gs_ensmean__at_origin""]","{""compact_baseline/0m"":252,""compact_baseline/6m"":252,""compact_baseline/12m"":252,""compact_cds_weather/6m"":252,""compact_cds_weather/12m"":252}","[0, 6, 12]",growing_season,tmean_anom_gs_ensmean,Day-weighted mean of daily Tmean anomalies inside GS for each source; then polygon and source mean. Parameters/caveats: Tmean = (Tmax + Tmin)/2 when not directly supplied. CHIRTS-ERA5 and ERA5-Land are structurally dependent.,".trellis/tasks/archive/2026-10/10-08-compact-climate-weather-oracle/design.md: Growing seasons and major dummy; src/ipcch/climate2015_features.py:288-319,392-396; /mnt/c/Users/swl00/IFPRI Dropbox/Weilun Shi/IPCCH_shared_folder/climate_agriculture_varlist.xlsx#VARLIST!B9:I9; src/ipcch/climate2015_features.py:18-23; .trellis/tasks/10-08-compact-cds-launch/design.md","Source observation month is an availability proxy; historical release vintage is not certified. This is an expected input, not a fitted result. Supplier metric definition is retained; upstream ETL and climatology fitted samples are unverified.",expected_not_fitted,IPCCH_shared_folder/climate_2015_2026_MODELING_READY.csv,IPCCH_shared_folder/climate_2015_2026_MODELING_READY.csv,Value of tmean_anom_gs_ensmean in completed-season rank 2; no MA/SD expansion.,Value of tmean_anom_gs_ensmean in completed-season rank 2; no MA/SD expansion. Use O=2026-04 and target T from the run index.,NA if the selected rank is absent or its source value is missing; no new full-support filter.,NA if the selected rank is absent or its source value is missing; no new full-support filter.,Inherited source/recipe definition; see base_source_definition,Inherited source/recipe definition; see base_source_definition,Inherited compact source; upstream aggregation not independently certified,Same retained compact source/recipe; upstream aggregation not independently certified
253,gs_last2__tmax_anom_gs_ensmean__at_origin,Growing-season climate,maximum temperature anomaly (source-ensemble mean); completed-season rank 2.,°C,Training: IPCCH_shared_folder/climate_2015_2026_MODELING_READY.csv; Inference: IPCCH_shared_folder/climate_2015_2026_MODELING_READY.csv,"Select latest completed records with end_exclusive <= first day of O+1; end then start ordering, later start wins tied ends.",Value of tmax_anom_gs_ensmean in completed-season rank 2; no MA/SD expansion.,NA if the selected rank is absent or its source value is missing; no new full-support filter.,numeric,true,1,true,1,true,1,true,1,true,1,"[""gs_last2__tmax_anom_gs_ensmean__at_origin""]","{""compact_baseline/0m"":253,""compact_baseline/6m"":253,""compact_baseline/12m"":253,""compact_cds_weather/6m"":253,""compact_cds_weather/12m"":253}","[0, 6, 12]",growing_season,tmax_anom_gs_ensmean,"Day-weighted mean of daily Tmax anomalies inside GS for each source; then polygon and source mean. Parameters/caveats: Use daily Tmax, not maximum hourly 2-m temperature without local-day conversion. Harmonize time zone/day boundary before daily aggregation.",".trellis/tasks/archive/2026-10/10-08-compact-climate-weather-oracle/design.md: Growing seasons and major dummy; src/ipcch/climate2015_features.py:288-319,392-396; /mnt/c/Users/swl00/IFPRI Dropbox/Weilun Shi/IPCCH_shared_folder/climate_agriculture_varlist.xlsx#VARLIST!B10:I10; src/ipcch/climate2015_features.py:18-23; .trellis/tasks/10-08-compact-cds-launch/design.md","Source observation month is an availability proxy; historical release vintage is not certified. This is an expected input, not a fitted result. Supplier metric definition is retained; upstream ETL and climatology fitted samples are unverified.",expected_not_fitted,IPCCH_shared_folder/climate_2015_2026_MODELING_READY.csv,IPCCH_shared_folder/climate_2015_2026_MODELING_READY.csv,Value of tmax_anom_gs_ensmean in completed-season rank 2; no MA/SD expansion.,Value of tmax_anom_gs_ensmean in completed-season rank 2; no MA/SD expansion. Use O=2026-04 and target T from the run index.,NA if the selected rank is absent or its source value is missing; no new full-support filter.,NA if the selected rank is absent or its source value is missing; no new full-support filter.,Inherited source/recipe definition; see base_source_definition,Inherited source/recipe definition; see base_source_definition,Inherited compact source; upstream aggregation not independently certified,Same retained compact source/recipe; upstream aggregation not independently certified
254,gs_last2__hot_days_p95_gs_ensmean__at_origin,Growing-season climate,days above location-specific threshold (source-ensemble mean); completed-season rank 2.,days,Training: IPCCH_shared_folder/climate_2015_2026_MODELING_READY.csv; Inference: IPCCH_shared_folder/climate_2015_2026_MODELING_READY.csv,"Select latest completed records with end_exclusive <= first day of O+1; end then start ordering, later start wins tied ends.",Value of hot_days_p95_gs_ensmean in completed-season rank 2; no MA/SD expansion.,NA if the selected rank is absent or its source value is missing; no new full-support filter.,numeric,true,1,true,1,true,1,true,1,true,1,"[""gs_last2__hot_days_p95_gs_ensmean__at_origin""]","{""compact_baseline/0m"":254,""compact_baseline/6m"":254,""compact_baseline/12m"":254,""compact_cds_weather/6m"":254,""compact_cds_weather/12m"":254}","[0, 6, 12]",growing_season,hot_days_p95_gs_ensmean,Count source-specific exceedance days inside the exact GS window before polygon and ensemble aggregation. Parameters/caveats: Primary threshold p95; report p90 and absolute crop-specific thresholds as robustness. Thresholds are source-specific before ensemble averaging.,".trellis/tasks/archive/2026-10/10-08-compact-climate-weather-oracle/design.md: Growing seasons and major dummy; src/ipcch/climate2015_features.py:288-319,392-396; /mnt/c/Users/swl00/IFPRI Dropbox/Weilun Shi/IPCCH_shared_folder/climate_agriculture_varlist.xlsx#VARLIST!B11:I11; src/ipcch/climate2015_features.py:18-23; .trellis/tasks/10-08-compact-cds-launch/design.md","Source observation month is an availability proxy; historical release vintage is not certified. This is an expected input, not a fitted result. Supplier metric definition is retained; upstream ETL and climatology fitted samples are unverified.",expected_not_fitted,IPCCH_shared_folder/climate_2015_2026_MODELING_READY.csv,IPCCH_shared_folder/climate_2015_2026_MODELING_READY.csv,Value of hot_days_p95_gs_ensmean in completed-season rank 2; no MA/SD expansion.,Value of hot_days_p95_gs_ensmean in completed-season rank 2; no MA/SD expansion. Use O=2026-04 and target T from the run index.,NA if the selected rank is absent or its source value is missing; no new full-support filter.,NA if the selected rank is absent or its source value is missing; no new full-support filter.,Inherited source/recipe definition; see base_source_definition,Inherited source/recipe definition; see base_source_definition,Inherited compact source; upstream aggregation not independently certified,Same retained compact source/recipe; upstream aggregation not independently certified
255,gs_last2__gdd_gs_ensmean__at_origin,Growing-season climate,growing degree days (GDD) (source-ensemble mean); completed-season rank 2.,°C·day,Training: IPCCH_shared_folder/climate_2015_2026_MODELING_READY.csv; Inference: IPCCH_shared_folder/climate_2015_2026_MODELING_READY.csv,"Select latest completed records with end_exclusive <= first day of O+1; end then start ordering, later start wins tied ends.",Value of gdd_gs_ensmean in completed-season rank 2; no MA/SD expansion.,NA if the selected rank is absent or its source value is missing; no new full-support filter.,numeric,true,1,true,1,true,1,true,1,true,1,"[""gs_last2__gdd_gs_ensmean__at_origin""]","{""compact_baseline/0m"":255,""compact_baseline/6m"":255,""compact_baseline/12m"":255,""compact_cds_weather/6m"":255,""compact_cds_weather/12m"":255}","[0, 6, 12]",growing_season,gdd_gs_ensmean,"Sum daily bounded GDD over GS per source and pixel; then polygon and source mean. Parameters/caveats: Crop-specific preferred. Generic fallback: Tbase=10°C, Tcap=30°C; GDD=max(([min(Tmax,Tcap)+max(Tmin,Tbase)]/2)−Tbase,0).",".trellis/tasks/archive/2026-10/10-08-compact-climate-weather-oracle/design.md: Growing seasons and major dummy; src/ipcch/climate2015_features.py:288-319,392-396; /mnt/c/Users/swl00/IFPRI Dropbox/Weilun Shi/IPCCH_shared_folder/climate_agriculture_varlist.xlsx#VARLIST!B12:I12; src/ipcch/climate2015_features.py:18-23; .trellis/tasks/10-08-compact-cds-launch/design.md","Source observation month is an availability proxy; historical release vintage is not certified. This is an expected input, not a fitted result. Supplier metric definition is retained; upstream ETL and climatology fitted samples are unverified.",expected_not_fitted,IPCCH_shared_folder/climate_2015_2026_MODELING_READY.csv,IPCCH_shared_folder/climate_2015_2026_MODELING_READY.csv,Value of gdd_gs_ensmean in completed-season rank 2; no MA/SD expansion.,Value of gdd_gs_ensmean in completed-season rank 2; no MA/SD expansion. Use O=2026-04 and target T from the run index.,NA if the selected rank is absent or its source value is missing; no new full-support filter.,NA if the selected rank is absent or its source value is missing; no new full-support filter.,Inherited source/recipe definition; see base_source_definition,Inherited source/recipe definition; see base_source_definition,Inherited compact source; upstream aggregation not independently certified,Same retained compact source/recipe; upstream aggregation not independently certified
256,gs_last2__edd_gs_ensmean__at_origin,Growing-season climate,extreme-degree days (EDD) (source-ensemble mean); completed-season rank 2.,°C·day,Training: IPCCH_shared_folder/climate_2015_2026_MODELING_READY.csv; Inference: IPCCH_shared_folder/climate_2015_2026_MODELING_READY.csv,"Select latest completed records with end_exclusive <= first day of O+1; end then start ordering, later start wins tied ends.",Value of edd_gs_ensmean in completed-season rank 2; no MA/SD expansion.,NA if the selected rank is absent or its source value is missing; no new full-support filter.,numeric,true,1,true,1,true,1,true,1,true,1,"[""gs_last2__edd_gs_ensmean__at_origin""]","{""compact_baseline/0m"":256,""compact_baseline/6m"":256,""compact_baseline/12m"":256,""compact_cds_weather/6m"":256,""compact_cds_weather/12m"":256}","[0, 6, 12]",growing_season,edd_gs_ensmean,Sum daily EDD over exact GS per source and pixel; then polygon and source mean. Parameters/caveats: Crop-specific Tcrit preferred; generic fallback 30°C. Calculate before spatial/ensemble averaging because the transform is nonlinear.,".trellis/tasks/archive/2026-10/10-08-compact-climate-weather-oracle/design.md: Growing seasons and major dummy; src/ipcch/climate2015_features.py:288-319,392-396; /mnt/c/Users/swl00/IFPRI Dropbox/Weilun Shi/IPCCH_shared_folder/climate_agriculture_varlist.xlsx#VARLIST!B13:I13; src/ipcch/climate2015_features.py:18-23; .trellis/tasks/10-08-compact-cds-launch/design.md","Source observation month is an availability proxy; historical release vintage is not certified. This is an expected input, not a fitted result. Supplier metric definition is retained; upstream ETL and climatology fitted samples are unverified.",expected_not_fitted,IPCCH_shared_folder/climate_2015_2026_MODELING_READY.csv,IPCCH_shared_folder/climate_2015_2026_MODELING_READY.csv,Value of edd_gs_ensmean in completed-season rank 2; no MA/SD expansion.,Value of edd_gs_ensmean in completed-season rank 2; no MA/SD expansion. Use O=2026-04 and target T from the run index.,NA if the selected rank is absent or its source value is missing; no new full-support filter.,NA if the selected rank is absent or its source value is missing; no new full-support filter.,Inherited source/recipe definition; see base_source_definition,Inherited source/recipe definition; see base_source_definition,Inherited compact source; upstream aggregation not independently certified,Same retained compact source/recipe; upstream aggregation not independently certified
257,gs_last2__sm_z_gs_ensmean__at_origin,Growing-season climate,soil-moisture anomaly (source-ensemble mean); completed-season rank 2.,z-score,Training: IPCCH_shared_folder/climate_2015_2026_MODELING_READY.csv; Inference: IPCCH_shared_folder/climate_2015_2026_MODELING_READY.csv,"Select latest completed records with end_exclusive <= first day of O+1; end then start ordering, later start wins tied ends.",Value of sm_z_gs_ensmean in completed-season rank 2; no MA/SD expansion.,NA if the selected rank is absent or its source value is missing; no new full-support filter.,numeric,true,1,true,1,true,1,true,1,true,1,"[""gs_last2__sm_z_gs_ensmean__at_origin""]","{""compact_baseline/0m"":257,""compact_baseline/6m"":257,""compact_baseline/12m"":257,""compact_cds_weather/6m"":257,""compact_cds_weather/12m"":257}","[0, 6, 12]",growing_season,sm_z_gs_ensmean,"Day-weighted mean of source-specific daily/monthly soil-moisture z-scores within GS; then source mean. Parameters/caveats: Standardize before ensemble because depths/scales differ. Screen frozen soil, snow, radio-frequency interference, and low-quality retrievals.",".trellis/tasks/archive/2026-10/10-08-compact-climate-weather-oracle/design.md: Growing seasons and major dummy; src/ipcch/climate2015_features.py:288-319,392-396; /mnt/c/Users/swl00/IFPRI Dropbox/Weilun Shi/IPCCH_shared_folder/climate_agriculture_varlist.xlsx#VARLIST!B16:I16; src/ipcch/climate2015_features.py:18-23; .trellis/tasks/10-08-compact-cds-launch/design.md","Source observation month is an availability proxy; historical release vintage is not certified. This is an expected input, not a fitted result. Supplier metric definition is retained; upstream ETL and climatology fitted samples are unverified.",expected_not_fitted,IPCCH_shared_folder/climate_2015_2026_MODELING_READY.csv,IPCCH_shared_folder/climate_2015_2026_MODELING_READY.csv,Value of sm_z_gs_ensmean in completed-season rank 2; no MA/SD expansion.,Value of sm_z_gs_ensmean in completed-season rank 2; no MA/SD expansion. Use O=2026-04 and target T from the run index.,NA if the selected rank is absent or its source value is missing; no new full-support filter.,NA if the selected rank is absent or its source value is missing; no new full-support filter.,Inherited source/recipe definition; see base_source_definition,Inherited source/recipe definition; see base_source_definition,Inherited compact source; upstream aggregation not independently certified,Same retained compact source/recipe; upstream aggregation not independently certified
258,gs_last2__spi03_gs_ensmean__at_origin,Growing-season climate,SPI-3 (source-ensemble mean); completed-season rank 2.,index,Training: IPCCH_shared_folder/climate_2015_2026_MODELING_READY.csv; Inference: IPCCH_shared_folder/climate_2015_2026_MODELING_READY.csv,"Select latest completed records with end_exclusive <= first day of O+1; end then start ordering, later start wins tied ends.",Value of spi03_gs_ensmean in completed-season rank 2; no MA/SD expansion.,NA if the selected rank is absent or its source value is missing; no new full-support filter.,numeric,true,1,true,1,true,1,true,1,true,1,"[""gs_last2__spi03_gs_ensmean__at_origin""]","{""compact_baseline/0m"":258,""compact_baseline/6m"":258,""compact_baseline/12m"":258,""compact_cds_weather/6m"":258,""compact_cds_weather/12m"":258}","[0, 6, 12]",growing_season,spi03_gs_ensmean,Overlap-day-weighted mean of monthly source-specific SPI-3 values inside GS; then source mean. Parameters/caveats: Primary scale 3 months; also produce 1/6/12-month sensitivity. Optional alternative: season-end SPI-k where k≈GS length in months.,".trellis/tasks/archive/2026-10/10-08-compact-climate-weather-oracle/design.md: Growing seasons and major dummy; src/ipcch/climate2015_features.py:288-319,392-396; /mnt/c/Users/swl00/IFPRI Dropbox/Weilun Shi/IPCCH_shared_folder/climate_agriculture_varlist.xlsx#VARLIST!B14:I14; src/ipcch/climate2015_features.py:18-23; .trellis/tasks/10-08-compact-cds-launch/design.md","Source observation month is an availability proxy; historical release vintage is not certified. This is an expected input, not a fitted result. Supplier metric definition is retained; upstream ETL and climatology fitted samples are unverified.",expected_not_fitted,IPCCH_shared_folder/climate_2015_2026_MODELING_READY.csv,IPCCH_shared_folder/climate_2015_2026_MODELING_READY.csv,Value of spi03_gs_ensmean in completed-season rank 2; no MA/SD expansion.,Value of spi03_gs_ensmean in completed-season rank 2; no MA/SD expansion. Use O=2026-04 and target T from the run index.,NA if the selected rank is absent or its source value is missing; no new full-support filter.,NA if the selected rank is absent or its source value is missing; no new full-support filter.,Inherited source/recipe definition; see base_source_definition,Inherited source/recipe definition; see base_source_definition,Inherited compact source; upstream aggregation not independently certified,Same retained compact source/recipe; upstream aggregation not independently certified
259,gs_last2__spei03_gs_ensmean__at_origin,Growing-season climate,SPEI-3 (source-ensemble mean); completed-season rank 2.,index,Training: IPCCH_shared_folder/climate_2015_2026_MODELING_READY.csv; Inference: IPCCH_shared_folder/climate_2015_2026_MODELING_READY.csv,"Select latest completed records with end_exclusive <= first day of O+1; end then start ordering, later start wins tied ends.",Value of spei03_gs_ensmean in completed-season rank 2; no MA/SD expansion.,NA if the selected rank is absent or its source value is missing; no new full-support filter.,numeric,true,1,true,1,true,1,true,1,true,1,"[""gs_last2__spei03_gs_ensmean__at_origin""]","{""compact_baseline/0m"":259,""compact_baseline/6m"":259,""compact_baseline/12m"":259,""compact_cds_weather/6m"":259,""compact_cds_weather/12m"":259}","[0, 6, 12]",growing_season,spei03_gs_ensmean,Overlap-day-weighted mean of monthly source-specific SPEI-3 values inside GS; then source mean. Parameters/caveats: Use source-consistent units and fixed ET0 method. Shared ET0 means ensemble spread reflects precipitation uncertainty more than PET uncertainty.,".trellis/tasks/archive/2026-10/10-08-compact-climate-weather-oracle/design.md: Growing seasons and major dummy; src/ipcch/climate2015_features.py:288-319,392-396; /mnt/c/Users/swl00/IFPRI Dropbox/Weilun Shi/IPCCH_shared_folder/climate_agriculture_varlist.xlsx#VARLIST!B15:I15; src/ipcch/climate2015_features.py:18-23; .trellis/tasks/10-08-compact-cds-launch/design.md","Source observation month is an availability proxy; historical release vintage is not certified. This is an expected input, not a fitted result. Supplier metric definition is retained; upstream ETL and climatology fitted samples are unverified.",expected_not_fitted,IPCCH_shared_folder/climate_2015_2026_MODELING_READY.csv,IPCCH_shared_folder/climate_2015_2026_MODELING_READY.csv,Value of spei03_gs_ensmean in completed-season rank 2; no MA/SD expansion.,Value of spei03_gs_ensmean in completed-season rank 2; no MA/SD expansion. Use O=2026-04 and target T from the run index.,NA if the selected rank is absent or its source value is missing; no new full-support filter.,NA if the selected rank is absent or its source value is missing; no new full-support filter.,Inherited source/recipe definition; see base_source_definition,Inherited source/recipe definition; see base_source_definition,Inherited compact source; upstream aggregation not independently certified,Same retained compact source/recipe; upstream aggregation not independently certified
260,gs_last2__evi_anom_gs_ensmean__at_origin,Growing-season climate,EVI anomaly (source-ensemble mean); completed-season rank 2.,EVI units,Training: IPCCH_shared_folder/climate_2015_2026_MODELING_READY.csv; Inference: IPCCH_shared_folder/climate_2015_2026_MODELING_READY.csv,"Select latest completed records with end_exclusive <= first day of O+1; end then start ordering, later start wins tied ends.",Value of evi_anom_gs_ensmean in completed-season rank 2; no MA/SD expansion.,NA if the selected rank is absent or its source value is missing; no new full-support filter.,numeric,true,1,true,1,true,1,true,1,true,1,"[""gs_last2__evi_anom_gs_ensmean__at_origin""]","{""compact_baseline/0m"":260,""compact_baseline/6m"":260,""compact_baseline/12m"":260,""compact_cds_weather/6m"":260,""compact_cds_weather/12m"":260}","[0, 6, 12]",growing_season,evi_anom_gs_ensmean,Time-weighted mean of valid 16-day EVI anomalies whose support overlaps GS; crop-area polygon mean; Terra/Aqua mean. Parameters/caveats: Apply 0.0001 scale factor. EVI is less prone to high-biomass saturation than NDVI but is not identical to MCD12Q2 NBAR-EVI2.,".trellis/tasks/archive/2026-10/10-08-compact-climate-weather-oracle/design.md: Growing seasons and major dummy; src/ipcch/climate2015_features.py:288-319,392-396; /mnt/c/Users/swl00/IFPRI Dropbox/Weilun Shi/IPCCH_shared_folder/climate_agriculture_varlist.xlsx#VARLIST!B18:I18; src/ipcch/climate2015_features.py:18-23; .trellis/tasks/10-08-compact-cds-launch/design.md","Source observation month is an availability proxy; historical release vintage is not certified. This is an expected input, not a fitted result. Supplier metric definition is retained; upstream ETL and climatology fitted samples are unverified.",expected_not_fitted,IPCCH_shared_folder/climate_2015_2026_MODELING_READY.csv,IPCCH_shared_folder/climate_2015_2026_MODELING_READY.csv,Value of evi_anom_gs_ensmean in completed-season rank 2; no MA/SD expansion.,Value of evi_anom_gs_ensmean in completed-season rank 2; no MA/SD expansion. Use O=2026-04 and target T from the run index.,NA if the selected rank is absent or its source value is missing; no new full-support filter.,NA if the selected rank is absent or its source value is missing; no new full-support filter.,Inherited source/recipe definition; see base_source_definition,Inherited source/recipe definition; see base_source_definition,Inherited compact source; upstream aggregation not independently certified,Same retained compact source/recipe; upstream aggregation not independently certified
261,gs_last2__months_since_end_at_origin,Growing-season climate,Calendar months since completed-season rank 2 ended.,months,Training: IPCCH_shared_folder/climate_2015_2026_MODELING_READY.csv; Inference: IPCCH_shared_folder/climate_2015_2026_MODELING_READY.csv,"Select latest completed records with end_exclusive <= first day of O+1; end then start ordering, later start wins tied ends.",O - month_ordinal(end_exclusive - 1 day) for the selected season.,NA if no season exists at this rank.,numeric,true,1,true,1,true,1,true,1,true,1,"[""gs_last2__months_since_end_at_origin""]","{""compact_baseline/0m"":261,""compact_baseline/6m"":261,""compact_baseline/12m"":261,""compact_cds_weather/6m"":261,""compact_cds_weather/12m"":261}","[0, 6, 12]",growing_season,gs_end_date_exclusive,,.trellis/tasks/archive/2026-10/10-08-compact-climate-weather-oracle/design.md: Growing seasons and major dummy; src/ipcch/climate2015_features.py:288-319; .trellis/tasks/10-08-compact-cds-launch/design.md,"Source observation month is an availability proxy; historical release vintage is not certified. This is an expected input, not a fitted result.",expected_not_fitted,IPCCH_shared_folder/climate_2015_2026_MODELING_READY.csv,IPCCH_shared_folder/climate_2015_2026_MODELING_READY.csv,O - month_ordinal(end_exclusive - 1 day) for the selected season.,O - month_ordinal(end_exclusive - 1 day) for the selected season. Use O=2026-04 and target T from the run index.,NA if no season exists at this rank.,NA if no season exists at this rank.,Inherited source/recipe definition; see base_source_definition,Inherited source/recipe definition; see base_source_definition,Inherited compact source; upstream aggregation not independently certified,Same retained compact source/recipe; upstream aggregation not independently certified
262,gs_last1__is_major_at_origin,Growing-season climate,Whether the latest completed growing season is uniquely longer than its paired s1/s2 season.,0/1,Training: IPCCH_shared_folder/climate_2015_2026_MODELING_READY.csv; Inference: IPCCH_shared_folder/climate_2015_2026_MODELING_READY.csv,"Select latest completed records with end_exclusive <= first day of O+1; end then start ordering, later start wins tied ends. Fixed paired calendar context only.","Within area and season_year, d1=end_exclusive(s1)-start(s1), d2=end_exclusive(s2)-start(s2) in days. Latest selected season duration > paired duration ->1; < ->0.","NA on equal duration, unavailable/invalid pair or no completed latest season; do not fill NA with zero.",numeric,true,1,true,1,true,1,true,1,true,1,"[""gs_last1__is_major_at_origin""]","{""compact_baseline/0m"":262,""compact_baseline/6m"":262,""compact_baseline/12m"":262,""compact_cds_weather/6m"":262,""compact_cds_weather/12m"":262}","[0, 6, 12]",growing_season,gs_start_date;gs_end_date_exclusive;season;season_year,"User definition: major is longer calendar duration, not provider-certified agronomic importance.",".trellis/tasks/archive/2026-10/10-08-compact-climate-weather-oracle/design.md: Growing seasons and major dummy; prd.md:D5,D6,D10; .trellis/tasks/10-08-compact-cds-launch/design.md","Source observation month is an availability proxy; historical release vintage is not certified. This is an expected input, not a fitted result.",expected_not_fitted,IPCCH_shared_folder/climate_2015_2026_MODELING_READY.csv,IPCCH_shared_folder/climate_2015_2026_MODELING_READY.csv,"Within area and season_year, d1=end_exclusive(s1)-start(s1), d2=end_exclusive(s2)-start(s2) in days. Latest selected season duration > paired duration ->1; < ->0.","Within area and season_year, d1=end_exclusive(s1)-start(s1), d2=end_exclusive(s2)-start(s2) in days. Latest selected season duration > paired duration ->1; < ->0. Use O=2026-04 and target T from the run index.","NA on equal duration, unavailable/invalid pair or no completed latest season; do not fill NA with zero.","NA on equal duration, unavailable/invalid pair or no completed latest season; do not fill NA with zero.",Inherited source/recipe definition; see base_source_definition,Inherited source/recipe definition; see base_source_definition,Inherited compact source; upstream aggregation not independently certified,Same retained compact source/recipe; upstream aggregation not independently certified
263,lat,Coordinates and calendar,Area latitude,decimal degrees,Training: Analysis/1.Source Data/assembled_IPCCH/model_ready/origin_safe_climate_idp_v1/origin_safe_climate_idp_v1_hH.csv (H=run horizon); parent source ledgers retained; Inference: Analysis/1.Source Data/assembled_IPCCH/raw/IPCCH_2026_completed.csv; canonical parent identifier-source April coordinates only,Fixed retrospective spatial context,"Join lat by (area_id,target year,target month).",Missing lat/lon stops input construction.,numeric,true,1,true,1,true,1,true,1,true,1,"[""lat""]","{""compact_baseline/0m"":263,""compact_baseline/6m"":263,""compact_baseline/12m"":263,""compact_cds_weather/6m"":263,""compact_cds_weather/12m"":263}","[0, 6, 12]",background,,Not applicable; formula above defines this feature.,src/ipcch/forecasting_weight_decay.py:153-186; .trellis/tasks/archive/2026-10/10-08-compact-climate-weather-oracle/design.md: Background and exact fitted order; .trellis/tasks/10-08-compact-cds-launch/design.md,"Source observation month is an availability proxy; historical release vintage is not certified. This is an expected input, not a fitted result. Existing background/history/IDP definition and its NA mask are preserved.",expected_not_fitted,Analysis/1.Source Data/assembled_IPCCH/model_ready/origin_safe_climate_idp_v1/origin_safe_climate_idp_v1_hH.csv (H=run horizon); parent source ledgers retained,Analysis/1.Source Data/assembled_IPCCH/raw/IPCCH_2026_completed.csv; canonical parent identifier-source April coordinates only,"Join lat by (area_id,target year,target month).",Preserve April canonical lat; this does not read forward-filled weather.,Missing lat/lon stops input construction.,Missing lat/lon stops input construction.,Inherited source/recipe definition; see base_source_definition,Inherited source/recipe definition; see base_source_definition,Inherited compact source; upstream aggregation not independently certified,Same retained compact source/recipe; upstream aggregation not independently certified
264,lon,Coordinates and calendar,Area longitude,decimal degrees,Training: Analysis/1.Source Data/assembled_IPCCH/model_ready/origin_safe_climate_idp_v1/origin_safe_climate_idp_v1_hH.csv (H=run horizon); parent source ledgers retained; Inference: Analysis/1.Source Data/assembled_IPCCH/raw/IPCCH_2026_completed.csv; canonical parent identifier-source April coordinates only,Fixed retrospective spatial context,"Join lon by (area_id,target year,target month).",Missing lat/lon stops input construction.,numeric,true,1,true,1,true,1,true,1,true,1,"[""lon""]","{""compact_baseline/0m"":264,""compact_baseline/6m"":264,""compact_baseline/12m"":264,""compact_cds_weather/6m"":264,""compact_cds_weather/12m"":264}","[0, 6, 12]",background,,Not applicable; formula above defines this feature.,src/ipcch/forecasting_weight_decay.py:153-186; .trellis/tasks/archive/2026-10/10-08-compact-climate-weather-oracle/design.md: Background and exact fitted order; .trellis/tasks/10-08-compact-cds-launch/design.md,"Source observation month is an availability proxy; historical release vintage is not certified. This is an expected input, not a fitted result. Existing background/history/IDP definition and its NA mask are preserved.",expected_not_fitted,Analysis/1.Source Data/assembled_IPCCH/model_ready/origin_safe_climate_idp_v1/origin_safe_climate_idp_v1_hH.csv (H=run horizon); parent source ledgers retained,Analysis/1.Source Data/assembled_IPCCH/raw/IPCCH_2026_completed.csv; canonical parent identifier-source April coordinates only,"Join lon by (area_id,target year,target month).",Preserve April canonical lon; this does not read forward-filled weather.,Missing lat/lon stops input construction.,Missing lat/lon stops input construction.,Inherited source/recipe definition; see base_source_definition,Inherited source/recipe definition; see base_source_definition,Inherited compact source; upstream aggregation not independently certified,Same retained compact source/recipe; upstream aggregation not independently certified
265,month_1,Coordinates and calendar,Target-calendar month equals 1 indicator.,0/1,Training: Analysis/1.Source Data/assembled_IPCCH/model_ready/origin_safe_climate_idp_v1/origin_safe_climate_idp_v1_hH.csv (H=run horizon); parent source ledgers retained; Inference: Target month/year from expected_run_index.csv; fixed inherited dummy literals,Known target calendar T=O+H,"1[target month == 1], otherwise 0; full dummy set, no dropped reference category.",Derived from required nonmissing target keys; no missing indicator value.,boolean (one-hot indicator),true,1,true,1,true,1,true,1,true,1,"[""month_1""]","{""compact_baseline/0m"":265,""compact_baseline/6m"":265,""compact_baseline/12m"":265,""compact_cds_weather/6m"":265,""compact_cds_weather/12m"":265}","[0, 6, 12]",background,,Not applicable; formula above defines this feature.,src/ipcch/forecasting_weight_decay.py:153-186; .trellis/tasks/archive/2026-10/10-08-compact-climate-weather-oracle/design.md: Background and exact fitted order; .trellis/tasks/10-08-compact-cds-launch/design.md,"Source observation month is an availability proxy; historical release vintage is not certified. This is an expected input, not a fitted result. Existing background/history/IDP definition and its NA mask are preserved.",expected_not_fitted,Analysis/1.Source Data/assembled_IPCCH/model_ready/origin_safe_climate_idp_v1/origin_safe_climate_idp_v1_hH.csv (H=run horizon); parent source ledgers retained,Target month/year from expected_run_index.csv; fixed inherited dummy literals,"1[target month == 1], otherwise 0; full dummy set, no dropped reference category.","1 if target month equals 1, else 0; all year_2014..year_2026 indicators are 0 for target2027. No year_2027 model column.",Derived from required nonmissing target keys; no missing indicator value.,Derived from required nonmissing target keys; no missing indicator value.,Inherited source/recipe definition; see base_source_definition,Inherited source/recipe definition; see base_source_definition,Inherited compact source; upstream aggregation not independently certified,Same retained compact source/recipe; upstream aggregation not independently certified
266,month_2,Coordinates and calendar,Target-calendar month equals 2 indicator.,0/1,Training: Analysis/1.Source Data/assembled_IPCCH/model_ready/origin_safe_climate_idp_v1/origin_safe_climate_idp_v1_hH.csv (H=run horizon); parent source ledgers retained; Inference: Target month/year from expected_run_index.csv; fixed inherited dummy literals,Known target calendar T=O+H,"1[target month == 2], otherwise 0; full dummy set, no dropped reference category.",Derived from required nonmissing target keys; no missing indicator value.,boolean (one-hot indicator),true,1,true,1,true,1,true,1,true,1,"[""month_2""]","{""compact_baseline/0m"":266,""compact_baseline/6m"":266,""compact_baseline/12m"":266,""compact_cds_weather/6m"":266,""compact_cds_weather/12m"":266}","[0, 6, 12]",background,,Not applicable; formula above defines this feature.,src/ipcch/forecasting_weight_decay.py:153-186; .trellis/tasks/archive/2026-10/10-08-compact-climate-weather-oracle/design.md: Background and exact fitted order; .trellis/tasks/10-08-compact-cds-launch/design.md,"Source observation month is an availability proxy; historical release vintage is not certified. This is an expected input, not a fitted result. Existing background/history/IDP definition and its NA mask are preserved.",expected_not_fitted,Analysis/1.Source Data/assembled_IPCCH/model_ready/origin_safe_climate_idp_v1/origin_safe_climate_idp_v1_hH.csv (H=run horizon); parent source ledgers retained,Target month/year from expected_run_index.csv; fixed inherited dummy literals,"1[target month == 2], otherwise 0; full dummy set, no dropped reference category.","1 if target month equals 2, else 0; all year_2014..year_2026 indicators are 0 for target2027. No year_2027 model column.",Derived from required nonmissing target keys; no missing indicator value.,Derived from required nonmissing target keys; no missing indicator value.,Inherited source/recipe definition; see base_source_definition,Inherited source/recipe definition; see base_source_definition,Inherited compact source; upstream aggregation not independently certified,Same retained compact source/recipe; upstream aggregation not independently certified
267,month_3,Coordinates and calendar,Target-calendar month equals 3 indicator.,0/1,Training: Analysis/1.Source Data/assembled_IPCCH/model_ready/origin_safe_climate_idp_v1/origin_safe_climate_idp_v1_hH.csv (H=run horizon); parent source ledgers retained; Inference: Target month/year from expected_run_index.csv; fixed inherited dummy literals,Known target calendar T=O+H,"1[target month == 3], otherwise 0; full dummy set, no dropped reference category.",Derived from required nonmissing target keys; no missing indicator value.,boolean (one-hot indicator),true,1,true,1,true,1,true,1,true,1,"[""month_3""]","{""compact_baseline/0m"":267,""compact_baseline/6m"":267,""compact_baseline/12m"":267,""compact_cds_weather/6m"":267,""compact_cds_weather/12m"":267}","[0, 6, 12]",background,,Not applicable; formula above defines this feature.,src/ipcch/forecasting_weight_decay.py:153-186; .trellis/tasks/archive/2026-10/10-08-compact-climate-weather-oracle/design.md: Background and exact fitted order; .trellis/tasks/10-08-compact-cds-launch/design.md,"Source observation month is an availability proxy; historical release vintage is not certified. This is an expected input, not a fitted result. Existing background/history/IDP definition and its NA mask are preserved.",expected_not_fitted,Analysis/1.Source Data/assembled_IPCCH/model_ready/origin_safe_climate_idp_v1/origin_safe_climate_idp_v1_hH.csv (H=run horizon); parent source ledgers retained,Target month/year from expected_run_index.csv; fixed inherited dummy literals,"1[target month == 3], otherwise 0; full dummy set, no dropped reference category.","1 if target month equals 3, else 0; all year_2014..year_2026 indicators are 0 for target2027. No year_2027 model column.",Derived from required nonmissing target keys; no missing indicator value.,Derived from required nonmissing target keys; no missing indicator value.,Inherited source/recipe definition; see base_source_definition,Inherited source/recipe definition; see base_source_definition,Inherited compact source; upstream aggregation not independently certified,Same retained compact source/recipe; upstream aggregation not independently certified
268,month_4,Coordinates and calendar,Target-calendar month equals 4 indicator.,0/1,Training: Analysis/1.Source Data/assembled_IPCCH/model_ready/origin_safe_climate_idp_v1/origin_safe_climate_idp_v1_hH.csv (H=run horizon); parent source ledgers retained; Inference: Target month/year from expected_run_index.csv; fixed inherited dummy literals,Known target calendar T=O+H,"1[target month == 4], otherwise 0; full dummy set, no dropped reference category.",Derived from required nonmissing target keys; no missing indicator value.,boolean (one-hot indicator),true,1,true,1,true,1,true,1,true,1,"[""month_4""]","{""compact_baseline/0m"":268,""compact_baseline/6m"":268,""compact_baseline/12m"":268,""compact_cds_weather/6m"":268,""compact_cds_weather/12m"":268}","[0, 6, 12]",background,,Not applicable; formula above defines this feature.,src/ipcch/forecasting_weight_decay.py:153-186; .trellis/tasks/archive/2026-10/10-08-compact-climate-weather-oracle/design.md: Background and exact fitted order; .trellis/tasks/10-08-compact-cds-launch/design.md,"Source observation month is an availability proxy; historical release vintage is not certified. This is an expected input, not a fitted result. Existing background/history/IDP definition and its NA mask are preserved.",expected_not_fitted,Analysis/1.Source Data/assembled_IPCCH/model_ready/origin_safe_climate_idp_v1/origin_safe_climate_idp_v1_hH.csv (H=run horizon); parent source ledgers retained,Target month/year from expected_run_index.csv; fixed inherited dummy literals,"1[target month == 4], otherwise 0; full dummy set, no dropped reference category.","1 if target month equals 4, else 0; all year_2014..year_2026 indicators are 0 for target2027. No year_2027 model column.",Derived from required nonmissing target keys; no missing indicator value.,Derived from required nonmissing target keys; no missing indicator value.,Inherited source/recipe definition; see base_source_definition,Inherited source/recipe definition; see base_source_definition,Inherited compact source; upstream aggregation not independently certified,Same retained compact source/recipe; upstream aggregation not independently certified
269,month_5,Coordinates and calendar,Target-calendar month equals 5 indicator.,0/1,Training: Analysis/1.Source Data/assembled_IPCCH/model_ready/origin_safe_climate_idp_v1/origin_safe_climate_idp_v1_hH.csv (H=run horizon); parent source ledgers retained; Inference: Target month/year from expected_run_index.csv; fixed inherited dummy literals,Known target calendar T=O+H,"1[target month == 5], otherwise 0; full dummy set, no dropped reference category.",Derived from required nonmissing target keys; no missing indicator value.,boolean (one-hot indicator),true,1,true,1,true,1,true,1,true,1,"[""month_5""]","{""compact_baseline/0m"":269,""compact_baseline/6m"":269,""compact_baseline/12m"":269,""compact_cds_weather/6m"":269,""compact_cds_weather/12m"":269}","[0, 6, 12]",background,,Not applicable; formula above defines this feature.,src/ipcch/forecasting_weight_decay.py:153-186; .trellis/tasks/archive/2026-10/10-08-compact-climate-weather-oracle/design.md: Background and exact fitted order; .trellis/tasks/10-08-compact-cds-launch/design.md,"Source observation month is an availability proxy; historical release vintage is not certified. This is an expected input, not a fitted result. Existing background/history/IDP definition and its NA mask are preserved.",expected_not_fitted,Analysis/1.Source Data/assembled_IPCCH/model_ready/origin_safe_climate_idp_v1/origin_safe_climate_idp_v1_hH.csv (H=run horizon); parent source ledgers retained,Target month/year from expected_run_index.csv; fixed inherited dummy literals,"1[target month == 5], otherwise 0; full dummy set, no dropped reference category.","1 if target month equals 5, else 0; all year_2014..year_2026 indicators are 0 for target2027. No year_2027 model column.",Derived from required nonmissing target keys; no missing indicator value.,Derived from required nonmissing target keys; no missing indicator value.,Inherited source/recipe definition; see base_source_definition,Inherited source/recipe definition; see base_source_definition,Inherited compact source; upstream aggregation not independently certified,Same retained compact source/recipe; upstream aggregation not independently certified
270,month_6,Coordinates and calendar,Target-calendar month equals 6 indicator.,0/1,Training: Analysis/1.Source Data/assembled_IPCCH/model_ready/origin_safe_climate_idp_v1/origin_safe_climate_idp_v1_hH.csv (H=run horizon); parent source ledgers retained; Inference: Target month/year from expected_run_index.csv; fixed inherited dummy literals,Known target calendar T=O+H,"1[target month == 6], otherwise 0; full dummy set, no dropped reference category.",Derived from required nonmissing target keys; no missing indicator value.,boolean (one-hot indicator),true,1,true,1,true,1,true,1,true,1,"[""month_6""]","{""compact_baseline/0m"":270,""compact_baseline/6m"":270,""compact_baseline/12m"":270,""compact_cds_weather/6m"":270,""compact_cds_weather/12m"":270}","[0, 6, 12]",background,,Not applicable; formula above defines this feature.,src/ipcch/forecasting_weight_decay.py:153-186; .trellis/tasks/archive/2026-10/10-08-compact-climate-weather-oracle/design.md: Background and exact fitted order; .trellis/tasks/10-08-compact-cds-launch/design.md,"Source observation month is an availability proxy; historical release vintage is not certified. This is an expected input, not a fitted result. Existing background/history/IDP definition and its NA mask are preserved.",expected_not_fitted,Analysis/1.Source Data/assembled_IPCCH/model_ready/origin_safe_climate_idp_v1/origin_safe_climate_idp_v1_hH.csv (H=run horizon); parent source ledgers retained,Target month/year from expected_run_index.csv; fixed inherited dummy literals,"1[target month == 6], otherwise 0; full dummy set, no dropped reference category.","1 if target month equals 6, else 0; all year_2014..year_2026 indicators are 0 for target2027. No year_2027 model column.",Derived from required nonmissing target keys; no missing indicator value.,Derived from required nonmissing target keys; no missing indicator value.,Inherited source/recipe definition; see base_source_definition,Inherited source/recipe definition; see base_source_definition,Inherited compact source; upstream aggregation not independently certified,Same retained compact source/recipe; upstream aggregation not independently certified
271,month_7,Coordinates and calendar,Target-calendar month equals 7 indicator.,0/1,Training: Analysis/1.Source Data/assembled_IPCCH/model_ready/origin_safe_climate_idp_v1/origin_safe_climate_idp_v1_hH.csv (H=run horizon); parent source ledgers retained; Inference: Target month/year from expected_run_index.csv; fixed inherited dummy literals,Known target calendar T=O+H,"1[target month == 7], otherwise 0; full dummy set, no dropped reference category.",Derived from required nonmissing target keys; no missing indicator value.,boolean (one-hot indicator),true,1,true,1,true,1,true,1,true,1,"[""month_7""]","{""compact_baseline/0m"":271,""compact_baseline/6m"":271,""compact_baseline/12m"":271,""compact_cds_weather/6m"":271,""compact_cds_weather/12m"":271}","[0, 6, 12]",background,,Not applicable; formula above defines this feature.,src/ipcch/forecasting_weight_decay.py:153-186; .trellis/tasks/archive/2026-10/10-08-compact-climate-weather-oracle/design.md: Background and exact fitted order; .trellis/tasks/10-08-compact-cds-launch/design.md,"Source observation month is an availability proxy; historical release vintage is not certified. This is an expected input, not a fitted result. Existing background/history/IDP definition and its NA mask are preserved.",expected_not_fitted,Analysis/1.Source Data/assembled_IPCCH/model_ready/origin_safe_climate_idp_v1/origin_safe_climate_idp_v1_hH.csv (H=run horizon); parent source ledgers retained,Target month/year from expected_run_index.csv; fixed inherited dummy literals,"1[target month == 7], otherwise 0; full dummy set, no dropped reference category.","1 if target month equals 7, else 0; all year_2014..year_2026 indicators are 0 for target2027. No year_2027 model column.",Derived from required nonmissing target keys; no missing indicator value.,Derived from required nonmissing target keys; no missing indicator value.,Inherited source/recipe definition; see base_source_definition,Inherited source/recipe definition; see base_source_definition,Inherited compact source; upstream aggregation not independently certified,Same retained compact source/recipe; upstream aggregation not independently certified
272,month_8,Coordinates and calendar,Target-calendar month equals 8 indicator.,0/1,Training: Analysis/1.Source Data/assembled_IPCCH/model_ready/origin_safe_climate_idp_v1/origin_safe_climate_idp_v1_hH.csv (H=run horizon); parent source ledgers retained; Inference: Target month/year from expected_run_index.csv; fixed inherited dummy literals,Known target calendar T=O+H,"1[target month == 8], otherwise 0; full dummy set, no dropped reference category.",Derived from required nonmissing target keys; no missing indicator value.,boolean (one-hot indicator),true,1,true,1,true,1,true,1,true,1,"[""month_8""]","{""compact_baseline/0m"":272,""compact_baseline/6m"":272,""compact_baseline/12m"":272,""compact_cds_weather/6m"":272,""compact_cds_weather/12m"":272}","[0, 6, 12]",background,,Not applicable; formula above defines this feature.,src/ipcch/forecasting_weight_decay.py:153-186; .trellis/tasks/archive/2026-10/10-08-compact-climate-weather-oracle/design.md: Background and exact fitted order; .trellis/tasks/10-08-compact-cds-launch/design.md,"Source observation month is an availability proxy; historical release vintage is not certified. This is an expected input, not a fitted result. Existing background/history/IDP definition and its NA mask are preserved.",expected_not_fitted,Analysis/1.Source Data/assembled_IPCCH/model_ready/origin_safe_climate_idp_v1/origin_safe_climate_idp_v1_hH.csv (H=run horizon); parent source ledgers retained,Target month/year from expected_run_index.csv; fixed inherited dummy literals,"1[target month == 8], otherwise 0; full dummy set, no dropped reference category.","1 if target month equals 8, else 0; all year_2014..year_2026 indicators are 0 for target2027. No year_2027 model column.",Derived from required nonmissing target keys; no missing indicator value.,Derived from required nonmissing target keys; no missing indicator value.,Inherited source/recipe definition; see base_source_definition,Inherited source/recipe definition; see base_source_definition,Inherited compact source; upstream aggregation not independently certified,Same retained compact source/recipe; upstream aggregation not independently certified
273,month_9,Coordinates and calendar,Target-calendar month equals 9 indicator.,0/1,Training: Analysis/1.Source Data/assembled_IPCCH/model_ready/origin_safe_climate_idp_v1/origin_safe_climate_idp_v1_hH.csv (H=run horizon); parent source ledgers retained; Inference: Target month/year from expected_run_index.csv; fixed inherited dummy literals,Known target calendar T=O+H,"1[target month == 9], otherwise 0; full dummy set, no dropped reference category.",Derived from required nonmissing target keys; no missing indicator value.,boolean (one-hot indicator),true,1,true,1,true,1,true,1,true,1,"[""month_9""]","{""compact_baseline/0m"":273,""compact_baseline/6m"":273,""compact_baseline/12m"":273,""compact_cds_weather/6m"":273,""compact_cds_weather/12m"":273}","[0, 6, 12]",background,,Not applicable; formula above defines this feature.,src/ipcch/forecasting_weight_decay.py:153-186; .trellis/tasks/archive/2026-10/10-08-compact-climate-weather-oracle/design.md: Background and exact fitted order; .trellis/tasks/10-08-compact-cds-launch/design.md,"Source observation month is an availability proxy; historical release vintage is not certified. This is an expected input, not a fitted result. Existing background/history/IDP definition and its NA mask are preserved.",expected_not_fitted,Analysis/1.Source Data/assembled_IPCCH/model_ready/origin_safe_climate_idp_v1/origin_safe_climate_idp_v1_hH.csv (H=run horizon); parent source ledgers retained,Target month/year from expected_run_index.csv; fixed inherited dummy literals,"1[target month == 9], otherwise 0; full dummy set, no dropped reference category.","1 if target month equals 9, else 0; all year_2014..year_2026 indicators are 0 for target2027. No year_2027 model column.",Derived from required nonmissing target keys; no missing indicator value.,Derived from required nonmissing target keys; no missing indicator value.,Inherited source/recipe definition; see base_source_definition,Inherited source/recipe definition; see base_source_definition,Inherited compact source; upstream aggregation not independently certified,Same retained compact source/recipe; upstream aggregation not independently certified
274,month_10,Coordinates and calendar,Target-calendar month equals 10 indicator.,0/1,Training: Analysis/1.Source Data/assembled_IPCCH/model_ready/origin_safe_climate_idp_v1/origin_safe_climate_idp_v1_hH.csv (H=run horizon); parent source ledgers retained; Inference: Target month/year from expected_run_index.csv; fixed inherited dummy literals,Known target calendar T=O+H,"1[target month == 10], otherwise 0; full dummy set, no dropped reference category.",Derived from required nonmissing target keys; no missing indicator value.,boolean (one-hot indicator),true,1,true,1,true,1,true,1,true,1,"[""month_10""]","{""compact_baseline/0m"":274,""compact_baseline/6m"":274,""compact_baseline/12m"":274,""compact_cds_weather/6m"":274,""compact_cds_weather/12m"":274}","[0, 6, 12]",background,,Not applicable; formula above defines this feature.,src/ipcch/forecasting_weight_decay.py:153-186; .trellis/tasks/archive/2026-10/10-08-compact-climate-weather-oracle/design.md: Background and exact fitted order; .trellis/tasks/10-08-compact-cds-launch/design.md,"Source observation month is an availability proxy; historical release vintage is not certified. This is an expected input, not a fitted result. Existing background/history/IDP definition and its NA mask are preserved.",expected_not_fitted,Analysis/1.Source Data/assembled_IPCCH/model_ready/origin_safe_climate_idp_v1/origin_safe_climate_idp_v1_hH.csv (H=run horizon); parent source ledgers retained,Target month/year from expected_run_index.csv; fixed inherited dummy literals,"1[target month == 10], otherwise 0; full dummy set, no dropped reference category.","1 if target month equals 10, else 0; all year_2014..year_2026 indicators are 0 for target2027. No year_2027 model column.",Derived from required nonmissing target keys; no missing indicator value.,Derived from required nonmissing target keys; no missing indicator value.,Inherited source/recipe definition; see base_source_definition,Inherited source/recipe definition; see base_source_definition,Inherited compact source; upstream aggregation not independently certified,Same retained compact source/recipe; upstream aggregation not independently certified
275,month_11,Coordinates and calendar,Target-calendar month equals 11 indicator.,0/1,Training: Analysis/1.Source Data/assembled_IPCCH/model_ready/origin_safe_climate_idp_v1/origin_safe_climate_idp_v1_hH.csv (H=run horizon); parent source ledgers retained; Inference: Target month/year from expected_run_index.csv; fixed inherited dummy literals,Known target calendar T=O+H,"1[target month == 11], otherwise 0; full dummy set, no dropped reference category.",Derived from required nonmissing target keys; no missing indicator value.,boolean (one-hot indicator),true,1,true,1,true,1,true,1,true,1,"[""month_11""]","{""compact_baseline/0m"":275,""compact_baseline/6m"":275,""compact_baseline/12m"":275,""compact_cds_weather/6m"":275,""compact_cds_weather/12m"":275}","[0, 6, 12]",background,,Not applicable; formula above defines this feature.,src/ipcch/forecasting_weight_decay.py:153-186; .trellis/tasks/archive/2026-10/10-08-compact-climate-weather-oracle/design.md: Background and exact fitted order; .trellis/tasks/10-08-compact-cds-launch/design.md,"Source observation month is an availability proxy; historical release vintage is not certified. This is an expected input, not a fitted result. Existing background/history/IDP definition and its NA mask are preserved.",expected_not_fitted,Analysis/1.Source Data/assembled_IPCCH/model_ready/origin_safe_climate_idp_v1/origin_safe_climate_idp_v1_hH.csv (H=run horizon); parent source ledgers retained,Target month/year from expected_run_index.csv; fixed inherited dummy literals,"1[target month == 11], otherwise 0; full dummy set, no dropped reference category.","1 if target month equals 11, else 0; all year_2014..year_2026 indicators are 0 for target2027. No year_2027 model column.",Derived from required nonmissing target keys; no missing indicator value.,Derived from required nonmissing target keys; no missing indicator value.,Inherited source/recipe definition; see base_source_definition,Inherited source/recipe definition; see base_source_definition,Inherited compact source; upstream aggregation not independently certified,Same retained compact source/recipe; upstream aggregation not independently certified
276,month_12,Coordinates and calendar,Target-calendar month equals 12 indicator.,0/1,Training: Analysis/1.Source Data/assembled_IPCCH/model_ready/origin_safe_climate_idp_v1/origin_safe_climate_idp_v1_hH.csv (H=run horizon); parent source ledgers retained; Inference: Target month/year from expected_run_index.csv; fixed inherited dummy literals,Known target calendar T=O+H,"1[target month == 12], otherwise 0; full dummy set, no dropped reference category.",Derived from required nonmissing target keys; no missing indicator value.,boolean (one-hot indicator),true,1,true,1,true,1,true,1,true,1,"[""month_12""]","{""compact_baseline/0m"":276,""compact_baseline/6m"":276,""compact_baseline/12m"":276,""compact_cds_weather/6m"":276,""compact_cds_weather/12m"":276}","[0, 6, 12]",background,,Not applicable; formula above defines this feature.,src/ipcch/forecasting_weight_decay.py:153-186; .trellis/tasks/archive/2026-10/10-08-compact-climate-weather-oracle/design.md: Background and exact fitted order; .trellis/tasks/10-08-compact-cds-launch/design.md,"Source observation month is an availability proxy; historical release vintage is not certified. This is an expected input, not a fitted result. Existing background/history/IDP definition and its NA mask are preserved.",expected_not_fitted,Analysis/1.Source Data/assembled_IPCCH/model_ready/origin_safe_climate_idp_v1/origin_safe_climate_idp_v1_hH.csv (H=run horizon); parent source ledgers retained,Target month/year from expected_run_index.csv; fixed inherited dummy literals,"1[target month == 12], otherwise 0; full dummy set, no dropped reference category.","1 if target month equals 12, else 0; all year_2014..year_2026 indicators are 0 for target2027. No year_2027 model column.",Derived from required nonmissing target keys; no missing indicator value.,Derived from required nonmissing target keys; no missing indicator value.,Inherited source/recipe definition; see base_source_definition,Inherited source/recipe definition; see base_source_definition,Inherited compact source; upstream aggregation not independently certified,Same retained compact source/recipe; upstream aggregation not independently certified
277,year_2014,Coordinates and calendar,Target-calendar year equals 2014 indicator.,0/1,Training: Analysis/1.Source Data/assembled_IPCCH/model_ready/origin_safe_climate_idp_v1/origin_safe_climate_idp_v1_hH.csv (H=run horizon); parent source ledgers retained; Inference: Target month/year from expected_run_index.csv; fixed inherited dummy literals,Known target calendar T=O+H,"1[target year == 2014], otherwise 0; full dummy set, no dropped reference category.",Derived from required nonmissing target keys; no missing indicator value.,boolean (one-hot indicator),true,1,true,1,true,1,true,1,true,1,"[""year_2014""]","{""compact_baseline/0m"":277,""compact_baseline/6m"":277,""compact_baseline/12m"":277,""compact_cds_weather/6m"":277,""compact_cds_weather/12m"":277}","[0, 6, 12]",background,,Not applicable; formula above defines this feature.,src/ipcch/forecasting_weight_decay.py:153-186; .trellis/tasks/archive/2026-10/10-08-compact-climate-weather-oracle/design.md: Background and exact fitted order; .trellis/tasks/10-08-compact-cds-launch/design.md,"Source observation month is an availability proxy; historical release vintage is not certified. This is an expected input, not a fitted result. Existing background/history/IDP definition and its NA mask are preserved.",expected_not_fitted,Analysis/1.Source Data/assembled_IPCCH/model_ready/origin_safe_climate_idp_v1/origin_safe_climate_idp_v1_hH.csv (H=run horizon); parent source ledgers retained,Target month/year from expected_run_index.csv; fixed inherited dummy literals,"1[target year == 2014], otherwise 0; full dummy set, no dropped reference category.","1 if target year equals 2014, else 0; all year_2014..year_2026 indicators are 0 for target2027. No year_2027 model column.",Derived from required nonmissing target keys; no missing indicator value.,Derived from required nonmissing target keys; no missing indicator value.,Inherited source/recipe definition; see base_source_definition,Inherited source/recipe definition; see base_source_definition,Inherited compact source; upstream aggregation not independently certified,Same retained compact source/recipe; upstream aggregation not independently certified
278,year_2015,Coordinates and calendar,Target-calendar year equals 2015 indicator.,0/1,Training: Analysis/1.Source Data/assembled_IPCCH/model_ready/origin_safe_climate_idp_v1/origin_safe_climate_idp_v1_hH.csv (H=run horizon); parent source ledgers retained; Inference: Target month/year from expected_run_index.csv; fixed inherited dummy literals,Known target calendar T=O+H,"1[target year == 2015], otherwise 0; full dummy set, no dropped reference category.",Derived from required nonmissing target keys; no missing indicator value.,boolean (one-hot indicator),true,1,true,1,true,1,true,1,true,1,"[""year_2015""]","{""compact_baseline/0m"":278,""compact_baseline/6m"":278,""compact_baseline/12m"":278,""compact_cds_weather/6m"":278,""compact_cds_weather/12m"":278}","[0, 6, 12]",background,,Not applicable; formula above defines this feature.,src/ipcch/forecasting_weight_decay.py:153-186; .trellis/tasks/archive/2026-10/10-08-compact-climate-weather-oracle/design.md: Background and exact fitted order; .trellis/tasks/10-08-compact-cds-launch/design.md,"Source observation month is an availability proxy; historical release vintage is not certified. This is an expected input, not a fitted result. Existing background/history/IDP definition and its NA mask are preserved.",expected_not_fitted,Analysis/1.Source Data/assembled_IPCCH/model_ready/origin_safe_climate_idp_v1/origin_safe_climate_idp_v1_hH.csv (H=run horizon); parent source ledgers retained,Target month/year from expected_run_index.csv; fixed inherited dummy literals,"1[target year == 2015], otherwise 0; full dummy set, no dropped reference category.","1 if target year equals 2015, else 0; all year_2014..year_2026 indicators are 0 for target2027. No year_2027 model column.",Derived from required nonmissing target keys; no missing indicator value.,Derived from required nonmissing target keys; no missing indicator value.,Inherited source/recipe definition; see base_source_definition,Inherited source/recipe definition; see base_source_definition,Inherited compact source; upstream aggregation not independently certified,Same retained compact source/recipe; upstream aggregation not independently certified
279,year_2016,Coordinates and calendar,Target-calendar year equals 2016 indicator.,0/1,Training: Analysis/1.Source Data/assembled_IPCCH/model_ready/origin_safe_climate_idp_v1/origin_safe_climate_idp_v1_hH.csv (H=run horizon); parent source ledgers retained; Inference: Target month/year from expected_run_index.csv; fixed inherited dummy literals,Known target calendar T=O+H,"1[target year == 2016], otherwise 0; full dummy set, no dropped reference category.",Derived from required nonmissing target keys; no missing indicator value.,boolean (one-hot indicator),true,1,true,1,true,1,true,1,true,1,"[""year_2016""]","{""compact_baseline/0m"":279,""compact_baseline/6m"":279,""compact_baseline/12m"":279,""compact_cds_weather/6m"":279,""compact_cds_weather/12m"":279}","[0, 6, 12]",background,,Not applicable; formula above defines this feature.,src/ipcch/forecasting_weight_decay.py:153-186; .trellis/tasks/archive/2026-10/10-08-compact-climate-weather-oracle/design.md: Background and exact fitted order; .trellis/tasks/10-08-compact-cds-launch/design.md,"Source observation month is an availability proxy; historical release vintage is not certified. This is an expected input, not a fitted result. Existing background/history/IDP definition and its NA mask are preserved.",expected_not_fitted,Analysis/1.Source Data/assembled_IPCCH/model_ready/origin_safe_climate_idp_v1/origin_safe_climate_idp_v1_hH.csv (H=run horizon); parent source ledgers retained,Target month/year from expected_run_index.csv; fixed inherited dummy literals,"1[target year == 2016], otherwise 0; full dummy set, no dropped reference category.","1 if target year equals 2016, else 0; all year_2014..year_2026 indicators are 0 for target2027. No year_2027 model column.",Derived from required nonmissing target keys; no missing indicator value.,Derived from required nonmissing target keys; no missing indicator value.,Inherited source/recipe definition; see base_source_definition,Inherited source/recipe definition; see base_source_definition,Inherited compact source; upstream aggregation not independently certified,Same retained compact source/recipe; upstream aggregation not independently certified
280,year_2017,Coordinates and calendar,Target-calendar year equals 2017 indicator.,0/1,Training: Analysis/1.Source Data/assembled_IPCCH/model_ready/origin_safe_climate_idp_v1/origin_safe_climate_idp_v1_hH.csv (H=run horizon); parent source ledgers retained; Inference: Target month/year from expected_run_index.csv; fixed inherited dummy literals,Known target calendar T=O+H,"1[target year == 2017], otherwise 0; full dummy set, no dropped reference category.",Derived from required nonmissing target keys; no missing indicator value.,boolean (one-hot indicator),true,1,true,1,true,1,true,1,true,1,"[""year_2017""]","{""compact_baseline/0m"":280,""compact_baseline/6m"":280,""compact_baseline/12m"":280,""compact_cds_weather/6m"":280,""compact_cds_weather/12m"":280}","[0, 6, 12]",background,,Not applicable; formula above defines this feature.,src/ipcch/forecasting_weight_decay.py:153-186; .trellis/tasks/archive/2026-10/10-08-compact-climate-weather-oracle/design.md: Background and exact fitted order; .trellis/tasks/10-08-compact-cds-launch/design.md,"Source observation month is an availability proxy; historical release vintage is not certified. This is an expected input, not a fitted result. Existing background/history/IDP definition and its NA mask are preserved.",expected_not_fitted,Analysis/1.Source Data/assembled_IPCCH/model_ready/origin_safe_climate_idp_v1/origin_safe_climate_idp_v1_hH.csv (H=run horizon); parent source ledgers retained,Target month/year from expected_run_index.csv; fixed inherited dummy literals,"1[target year == 2017], otherwise 0; full dummy set, no dropped reference category.","1 if target year equals 2017, else 0; all year_2014..year_2026 indicators are 0 for target2027. No year_2027 model column.",Derived from required nonmissing target keys; no missing indicator value.,Derived from required nonmissing target keys; no missing indicator value.,Inherited source/recipe definition; see base_source_definition,Inherited source/recipe definition; see base_source_definition,Inherited compact source; upstream aggregation not independently certified,Same retained compact source/recipe; upstream aggregation not independently certified
281,year_2018,Coordinates and calendar,Target-calendar year equals 2018 indicator.,0/1,Training: Analysis/1.Source Data/assembled_IPCCH/model_ready/origin_safe_climate_idp_v1/origin_safe_climate_idp_v1_hH.csv (H=run horizon); parent source ledgers retained; Inference: Target month/year from expected_run_index.csv; fixed inherited dummy literals,Known target calendar T=O+H,"1[target year == 2018], otherwise 0; full dummy set, no dropped reference category.",Derived from required nonmissing target keys; no missing indicator value.,boolean (one-hot indicator),true,1,true,1,true,1,true,1,true,1,"[""year_2018""]","{""compact_baseline/0m"":281,""compact_baseline/6m"":281,""compact_baseline/12m"":281,""compact_cds_weather/6m"":281,""compact_cds_weather/12m"":281}","[0, 6, 12]",background,,Not applicable; formula above defines this feature.,src/ipcch/forecasting_weight_decay.py:153-186; .trellis/tasks/archive/2026-10/10-08-compact-climate-weather-oracle/design.md: Background and exact fitted order; .trellis/tasks/10-08-compact-cds-launch/design.md,"Source observation month is an availability proxy; historical release vintage is not certified. This is an expected input, not a fitted result. Existing background/history/IDP definition and its NA mask are preserved.",expected_not_fitted,Analysis/1.Source Data/assembled_IPCCH/model_ready/origin_safe_climate_idp_v1/origin_safe_climate_idp_v1_hH.csv (H=run horizon); parent source ledgers retained,Target month/year from expected_run_index.csv; fixed inherited dummy literals,"1[target year == 2018], otherwise 0; full dummy set, no dropped reference category.","1 if target year equals 2018, else 0; all year_2014..year_2026 indicators are 0 for target2027. No year_2027 model column.",Derived from required nonmissing target keys; no missing indicator value.,Derived from required nonmissing target keys; no missing indicator value.,Inherited source/recipe definition; see base_source_definition,Inherited source/recipe definition; see base_source_definition,Inherited compact source; upstream aggregation not independently certified,Same retained compact source/recipe; upstream aggregation not independently certified
282,year_2019,Coordinates and calendar,Target-calendar year equals 2019 indicator.,0/1,Training: Analysis/1.Source Data/assembled_IPCCH/model_ready/origin_safe_climate_idp_v1/origin_safe_climate_idp_v1_hH.csv (H=run horizon); parent source ledgers retained; Inference: Target month/year from expected_run_index.csv; fixed inherited dummy literals,Known target calendar T=O+H,"1[target year == 2019], otherwise 0; full dummy set, no dropped reference category.",Derived from required nonmissing target keys; no missing indicator value.,boolean (one-hot indicator),true,1,true,1,true,1,true,1,true,1,"[""year_2019""]","{""compact_baseline/0m"":282,""compact_baseline/6m"":282,""compact_baseline/12m"":282,""compact_cds_weather/6m"":282,""compact_cds_weather/12m"":282}","[0, 6, 12]",background,,Not applicable; formula above defines this feature.,src/ipcch/forecasting_weight_decay.py:153-186; .trellis/tasks/archive/2026-10/10-08-compact-climate-weather-oracle/design.md: Background and exact fitted order; .trellis/tasks/10-08-compact-cds-launch/design.md,"Source observation month is an availability proxy; historical release vintage is not certified. This is an expected input, not a fitted result. Existing background/history/IDP definition and its NA mask are preserved.",expected_not_fitted,Analysis/1.Source Data/assembled_IPCCH/model_ready/origin_safe_climate_idp_v1/origin_safe_climate_idp_v1_hH.csv (H=run horizon); parent source ledgers retained,Target month/year from expected_run_index.csv; fixed inherited dummy literals,"1[target year == 2019], otherwise 0; full dummy set, no dropped reference category.","1 if target year equals 2019, else 0; all year_2014..year_2026 indicators are 0 for target2027. No year_2027 model column.",Derived from required nonmissing target keys; no missing indicator value.,Derived from required nonmissing target keys; no missing indicator value.,Inherited source/recipe definition; see base_source_definition,Inherited source/recipe definition; see base_source_definition,Inherited compact source; upstream aggregation not independently certified,Same retained compact source/recipe; upstream aggregation not independently certified
283,year_2020,Coordinates and calendar,Target-calendar year equals 2020 indicator.,0/1,Training: Analysis/1.Source Data/assembled_IPCCH/model_ready/origin_safe_climate_idp_v1/origin_safe_climate_idp_v1_hH.csv (H=run horizon); parent source ledgers retained; Inference: Target month/year from expected_run_index.csv; fixed inherited dummy literals,Known target calendar T=O+H,"1[target year == 2020], otherwise 0; full dummy set, no dropped reference category.",Derived from required nonmissing target keys; no missing indicator value.,boolean (one-hot indicator),true,1,true,1,true,1,true,1,true,1,"[""year_2020""]","{""compact_baseline/0m"":283,""compact_baseline/6m"":283,""compact_baseline/12m"":283,""compact_cds_weather/6m"":283,""compact_cds_weather/12m"":283}","[0, 6, 12]",background,,Not applicable; formula above defines this feature.,src/ipcch/forecasting_weight_decay.py:153-186; .trellis/tasks/archive/2026-10/10-08-compact-climate-weather-oracle/design.md: Background and exact fitted order; .trellis/tasks/10-08-compact-cds-launch/design.md,"Source observation month is an availability proxy; historical release vintage is not certified. This is an expected input, not a fitted result. Existing background/history/IDP definition and its NA mask are preserved.",expected_not_fitted,Analysis/1.Source Data/assembled_IPCCH/model_ready/origin_safe_climate_idp_v1/origin_safe_climate_idp_v1_hH.csv (H=run horizon); parent source ledgers retained,Target month/year from expected_run_index.csv; fixed inherited dummy literals,"1[target year == 2020], otherwise 0; full dummy set, no dropped reference category.","1 if target year equals 2020, else 0; all year_2014..year_2026 indicators are 0 for target2027. No year_2027 model column.",Derived from required nonmissing target keys; no missing indicator value.,Derived from required nonmissing target keys; no missing indicator value.,Inherited source/recipe definition; see base_source_definition,Inherited source/recipe definition; see base_source_definition,Inherited compact source; upstream aggregation not independently certified,Same retained compact source/recipe; upstream aggregation not independently certified
284,year_2021,Coordinates and calendar,Target-calendar year equals 2021 indicator.,0/1,Training: Analysis/1.Source Data/assembled_IPCCH/model_ready/origin_safe_climate_idp_v1/origin_safe_climate_idp_v1_hH.csv (H=run horizon); parent source ledgers retained; Inference: Target month/year from expected_run_index.csv; fixed inherited dummy literals,Known target calendar T=O+H,"1[target year == 2021], otherwise 0; full dummy set, no dropped reference category.",Derived from required nonmissing target keys; no missing indicator value.,boolean (one-hot indicator),true,1,true,1,true,1,true,1,true,1,"[""year_2021""]","{""compact_baseline/0m"":284,""compact_baseline/6m"":284,""compact_baseline/12m"":284,""compact_cds_weather/6m"":284,""compact_cds_weather/12m"":284}","[0, 6, 12]",background,,Not applicable; formula above defines this feature.,src/ipcch/forecasting_weight_decay.py:153-186; .trellis/tasks/archive/2026-10/10-08-compact-climate-weather-oracle/design.md: Background and exact fitted order; .trellis/tasks/10-08-compact-cds-launch/design.md,"Source observation month is an availability proxy; historical release vintage is not certified. This is an expected input, not a fitted result. Existing background/history/IDP definition and its NA mask are preserved.",expected_not_fitted,Analysis/1.Source Data/assembled_IPCCH/model_ready/origin_safe_climate_idp_v1/origin_safe_climate_idp_v1_hH.csv (H=run horizon); parent source ledgers retained,Target month/year from expected_run_index.csv; fixed inherited dummy literals,"1[target year == 2021], otherwise 0; full dummy set, no dropped reference category.","1 if target year equals 2021, else 0; all year_2014..year_2026 indicators are 0 for target2027. No year_2027 model column.",Derived from required nonmissing target keys; no missing indicator value.,Derived from required nonmissing target keys; no missing indicator value.,Inherited source/recipe definition; see base_source_definition,Inherited source/recipe definition; see base_source_definition,Inherited compact source; upstream aggregation not independently certified,Same retained compact source/recipe; upstream aggregation not independently certified
285,year_2022,Coordinates and calendar,Target-calendar year equals 2022 indicator.,0/1,Training: Analysis/1.Source Data/assembled_IPCCH/model_ready/origin_safe_climate_idp_v1/origin_safe_climate_idp_v1_hH.csv (H=run horizon); parent source ledgers retained; Inference: Target month/year from expected_run_index.csv; fixed inherited dummy literals,Known target calendar T=O+H,"1[target year == 2022], otherwise 0; full dummy set, no dropped reference category.",Derived from required nonmissing target keys; no missing indicator value.,boolean (one-hot indicator),true,1,true,1,true,1,true,1,true,1,"[""year_2022""]","{""compact_baseline/0m"":285,""compact_baseline/6m"":285,""compact_baseline/12m"":285,""compact_cds_weather/6m"":285,""compact_cds_weather/12m"":285}","[0, 6, 12]",background,,Not applicable; formula above defines this feature.,src/ipcch/forecasting_weight_decay.py:153-186; .trellis/tasks/archive/2026-10/10-08-compact-climate-weather-oracle/design.md: Background and exact fitted order; .trellis/tasks/10-08-compact-cds-launch/design.md,"Source observation month is an availability proxy; historical release vintage is not certified. This is an expected input, not a fitted result. Existing background/history/IDP definition and its NA mask are preserved.",expected_not_fitted,Analysis/1.Source Data/assembled_IPCCH/model_ready/origin_safe_climate_idp_v1/origin_safe_climate_idp_v1_hH.csv (H=run horizon); parent source ledgers retained,Target month/year from expected_run_index.csv; fixed inherited dummy literals,"1[target year == 2022], otherwise 0; full dummy set, no dropped reference category.","1 if target year equals 2022, else 0; all year_2014..year_2026 indicators are 0 for target2027. No year_2027 model column.",Derived from required nonmissing target keys; no missing indicator value.,Derived from required nonmissing target keys; no missing indicator value.,Inherited source/recipe definition; see base_source_definition,Inherited source/recipe definition; see base_source_definition,Inherited compact source; upstream aggregation not independently certified,Same retained compact source/recipe; upstream aggregation not independently certified
286,year_2023,Coordinates and calendar,Target-calendar year equals 2023 indicator.,0/1,Training: Analysis/1.Source Data/assembled_IPCCH/model_ready/origin_safe_climate_idp_v1/origin_safe_climate_idp_v1_hH.csv (H=run horizon); parent source ledgers retained; Inference: Target month/year from expected_run_index.csv; fixed inherited dummy literals,Known target calendar T=O+H,"1[target year == 2023], otherwise 0; full dummy set, no dropped reference category.",Derived from required nonmissing target keys; no missing indicator value.,boolean (one-hot indicator),true,1,true,1,true,1,true,1,true,1,"[""year_2023""]","{""compact_baseline/0m"":286,""compact_baseline/6m"":286,""compact_baseline/12m"":286,""compact_cds_weather/6m"":286,""compact_cds_weather/12m"":286}","[0, 6, 12]",background,,Not applicable; formula above defines this feature.,src/ipcch/forecasting_weight_decay.py:153-186; .trellis/tasks/archive/2026-10/10-08-compact-climate-weather-oracle/design.md: Background and exact fitted order; .trellis/tasks/10-08-compact-cds-launch/design.md,"Source observation month is an availability proxy; historical release vintage is not certified. This is an expected input, not a fitted result. Existing background/history/IDP definition and its NA mask are preserved.",expected_not_fitted,Analysis/1.Source Data/assembled_IPCCH/model_ready/origin_safe_climate_idp_v1/origin_safe_climate_idp_v1_hH.csv (H=run horizon); parent source ledgers retained,Target month/year from expected_run_index.csv; fixed inherited dummy literals,"1[target year == 2023], otherwise 0; full dummy set, no dropped reference category.","1 if target year equals 2023, else 0; all year_2014..year_2026 indicators are 0 for target2027. No year_2027 model column.",Derived from required nonmissing target keys; no missing indicator value.,Derived from required nonmissing target keys; no missing indicator value.,Inherited source/recipe definition; see base_source_definition,Inherited source/recipe definition; see base_source_definition,Inherited compact source; upstream aggregation not independently certified,Same retained compact source/recipe; upstream aggregation not independently certified
287,year_2024,Coordinates and calendar,Target-calendar year equals 2024 indicator.,0/1,Training: Analysis/1.Source Data/assembled_IPCCH/model_ready/origin_safe_climate_idp_v1/origin_safe_climate_idp_v1_hH.csv (H=run horizon); parent source ledgers retained; Inference: Target month/year from expected_run_index.csv; fixed inherited dummy literals,Known target calendar T=O+H,"1[target year == 2024], otherwise 0; full dummy set, no dropped reference category.",Derived from required nonmissing target keys; no missing indicator value.,boolean (one-hot indicator),true,1,true,1,true,1,true,1,true,1,"[""year_2024""]","{""compact_baseline/0m"":287,""compact_baseline/6m"":287,""compact_baseline/12m"":287,""compact_cds_weather/6m"":287,""compact_cds_weather/12m"":287}","[0, 6, 12]",background,,Not applicable; formula above defines this feature.,src/ipcch/forecasting_weight_decay.py:153-186; .trellis/tasks/archive/2026-10/10-08-compact-climate-weather-oracle/design.md: Background and exact fitted order; .trellis/tasks/10-08-compact-cds-launch/design.md,"Source observation month is an availability proxy; historical release vintage is not certified. This is an expected input, not a fitted result. Existing background/history/IDP definition and its NA mask are preserved.",expected_not_fitted,Analysis/1.Source Data/assembled_IPCCH/model_ready/origin_safe_climate_idp_v1/origin_safe_climate_idp_v1_hH.csv (H=run horizon); parent source ledgers retained,Target month/year from expected_run_index.csv; fixed inherited dummy literals,"1[target year == 2024], otherwise 0; full dummy set, no dropped reference category.","1 if target year equals 2024, else 0; all year_2014..year_2026 indicators are 0 for target2027. No year_2027 model column.",Derived from required nonmissing target keys; no missing indicator value.,Derived from required nonmissing target keys; no missing indicator value.,Inherited source/recipe definition; see base_source_definition,Inherited source/recipe definition; see base_source_definition,Inherited compact source; upstream aggregation not independently certified,Same retained compact source/recipe; upstream aggregation not independently certified
288,year_2025,Coordinates and calendar,Target-calendar year equals 2025 indicator.,0/1,Training: Analysis/1.Source Data/assembled_IPCCH/model_ready/origin_safe_climate_idp_v1/origin_safe_climate_idp_v1_hH.csv (H=run horizon); parent source ledgers retained; Inference: Target month/year from expected_run_index.csv; fixed inherited dummy literals,Known target calendar T=O+H,"1[target year == 2025], otherwise 0; full dummy set, no dropped reference category.",Derived from required nonmissing target keys; no missing indicator value.,boolean (one-hot indicator),true,1,true,1,true,1,true,1,true,1,"[""year_2025""]","{""compact_baseline/0m"":288,""compact_baseline/6m"":288,""compact_baseline/12m"":288,""compact_cds_weather/6m"":288,""compact_cds_weather/12m"":288}","[0, 6, 12]",background,,Not applicable; formula above defines this feature.,src/ipcch/forecasting_weight_decay.py:153-186; .trellis/tasks/archive/2026-10/10-08-compact-climate-weather-oracle/design.md: Background and exact fitted order; .trellis/tasks/10-08-compact-cds-launch/design.md,"Source observation month is an availability proxy; historical release vintage is not certified. This is an expected input, not a fitted result. Existing background/history/IDP definition and its NA mask are preserved.",expected_not_fitted,Analysis/1.Source Data/assembled_IPCCH/model_ready/origin_safe_climate_idp_v1/origin_safe_climate_idp_v1_hH.csv (H=run horizon); parent source ledgers retained,Target month/year from expected_run_index.csv; fixed inherited dummy literals,"1[target year == 2025], otherwise 0; full dummy set, no dropped reference category.","1 if target year equals 2025, else 0; all year_2014..year_2026 indicators are 0 for target2027. No year_2027 model column.",Derived from required nonmissing target keys; no missing indicator value.,Derived from required nonmissing target keys; no missing indicator value.,Inherited source/recipe definition; see base_source_definition,Inherited source/recipe definition; see base_source_definition,Inherited compact source; upstream aggregation not independently certified,Same retained compact source/recipe; upstream aggregation not independently certified
289,year_2026,Coordinates and calendar,Target-calendar year equals 2026 indicator.,0/1,Training: Analysis/1.Source Data/assembled_IPCCH/model_ready/origin_safe_climate_idp_v1/origin_safe_climate_idp_v1_hH.csv (H=run horizon); parent source ledgers retained; Inference: Target month/year from expected_run_index.csv; fixed inherited dummy literals,Known target calendar T=O+H,"1[target year == 2026], otherwise 0; full dummy set, no dropped reference category.",Derived from required nonmissing target keys; no missing indicator value.,boolean (one-hot indicator),true,1,true,1,true,1,true,1,true,1,"[""year_2026""]","{""compact_baseline/0m"":289,""compact_baseline/6m"":289,""compact_baseline/12m"":289,""compact_cds_weather/6m"":289,""compact_cds_weather/12m"":289}","[0, 6, 12]",background,,Not applicable; formula above defines this feature.,src/ipcch/forecasting_weight_decay.py:153-186; .trellis/tasks/archive/2026-10/10-08-compact-climate-weather-oracle/design.md: Background and exact fitted order; .trellis/tasks/10-08-compact-cds-launch/design.md,"Source observation month is an availability proxy; historical release vintage is not certified. This is an expected input, not a fitted result. Existing background/history/IDP definition and its NA mask are preserved.",expected_not_fitted,Analysis/1.Source Data/assembled_IPCCH/model_ready/origin_safe_climate_idp_v1/origin_safe_climate_idp_v1_hH.csv (H=run horizon); parent source ledgers retained,Target month/year from expected_run_index.csv; fixed inherited dummy literals,"1[target year == 2026], otherwise 0; full dummy set, no dropped reference category.","1 if target year equals 2026, else 0; all year_2014..year_2026 indicators are 0 for target2027. No year_2027 model column.",Derived from required nonmissing target keys; no missing indicator value.,Derived from required nonmissing target keys; no missing indicator value.,Inherited source/recipe definition; see base_source_definition,Inherited source/recipe definition; see base_source_definition,Inherited compact source; upstream aggregation not independently certified,Same retained compact source/recipe; upstream aggregation not independently certified
290,overall_phase_history_1,Autoregressive history,1-th latest safe observed IPC/CH phase; observations need not be consecutive months.,"ordinal phase, 1-5",Training: Analysis/1.Source Data/assembled_IPCCH/model_ready/origin_safe_climate_idp_v1/origin_safe_climate_idp_v1_hH.csv (H=run horizon); parent source ledgers retained; Inference: Analysis/1.Source Data/assembled_IPCCH/interim/IPCCH_2026_target_corrected_nino34_wbfood.csv; valid reported phases through2026-03 only,"Training report month<=min(O,T-1) within label source before2026-04; inference report month<=2026-03 at April2026 origin","1-th latest same-area valid reported overall_phase at or before min(O,T-1).","NA if required historical observations do not exist; no substitute from future reports. NA is retained and handled natively by XGBoost; no external scaling, imputation or feature selection.",numeric,true,1,true,1,true,1,true,1,true,1,"[""overall_phase_history_1""]","{""compact_baseline/0m"":290,""compact_baseline/6m"":290,""compact_baseline/12m"":290,""compact_cds_weather/6m"":290,""compact_cds_weather/12m"":290}","[0, 6, 12]",background,,Not applicable; formula above defines this feature.,src/ipcch/origin_safe.py:143-180; .trellis/tasks/archive/2026-10/10-08-compact-climate-weather-oracle/design.md: Background and exact fitted order; .trellis/tasks/10-08-compact-cds-launch/design.md,"Source observation month is an availability proxy; historical release vintage is not certified. This is an expected input, not a fitted result. Existing background/history/IDP definition and its NA mask are preserved.",expected_not_fitted,Analysis/1.Source Data/assembled_IPCCH/model_ready/origin_safe_climate_idp_v1/origin_safe_climate_idp_v1_hH.csv (H=run horizon); parent source ledgers retained,Analysis/1.Source Data/assembled_IPCCH/interim/IPCCH_2026_target_corrected_nino34_wbfood.csv; valid reported phases through2026-03 only,"1-th latest same-area valid reported overall_phase at or before min(O,T-1).","1-th latest same-area valid reported overall_phase at or before min(O,T-1). Filter observation source to month<=2026-03 before selecting reports, for every launch H; differences share that selection.","NA if required historical observations do not exist; no substitute from future reports. NA is retained and handled natively by XGBoost; no external scaling, imputation or feature selection.","NA if required historical observations do not exist; no substitute from future reports. NA is retained and handled natively by XGBoost; no external scaling, imputation or feature selection.",Inherited source/recipe definition; see base_source_definition,Inherited source/recipe definition; see base_source_definition,Inherited compact source; upstream aggregation not independently certified,Same retained compact source/recipe; upstream aggregation not independently certified
291,overall_phase_history_2,Autoregressive history,2-th latest safe observed IPC/CH phase; observations need not be consecutive months.,"ordinal phase, 1-5",Training: Analysis/1.Source Data/assembled_IPCCH/model_ready/origin_safe_climate_idp_v1/origin_safe_climate_idp_v1_hH.csv (H=run horizon); parent source ledgers retained; Inference: Analysis/1.Source Data/assembled_IPCCH/interim/IPCCH_2026_target_corrected_nino34_wbfood.csv; valid reported phases through2026-03 only,"Training report month<=min(O,T-1) within label source before2026-04; inference report month<=2026-03 at April2026 origin","2-th latest same-area valid reported overall_phase at or before min(O,T-1).","NA if required historical observations do not exist; no substitute from future reports. NA is retained and handled natively by XGBoost; no external scaling, imputation or feature selection.",numeric,true,1,true,1,true,1,true,1,true,1,"[""overall_phase_history_2""]","{""compact_baseline/0m"":291,""compact_baseline/6m"":291,""compact_baseline/12m"":291,""compact_cds_weather/6m"":291,""compact_cds_weather/12m"":291}","[0, 6, 12]",background,,Not applicable; formula above defines this feature.,src/ipcch/origin_safe.py:143-180; .trellis/tasks/archive/2026-10/10-08-compact-climate-weather-oracle/design.md: Background and exact fitted order; .trellis/tasks/10-08-compact-cds-launch/design.md,"Source observation month is an availability proxy; historical release vintage is not certified. This is an expected input, not a fitted result. Existing background/history/IDP definition and its NA mask are preserved.",expected_not_fitted,Analysis/1.Source Data/assembled_IPCCH/model_ready/origin_safe_climate_idp_v1/origin_safe_climate_idp_v1_hH.csv (H=run horizon); parent source ledgers retained,Analysis/1.Source Data/assembled_IPCCH/interim/IPCCH_2026_target_corrected_nino34_wbfood.csv; valid reported phases through2026-03 only,"2-th latest same-area valid reported overall_phase at or before min(O,T-1).","2-th latest same-area valid reported overall_phase at or before min(O,T-1). Filter observation source to month<=2026-03 before selecting reports, for every launch H; differences share that selection.","NA if required historical observations do not exist; no substitute from future reports. NA is retained and handled natively by XGBoost; no external scaling, imputation or feature selection.","NA if required historical observations do not exist; no substitute from future reports. NA is retained and handled natively by XGBoost; no external scaling, imputation or feature selection.",Inherited source/recipe definition; see base_source_definition,Inherited source/recipe definition; see base_source_definition,Inherited compact source; upstream aggregation not independently certified,Same retained compact source/recipe; upstream aggregation not independently certified
292,overall_phase_history_3,Autoregressive history,3-th latest safe observed IPC/CH phase; observations need not be consecutive months.,"ordinal phase, 1-5",Training: Analysis/1.Source Data/assembled_IPCCH/model_ready/origin_safe_climate_idp_v1/origin_safe_climate_idp_v1_hH.csv (H=run horizon); parent source ledgers retained; Inference: Analysis/1.Source Data/assembled_IPCCH/interim/IPCCH_2026_target_corrected_nino34_wbfood.csv; valid reported phases through2026-03 only,"Training report month<=min(O,T-1) within label source before2026-04; inference report month<=2026-03 at April2026 origin","3-th latest same-area valid reported overall_phase at or before min(O,T-1).","NA if required historical observations do not exist; no substitute from future reports. NA is retained and handled natively by XGBoost; no external scaling, imputation or feature selection.",numeric,true,1,true,1,true,1,true,1,true,1,"[""overall_phase_history_3""]","{""compact_baseline/0m"":292,""compact_baseline/6m"":292,""compact_baseline/12m"":292,""compact_cds_weather/6m"":292,""compact_cds_weather/12m"":292}","[0, 6, 12]",background,,Not applicable; formula above defines this feature.,src/ipcch/origin_safe.py:143-180; .trellis/tasks/archive/2026-10/10-08-compact-climate-weather-oracle/design.md: Background and exact fitted order; .trellis/tasks/10-08-compact-cds-launch/design.md,"Source observation month is an availability proxy; historical release vintage is not certified. This is an expected input, not a fitted result. Existing background/history/IDP definition and its NA mask are preserved.",expected_not_fitted,Analysis/1.Source Data/assembled_IPCCH/model_ready/origin_safe_climate_idp_v1/origin_safe_climate_idp_v1_hH.csv (H=run horizon); parent source ledgers retained,Analysis/1.Source Data/assembled_IPCCH/interim/IPCCH_2026_target_corrected_nino34_wbfood.csv; valid reported phases through2026-03 only,"3-th latest same-area valid reported overall_phase at or before min(O,T-1).","3-th latest same-area valid reported overall_phase at or before min(O,T-1). Filter observation source to month<=2026-03 before selecting reports, for every launch H; differences share that selection.","NA if required historical observations do not exist; no substitute from future reports. NA is retained and handled natively by XGBoost; no external scaling, imputation or feature selection.","NA if required historical observations do not exist; no substitute from future reports. NA is retained and handled natively by XGBoost; no external scaling, imputation or feature selection.",Inherited source/recipe definition; see base_source_definition,Inherited source/recipe definition; see base_source_definition,Inherited compact source; upstream aggregation not independently certified,Same retained compact source/recipe; upstream aggregation not independently certified
293,overall_phase_history_change_1_2,Autoregressive history,Change from historical observation 2 to latest safe observation 1.,phase steps,Training: Analysis/1.Source Data/assembled_IPCCH/model_ready/origin_safe_climate_idp_v1/origin_safe_climate_idp_v1_hH.csv (H=run horizon); parent source ledgers retained; Inference: Analysis/1.Source Data/assembled_IPCCH/interim/IPCCH_2026_target_corrected_nino34_wbfood.csv; valid reported phases through2026-03 only,"Training report month<=min(O,T-1) within label source before2026-04; inference report month<=2026-03 at April2026 origin",overall_phase_history_1 - overall_phase_history_2,"NA if required historical observations do not exist; no substitute from future reports. NA is retained and handled natively by XGBoost; no external scaling, imputation or feature selection.",numeric,true,1,true,1,true,1,true,1,true,1,"[""overall_phase_history_change_1_2""]","{""compact_baseline/0m"":293,""compact_baseline/6m"":293,""compact_baseline/12m"":293,""compact_cds_weather/6m"":293,""compact_cds_weather/12m"":293}","[0, 6, 12]",background,,Not applicable; formula above defines this feature.,src/ipcch/origin_safe.py:143-180; .trellis/tasks/archive/2026-10/10-08-compact-climate-weather-oracle/design.md: Background and exact fitted order; .trellis/tasks/10-08-compact-cds-launch/design.md,"Source observation month is an availability proxy; historical release vintage is not certified. This is an expected input, not a fitted result. Existing background/history/IDP definition and its NA mask are preserved.",expected_not_fitted,Analysis/1.Source Data/assembled_IPCCH/model_ready/origin_safe_climate_idp_v1/origin_safe_climate_idp_v1_hH.csv (H=run horizon); parent source ledgers retained,Analysis/1.Source Data/assembled_IPCCH/interim/IPCCH_2026_target_corrected_nino34_wbfood.csv; valid reported phases through2026-03 only,overall_phase_history_1 - overall_phase_history_2,"overall_phase_history_1 - overall_phase_history_2 Filter observation source to month<=2026-03 before selecting reports, for every launch H; differences share that selection.","NA if required historical observations do not exist; no substitute from future reports. NA is retained and handled natively by XGBoost; no external scaling, imputation or feature selection.","NA if required historical observations do not exist; no substitute from future reports. NA is retained and handled natively by XGBoost; no external scaling, imputation or feature selection.",Inherited source/recipe definition; see base_source_definition,Inherited source/recipe definition; see base_source_definition,Inherited compact source; upstream aggregation not independently certified,Same retained compact source/recipe; upstream aggregation not independently certified
294,overall_phase_history_change_1_3,Autoregressive history,Change from historical observation 3 to latest safe observation 1.,phase steps,Training: Analysis/1.Source Data/assembled_IPCCH/model_ready/origin_safe_climate_idp_v1/origin_safe_climate_idp_v1_hH.csv (H=run horizon); parent source ledgers retained; Inference: Analysis/1.Source Data/assembled_IPCCH/interim/IPCCH_2026_target_corrected_nino34_wbfood.csv; valid reported phases through2026-03 only,"Training report month<=min(O,T-1) within label source before2026-04; inference report month<=2026-03 at April2026 origin",overall_phase_history_1 - overall_phase_history_3,"NA if required historical observations do not exist; no substitute from future reports. NA is retained and handled natively by XGBoost; no external scaling, imputation or feature selection.",numeric,true,1,true,1,true,1,true,1,true,1,"[""overall_phase_history_change_1_3""]","{""compact_baseline/0m"":294,""compact_baseline/6m"":294,""compact_baseline/12m"":294,""compact_cds_weather/6m"":294,""compact_cds_weather/12m"":294}","[0, 6, 12]",background,,Not applicable; formula above defines this feature.,src/ipcch/origin_safe.py:143-180; .trellis/tasks/archive/2026-10/10-08-compact-climate-weather-oracle/design.md: Background and exact fitted order; .trellis/tasks/10-08-compact-cds-launch/design.md,"Source observation month is an availability proxy; historical release vintage is not certified. This is an expected input, not a fitted result. Existing background/history/IDP definition and its NA mask are preserved.",expected_not_fitted,Analysis/1.Source Data/assembled_IPCCH/model_ready/origin_safe_climate_idp_v1/origin_safe_climate_idp_v1_hH.csv (H=run horizon); parent source ledgers retained,Analysis/1.Source Data/assembled_IPCCH/interim/IPCCH_2026_target_corrected_nino34_wbfood.csv; valid reported phases through2026-03 only,overall_phase_history_1 - overall_phase_history_3,"overall_phase_history_1 - overall_phase_history_3 Filter observation source to month<=2026-03 before selecting reports, for every launch H; differences share that selection.","NA if required historical observations do not exist; no substitute from future reports. NA is retained and handled natively by XGBoost; no external scaling, imputation or feature selection.","NA if required historical observations do not exist; no substitute from future reports. NA is retained and handled natively by XGBoost; no external scaling, imputation or feature selection.",Inherited source/recipe definition; see base_source_definition,Inherited source/recipe definition; see base_source_definition,Inherited compact source; upstream aggregation not independently certified,Same retained compact source/recipe; upstream aggregation not independently certified
295,idp_admin0_latest_stock,Displacement,Latest observed national IDP stock assigned as country context to the area.,persons,Training: Analysis/1.Source Data/assembled_IPCCH/model_ready/origin_safe_climate_idp_v1/origin_safe_climate_idp_v1_hH.csv (H=run horizon); parent source ledgers retained; Inference: Weilun Shi/Processed_Dataset/IDP_DTM/output/idp_admin0_monthly.csv; inherited ISO3 lookup; observations<=2026-04,Latest nonmissing observed report month <= O,Latest nonmissing observed national stock with report month <= O; country joined through pinned ISO3 lookup.,"NA if country mapping or any prior nonmissing report is unavailable; no zero-fill. NA is retained and handled natively by XGBoost; no external scaling, imputation or feature selection.",numeric,true,1,true,1,true,1,true,1,true,1,"[""idp_admin0_latest_stock""]","{""compact_baseline/0m"":295,""compact_baseline/6m"":295,""compact_baseline/12m"":295,""compact_cds_weather/6m"":295,""compact_cds_weather/12m"":295}","[0, 6, 12]",background,,Not applicable; formula above defines this feature.,src/ipcch/origin_safe.py:256-276; .trellis/tasks/archive/2026-10/10-08-compact-climate-weather-oracle/design.md: Background and exact fitted order; .trellis/tasks/10-08-compact-cds-launch/design.md,"Source observation month is an availability proxy; historical release vintage is not certified. This is an expected input, not a fitted result. Existing background/history/IDP definition and its NA mask are preserved.",expected_not_fitted,Analysis/1.Source Data/assembled_IPCCH/model_ready/origin_safe_climate_idp_v1/origin_safe_climate_idp_v1_hH.csv (H=run horizon); parent source ledgers retained,Weilun Shi/Processed_Dataset/IDP_DTM/output/idp_admin0_monthly.csv; inherited ISO3 lookup; observations<=2026-04,Latest nonmissing observed national stock with report month <= O; country joined through pinned ISO3 lookup.,Latest nonmissing observed national stock with report month <= O; country joined through pinned ISO3 lookup. Use O=2026-04; retain missing ISO3 mapping and source-native NA.,"NA if country mapping or any prior nonmissing report is unavailable; no zero-fill. NA is retained and handled natively by XGBoost; no external scaling, imputation or feature selection.","NA if country mapping or any prior nonmissing report is unavailable; no zero-fill. NA is retained and handled natively by XGBoost; no external scaling, imputation or feature selection.",Inherited source/recipe definition; see base_source_definition,Inherited source/recipe definition; see base_source_definition,Inherited compact source; upstream aggregation not independently certified,Same retained compact source/recipe; upstream aggregation not independently certified
296,idp_admin0_latest_age_months,Displacement,Age of latest available national IDP-stock report.,months,Training: Analysis/1.Source Data/assembled_IPCCH/model_ready/origin_safe_climate_idp_v1/origin_safe_climate_idp_v1_hH.csv (H=run horizon); parent source ledgers retained; Inference: Weilun Shi/Processed_Dataset/IDP_DTM/output/idp_admin0_monthly.csv; inherited ISO3 lookup; observations<=2026-04,Latest nonmissing observed report month <= O,"O - selected report month, in calendar months.","NA if country mapping or any prior nonmissing report is unavailable; no zero-fill. NA is retained and handled natively by XGBoost; no external scaling, imputation or feature selection.",numeric,true,1,true,1,true,1,true,1,true,1,"[""idp_admin0_latest_age_months""]","{""compact_baseline/0m"":296,""compact_baseline/6m"":296,""compact_baseline/12m"":296,""compact_cds_weather/6m"":296,""compact_cds_weather/12m"":296}","[0, 6, 12]",background,,Not applicable; formula above defines this feature.,src/ipcch/origin_safe.py:256-276; .trellis/tasks/archive/2026-10/10-08-compact-climate-weather-oracle/design.md: Background and exact fitted order; .trellis/tasks/10-08-compact-cds-launch/design.md,"Source observation month is an availability proxy; historical release vintage is not certified. This is an expected input, not a fitted result. Existing background/history/IDP definition and its NA mask are preserved.",expected_not_fitted,Analysis/1.Source Data/assembled_IPCCH/model_ready/origin_safe_climate_idp_v1/origin_safe_climate_idp_v1_hH.csv (H=run horizon); parent source ledgers retained,Weilun Shi/Processed_Dataset/IDP_DTM/output/idp_admin0_monthly.csv; inherited ISO3 lookup; observations<=2026-04,"O - selected report month, in calendar months.","O - selected report month, in calendar months. Use O=2026-04; retain missing ISO3 mapping and source-native NA.","NA if country mapping or any prior nonmissing report is unavailable; no zero-fill. NA is retained and handled natively by XGBoost; no external scaling, imputation or feature selection.","NA if country mapping or any prior nonmissing report is unavailable; no zero-fill. NA is retained and handled natively by XGBoost; no external scaling, imputation or feature selection.",Inherited source/recipe definition; see base_source_definition,Inherited source/recipe definition; see base_source_definition,Inherited compact source; upstream aggregation not independently certified,Same retained compact source/recipe; upstream aggregation not independently certified
297,oracle_prcp_anom_month_ensmean_o1,Weather forecast (oracle training / CDS inference),prcp_anom_month_ensmean at origin offset 1: realized anomaly during training; April-init CDS anomaly during launch inference.,mm/month,Training: IPCCH_shared_folder/climate_monthly_2015_2026_MODELING_READY.csv; Inference: Analysis/1.Source Data/assembled_IPCCH/model_ready/compact_cds_launch_v1/cds_weather_cube.csv; true statistical month 2026-05; ECMWF system51 initialization2026-04-01,"Training: actual O+1, counterfactual availability O. Launch inference: April2026 init, true statistical month 2026-05.","Training: x[O+1] by area/calendar-month lookup. Inference: May-September: official monthly precipitation rate anomaly times1000*86400*days_in_month. October:1000*(P(5136h)-P(4392h)) monthly total, forecast member mean minus equal-year1993-2016 hindcast member means. Select offset1 (2026-05).",Training: NA if source month/value unavailable; retain baseline row and other oracle values. Inference: All6188 launch areas require finite values in every May-October weather column; missing forecast/baseline/unsupported or unvalidated October stops acceptance and fitting. No actual-weather/later-init/NA fallback.,numeric,false,0,false,0,false,0,true,1,true,1,"[""oracle_prcp_anom_month_ensmean_o1""]","{""compact_cds_weather/6m"":297,""compact_cds_weather/12m"":297}","[6, 12]",weather_oracle,prcp_anom_month_ensmean,"For each source: monthly precipitation total minus its 1991–2020 calendar-month climatology; crop-area-weight to polygon; equal-weight mean across available sources. Parameters/caveats: Use CHIRPS pentad/monthly totals, not daily disaggregation, when only totals are required. Store n_sources and ens_sd.",.trellis/tasks/archive/2026-10/10-08-compact-climate-weather-oracle/design.md: Raw oracle and run matrix; src/ipcch/weather_oracle.py:25-94; .trellis/tasks/10-08-compact-cds-launch/design.md,Expected inputs only; no fit verified. Observed/model anomaly references and polygon/point definitions differ by explicit user acceptance. October is a locally constructed model anomaly requiring retrieval/member/time/grid/overlap validation. No later weather initialization or realized launch weather is allowed.,expected_not_fitted,IPCCH_shared_folder/climate_monthly_2015_2026_MODELING_READY.csv,Analysis/1.Source Data/assembled_IPCCH/model_ready/compact_cds_launch_v1/cds_weather_cube.csv; true statistical month 2026-05; ECMWF system51 initialization2026-04-01,x[O+1] by area/calendar-month lookup.,"May-September: official monthly precipitation rate anomaly times1000*86400*days_in_month. October:1000*(P(5136h)-P(4392h)) monthly total, forecast member mean minus equal-year1993-2016 hindcast member means. Select offset1 (2026-05).",NA if source month/value unavailable; retain baseline row and other oracle values.,All6188 launch areas require finite values in every May-October weather column; missing forecast/baseline/unsupported or unvalidated October stops acceptance and fitting. No actual-weather/later-init/NA fallback.,Declared observed1991-2020 calendar-month climatology; upstream fitting not independently verified,System51 April-init model hindcasts1993-2016 (24 years); October locally constructed using matching reference,Declared crop-area polygon/source mean; conflicting upstream spatial documentation is unresolved,Containing grid cell at pinned unique_area_id_lat_lon point; same fixed-point rule for forecast/hindcast; no spatial-match claim
298,oracle_tmean_anom_month_ensmean_o1,Weather forecast (oracle training / CDS inference),tmean_anom_month_ensmean at origin offset 1: realized anomaly during training; April-init CDS anomaly during launch inference.,°C,Training: IPCCH_shared_folder/climate_monthly_2015_2026_MODELING_READY.csv; Inference: Analysis/1.Source Data/assembled_IPCCH/model_ready/compact_cds_launch_v1/cds_weather_cube.csv; true statistical month 2026-05; ECMWF system51 initialization2026-04-01,"Training: actual O+1, counterfactual availability O. Launch inference: April2026 init, true statistical month 2026-05.","Training: x[O+1] by area/calendar-month lookup. Inference: May-September: official monthly temperature anomaly in K difference, numerically degreesC difference. October: mean instantaneous temperature over UTC calendar month, forecast member mean minus equal-year1993-2016 hindcast member means. Select offset1 (2026-05); never subtract273.15 from an anomaly.",Training: NA if source month/value unavailable; retain baseline row and other oracle values. Inference: All6188 launch areas require finite values in every May-October weather column; missing forecast/baseline/unsupported or unvalidated October stops acceptance and fitting. No actual-weather/later-init/NA fallback.,numeric,false,0,false,0,false,0,true,1,true,1,"[""oracle_tmean_anom_month_ensmean_o1""]","{""compact_cds_weather/6m"":298,""compact_cds_weather/12m"":298}","[6, 12]",weather_oracle,tmean_anom_month_ensmean,Per source: monthly mean daily Tmean minus 1991–2020 calendar-month climatology; crop-area polygon mean; source mean. Parameters/caveats: Tmean = (Tmax + Tmin)/2 when not directly supplied. CHIRTS-ERA5 and ERA5-Land are structurally dependent.,.trellis/tasks/archive/2026-10/10-08-compact-climate-weather-oracle/design.md: Raw oracle and run matrix; src/ipcch/weather_oracle.py:25-94; .trellis/tasks/10-08-compact-cds-launch/design.md,Expected inputs only; no fit verified. Observed/model anomaly references and polygon/point definitions differ by explicit user acceptance. October is a locally constructed model anomaly requiring retrieval/member/time/grid/overlap validation. No later weather initialization or realized launch weather is allowed.,expected_not_fitted,IPCCH_shared_folder/climate_monthly_2015_2026_MODELING_READY.csv,Analysis/1.Source Data/assembled_IPCCH/model_ready/compact_cds_launch_v1/cds_weather_cube.csv; true statistical month 2026-05; ECMWF system51 initialization2026-04-01,x[O+1] by area/calendar-month lookup.,"May-September: official monthly temperature anomaly in K difference, numerically degreesC difference. October: mean instantaneous temperature over UTC calendar month, forecast member mean minus equal-year1993-2016 hindcast member means. Select offset1 (2026-05); never subtract273.15 from an anomaly.",NA if source month/value unavailable; retain baseline row and other oracle values.,All6188 launch areas require finite values in every May-October weather column; missing forecast/baseline/unsupported or unvalidated October stops acceptance and fitting. No actual-weather/later-init/NA fallback.,Declared observed1991-2020 calendar-month climatology; upstream fitting not independently verified,System51 April-init model hindcasts1993-2016 (24 years); October locally constructed using matching reference,Declared crop-area polygon/source mean; conflicting upstream spatial documentation is unresolved,Containing grid cell at pinned unique_area_id_lat_lon point; same fixed-point rule for forecast/hindcast; no spatial-match claim
299,oracle_prcp_anom_month_ensmean_o2,Weather forecast (oracle training / CDS inference),prcp_anom_month_ensmean at origin offset 2: realized anomaly during training; April-init CDS anomaly during launch inference.,mm/month,Training: IPCCH_shared_folder/climate_monthly_2015_2026_MODELING_READY.csv; Inference: Analysis/1.Source Data/assembled_IPCCH/model_ready/compact_cds_launch_v1/cds_weather_cube.csv; true statistical month 2026-06; ECMWF system51 initialization2026-04-01,"Training: actual O+2, counterfactual availability O. Launch inference: April2026 init, true statistical month 2026-06.","Training: x[O+2] by area/calendar-month lookup. Inference: May-September: official monthly precipitation rate anomaly times1000*86400*days_in_month. October:1000*(P(5136h)-P(4392h)) monthly total, forecast member mean minus equal-year1993-2016 hindcast member means. Select offset2 (2026-06).",Training: NA if source month/value unavailable; retain baseline row and other oracle values. Inference: All6188 launch areas require finite values in every May-October weather column; missing forecast/baseline/unsupported or unvalidated October stops acceptance and fitting. No actual-weather/later-init/NA fallback.,numeric,false,0,false,0,false,0,true,1,true,1,"[""oracle_prcp_anom_month_ensmean_o2""]","{""compact_cds_weather/6m"":299,""compact_cds_weather/12m"":299}","[6, 12]",weather_oracle,prcp_anom_month_ensmean,"For each source: monthly precipitation total minus its 1991–2020 calendar-month climatology; crop-area-weight to polygon; equal-weight mean across available sources. Parameters/caveats: Use CHIRPS pentad/monthly totals, not daily disaggregation, when only totals are required. Store n_sources and ens_sd.",.trellis/tasks/archive/2026-10/10-08-compact-climate-weather-oracle/design.md: Raw oracle and run matrix; src/ipcch/weather_oracle.py:25-94; .trellis/tasks/10-08-compact-cds-launch/design.md,Expected inputs only; no fit verified. Observed/model anomaly references and polygon/point definitions differ by explicit user acceptance. October is a locally constructed model anomaly requiring retrieval/member/time/grid/overlap validation. No later weather initialization or realized launch weather is allowed.,expected_not_fitted,IPCCH_shared_folder/climate_monthly_2015_2026_MODELING_READY.csv,Analysis/1.Source Data/assembled_IPCCH/model_ready/compact_cds_launch_v1/cds_weather_cube.csv; true statistical month 2026-06; ECMWF system51 initialization2026-04-01,x[O+2] by area/calendar-month lookup.,"May-September: official monthly precipitation rate anomaly times1000*86400*days_in_month. October:1000*(P(5136h)-P(4392h)) monthly total, forecast member mean minus equal-year1993-2016 hindcast member means. Select offset2 (2026-06).",NA if source month/value unavailable; retain baseline row and other oracle values.,All6188 launch areas require finite values in every May-October weather column; missing forecast/baseline/unsupported or unvalidated October stops acceptance and fitting. No actual-weather/later-init/NA fallback.,Declared observed1991-2020 calendar-month climatology; upstream fitting not independently verified,System51 April-init model hindcasts1993-2016 (24 years); October locally constructed using matching reference,Declared crop-area polygon/source mean; conflicting upstream spatial documentation is unresolved,Containing grid cell at pinned unique_area_id_lat_lon point; same fixed-point rule for forecast/hindcast; no spatial-match claim
300,oracle_tmean_anom_month_ensmean_o2,Weather forecast (oracle training / CDS inference),tmean_anom_month_ensmean at origin offset 2: realized anomaly during training; April-init CDS anomaly during launch inference.,°C,Training: IPCCH_shared_folder/climate_monthly_2015_2026_MODELING_READY.csv; Inference: Analysis/1.Source Data/assembled_IPCCH/model_ready/compact_cds_launch_v1/cds_weather_cube.csv; true statistical month 2026-06; ECMWF system51 initialization2026-04-01,"Training: actual O+2, counterfactual availability O. Launch inference: April2026 init, true statistical month 2026-06.","Training: x[O+2] by area/calendar-month lookup. Inference: May-September: official monthly temperature anomaly in K difference, numerically degreesC difference. October: mean instantaneous temperature over UTC calendar month, forecast member mean minus equal-year1993-2016 hindcast member means. Select offset2 (2026-06); never subtract273.15 from an anomaly.",Training: NA if source month/value unavailable; retain baseline row and other oracle values. Inference: All6188 launch areas require finite values in every May-October weather column; missing forecast/baseline/unsupported or unvalidated October stops acceptance and fitting. No actual-weather/later-init/NA fallback.,numeric,false,0,false,0,false,0,true,1,true,1,"[""oracle_tmean_anom_month_ensmean_o2""]","{""compact_cds_weather/6m"":300,""compact_cds_weather/12m"":300}","[6, 12]",weather_oracle,tmean_anom_month_ensmean,Per source: monthly mean daily Tmean minus 1991–2020 calendar-month climatology; crop-area polygon mean; source mean. Parameters/caveats: Tmean = (Tmax + Tmin)/2 when not directly supplied. CHIRTS-ERA5 and ERA5-Land are structurally dependent.,.trellis/tasks/archive/2026-10/10-08-compact-climate-weather-oracle/design.md: Raw oracle and run matrix; src/ipcch/weather_oracle.py:25-94; .trellis/tasks/10-08-compact-cds-launch/design.md,Expected inputs only; no fit verified. Observed/model anomaly references and polygon/point definitions differ by explicit user acceptance. October is a locally constructed model anomaly requiring retrieval/member/time/grid/overlap validation. No later weather initialization or realized launch weather is allowed.,expected_not_fitted,IPCCH_shared_folder/climate_monthly_2015_2026_MODELING_READY.csv,Analysis/1.Source Data/assembled_IPCCH/model_ready/compact_cds_launch_v1/cds_weather_cube.csv; true statistical month 2026-06; ECMWF system51 initialization2026-04-01,x[O+2] by area/calendar-month lookup.,"May-September: official monthly temperature anomaly in K difference, numerically degreesC difference. October: mean instantaneous temperature over UTC calendar month, forecast member mean minus equal-year1993-2016 hindcast member means. Select offset2 (2026-06); never subtract273.15 from an anomaly.",NA if source month/value unavailable; retain baseline row and other oracle values.,All6188 launch areas require finite values in every May-October weather column; missing forecast/baseline/unsupported or unvalidated October stops acceptance and fitting. No actual-weather/later-init/NA fallback.,Declared observed1991-2020 calendar-month climatology; upstream fitting not independently verified,System51 April-init model hindcasts1993-2016 (24 years); October locally constructed using matching reference,Declared crop-area polygon/source mean; conflicting upstream spatial documentation is unresolved,Containing grid cell at pinned unique_area_id_lat_lon point; same fixed-point rule for forecast/hindcast; no spatial-match claim
301,oracle_prcp_anom_month_ensmean_o3,Weather forecast (oracle training / CDS inference),prcp_anom_month_ensmean at origin offset 3: realized anomaly during training; April-init CDS anomaly during launch inference.,mm/month,Training: IPCCH_shared_folder/climate_monthly_2015_2026_MODELING_READY.csv; Inference: Analysis/1.Source Data/assembled_IPCCH/model_ready/compact_cds_launch_v1/cds_weather_cube.csv; true statistical month 2026-07; ECMWF system51 initialization2026-04-01,"Training: actual O+3, counterfactual availability O. Launch inference: April2026 init, true statistical month 2026-07.","Training: x[O+3] by area/calendar-month lookup. Inference: May-September: official monthly precipitation rate anomaly times1000*86400*days_in_month. October:1000*(P(5136h)-P(4392h)) monthly total, forecast member mean minus equal-year1993-2016 hindcast member means. Select offset3 (2026-07).",Training: NA if source month/value unavailable; retain baseline row and other oracle values. Inference: All6188 launch areas require finite values in every May-October weather column; missing forecast/baseline/unsupported or unvalidated October stops acceptance and fitting. No actual-weather/later-init/NA fallback.,numeric,false,0,false,0,false,0,true,1,true,1,"[""oracle_prcp_anom_month_ensmean_o3""]","{""compact_cds_weather/6m"":301,""compact_cds_weather/12m"":301}","[6, 12]",weather_oracle,prcp_anom_month_ensmean,"For each source: monthly precipitation total minus its 1991–2020 calendar-month climatology; crop-area-weight to polygon; equal-weight mean across available sources. Parameters/caveats: Use CHIRPS pentad/monthly totals, not daily disaggregation, when only totals are required. Store n_sources and ens_sd.",.trellis/tasks/archive/2026-10/10-08-compact-climate-weather-oracle/design.md: Raw oracle and run matrix; src/ipcch/weather_oracle.py:25-94; .trellis/tasks/10-08-compact-cds-launch/design.md,Expected inputs only; no fit verified. Observed/model anomaly references and polygon/point definitions differ by explicit user acceptance. October is a locally constructed model anomaly requiring retrieval/member/time/grid/overlap validation. No later weather initialization or realized launch weather is allowed.,expected_not_fitted,IPCCH_shared_folder/climate_monthly_2015_2026_MODELING_READY.csv,Analysis/1.Source Data/assembled_IPCCH/model_ready/compact_cds_launch_v1/cds_weather_cube.csv; true statistical month 2026-07; ECMWF system51 initialization2026-04-01,x[O+3] by area/calendar-month lookup.,"May-September: official monthly precipitation rate anomaly times1000*86400*days_in_month. October:1000*(P(5136h)-P(4392h)) monthly total, forecast member mean minus equal-year1993-2016 hindcast member means. Select offset3 (2026-07).",NA if source month/value unavailable; retain baseline row and other oracle values.,All6188 launch areas require finite values in every May-October weather column; missing forecast/baseline/unsupported or unvalidated October stops acceptance and fitting. No actual-weather/later-init/NA fallback.,Declared observed1991-2020 calendar-month climatology; upstream fitting not independently verified,System51 April-init model hindcasts1993-2016 (24 years); October locally constructed using matching reference,Declared crop-area polygon/source mean; conflicting upstream spatial documentation is unresolved,Containing grid cell at pinned unique_area_id_lat_lon point; same fixed-point rule for forecast/hindcast; no spatial-match claim
302,oracle_tmean_anom_month_ensmean_o3,Weather forecast (oracle training / CDS inference),tmean_anom_month_ensmean at origin offset 3: realized anomaly during training; April-init CDS anomaly during launch inference.,°C,Training: IPCCH_shared_folder/climate_monthly_2015_2026_MODELING_READY.csv; Inference: Analysis/1.Source Data/assembled_IPCCH/model_ready/compact_cds_launch_v1/cds_weather_cube.csv; true statistical month 2026-07; ECMWF system51 initialization2026-04-01,"Training: actual O+3, counterfactual availability O. Launch inference: April2026 init, true statistical month 2026-07.","Training: x[O+3] by area/calendar-month lookup. Inference: May-September: official monthly temperature anomaly in K difference, numerically degreesC difference. October: mean instantaneous temperature over UTC calendar month, forecast member mean minus equal-year1993-2016 hindcast member means. Select offset3 (2026-07); never subtract273.15 from an anomaly.",Training: NA if source month/value unavailable; retain baseline row and other oracle values. Inference: All6188 launch areas require finite values in every May-October weather column; missing forecast/baseline/unsupported or unvalidated October stops acceptance and fitting. No actual-weather/later-init/NA fallback.,numeric,false,0,false,0,false,0,true,1,true,1,"[""oracle_tmean_anom_month_ensmean_o3""]","{""compact_cds_weather/6m"":302,""compact_cds_weather/12m"":302}","[6, 12]",weather_oracle,tmean_anom_month_ensmean,Per source: monthly mean daily Tmean minus 1991–2020 calendar-month climatology; crop-area polygon mean; source mean. Parameters/caveats: Tmean = (Tmax + Tmin)/2 when not directly supplied. CHIRTS-ERA5 and ERA5-Land are structurally dependent.,.trellis/tasks/archive/2026-10/10-08-compact-climate-weather-oracle/design.md: Raw oracle and run matrix; src/ipcch/weather_oracle.py:25-94; .trellis/tasks/10-08-compact-cds-launch/design.md,Expected inputs only; no fit verified. Observed/model anomaly references and polygon/point definitions differ by explicit user acceptance. October is a locally constructed model anomaly requiring retrieval/member/time/grid/overlap validation. No later weather initialization or realized launch weather is allowed.,expected_not_fitted,IPCCH_shared_folder/climate_monthly_2015_2026_MODELING_READY.csv,Analysis/1.Source Data/assembled_IPCCH/model_ready/compact_cds_launch_v1/cds_weather_cube.csv; true statistical month 2026-07; ECMWF system51 initialization2026-04-01,x[O+3] by area/calendar-month lookup.,"May-September: official monthly temperature anomaly in K difference, numerically degreesC difference. October: mean instantaneous temperature over UTC calendar month, forecast member mean minus equal-year1993-2016 hindcast member means. Select offset3 (2026-07); never subtract273.15 from an anomaly.",NA if source month/value unavailable; retain baseline row and other oracle values.,All6188 launch areas require finite values in every May-October weather column; missing forecast/baseline/unsupported or unvalidated October stops acceptance and fitting. No actual-weather/later-init/NA fallback.,Declared observed1991-2020 calendar-month climatology; upstream fitting not independently verified,System51 April-init model hindcasts1993-2016 (24 years); October locally constructed using matching reference,Declared crop-area polygon/source mean; conflicting upstream spatial documentation is unresolved,Containing grid cell at pinned unique_area_id_lat_lon point; same fixed-point rule for forecast/hindcast; no spatial-match claim
303,oracle_prcp_anom_month_ensmean_o4,Weather forecast (oracle training / CDS inference),prcp_anom_month_ensmean at origin offset 4: realized anomaly during training; April-init CDS anomaly during launch inference.,mm/month,Training: IPCCH_shared_folder/climate_monthly_2015_2026_MODELING_READY.csv; Inference: Analysis/1.Source Data/assembled_IPCCH/model_ready/compact_cds_launch_v1/cds_weather_cube.csv; true statistical month 2026-08; ECMWF system51 initialization2026-04-01,"Training: actual O+4, counterfactual availability O. Launch inference: April2026 init, true statistical month 2026-08.","Training: x[O+4] by area/calendar-month lookup. Inference: May-September: official monthly precipitation rate anomaly times1000*86400*days_in_month. October:1000*(P(5136h)-P(4392h)) monthly total, forecast member mean minus equal-year1993-2016 hindcast member means. Select offset4 (2026-08).",Training: NA if source month/value unavailable; retain baseline row and other oracle values. Inference: All6188 launch areas require finite values in every May-October weather column; missing forecast/baseline/unsupported or unvalidated October stops acceptance and fitting. No actual-weather/later-init/NA fallback.,numeric,false,0,false,0,false,0,true,1,true,1,"[""oracle_prcp_anom_month_ensmean_o4""]","{""compact_cds_weather/6m"":303,""compact_cds_weather/12m"":303}","[6, 12]",weather_oracle,prcp_anom_month_ensmean,"For each source: monthly precipitation total minus its 1991–2020 calendar-month climatology; crop-area-weight to polygon; equal-weight mean across available sources. Parameters/caveats: Use CHIRPS pentad/monthly totals, not daily disaggregation, when only totals are required. Store n_sources and ens_sd.",.trellis/tasks/archive/2026-10/10-08-compact-climate-weather-oracle/design.md: Raw oracle and run matrix; src/ipcch/weather_oracle.py:25-94; .trellis/tasks/10-08-compact-cds-launch/design.md,Expected inputs only; no fit verified. Observed/model anomaly references and polygon/point definitions differ by explicit user acceptance. October is a locally constructed model anomaly requiring retrieval/member/time/grid/overlap validation. No later weather initialization or realized launch weather is allowed.,expected_not_fitted,IPCCH_shared_folder/climate_monthly_2015_2026_MODELING_READY.csv,Analysis/1.Source Data/assembled_IPCCH/model_ready/compact_cds_launch_v1/cds_weather_cube.csv; true statistical month 2026-08; ECMWF system51 initialization2026-04-01,x[O+4] by area/calendar-month lookup.,"May-September: official monthly precipitation rate anomaly times1000*86400*days_in_month. October:1000*(P(5136h)-P(4392h)) monthly total, forecast member mean minus equal-year1993-2016 hindcast member means. Select offset4 (2026-08).",NA if source month/value unavailable; retain baseline row and other oracle values.,All6188 launch areas require finite values in every May-October weather column; missing forecast/baseline/unsupported or unvalidated October stops acceptance and fitting. No actual-weather/later-init/NA fallback.,Declared observed1991-2020 calendar-month climatology; upstream fitting not independently verified,System51 April-init model hindcasts1993-2016 (24 years); October locally constructed using matching reference,Declared crop-area polygon/source mean; conflicting upstream spatial documentation is unresolved,Containing grid cell at pinned unique_area_id_lat_lon point; same fixed-point rule for forecast/hindcast; no spatial-match claim
304,oracle_tmean_anom_month_ensmean_o4,Weather forecast (oracle training / CDS inference),tmean_anom_month_ensmean at origin offset 4: realized anomaly during training; April-init CDS anomaly during launch inference.,°C,Training: IPCCH_shared_folder/climate_monthly_2015_2026_MODELING_READY.csv; Inference: Analysis/1.Source Data/assembled_IPCCH/model_ready/compact_cds_launch_v1/cds_weather_cube.csv; true statistical month 2026-08; ECMWF system51 initialization2026-04-01,"Training: actual O+4, counterfactual availability O. Launch inference: April2026 init, true statistical month 2026-08.","Training: x[O+4] by area/calendar-month lookup. Inference: May-September: official monthly temperature anomaly in K difference, numerically degreesC difference. October: mean instantaneous temperature over UTC calendar month, forecast member mean minus equal-year1993-2016 hindcast member means. Select offset4 (2026-08); never subtract273.15 from an anomaly.",Training: NA if source month/value unavailable; retain baseline row and other oracle values. Inference: All6188 launch areas require finite values in every May-October weather column; missing forecast/baseline/unsupported or unvalidated October stops acceptance and fitting. No actual-weather/later-init/NA fallback.,numeric,false,0,false,0,false,0,true,1,true,1,"[""oracle_tmean_anom_month_ensmean_o4""]","{""compact_cds_weather/6m"":304,""compact_cds_weather/12m"":304}","[6, 12]",weather_oracle,tmean_anom_month_ensmean,Per source: monthly mean daily Tmean minus 1991–2020 calendar-month climatology; crop-area polygon mean; source mean. Parameters/caveats: Tmean = (Tmax + Tmin)/2 when not directly supplied. CHIRTS-ERA5 and ERA5-Land are structurally dependent.,.trellis/tasks/archive/2026-10/10-08-compact-climate-weather-oracle/design.md: Raw oracle and run matrix; src/ipcch/weather_oracle.py:25-94; .trellis/tasks/10-08-compact-cds-launch/design.md,Expected inputs only; no fit verified. Observed/model anomaly references and polygon/point definitions differ by explicit user acceptance. October is a locally constructed model anomaly requiring retrieval/member/time/grid/overlap validation. No later weather initialization or realized launch weather is allowed.,expected_not_fitted,IPCCH_shared_folder/climate_monthly_2015_2026_MODELING_READY.csv,Analysis/1.Source Data/assembled_IPCCH/model_ready/compact_cds_launch_v1/cds_weather_cube.csv; true statistical month 2026-08; ECMWF system51 initialization2026-04-01,x[O+4] by area/calendar-month lookup.,"May-September: official monthly temperature anomaly in K difference, numerically degreesC difference. October: mean instantaneous temperature over UTC calendar month, forecast member mean minus equal-year1993-2016 hindcast member means. Select offset4 (2026-08); never subtract273.15 from an anomaly.",NA if source month/value unavailable; retain baseline row and other oracle values.,All6188 launch areas require finite values in every May-October weather column; missing forecast/baseline/unsupported or unvalidated October stops acceptance and fitting. No actual-weather/later-init/NA fallback.,Declared observed1991-2020 calendar-month climatology; upstream fitting not independently verified,System51 April-init model hindcasts1993-2016 (24 years); October locally constructed using matching reference,Declared crop-area polygon/source mean; conflicting upstream spatial documentation is unresolved,Containing grid cell at pinned unique_area_id_lat_lon point; same fixed-point rule for forecast/hindcast; no spatial-match claim
305,oracle_prcp_anom_month_ensmean_o5,Weather forecast (oracle training / CDS inference),prcp_anom_month_ensmean at origin offset 5: realized anomaly during training; April-init CDS anomaly during launch inference.,mm/month,Training: IPCCH_shared_folder/climate_monthly_2015_2026_MODELING_READY.csv; Inference: Analysis/1.Source Data/assembled_IPCCH/model_ready/compact_cds_launch_v1/cds_weather_cube.csv; true statistical month 2026-09; ECMWF system51 initialization2026-04-01,"Training: actual O+5, counterfactual availability O. Launch inference: April2026 init, true statistical month 2026-09.","Training: x[O+5] by area/calendar-month lookup. Inference: May-September: official monthly precipitation rate anomaly times1000*86400*days_in_month. October:1000*(P(5136h)-P(4392h)) monthly total, forecast member mean minus equal-year1993-2016 hindcast member means. Select offset5 (2026-09).",Training: NA if source month/value unavailable; retain baseline row and other oracle values. Inference: All6188 launch areas require finite values in every May-October weather column; missing forecast/baseline/unsupported or unvalidated October stops acceptance and fitting. No actual-weather/later-init/NA fallback.,numeric,false,0,false,0,false,0,true,1,true,1,"[""oracle_prcp_anom_month_ensmean_o5""]","{""compact_cds_weather/6m"":305,""compact_cds_weather/12m"":305}","[6, 12]",weather_oracle,prcp_anom_month_ensmean,"For each source: monthly precipitation total minus its 1991–2020 calendar-month climatology; crop-area-weight to polygon; equal-weight mean across available sources. Parameters/caveats: Use CHIRPS pentad/monthly totals, not daily disaggregation, when only totals are required. Store n_sources and ens_sd.",.trellis/tasks/archive/2026-10/10-08-compact-climate-weather-oracle/design.md: Raw oracle and run matrix; src/ipcch/weather_oracle.py:25-94; .trellis/tasks/10-08-compact-cds-launch/design.md,Expected inputs only; no fit verified. Observed/model anomaly references and polygon/point definitions differ by explicit user acceptance. October is a locally constructed model anomaly requiring retrieval/member/time/grid/overlap validation. No later weather initialization or realized launch weather is allowed.,expected_not_fitted,IPCCH_shared_folder/climate_monthly_2015_2026_MODELING_READY.csv,Analysis/1.Source Data/assembled_IPCCH/model_ready/compact_cds_launch_v1/cds_weather_cube.csv; true statistical month 2026-09; ECMWF system51 initialization2026-04-01,x[O+5] by area/calendar-month lookup.,"May-September: official monthly precipitation rate anomaly times1000*86400*days_in_month. October:1000*(P(5136h)-P(4392h)) monthly total, forecast member mean minus equal-year1993-2016 hindcast member means. Select offset5 (2026-09).",NA if source month/value unavailable; retain baseline row and other oracle values.,All6188 launch areas require finite values in every May-October weather column; missing forecast/baseline/unsupported or unvalidated October stops acceptance and fitting. No actual-weather/later-init/NA fallback.,Declared observed1991-2020 calendar-month climatology; upstream fitting not independently verified,System51 April-init model hindcasts1993-2016 (24 years); October locally constructed using matching reference,Declared crop-area polygon/source mean; conflicting upstream spatial documentation is unresolved,Containing grid cell at pinned unique_area_id_lat_lon point; same fixed-point rule for forecast/hindcast; no spatial-match claim
306,oracle_tmean_anom_month_ensmean_o5,Weather forecast (oracle training / CDS inference),tmean_anom_month_ensmean at origin offset 5: realized anomaly during training; April-init CDS anomaly during launch inference.,°C,Training: IPCCH_shared_folder/climate_monthly_2015_2026_MODELING_READY.csv; Inference: Analysis/1.Source Data/assembled_IPCCH/model_ready/compact_cds_launch_v1/cds_weather_cube.csv; true statistical month 2026-09; ECMWF system51 initialization2026-04-01,"Training: actual O+5, counterfactual availability O. Launch inference: April2026 init, true statistical month 2026-09.","Training: x[O+5] by area/calendar-month lookup. Inference: May-September: official monthly temperature anomaly in K difference, numerically degreesC difference. October: mean instantaneous temperature over UTC calendar month, forecast member mean minus equal-year1993-2016 hindcast member means. Select offset5 (2026-09); never subtract273.15 from an anomaly.",Training: NA if source month/value unavailable; retain baseline row and other oracle values. Inference: All6188 launch areas require finite values in every May-October weather column; missing forecast/baseline/unsupported or unvalidated October stops acceptance and fitting. No actual-weather/later-init/NA fallback.,numeric,false,0,false,0,false,0,true,1,true,1,"[""oracle_tmean_anom_month_ensmean_o5""]","{""compact_cds_weather/6m"":306,""compact_cds_weather/12m"":306}","[6, 12]",weather_oracle,tmean_anom_month_ensmean,Per source: monthly mean daily Tmean minus 1991–2020 calendar-month climatology; crop-area polygon mean; source mean. Parameters/caveats: Tmean = (Tmax + Tmin)/2 when not directly supplied. CHIRTS-ERA5 and ERA5-Land are structurally dependent.,.trellis/tasks/archive/2026-10/10-08-compact-climate-weather-oracle/design.md: Raw oracle and run matrix; src/ipcch/weather_oracle.py:25-94; .trellis/tasks/10-08-compact-cds-launch/design.md,Expected inputs only; no fit verified. Observed/model anomaly references and polygon/point definitions differ by explicit user acceptance. October is a locally constructed model anomaly requiring retrieval/member/time/grid/overlap validation. No later weather initialization or realized launch weather is allowed.,expected_not_fitted,IPCCH_shared_folder/climate_monthly_2015_2026_MODELING_READY.csv,Analysis/1.Source Data/assembled_IPCCH/model_ready/compact_cds_launch_v1/cds_weather_cube.csv; true statistical month 2026-09; ECMWF system51 initialization2026-04-01,x[O+5] by area/calendar-month lookup.,"May-September: official monthly temperature anomaly in K difference, numerically degreesC difference. October: mean instantaneous temperature over UTC calendar month, forecast member mean minus equal-year1993-2016 hindcast member means. Select offset5 (2026-09); never subtract273.15 from an anomaly.",NA if source month/value unavailable; retain baseline row and other oracle values.,All6188 launch areas require finite values in every May-October weather column; missing forecast/baseline/unsupported or unvalidated October stops acceptance and fitting. No actual-weather/later-init/NA fallback.,Declared observed1991-2020 calendar-month climatology; upstream fitting not independently verified,System51 April-init model hindcasts1993-2016 (24 years); October locally constructed using matching reference,Declared crop-area polygon/source mean; conflicting upstream spatial documentation is unresolved,Containing grid cell at pinned unique_area_id_lat_lon point; same fixed-point rule for forecast/hindcast; no spatial-match claim
307,oracle_prcp_anom_month_ensmean_o6,Weather forecast (oracle training / CDS inference),prcp_anom_month_ensmean at origin offset 6: realized anomaly during training; April-init CDS anomaly during launch inference.,mm/month,Training: IPCCH_shared_folder/climate_monthly_2015_2026_MODELING_READY.csv; Inference: Analysis/1.Source Data/assembled_IPCCH/model_ready/compact_cds_launch_v1/cds_weather_cube.csv; true statistical month 2026-10; ECMWF system51 initialization2026-04-01,"Training: actual O+6, counterfactual availability O. Launch inference: April2026 init, true statistical month 2026-10.","Training: x[O+6] by area/calendar-month lookup. Inference: May-September: official monthly precipitation rate anomaly times1000*86400*days_in_month. October:1000*(P(5136h)-P(4392h)) monthly total, forecast member mean minus equal-year1993-2016 hindcast member means. Select offset6 (2026-10).",Training: NA if source month/value unavailable; retain baseline row and other oracle values. Inference: All6188 launch areas require finite values in every May-October weather column; missing forecast/baseline/unsupported or unvalidated October stops acceptance and fitting. No actual-weather/later-init/NA fallback.,numeric,false,0,false,0,false,0,true,1,true,1,"[""oracle_prcp_anom_month_ensmean_o6""]","{""compact_cds_weather/6m"":307,""compact_cds_weather/12m"":307}","[6, 12]",weather_oracle,prcp_anom_month_ensmean,"For each source: monthly precipitation total minus its 1991–2020 calendar-month climatology; crop-area-weight to polygon; equal-weight mean across available sources. Parameters/caveats: Use CHIRPS pentad/monthly totals, not daily disaggregation, when only totals are required. Store n_sources and ens_sd.",.trellis/tasks/archive/2026-10/10-08-compact-climate-weather-oracle/design.md: Raw oracle and run matrix; src/ipcch/weather_oracle.py:25-94; .trellis/tasks/10-08-compact-cds-launch/design.md,Expected inputs only; no fit verified. Observed/model anomaly references and polygon/point definitions differ by explicit user acceptance. October is a locally constructed model anomaly requiring retrieval/member/time/grid/overlap validation. No later weather initialization or realized launch weather is allowed.,expected_not_fitted,IPCCH_shared_folder/climate_monthly_2015_2026_MODELING_READY.csv,Analysis/1.Source Data/assembled_IPCCH/model_ready/compact_cds_launch_v1/cds_weather_cube.csv; true statistical month 2026-10; ECMWF system51 initialization2026-04-01,x[O+6] by area/calendar-month lookup.,"May-September: official monthly precipitation rate anomaly times1000*86400*days_in_month. October:1000*(P(5136h)-P(4392h)) monthly total, forecast member mean minus equal-year1993-2016 hindcast member means. Select offset6 (2026-10).",NA if source month/value unavailable; retain baseline row and other oracle values.,All6188 launch areas require finite values in every May-October weather column; missing forecast/baseline/unsupported or unvalidated October stops acceptance and fitting. No actual-weather/later-init/NA fallback.,Declared observed1991-2020 calendar-month climatology; upstream fitting not independently verified,System51 April-init model hindcasts1993-2016 (24 years); October locally constructed using matching reference,Declared crop-area polygon/source mean; conflicting upstream spatial documentation is unresolved,Containing grid cell at pinned unique_area_id_lat_lon point; same fixed-point rule for forecast/hindcast; no spatial-match claim
308,oracle_tmean_anom_month_ensmean_o6,Weather forecast (oracle training / CDS inference),tmean_anom_month_ensmean at origin offset 6: realized anomaly during training; April-init CDS anomaly during launch inference.,°C,Training: IPCCH_shared_folder/climate_monthly_2015_2026_MODELING_READY.csv; Inference: Analysis/1.Source Data/assembled_IPCCH/model_ready/compact_cds_launch_v1/cds_weather_cube.csv; true statistical month 2026-10; ECMWF system51 initialization2026-04-01,"Training: actual O+6, counterfactual availability O. Launch inference: April2026 init, true statistical month 2026-10.","Training: x[O+6] by area/calendar-month lookup. Inference: May-September: official monthly temperature anomaly in K difference, numerically degreesC difference. October: mean instantaneous temperature over UTC calendar month, forecast member mean minus equal-year1993-2016 hindcast member means. Select offset6 (2026-10); never subtract273.15 from an anomaly.",Training: NA if source month/value unavailable; retain baseline row and other oracle values. Inference: All6188 launch areas require finite values in every May-October weather column; missing forecast/baseline/unsupported or unvalidated October stops acceptance and fitting. No actual-weather/later-init/NA fallback.,numeric,false,0,false,0,false,0,true,1,true,1,"[""oracle_tmean_anom_month_ensmean_o6""]","{""compact_cds_weather/6m"":308,""compact_cds_weather/12m"":308}","[6, 12]",weather_oracle,tmean_anom_month_ensmean,Per source: monthly mean daily Tmean minus 1991–2020 calendar-month climatology; crop-area polygon mean; source mean. Parameters/caveats: Tmean = (Tmax + Tmin)/2 when not directly supplied. CHIRTS-ERA5 and ERA5-Land are structurally dependent.,.trellis/tasks/archive/2026-10/10-08-compact-climate-weather-oracle/design.md: Raw oracle and run matrix; src/ipcch/weather_oracle.py:25-94; .trellis/tasks/10-08-compact-cds-launch/design.md,Expected inputs only; no fit verified. Observed/model anomaly references and polygon/point definitions differ by explicit user acceptance. October is a locally constructed model anomaly requiring retrieval/member/time/grid/overlap validation. No later weather initialization or realized launch weather is allowed.,expected_not_fitted,IPCCH_shared_folder/climate_monthly_2015_2026_MODELING_READY.csv,Analysis/1.Source Data/assembled_IPCCH/model_ready/compact_cds_launch_v1/cds_weather_cube.csv; true statistical month 2026-10; ECMWF system51 initialization2026-04-01,x[O+6] by area/calendar-month lookup.,"May-September: official monthly temperature anomaly in K difference, numerically degreesC difference. October: mean instantaneous temperature over UTC calendar month, forecast member mean minus equal-year1993-2016 hindcast member means. Select offset6 (2026-10); never subtract273.15 from an anomaly.",NA if source month/value unavailable; retain baseline row and other oracle values.,All6188 launch areas require finite values in every May-October weather column; missing forecast/baseline/unsupported or unvalidated October stops acceptance and fitting. No actual-weather/later-init/NA fallback.,Declared observed1991-2020 calendar-month climatology; upstream fitting not independently verified,System51 April-init model hindcasts1993-2016 (24 years); October locally constructed using matching reference,Declared crop-area polygon/source mean; conflicting upstream spatial documentation is unresolved,Containing grid cell at pinned unique_area_id_lat_lon point; same fixed-point rule for forecast/hindcast; no spatial-match claim
